,id,predicted_price
0,0,0.0
1,1,16028.528
2,2,17443.174
3,3,89089.53
4,4,12792.957
5,5,47827.984
6,6,255674.56
7,7,7401.0264
8,8,6574.495
9,9,4370.662
10,10,9583.308
11,11,2353.788
12,12,7690.19
13,13,5854.904
14,14,0.0
15,15,21323.26
16,16,30578.814
17,17,116615.67
18,18,82908.6
19,19,492730.44
20,20,56926.914
21,21,0.0
22,22,0.0
23,23,4234.2026
24,24,0.0
25,25,0.0
26,26,17.227571
27,27,623.4604
28,28,0.0
29,29,6186.5425
30,30,0.0
31,31,17226.568
32,32,17719.35
33,33,24834.203
34,34,759.5033
35,35,0.0
36,36,0.0
37,37,11158.3125
38,38,11685.482
39,39,576.68317
40,40,2799.6592
41,41,0.0
42,42,30102.965
43,43,14543.871
44,44,62188.164
45,45,22621.008
46,46,1268.1339
47,47,19357.191
48,48,32632.99
49,49,3415.4602
50,50,2729.9922
51,51,0.0
52,52,34859.695
53,53,0.0
54,54,25726.172
55,55,47019.773
56,56,53992.047
57,57,3038.0742
58,58,534976.94
59,59,3353.7102
60,60,277492.0
61,61,69549.86
62,62,28906.807
63,63,82587.42
64,64,21676.184
65,65,153966.1
66,66,137372.12
67,67,5737.0894
68,68,0.0
69,69,18552.547
70,70,15889.568
71,71,0.0
72,72,0.0
73,73,161316.25
74,74,6316.8467
75,75,2984.8123
76,76,16734.584
77,77,13012.129
78,78,4790.0654
79,79,10568.277
80,80,5532.774
81,81,50278.12
82,82,1887.1357
83,83,105807.555
84,84,2175.455
85,85,39497.375
86,86,0.0
87,87,266381.78
88,88,0.0
89,89,1668.3044
90,90,55083.473
91,91,372.43658
92,92,2693.9907
93,93,30165.256
94,94,28610.664
95,95,241025.06
96,96,71650.21
97,97,45879.33
98,98,11136.123
99,99,2030.819
100,100,1982.5471
101,101,0.0
102,102,39349.715
103,103,25797.832
104,104,0.0
105,105,81862.99
106,106,0.0
107,107,0.0
108,108,0.0
109,109,15907.736
110,110,10263.03
111,111,12387.243
112,112,113446.76
113,113,1654.6238
114,114,43742.71
115,115,15976.406
116,116,3040.5327
117,117,28186.564
118,118,21351.387
119,119,15263.37
120,120,20215.67
121,121,27332.89
122,122,93211.02
123,123,16600.059
124,124,9878.238
125,125,85530.52
126,126,101309.46
127,127,76850.42
128,128,16509.459
129,129,52254.848
130,130,106969.92
131,131,9894.66
132,132,107085.6
133,133,12698.243
134,134,3722.3179
135,135,37427.594
136,136,20935.68
137,137,0.0
138,138,0.0
139,139,64931.64
140,140,42368.83
141,141,30252.41
142,142,9819.245
143,143,7187.3457
144,144,0.0
145,145,57634.914
146,146,1833.9636
147,147,128172.49
148,148,148709.69
149,149,457.7727
150,150,5421.0127
151,151,136691.45
152,152,35583.25
153,153,37503.027
154,154,36934.965
155,155,29554.73
156,156,9791.995
157,157,13537.22
158,158,18234.12
159,159,0.0
160,160,50658.63
161,161,8793.126
162,162,20217.547
163,163,13634.254
164,164,4956.9155
165,165,92562.93
166,166,37016.96
167,167,19420.17
168,168,0.0
169,169,6026.752
170,170,0.0
171,171,0.0
172,172,1854.7833
173,173,22953.797
174,174,381.4182
175,175,16438.414
176,176,0.0
177,177,211958.64
178,178,17819.486
179,179,18064.36
180,180,664.65735
181,181,56732.215
182,182,138801.72
183,183,0.0
184,184,118827.67
185,185,7136.6353
186,186,26222.385
187,187,1751.7194
188,188,18738.152
189,189,0.0
190,190,146388.94
191,191,17216.91
192,192,27433.086
193,193,0.0
194,194,0.0
195,195,516306.6
196,196,75316.68
197,197,19376.291
198,198,133929.16
199,199,0.0
200,200,78974.37
201,201,519.449
202,202,1223.4941
203,203,69590.38
204,204,25383.107
205,205,0.0
206,206,26649.803
207,207,19385.227
208,208,26756.488
209,209,16212.202
210,210,14511.213
211,211,0.0
212,212,0.0
213,213,0.0
214,214,55424.85
215,215,165784.47
216,216,13883.146
217,217,19038.916
218,218,11484.699
219,219,180147.23
220,220,97232.74
221,221,6601.8267
222,222,0.0
223,223,14444.752
224,224,3635.3254
225,225,52544.707
226,226,924.58026
227,227,18301.072
228,228,0.0
229,229,38002.98
230,230,32986.344
231,231,10687.217
232,232,12707.199
233,233,2.4795318e+06
234,234,95152.07
235,235,95754.19
236,236,112532.71
237,237,13792.636
238,238,40333.008
239,239,68482.055
240,240,8575.658
241,241,13819.626
242,242,19126.832
243,243,49861.094
244,244,13366.689
245,245,2449.537
246,246,15539.738
247,247,0.0
248,248,53268.03
249,249,157162.45
250,250,2780.5535
251,251,13808.828
252,252,18631.299
253,253,6450.3413
254,254,48555.914
255,255,95320.195
256,256,5207.543
257,257,41070.6
258,258,6492.702
259,259,0.0
260,260,31650.623
261,261,179.18604
262,262,54804.4
263,263,93350.11
264,264,0.0
265,265,35560.09
266,266,38042.543
267,267,6849.0845
268,268,0.0
269,269,0.0
270,270,16601.434
271,271,12045.473
272,272,1.9451892e+06
273,273,32648.645
274,274,50882.023
275,275,51298.168
276,276,125753.06
277,277,23795.416
278,278,24671.12
279,279,30674.973
280,280,0.0
281,281,326162.8
282,282,9081.381
283,283,83467.31
284,284,25288.92
285,285,25324.932
286,286,25724.223
287,287,101164.13
288,288,2929.8242
289,289,51258.582
290,290,201739.61
291,291,1141.5625
292,292,16559.111
293,293,27502.133
294,294,8429.566
295,295,59979.613
296,296,13033.307
297,297,59938.54
298,298,3351.7112
299,299,12754.983
300,300,76386.01
301,301,6167.727
302,302,168901.94
303,303,33882.402
304,304,7413.241
305,305,2737.578
306,306,0.0
307,307,0.0
308,308,3417.3296
309,309,6274.699
310,310,5299.7715
311,311,129002.42
312,312,0.0
313,313,57884.086
314,314,87748.13
315,315,0.0
316,316,21617.803
317,317,22461.027
318,318,10372.039
319,319,22867.393
320,320,138015.42
321,321,0.0
322,322,32016.068
323,323,20394.451
324,324,3778.6243
325,325,0.0
326,326,0.0
327,327,53324.777
328,328,13561.772
329,329,12072.113
330,330,32356.508
331,331,31793.396
332,332,0.0
333,333,1.2152839e+06
334,334,0.0
335,335,37971.258
336,336,23279.297
337,337,65921.45
338,338,34414.55
339,339,0.0
340,340,49466.324
341,341,37995.31
342,342,4839.3677
343,343,76930.375
344,344,148234.55
345,345,9013.727
346,346,82361.6
347,347,123749.58
348,348,71199.77
349,349,0.0
350,350,43334.906
351,351,3898.7012
352,352,0.0
353,353,10122.54
354,354,4806.9478
355,355,0.0
356,356,25613.918
357,357,0.0
358,358,263.51178
359,359,44201.117
360,360,846.4428
361,361,204305.33
362,362,14408.473
363,363,8285.799
364,364,20834.365
365,365,12044.231
366,366,2072.3713
367,367,75985.28
368,368,8489.556
369,369,16638.578
370,370,24405.012
371,371,0.0
372,372,172898.81
373,373,94027.56
374,374,15054.232
375,375,21348.086
376,376,0.0
377,377,0.0
378,378,50430.707
379,379,0.0
380,380,77340.29
381,381,52343.77
382,382,240.09865
383,383,0.0
384,384,0.0
385,385,314253.62
386,386,32252.318
387,387,21459.543
388,388,184898.64
389,389,0.0
390,390,51386.293
391,391,30703.133
392,392,85757.21
393,393,31757.621
394,394,6648.1323
395,395,748.8341
396,396,147118.89
397,397,21767.992
398,398,31446.705
399,399,30631.402
400,400,0.0
401,401,0.0
402,402,1466.7668
403,403,13017.651
404,404,42410.285
405,405,0.0
406,406,2621.5908
407,407,0.0
408,408,13206.733
409,409,0.0
410,410,7007.9917
411,411,66529.52
412,412,125305.73
413,413,58345.273
414,414,27722.871
415,415,0.0
416,416,4214.789
417,417,12743.048
418,418,15666.972
419,419,0.0
420,420,17477.57
421,421,9188.737
422,422,92392.85
423,423,59735.785
424,424,30021.072
425,425,25594.955
426,426,80061.21
427,427,55336.023
428,428,0.0
429,429,0.0
430,430,44334.832
431,431,151995.12
432,432,26844.414
433,433,0.0
434,434,12435.85
435,435,233491.17
436,436,7036.0884
437,437,90822.39
438,438,42060.832
439,439,24371.016
440,440,9362.974
441,441,15158.913
442,442,15335.894
443,443,36883.27
444,444,0.0
445,445,10584.319
446,446,3.2694948e+06
447,447,0.0
448,448,64575.527
449,449,0.0
450,450,10758.506
451,451,159722.23
452,452,139174.27
453,453,89647.35
454,454,4784.0186
455,455,47446.42
456,456,0.0
457,457,74465.43
458,458,97092.66
459,459,16189.591
460,460,0.0
461,461,41954.42
462,462,4027.5886
463,463,79532.336
464,464,38643.43
465,465,0.0
466,466,235046.72
467,467,9385.088
468,468,5340.1836
469,469,6465.7827
470,470,0.0
471,471,0.0
472,472,13241.278
473,473,49432.695
474,474,16232.731
475,475,0.0
476,476,9527.317
477,477,28406.63
478,478,81899.17
479,479,11499.134
480,480,0.0
481,481,0.0
482,482,7840.457
483,483,9087.015
484,484,18025.508
485,485,121419.78
486,486,38095.574
487,487,12220.549
488,488,3984.6653
489,489,211766.94
490,490,29792.848
491,491,16513.752
492,492,43413.145
493,493,0.0
494,494,21548.906
495,495,0.0
496,496,0.0
497,497,0.0
498,498,0.0
499,499,0.0
500,500,3876.002
501,501,186851.0
502,502,30575.984
503,503,45952.26
504,504,0.0
505,505,69460.945
506,506,3932.511
507,507,110752.664
508,508,11372.202
509,509,2442.3188
510,510,0.0
511,511,0.0
512,512,116684.766
513,513,115085.52
514,514,10136.3
515,515,65919.46
516,516,16199.421
517,517,319343.84
518,518,11025.049
519,519,16024.305
520,520,12532.367
521,521,27952.182
522,522,62708.617
523,523,0.0
524,524,0.0
525,525,134496.28
526,526,60042.703
527,527,157155.9
528,528,0.0
529,529,45068.223
530,530,122974.55
531,531,0.0
532,532,501.31918
533,533,39768.797
534,534,27523.941
535,535,31310.342
536,536,24963.166
537,537,7908.3667
538,538,5483.1396
539,539,85422.7
540,540,208833.03
541,541,4018.4658
542,542,2246.3179
543,543,0.0
544,544,22188.232
545,545,20887.52
546,546,0.0
547,547,160474.66
548,548,58387.5
549,549,4075.1873
550,550,9453.395
551,551,13269.133
552,552,15965.581
553,553,31666.406
554,554,0.0
555,555,39744.062
556,556,19383.375
557,557,172846.2
558,558,0.0
559,559,2117.7246
560,560,8097.9106
561,561,262848.9
562,562,1120.4387
563,563,2377.4868
564,564,608993.44
565,565,28051.217
566,566,24302.223
567,567,5702.2324
568,568,13578.054
569,569,49090.355
570,570,2147.2585
571,571,20313.424
572,572,834.58777
573,573,39020.504
574,574,2817.9546
575,575,0.0
576,576,12048.622
577,577,22179.65
578,578,0.0
579,579,0.0
580,580,25062.03
581,581,0.0
582,582,13949.776
583,583,83629.164
584,584,69594.06
585,585,0.0
586,586,91186.6
587,587,48492.68
588,588,0.0
589,589,4120.3096
590,590,63777.32
591,591,0.0
592,592,97.02054
593,593,0.0
594,594,5967.46
595,595,19800.53
596,596,31315.754
597,597,80364.836
598,598,0.0
599,599,11314.143
600,600,14372.2
601,601,1740.7404
602,602,38123.266
603,603,37225.188
604,604,8255.239
605,605,5669.4893
606,606,52009.07
607,607,406.4633
608,608,21697.795
609,609,59091.55
610,610,2447.9175
611,611,159562.77
612,612,75390.42
613,613,16933.47
614,614,34065.125
615,615,88054.086
616,616,132867.17
617,617,0.0
618,618,0.0
619,619,220299.78
620,620,0.0
621,621,29481.402
622,622,147274.62
623,623,47644.863
624,624,17323.467
625,625,9392.663
626,626,47770.23
627,627,0.0
628,628,13731.327
629,629,12777.788
630,630,4162.7734
631,631,14062.967
632,632,9725.459
633,633,60342.79
634,634,26775.564
635,635,200448.5
636,636,1214.155
637,637,74592.43
638,638,1615.6229
639,639,23875.621
640,640,22680.758
641,641,1.1168979e+06
642,642,28534.727
643,643,47326.766
644,644,0.0
645,645,466274.38
646,646,0.0
647,647,841174.44
648,648,357333.7
649,649,11180.178
650,650,13646.671
651,651,6596.9673
652,652,19756.615
653,653,19043.541
654,654,36592.043
655,655,0.0
656,656,3948.7651
657,657,0.0
658,658,0.0
659,659,13109.719
660,660,21907.148
661,661,0.0
662,662,0.0
663,663,34623.164
664,664,0.0
665,665,90456.81
666,666,27845.113
667,667,10086.926
668,668,8336.299
669,669,130264.07
670,670,45166.242
671,671,164323.39
672,672,18509.844
673,673,14328.304
674,674,8442.952
675,675,22343.805
676,676,0.0
677,677,40713.6
678,678,85719.99
679,679,10544.6
680,680,28758.088
681,681,0.0
682,682,2689.748
683,683,38566.477
684,684,36888.21
685,685,20539.518
686,686,0.0
687,687,2548.6765
688,688,112566.33
689,689,27017.572
690,690,8818.572
691,691,18894.66
692,692,65097.582
693,693,332.63785
694,694,63933.95
695,695,348288.72
696,696,12421.936
697,697,117870.54
698,698,1338.727
699,699,35144.355
700,700,2298.7263
701,701,125502.87
702,702,131243.12
703,703,0.0
704,704,35267.574
705,705,16600.045
706,706,155792.69
707,707,93285.33
708,708,2430.7356
709,709,5840.3296
710,710,99144.62
711,711,86599.945
712,712,77.93705
713,713,110877.97
714,714,16948.508
715,715,46783.31
716,716,0.0
717,717,19556.764
718,718,5746.763
719,719,15380.377
720,720,2463.362
721,721,15767.055
722,722,33378.297
723,723,99795.23
724,724,1597.0371
725,725,0.0
726,726,0.0
727,727,84787.27
728,728,46842.895
729,729,31559.035
730,730,237275.05
731,731,15124.095
732,732,62749.65
733,733,39559.742
734,734,13669.661
735,735,4199.655
736,736,3943.6826
737,737,4200.302
738,738,13185.004
739,739,0.0
740,740,4410.306
741,741,22405.78
742,742,11377.163
743,743,0.0
744,744,7664.0576
745,745,3139.06
746,746,81692.19
747,747,37976.38
748,748,0.0
749,749,568806.7
750,750,1.9123246e+06
751,751,0.0
752,752,7921.1777
753,753,35345.547
754,754,46094.156
755,755,21366.453
756,756,11796.901
757,757,45588.44
758,758,0.0
759,759,0.0
760,760,13877.145
761,761,0.0
762,762,1065.2323
763,763,27603.682
764,764,18331.092
765,765,0.0
766,766,39128.617
767,767,24517.568
768,768,89256.08
769,769,4.5926995e+06
770,770,22347.742
771,771,0.0
772,772,243282.02
773,773,4957.0493
774,774,0.0
775,775,0.0
776,776,26332.508
777,777,14096.997
778,778,0.0
779,779,144413.4
780,780,15419.4375
781,781,59522.043
782,782,51704.76
783,783,8314.5625
784,784,13046.455
785,785,13198.49
786,786,17444.576
787,787,393097.97
788,788,7158.5586
789,789,12146.588
790,790,1423.4207
791,791,68165.46
792,792,17147.674
793,793,40653.87
794,794,0.0
795,795,7520.8047
796,796,19270.445
797,797,187423.38
798,798,8111.661
799,799,27096.188
800,800,13245.677
801,801,10505.026
802,802,29700.229
803,803,0.0
804,804,21201.084
805,805,2352.4604
806,806,22078.441
807,807,10416.308
808,808,43665.266
809,809,73973.13
810,810,150719.31
811,811,7337.833
812,812,15963.226
813,813,2138.8594
814,814,13367.592
815,815,570797.6
816,816,0.0
817,817,42694.953
818,818,7506.265
819,819,97778.04
820,820,18799.31
821,821,10672.504
822,822,13481.776
823,823,136798.19
824,824,25869.588
825,825,0.0
826,826,14433.339
827,827,89657.54
828,828,0.0
829,829,128937.94
830,830,7034.9907
831,831,3.8871222e+06
832,832,61605.387
833,833,15257.686
834,834,0.0
835,835,40708.945
836,836,278944.94
837,837,448920.78
838,838,37785.418
839,839,0.0
840,840,0.0
841,841,9850.085
842,842,0.0
843,843,12935.315
844,844,28519.082
845,845,41741.39
846,846,0.0
847,847,76979.88
848,848,91233.17
849,849,0.0
850,850,8322.513
851,851,350489.8
852,852,33450.1
853,853,1743.512
854,854,32808.72
855,855,35203.816
856,856,0.0
857,857,88871.47
858,858,13790.508
859,859,112821.95
860,860,0.0
861,861,0.0
862,862,5840.317
863,863,12975.39
864,864,51562.42
865,865,0.0
866,866,62026.562
867,867,152795.11
868,868,23225.896
869,869,10852.407
870,870,17269.363
871,871,2668.7954
872,872,1881.2294
873,873,32943.297
874,874,59369.633
875,875,25162.992
876,876,42665.18
877,877,9476.728
878,878,198745.12
879,879,92124.84
880,880,35012.258
881,881,11264.463
882,882,0.0
883,883,0.0
884,884,19829.19
885,885,81540.68
886,886,2754.2224
887,887,2967.7312
888,888,10373.872
889,889,10694.45
890,890,0.0
891,891,8855.065
892,892,20791.148
893,893,191344.36
894,894,656816.8
895,895,156208.28
896,896,12737.125
897,897,88341.12
898,898,0.0
899,899,190583.89
900,900,0.0
901,901,81201.96
902,902,18336.162
903,903,33130.934
904,904,83272.69
905,905,1621.399
906,906,15351.124
907,907,0.0
908,908,10755.318
909,909,67405.68
910,910,5.4344805e+06
911,911,17517.441
912,912,56829.02
913,913,2010.211
914,914,0.0
915,915,4323.4385
916,916,88666.69
917,917,498652.28
918,918,263.2193
919,919,32373.254
920,920,4108.5435
921,921,4330.5347
922,922,0.0
923,923,10530.908
924,924,73539.805
925,925,0.0
926,926,6017.602
927,927,152927.22
928,928,39244.688
929,929,33902.594
930,930,105310.06
931,931,0.0
932,932,25577.701
933,933,183902.45
934,934,23614.715
935,935,23590.123
936,936,110540.1
937,937,21803.605
938,938,9619.387
939,939,12141.99
940,940,70902.5
941,941,60386.254
942,942,0.0
943,943,12076.155
944,944,18336.092
945,945,62677.062
946,946,0.0
947,947,236.36145
948,948,24182.385
949,949,31480.51
950,950,89643.84
951,951,0.0
952,952,8390.884
953,953,401800.4
954,954,25810.123
955,955,22016.684
956,956,49064.094
957,957,102391.65
958,958,9686.299
959,959,42053.605
960,960,21315.309
961,961,17159.734
962,962,0.0
963,963,14681.264
964,964,9386.148
965,965,1.4136555e+06
966,966,0.0
967,967,5704.509
968,968,25624.219
969,969,0.0
970,970,105723.875
971,971,61458.07
972,972,0.0
973,973,3900.7444
974,974,91352.375
975,975,37344.25
976,976,73578.805
977,977,0.0
978,978,0.0
979,979,88150.56
980,980,0.0
981,981,86444.14
982,982,12439.63
983,983,174149.44
984,984,72948.336
985,985,18407.129
986,986,52327.375
987,987,153424.81
988,988,6929.129
989,989,201374.17
990,990,117697.19
991,991,32409.318
992,992,0.0
993,993,6677.3076
994,994,23473.803
995,995,0.0
996,996,141409.36
997,997,16910.846
998,998,6925.3755
999,999,2506.427
1000,1000,93464.3
1001,1001,48774.324
1002,1002,11528.936
1003,1003,31513.393
1004,1004,11027.879
1005,1005,30024.19
1006,1006,11529.422
1007,1007,114486.195
1008,1008,8306.998
1009,1009,0.0
1010,1010,12630.871
1011,1011,22821.793
1012,1012,21885.32
1013,1013,262235.03
1014,1014,84644.664
1015,1015,15565.628
1016,1016,18310.348
1017,1017,0.0
1018,1018,49370.37
1019,1019,100250.586
1020,1020,15436.106
1021,1021,50967.03
1022,1022,707.6653
1023,1023,32143.334
1024,1024,16956.535
1025,1025,58258.887
1026,1026,94268.5
1027,1027,74741.87
1028,1028,124359.5
1029,1029,19003.004
1030,1030,2517.033
1031,1031,151747.28
1032,1032,3027.68
1033,1033,55507.477
1034,1034,0.0
1035,1035,6695.271
1036,1036,7139.1333
1037,1037,11708.767
1038,1038,8117.4683
1039,1039,19302.709
1040,1040,7360.4067
1041,1041,512382.2
1042,1042,0.0
1043,1043,1970.2133
1044,1044,51197.133
1045,1045,0.0
1046,1046,388.52274
1047,1047,85756.32
1048,1048,0.0
1049,1049,15971.484
1050,1050,355344.03
1051,1051,27918.04
1052,1052,0.0
1053,1053,0.0
1054,1054,0.0
1055,1055,24632.922
1056,1056,11754.801
1057,1057,107309.164
1058,1058,15835.743
1059,1059,3742.0405
1060,1060,27.362495
1061,1061,41782.383
1062,1062,33880.445
1063,1063,1621.1082
1064,1064,0.0
1065,1065,5742.4062
1066,1066,9408.434
1067,1067,13930.13
1068,1068,39573.246
1069,1069,56877.734
1070,1070,32797.0
1071,1071,32537.916
1072,1072,32796.203
1073,1073,0.0
1074,1074,20991.406
1075,1075,17466.824
1076,1076,3504.883
1077,1077,52155.07
1078,1078,0.0
1079,1079,130122.0
1080,1080,10327.239
1081,1081,48548.098
1082,1082,3509.987
1083,1083,30134.895
1084,1084,0.0
1085,1085,119185.52
1086,1086,5682.4507
1087,1087,4339.012
1088,1088,124315.125
1089,1089,3631.4683
1090,1090,30287.273
1091,1091,4002.6348
1092,1092,10797.995
1093,1093,35517.617
1094,1094,0.0
1095,1095,339324.03
1096,1096,2.535052e+06
1097,1097,5082.982
1098,1098,103949.07
1099,1099,0.0
1100,1100,254999.72
1101,1101,0.0
1102,1102,42867.38
1103,1103,111696.38
1104,1104,9179.927
1105,1105,1183.9974
1106,1106,0.0
1107,1107,4993.66
1108,1108,21029.3
1109,1109,201947.55
1110,1110,0.0
1111,1111,30608.17
1112,1112,0.0
1113,1113,4094.7947
1114,1114,11521.673
1115,1115,0.0
1116,1116,0.0
1117,1117,0.0
1118,1118,3.301615e+06
1119,1119,142037.02
1120,1120,8791.462
1121,1121,14353.252
1122,1122,0.0
1123,1123,122644.64
1124,1124,0.0
1125,1125,0.0
1126,1126,181787.08
1127,1127,10686.797
1128,1128,89095.93
1129,1129,5114.2188
1130,1130,59939.99
1131,1131,255636.64
1132,1132,0.0
1133,1133,3012.4827
1134,1134,4866.6846
1135,1135,155902.72
1136,1136,21058.2
1137,1137,6969.011
1138,1138,0.0
1139,1139,1822.5264
1140,1140,0.0
1141,1141,0.0
1142,1142,17410.783
1143,1143,0.0
1144,1144,38021.15
1145,1145,45033.4
1146,1146,6613.055
1147,1147,55957.31
1148,1148,7771.2085
1149,1149,4081.4976
1150,1150,30842.018
1151,1151,34174.28
1152,1152,384.33804
1153,1153,0.0
1154,1154,19762.838
1155,1155,0.0
1156,1156,0.0
1157,1157,28246.629
1158,1158,8731.682
1159,1159,0.0
1160,1160,217247.88
1161,1161,22336.326
1162,1162,0.0
1163,1163,9288.748
1164,1164,3946.388
1165,1165,35152.008
1166,1166,2142.452
1167,1167,19443.572
1168,1168,84355.51
1169,1169,11425.765
1170,1170,10842.003
1171,1171,1.422369e+06
1172,1172,69821.31
1173,1173,98558.13
1174,1174,0.0
1175,1175,1835.4612
1176,1176,49739.344
1177,1177,3428.4219
1178,1178,0.0
1179,1179,18861.857
1180,1180,4903.865
1181,1181,112451.49
1182,1182,10231.447
1183,1183,2.914825e+06
1184,1184,33573.414
1185,1185,33551.914
1186,1186,7587.1836
1187,1187,34642.84
1188,1188,12608.325
1189,1189,53574.707
1190,1190,8450.077
1191,1191,30223.002
1192,1192,38792.19
1193,1193,0.0
1194,1194,31844.889
1195,1195,164.54509
1196,1196,27315.033
1197,1197,26879.02
1198,1198,10403.105
1199,1199,57536.066
1200,1200,86385.09
1201,1201,46289.555
1202,1202,7382.341
1203,1203,10248.235
1204,1204,65235.37
1205,1205,0.0
1206,1206,37527.203
1207,1207,103687.09
1208,1208,7656.8926
1209,1209,0.0
1210,1210,39218.055
1211,1211,2434.9312
1212,1212,3602.6267
1213,1213,17826.746
1214,1214,73243.88
1215,1215,51279.31
1216,1216,1591.353
1217,1217,128721.49
1218,1218,13778.001
1219,1219,0.0
1220,1220,2.3029532e+06
1221,1221,17302.066
1222,1222,55556.99
1223,1223,7522.9844
1224,1224,14364.43
1225,1225,32680.52
1226,1226,20946.438
1227,1227,40352.88
1228,1228,59110.734
1229,1229,74690.336
1230,1230,41315.61
1231,1231,204611.67
1232,1232,2072.7144
1233,1233,22062.295
1234,1234,58934.87
1235,1235,3322.7532
1236,1236,32382.887
1237,1237,13707.839
1238,1238,2221.908
1239,1239,3002.6958
1240,1240,7856.029
1241,1241,55118.207
1242,1242,61852.848
1243,1243,2947.952
1244,1244,84316.8
1245,1245,19506.36
1246,1246,255.63805
1247,1247,159673.88
1248,1248,36264.77
1249,1249,222644.38
1250,1250,0.0
1251,1251,37124.855
1252,1252,141056.45
1253,1253,0.0
1254,1254,0.0
1255,1255,10579.416
1256,1256,4083.3225
1257,1257,146668.23
1258,1258,12750.306
1259,1259,0.0
1260,1260,163850.34
1261,1261,8525.705
1262,1262,34612.26
1263,1263,9811.561
1264,1264,102051.984
1265,1265,55496.555
1266,1266,13189.045
1267,1267,51389.234
1268,1268,3350.1492
1269,1269,28466.777
1270,1270,159165.5
1271,1271,64519.367
1272,1272,2872.9153
1273,1273,111739.766
1274,1274,25033.326
1275,1275,26573.121
1276,1276,26758.818
1277,1277,2353.1694
1278,1278,61440.664
1279,1279,80371.0
1280,1280,5610.7515
1281,1281,0.0
1282,1282,88780.766
1283,1283,14537.254
1284,1284,7900.355
1285,1285,1525.6401
1286,1286,0.0
1287,1287,5.403799e+06
1288,1288,1612.4274
1289,1289,51590.043
1290,1290,0.0
1291,1291,11864.386
1292,1292,112007.91
1293,1293,16054.178
1294,1294,39675.805
1295,1295,0.0
1296,1296,1462.9584
1297,1297,26709.023
1298,1298,199926.06
1299,1299,16618.764
1300,1300,27575.836
1301,1301,96.49823
1302,1302,14604.615
1303,1303,2.3473395e+06
1304,1304,0.0
1305,1305,0.0
1306,1306,6288.2915
1307,1307,98786.57
1308,1308,6292.321
1309,1309,0.0
1310,1310,5255.3667
1311,1311,11679.964
1312,1312,0.0
1313,1313,0.0
1314,1314,11003.166
1315,1315,69530.03
1316,1316,17934.748
1317,1317,0.0
1318,1318,19543.432
1319,1319,0.0
1320,1320,23024.357
1321,1321,1323.195
1322,1322,3953.659
1323,1323,27892.34
1324,1324,41268.863
1325,1325,9082.88
1326,1326,134264.44
1327,1327,12315.535
1328,1328,890.48157
1329,1329,0.0
1330,1330,6105.531
1331,1331,5235.925
1332,1332,91502.28
1333,1333,19860.957
1334,1334,8631.529
1335,1335,50798.637
1336,1336,21170.643
1337,1337,16461.414
1338,1338,25450.547
1339,1339,848.1966
1340,1340,298649.97
1341,1341,0.0
1342,1342,28181.145
1343,1343,42191.69
1344,1344,0.0
1345,1345,69124.03
1346,1346,7884.8213
1347,1347,0.0
1348,1348,12902.627
1349,1349,26897.928
1350,1350,17248.963
1351,1351,56299.598
1352,1352,596558.4
1353,1353,8274.125
1354,1354,136974.28
1355,1355,0.0
1356,1356,40746.523
1357,1357,44943.438
1358,1358,29504.719
1359,1359,229692.75
1360,1360,20620.268
1361,1361,197959.92
1362,1362,117561.87
1363,1363,21073.145
1364,1364,8200.861
1365,1365,4241.589
1366,1366,3788.321
1367,1367,0.0
1368,1368,27948.262
1369,1369,0.0
1370,1370,7874.309
1371,1371,14173.819
1372,1372,24211.201
1373,1373,0.0
1374,1374,15398.304
1375,1375,17812.135
1376,1376,11616.421
1377,1377,20628.188
1378,1378,0.0
1379,1379,62904.16
1380,1380,23527.715
1381,1381,13675.35
1382,1382,58647.406
1383,1383,852486.0
1384,1384,0.0
1385,1385,19753.914
1386,1386,13233.942
1387,1387,0.0
1388,1388,0.0
1389,1389,36244.84
1390,1390,39651.03
1391,1391,27913.03
1392,1392,9994.025
1393,1393,19705.768
1394,1394,1025.4679
1395,1395,24265.852
1396,1396,0.0
1397,1397,0.0
1398,1398,40857.797
1399,1399,17122.111
1400,1400,3796.1619
1401,1401,13255.635
1402,1402,0.0
1403,1403,51456.16
1404,1404,2365.412
1405,1405,8065.5923
1406,1406,21356.646
1407,1407,4132.9883
1408,1408,30052.918
1409,1409,12787.574
1410,1410,118910.21
1411,1411,16808.844
1412,1412,1205.1183
1413,1413,12722.981
1414,1414,86974.92
1415,1415,0.0
1416,1416,92667.375
1417,1417,9578.529
1418,1418,93644.664
1419,1419,152058.28
1420,1420,24262.201
1421,1421,13661.087
1422,1422,32061.139
1423,1423,3527.2908
1424,1424,33919.05
1425,1425,21179.707
1426,1426,41354.13
1427,1427,0.0
1428,1428,36484.438
1429,1429,61470.945
1430,1430,0.0
1431,1431,8004.854
1432,1432,216906.19
1433,1433,0.0
1434,1434,0.0
1435,1435,10567.994
1436,1436,12311.924
1437,1437,2615.4563
1438,1438,0.0
1439,1439,11002.168
1440,1440,21807.58
1441,1441,38615.8
1442,1442,7501.545
1443,1443,6970.933
1444,1444,4178.5767
1445,1445,51931.613
1446,1446,25195.355
1447,1447,65819.38
1448,1448,27080.531
1449,1449,103461.99
1450,1450,49992.29
1451,1451,108728.74
1452,1452,96931.34
1453,1453,16026.361
1454,1454,19105.547
1455,1455,4958.378
1456,1456,3765.0928
1457,1457,65762.06
1458,1458,0.0
1459,1459,5786.4946
1460,1460,58265.78
1461,1461,67507.32
1462,1462,0.0
1463,1463,9655.341
1464,1464,0.0
1465,1465,730.677
1466,1466,27666.799
1467,1467,0.0
1468,1468,0.0
1469,1469,40158.562
1470,1470,4838.599
1471,1471,8183.3203
1472,1472,4410.0444
1473,1473,0.0
1474,1474,124266.22
1475,1475,10835.697
1476,1476,0.0
1477,1477,38878.527
1478,1478,2550.259
1479,1479,26001.033
1480,1480,225909.73
1481,1481,33802.156
1482,1482,26946.244
1483,1483,50775.098
1484,1484,4218.425
1485,1485,502300.22
1486,1486,34202.12
1487,1487,423316.72
1488,1488,32397.43
1489,1489,24532.89
1490,1490,2691.1873
1491,1491,7955.8403
1492,1492,6702.451
1493,1493,17473.447
1494,1494,16223.99
1495,1495,2997.0317
1496,1496,74060.23
1497,1497,40524.47
1498,1498,21197.463
1499,1499,31119.996
1500,1500,48819.473
1501,1501,28076.965
1502,1502,0.0
1503,1503,28563.904
1504,1504,3379.8718
1505,1505,0.0
1506,1506,0.0
1507,1507,14584.933
1508,1508,8129.5254
1509,1509,15928.981
1510,1510,5934.831
1511,1511,72531.64
1512,1512,142633.02
1513,1513,26660.1
1514,1514,13117.071
1515,1515,4138.3735
1516,1516,0.0
1517,1517,90510.46
1518,1518,1241.288
1519,1519,11674.716
1520,1520,9136.723
1521,1521,2338.2476
1522,1522,0.0
1523,1523,20923.105
1524,1524,24500.05
1525,1525,0.0
1526,1526,12778.007
1527,1527,66978.336
1528,1528,267406.97
1529,1529,44127.918
1530,1530,2997.3716
1531,1531,47108.02
1532,1532,23631.871
1533,1533,84141.53
1534,1534,63083.55
1535,1535,0.0
1536,1536,1868.1155
1537,1537,38933.23
1538,1538,185154.17
1539,1539,620915.7
1540,1540,22499.95
1541,1541,126353.086
1542,1542,23003.104
1543,1543,34479.96
1544,1544,29935.936
1545,1545,6257.313
1546,1546,6126.4775
1547,1547,0.0
1548,1548,18674.822
1549,1549,14219.724
1550,1550,136110.25
1551,1551,6433.7188
1552,1552,17247.275
1553,1553,5686.9023
1554,1554,48854.516
1555,1555,23197.162
1556,1556,24519.826
1557,1557,24037.479
1558,1558,14730.368
1559,1559,3598.9712
1560,1560,22883.695
1561,1561,23023.879
1562,1562,0.0
1563,1563,39693.445
1564,1564,67589.31
1565,1565,26874.816
1566,1566,174.03711
1567,1567,155948.8
1568,1568,17919.639
1569,1569,16349.093
1570,1570,167827.72
1571,1571,54683.574
1572,1572,0.0
1573,1573,81731.445
1574,1574,0.0
1575,1575,15011.197
1576,1576,1.8900519e+06
1577,1577,43538.305
1578,1578,98556.9
1579,1579,23870.584
1580,1580,0.0
1581,1581,9694.05
1582,1582,16318.119
1583,1583,0.0
1584,1584,61968.35
1585,1585,0.0
1586,1586,0.0
1587,1587,66379.04
1588,1588,589.0847
1589,1589,36043.754
1590,1590,13450.483
1591,1591,126499.94
1592,1592,118831.21
1593,1593,26254.283
1594,1594,3071.4492
1595,1595,0.0
1596,1596,39098.914
1597,1597,4585.5103
1598,1598,43851.477
1599,1599,4926.8027
1600,1600,20421.818
1601,1601,99678.36
1602,1602,16307.902
1603,1603,54268.34
1604,1604,49227.832
1605,1605,38865.035
1606,1606,22713.42
1607,1607,5271.335
1608,1608,42575.87
1609,1609,3189.035
1610,1610,0.0
1611,1611,15360.246
1612,1612,61614.227
1613,1613,53512.19
1614,1614,40611.676
1615,1615,0.0
1616,1616,5274.862
1617,1617,9912.664
1618,1618,8861.926
1619,1619,16783.6
1620,1620,29547.602
1621,1621,0.0
1622,1622,0.0
1623,1623,19485.45
1624,1624,15541.723
1625,1625,105335.555
1626,1626,38011.49
1627,1627,14864.806
1628,1628,1712.5245
1629,1629,98375.16
1630,1630,44456.79
1631,1631,25960.129
1632,1632,0.0
1633,1633,47053.043
1634,1634,20424.723
1635,1635,35977.312
1636,1636,31357.213
1637,1637,29629.393
1638,1638,95390.43
1639,1639,126674.19
1640,1640,19156.104
1641,1641,3562.133
1642,1642,0.0
1643,1643,6553.478
1644,1644,0.0
1645,1645,67525.9
1646,1646,0.0
1647,1647,2807.2302
1648,1648,89981.15
1649,1649,5799.9995
1650,1650,2553.639
1651,1651,1787.3304
1652,1652,29881.4
1653,1653,14288.572
1654,1654,51787.22
1655,1655,28314.033
1656,1656,34347.195
1657,1657,0.0
1658,1658,28455.121
1659,1659,29787.797
1660,1660,102309.414
1661,1661,0.0
1662,1662,14775.139
1663,1663,82731.34
1664,1664,0.0
1665,1665,63061.863
1666,1666,0.0
1667,1667,105715.22
1668,1668,55989.69
1669,1669,35759.67
1670,1670,99282.66
1671,1671,0.0
1672,1672,17140.96
1673,1673,15478.651
1674,1674,0.0
1675,1675,996.04535
1676,1676,20584.758
1677,1677,2.9181725e+06
1678,1678,116400.414
1679,1679,0.0
1680,1680,0.0
1681,1681,15738.838
1682,1682,22187.1
1683,1683,5978.1343
1684,1684,21327.775
1685,1685,11435.357
1686,1686,21571.3
1687,1687,207.23753
1688,1688,361978.34
1689,1689,17358.936
1690,1690,6819.0073
1691,1691,0.0
1692,1692,0.0
1693,1693,13668.179
1694,1694,2455.0188
1695,1695,7051.295
1696,1696,257271.33
1697,1697,28725.287
1698,1698,6863.5923
1699,1699,142470.8
1700,1700,110637.73
1701,1701,6853.279
1702,1702,3056.5144
1703,1703,83764.89
1704,1704,3738.472
1705,1705,180916.62
1706,1706,10841.56
1707,1707,80783.21
1708,1708,46496.473
1709,1709,19565.9
1710,1710,70055.1
1711,1711,47460.54
1712,1712,49936.34
1713,1713,86377.88
1714,1714,7956.1255
1715,1715,1.5231882e+06
1716,1716,26277.416
1717,1717,3788.9412
1718,1718,4666.875
1719,1719,23190.445
1720,1720,0.0
1721,1721,76996.195
1722,1722,0.0
1723,1723,16025.138
1724,1724,1.2574738e+06
1725,1725,0.0
1726,1726,106486.54
1727,1727,30978.201
1728,1728,70630.32
1729,1729,5608.5166
1730,1730,13588.339
1731,1731,60923.914
1732,1732,8130.549
1733,1733,0.0
1734,1734,6555.606
1735,1735,12796.951
1736,1736,8501.973
1737,1737,8536.988
1738,1738,192182.12
1739,1739,21712.275
1740,1740,115258.914
1741,1741,1505.447
1742,1742,100236.195
1743,1743,118593.68
1744,1744,46553.523
1745,1745,24266.521
1746,1746,0.0
1747,1747,5096.646
1748,1748,3685.7268
1749,1749,4581.588
1750,1750,12148.396
1751,1751,23714.078
1752,1752,10607.45
1753,1753,27966.084
1754,1754,14710.993
1755,1755,81830.65
1756,1756,0.0
1757,1757,16922.176
1758,1758,22567.3
1759,1759,0.0
1760,1760,4138.5786
1761,1761,22189.611
1762,1762,85517.78
1763,1763,202605.22
1764,1764,29745.314
1765,1765,5857.8306
1766,1766,31308.102
1767,1767,0.0
1768,1768,0.0
1769,1769,119776.23
1770,1770,6644.0645
1771,1771,28961.533
1772,1772,0.0
1773,1773,0.0
1774,1774,4916.305
1775,1775,16752.283
1776,1776,5335.2065
1777,1777,115568.58
1778,1778,0.0
1779,1779,139379.55
1780,1780,656307.44
1781,1781,0.0
1782,1782,19886.588
1783,1783,0.0
1784,1784,17801.756
1785,1785,0.0
1786,1786,3362.8328
1787,1787,2361.839
1788,1788,0.0
1789,1789,13599.468
1790,1790,114954.8
1791,1791,35449.88
1792,1792,457481.6
1793,1793,3749.3123
1794,1794,17644.748
1795,1795,7116.5283
1796,1796,0.0
1797,1797,34678.184
1798,1798,0.0
1799,1799,2587.3562
1800,1800,21846.379
1801,1801,12223.076
1802,1802,24697.293
1803,1803,57085.086
1804,1804,10212.109
1805,1805,6847.265
1806,1806,426.15604
1807,1807,33116.473
1808,1808,25283.168
1809,1809,6495.7886
1810,1810,33136.742
1811,1811,37676.266
1812,1812,0.0
1813,1813,15445.126
1814,1814,21730.746
1815,1815,5411.4053
1816,1816,41609.934
1817,1817,0.0
1818,1818,3911.46
1819,1819,1768.2845
1820,1820,18918.346
1821,1821,10758.36
1822,1822,1984.6514
1823,1823,22770.791
1824,1824,43139.324
1825,1825,55782.8
1826,1826,0.0
1827,1827,71034.6
1828,1828,51271.066
1829,1829,39573.246
1830,1830,11981.7295
1831,1831,0.0
1832,1832,7384.1143
1833,1833,0.0
1834,1834,37653.613
1835,1835,9121.815
1836,1836,8215.983
1837,1837,0.0
1838,1838,0.0
1839,1839,5965.3813
1840,1840,431679.62
1841,1841,72151.734
1842,1842,50391.973
1843,1843,8247.654
1844,1844,55914.008
1845,1845,1623.2338
1846,1846,98029.87
1847,1847,0.0
1848,1848,4583.6455
1849,1849,50587.695
1850,1850,40403.91
1851,1851,0.0
1852,1852,0.0
1853,1853,30846.457
1854,1854,67704.42
1855,1855,53317.918
1856,1856,43250.445
1857,1857,0.0
1858,1858,0.0
1859,1859,0.0
1860,1860,21350.35
1861,1861,0.0
1862,1862,88.28604
1863,1863,13425.352
1864,1864,0.0
1865,1865,6851.705
1866,1866,37352.09
1867,1867,11438.397
1868,1868,22748.654
1869,1869,82514.34
1870,1870,0.0
1871,1871,8441.204
1872,1872,0.0
1873,1873,0.0
1874,1874,2397.9578
1875,1875,18807.227
1876,1876,99144.16
1877,1877,10465.045
1878,1878,0.0
1879,1879,2729.6125
1880,1880,25168.47
1881,1881,42641.137
1882,1882,71147.74
1883,1883,0.0
1884,1884,18865.072
1885,1885,18691.64
1886,1886,86087.17
1887,1887,8583.958
1888,1888,11195.5625
1889,1889,11724.587
1890,1890,0.0
1891,1891,8932.017
1892,1892,11752.207
1893,1893,0.0
1894,1894,66736.48
1895,1895,86861.31
1896,1896,0.0
1897,1897,66963.07
1898,1898,27791.979
1899,1899,0.0
1900,1900,9298.236
1901,1901,57526.35
1902,1902,0.0
1903,1903,22102.348
1904,1904,0.0
1905,1905,12026.033
1906,1906,296015.8
1907,1907,21443.635
1908,1908,13591.024
1909,1909,0.0
1910,1910,3738.9417
1911,1911,20178.79
1912,1912,487.1972
1913,1913,47942.12
1914,1914,58662.504
1915,1915,1430.991
1916,1916,0.0
1917,1917,30245.303
1918,1918,110685.37
1919,1919,0.0
1920,1920,2513.672
1921,1921,64505.67
1922,1922,15647.787
1923,1923,26704.04
1924,1924,15871.485
1925,1925,21689.0
1926,1926,13070.287
1927,1927,29519.47
1928,1928,58911.812
1929,1929,83866.73
1930,1930,25589.295
1931,1931,7.977872e+06
1932,1932,29613.896
1933,1933,84139.64
1934,1934,13858.534
1935,1935,24390.615
1936,1936,6541.6816
1937,1937,124637.01
1938,1938,328241.12
1939,1939,0.0
1940,1940,64763.773
1941,1941,18059.844
1942,1942,160061.3
1943,1943,0.0
1944,1944,51103.875
1945,1945,13478.75
1946,1946,95294.65
1947,1947,14214.45
1948,1948,0.0
1949,1949,323955.2
1950,1950,2471.6182
1951,1951,0.0
1952,1952,1489.5234
1953,1953,9073.802
1954,1954,16098.937
1955,1955,38630.43
1956,1956,0.0
1957,1957,15456.341
1958,1958,97387.23
1959,1959,37361.773
1960,1960,42403.074
1961,1961,3685.376
1962,1962,36380.473
1963,1963,8907.0
1964,1964,0.0
1965,1965,43773.723
1966,1966,16858.955
1967,1967,48742.03
1968,1968,1194.9298
1969,1969,16166.597
1970,1970,44797.53
1971,1971,3903.0823
1972,1972,22980.922
1973,1973,22363.996
1974,1974,0.0
1975,1975,95448.11
1976,1976,12291.978
1977,1977,28655.732
1978,1978,0.0
1979,1979,10529.596
1980,1980,163134.31
1981,1981,639211.3
1982,1982,1.8577099e+06
1983,1983,0.0
1984,1984,30925.08
1985,1985,87880.29
1986,1986,3803.1367
1987,1987,125272.55
1988,1988,8299.224
1989,1989,12837.408
1990,1990,8998.67
1991,1991,26623.28
1992,1992,17697.998
1993,1993,11488.167
1994,1994,7316.938
1995,1995,8581.847
1996,1996,0.0
1997,1997,20343.045
1998,1998,2391.9995
1999,1999,105835.52
2000,2000,45861.96
2001,2001,5856.4253
2002,2002,87914.77
2003,2003,12869.51
2004,2004,0.0
2005,2005,43056.0
2006,2006,4035.1792
2007,2007,9313.623
2008,2008,103531.85
2009,2009,0.0
2010,2010,8844.848
2011,2011,33271.945
2012,2012,0.0
2013,2013,1.454558e+06
2014,2014,0.0
2015,2015,769.1763
2016,2016,136235.22
2017,2017,4690.359
2018,2018,172523.33
2019,2019,40102.7
2020,2020,0.0
2021,2021,61282.31
2022,2022,14375.808
2023,2023,28649.314
2024,2024,400053.03
2025,2025,14881.722
2026,2026,0.0
2027,2027,23438.688
2028,2028,0.0
2029,2029,2377.8293
2030,2030,32380.076
2031,2031,0.0
2032,2032,14115.989
2033,2033,32853.312
2034,2034,32348.049
2035,2035,12840.46
2036,2036,0.0
2037,2037,0.0
2038,2038,160254.14
2039,2039,32203.67
2040,2040,26978.916
2041,2041,99099.02
2042,2042,170190.44
2043,2043,5492.9727
2044,2044,179620.66
2045,2045,15525.901
2046,2046,66708.76
2047,2047,90432.34
2048,2048,12704.427
2049,2049,44419.24
2050,2050,12941.097
2051,2051,571.38055
2052,2052,0.0
2053,2053,15997.759
2054,2054,224696.95
2055,2055,48960.63
2056,2056,89273.64
2057,2057,0.0
2058,2058,4205.593
2059,2059,16610.781
2060,2060,119153.01
2061,2061,0.0
2062,2062,47534.1
2063,2063,0.0
2064,2064,28306.812
2065,2065,0.0
2066,2066,229002.67
2067,2067,47122.97
2068,2068,31477.812
2069,2069,8869.194
2070,2070,0.0
2071,2071,44339.848
2072,2072,0.0
2073,2073,16797.102
2074,2074,35091.84
2075,2075,27376.275
2076,2076,15628.626
2077,2077,22932.621
2078,2078,42667.22
2079,2079,0.0
2080,2080,30055.05
2081,2081,39244.824
2082,2082,48425.0
2083,2083,23606.89
2084,2084,24132.402
2085,2085,13094.483
2086,2086,33101.17
2087,2087,0.0
2088,2088,1378.9938
2089,2089,11009.215
2090,2090,28791.807
2091,2091,6583.372
2092,2092,27299.398
2093,2093,94680.46
2094,2094,1.660723e+06
2095,2095,34359.9
2096,2096,15870.88
2097,2097,24042.59
2098,2098,50332.062
2099,2099,55878.098
2100,2100,0.0
2101,2101,337.48636
2102,2102,32855.113
2103,2103,50687.63
2104,2104,0.0
2105,2105,0.0
2106,2106,0.0
2107,2107,283608.78
2108,2108,7475.117
2109,2109,24224.055
2110,2110,6726.1885
2111,2111,43413.664
2112,2112,4704.619
2113,2113,536.03375
2114,2114,15538.696
2115,2115,4413.569
2116,2116,0.0
2117,2117,33671.363
2118,2118,18036.3
2119,2119,1343.5558
2120,2120,9839.05
2121,2121,0.0
2122,2122,7418.232
2123,2123,0.0
2124,2124,16150.484
2125,2125,7175.795
2126,2126,63762.375
2127,2127,6162.0845
2128,2128,48129.617
2129,2129,39484.82
2130,2130,67108.555
2131,2131,31609.295
2132,2132,22614.748
2133,2133,41151.145
2134,2134,0.0
2135,2135,0.0
2136,2136,20902.346
2137,2137,0.0
2138,2138,15810.995
2139,2139,0.0
2140,2140,10247.609
2141,2141,26494.607
2142,2142,50490.67
2143,2143,0.0
2144,2144,18482.176
2145,2145,32447.674
2146,2146,36036.625
2147,2147,3455.5725
2148,2148,27339.809
2149,2149,0.0
2150,2150,133276.33
2151,2151,844.44293
2152,2152,0.0
2153,2153,430315.94
2154,2154,46814.496
2155,2155,1.5541958e+06
2156,2156,117946.19
2157,2157,0.0
2158,2158,11895.414
2159,2159,37766.016
2160,2160,0.0
2161,2161,0.0
2162,2162,33575.56
2163,2163,2167.551
2164,2164,90501.45
2165,2165,0.0
2166,2166,117869.22
2167,2167,34993.34
2168,2168,171094.03
2169,2169,6022.7485
2170,2170,57144.555
2171,2171,162475.77
2172,2172,0.0
2173,2173,127082.51
2174,2174,4929.543
2175,2175,140726.52
2176,2176,44833.61
2177,2177,2384.5593
2178,2178,22762.3
2179,2179,27517.824
2180,2180,18207.6
2181,2181,36085.17
2182,2182,109026.94
2183,2183,0.0
2184,2184,463.96094
2185,2185,12953.093
2186,2186,3989.1616
2187,2187,70486.51
2188,2188,19303.553
2189,2189,27375.365
2190,2190,221509.05
2191,2191,329122.53
2192,2192,16590.498
2193,2193,30796.271
2194,2194,14519.296
2195,2195,0.0
2196,2196,52627.61
2197,2197,21213.408
2198,2198,0.0
2199,2199,0.0
2200,2200,61201.605
2201,2201,5744.787
2202,2202,0.0
2203,2203,0.0
2204,2204,9267.103
2205,2205,20551.465
2206,2206,3879.8806
2207,2207,0.0
2208,2208,43773.258
2209,2209,12652.315
2210,2210,41606.23
2211,2211,11691.026
2212,2212,0.0
2213,2213,135016.88
2214,2214,7633.2764
2215,2215,0.0
2216,2216,89430.66
2217,2217,24597.213
2218,2218,76702.95
2219,2219,2262.7532
2220,2220,0.0
2221,2221,1178.5063
2222,2222,171040.55
2223,2223,859.821
2224,2224,0.0
2225,2225,5201.0596
2226,2226,0.0
2227,2227,22499.092
2228,2228,0.0
2229,2229,4093.3042
2230,2230,1573.8263
2231,2231,103492.76
2232,2232,37096.9
2233,2233,0.0
2234,2234,138035.3
2235,2235,418841.88
2236,2236,224482.62
2237,2237,0.0
2238,2238,19227.203
2239,2239,1386.5454
2240,2240,17814.953
2241,2241,17943.977
2242,2242,0.0
2243,2243,12535.432
2244,2244,72084.66
2245,2245,134264.56
2246,2246,8627.208
2247,2247,18187.896
2248,2248,4304.212
2249,2249,3946.749
2250,2250,83020.805
2251,2251,16854.748
2252,2252,69038.05
2253,2253,335.0697
2254,2254,55621.21
2255,2255,618254.3
2256,2256,83726.695
2257,2257,9646.528
2258,2258,112283.88
2259,2259,107313.266
2260,2260,2993.4082
2261,2261,1873.4535
2262,2262,14043.852
2263,2263,0.0
2264,2264,16430.549
2265,2265,128850.11
2266,2266,17426.168
2267,2267,1542.0891
2268,2268,72787.92
2269,2269,1424.023
2270,2270,143206.23
2271,2271,18883.098
2272,2272,22826.03
2273,2273,0.0
2274,2274,412577.53
2275,2275,1033.1797
2276,2276,31370.486
2277,2277,46451.73
2278,2278,0.0
2279,2279,10592.09
2280,2280,195026.83
2281,2281,19708.682
2282,2282,9360.347
2283,2283,12705.955
2284,2284,0.0
2285,2285,13631.097
2286,2286,554780.94
2287,2287,114964.125
2288,2288,0.0
2289,2289,0.0
2290,2290,25189.371
2291,2291,100715.66
2292,2292,19347.312
2293,2293,105288.23
2294,2294,0.0
2295,2295,110.160446
2296,2296,0.0
2297,2297,0.0
2298,2298,0.0
2299,2299,14359.041
2300,2300,5686.912
2301,2301,31658.55
2302,2302,6025.9414
2303,2303,51498.97
2304,2304,16756.104
2305,2305,25087.855
2306,2306,0.0
2307,2307,0.0
2308,2308,21910.871
2309,2309,0.0
2310,2310,30099.992
2311,2311,0.0
2312,2312,114849.914
2313,2313,4601.5664
2314,2314,2900.2107
2315,2315,16640.555
2316,2316,46587.523
2317,2317,22394.496
2318,2318,424706.7
2319,2319,38111.758
2320,2320,41440.82
2321,2321,16846.973
2322,2322,141037.22
2323,2323,51722.703
2324,2324,18748.998
2325,2325,6711.064
2326,2326,3901.3462
2327,2327,78459.73
2328,2328,14605.195
2329,2329,18833.604
2330,2330,88790.65
2331,2331,0.0
2332,2332,5564.428
2333,2333,22138.371
2334,2334,48962.49
2335,2335,28433.04
2336,2336,0.0
2337,2337,42680.31
2338,2338,205586.89
2339,2339,0.0
2340,2340,140330.12
2341,2341,0.0
2342,2342,95614.3
2343,2343,4683.916
2344,2344,0.0
2345,2345,3.3032748e+06
2346,2346,58690.887
2347,2347,5549.404
2348,2348,33976.258
2349,2349,7263.658
2350,2350,13557.305
2351,2351,0.0
2352,2352,27423.52
2353,2353,10504.436
2354,2354,4014.1924
2355,2355,5809.0103
2356,2356,51336.496
2357,2357,2.3440345e+06
2358,2358,0.0
2359,2359,44797.89
2360,2360,49465.85
2361,2361,0.0
2362,2362,22072.586
2363,2363,35153.16
2364,2364,42828.77
2365,2365,45731.875
2366,2366,191322.06
2367,2367,23162.404
2368,2368,35951.69
2369,2369,25305.473
2370,2370,13153.326
2371,2371,0.0
2372,2372,2845.1853
2373,2373,60094.363
2374,2374,165953.89
2375,2375,18527.822
2376,2376,24174.242
2377,2377,3961.853
2378,2378,4166.512
2379,2379,6482.915
2380,2380,79601.08
2381,2381,1806.044
2382,2382,42862.547
2383,2383,11264.2
2384,2384,277840.62
2385,2385,0.0
2386,2386,0.0
2387,2387,6461.46
2388,2388,11500.206
2389,2389,0.0
2390,2390,15333.641
2391,2391,88323.24
2392,2392,0.0
2393,2393,51951.434
2394,2394,0.0
2395,2395,9704.258
2396,2396,148724.64
2397,2397,0.0
2398,2398,33379.363
2399,2399,4529.811
2400,2400,32088.232
2401,2401,44813.617
2402,2402,1700.425
2403,2403,14681.6045
2404,2404,9986.143
2405,2405,81385.99
2406,2406,0.0
2407,2407,17218.473
2408,2408,6387.536
2409,2409,17756.795
2410,2410,0.0
2411,2411,40953.062
2412,2412,73973.13
2413,2413,253368.39
2414,2414,0.0
2415,2415,0.0
2416,2416,47594.47
2417,2417,140438.3
2418,2418,4502.7915
2419,2419,47094.074
2420,2420,0.0
2421,2421,18860.191
2422,2422,0.0
2423,2423,175945.02
2424,2424,0.0
2425,2425,0.0
2426,2426,156.13173
2427,2427,20839.371
2428,2428,55807.215
2429,2429,55376.88
2430,2430,0.0
2431,2431,5260.813
2432,2432,73426.48
2433,2433,1697.6404
2434,2434,203869.6
2435,2435,1641.7201
2436,2436,66989.99
2437,2437,1869.5293
2438,2438,8974.555
2439,2439,3234.49
2440,2440,0.0
2441,2441,36666.133
2442,2442,7025.885
2443,2443,28302.889
2444,2444,0.0
2445,2445,36420.344
2446,2446,12972.901
2447,2447,63039.39
2448,2448,1575.5195
2449,2449,88153.74
2450,2450,21136.846
2451,2451,207464.77
2452,2452,13633.643
2453,2453,3593.9102
2454,2454,71700.34
2455,2455,31001.305
2456,2456,10180.408
2457,2457,147029.38
2458,2458,108457.016
2459,2459,90098.37
2460,2460,0.0
2461,2461,51405.035
2462,2462,24537.113
2463,2463,142787.83
2464,2464,59626.93
2465,2465,157769.67
2466,2466,5450.0737
2467,2467,0.0
2468,2468,30006.729
2469,2469,0.0
2470,2470,343.98428
2471,2471,34267.426
2472,2472,26994.275
2473,2473,15175.679
2474,2474,4357.7427
2475,2475,32249.52
2476,2476,214600.4
2477,2477,93926.5
2478,2478,38106.395
2479,2479,92091.94
2480,2480,147547.95
2481,2481,68340.734
2482,2482,53247.734
2483,2483,35643.45
2484,2484,81531.02
2485,2485,82556.5
2486,2486,28923.28
2487,2487,36639.83
2488,2488,17773.82
2489,2489,0.0
2490,2490,32066.791
2491,2491,0.0
2492,2492,10819.514
2493,2493,0.0
2494,2494,4647.837
2495,2495,33286.11
2496,2496,33065.652
2497,2497,103505.42
2498,2498,13578.357
2499,2499,24668.314
2500,2500,519.57886
2501,2501,25046.775
2502,2502,81094.3
2503,2503,0.0
2504,2504,65853.46
2505,2505,4391.709
2506,2506,2098.9995
2507,2507,0.0
2508,2508,0.0
2509,2509,9864.404
2510,2510,48769.36
2511,2511,10458.014
2512,2512,51602.086
2513,2513,4412.473
2514,2514,0.0
2515,2515,114986.125
2516,2516,73872.945
2517,2517,12242.451
2518,2518,0.0
2519,2519,22693.273
2520,2520,0.0
2521,2521,42609.668
2522,2522,48068.84
2523,2523,216729.14
2524,2524,55595.406
2525,2525,16020.894
2526,2526,50447.9
2527,2527,0.0
2528,2528,3414.5728
2529,2529,24123.633
2530,2530,16124.54
2531,2531,24316.068
2532,2532,39192.836
2533,2533,2.9623865e+06
2534,2534,19633.645
2535,2535,22970.436
2536,2536,0.0
2537,2537,7104.0933
2538,2538,15823.997
2539,2539,1243.0981
2540,2540,0.0
2541,2541,121481.86
2542,2542,9735.101
2543,2543,127488.98
2544,2544,44441.32
2545,2545,0.0
2546,2546,20866.309
2547,2547,3415.511
2548,2548,136384.73
2549,2549,3619.9368
2550,2550,21040.37
2551,2551,0.0
2552,2552,26011.459
2553,2553,137520.81
2554,2554,194865.19
2555,2555,38833.8
2556,2556,50778.695
2557,2557,3120.418
2558,2558,866.94183
2559,2559,6874.934
2560,2560,17368.0
2561,2561,0.0
2562,2562,22999.459
2563,2563,3416.772
2564,2564,9721.437
2565,2565,0.0
2566,2566,57125.926
2567,2567,6156.1606
2568,2568,250297.62
2569,2569,53968.28
2570,2570,0.0
2571,2571,21137.193
2572,2572,20643.486
2573,2573,4975.743
2574,2574,111498.79
2575,2575,22632.455
2576,2576,11529.946
2577,2577,0.0
2578,2578,85957.55
2579,2579,140142.19
2580,2580,20988.559
2581,2581,16578.396
2582,2582,0.0
2583,2583,6.3629125e+06
2584,2584,325737.06
2585,2585,6799.0464
2586,2586,20225.4
2587,2587,23518.223
2588,2588,0.0
2589,2589,19271.262
2590,2590,3842.7625
2591,2591,35106.56
2592,2592,87544.22
2593,2593,53442.695
2594,2594,16308.227
2595,2595,21745.998
2596,2596,0.0
2597,2597,21270.787
2598,2598,3677.181
2599,2599,0.0
2600,2600,15982.2
2601,2601,267401.12
2602,2602,81205.1
2603,2603,38402.816
2604,2604,44465.484
2605,2605,3369.946
2606,2606,35416.9
2607,2607,8361.823
2608,2608,56543.887
2609,2609,0.0
2610,2610,1154.4121
2611,2611,1042.1931
2612,2612,8738.979
2613,2613,27703.072
2614,2614,7369.6973
2615,2615,24932.719
2616,2616,4225.757
2617,2617,0.0
2618,2618,0.0
2619,2619,91953.055
2620,2620,90955.08
2621,2621,4530.7866
2622,2622,27883.701
2623,2623,13960.57
2624,2624,5114.4795
2625,2625,0.0
2626,2626,0.0
2627,2627,3982.0625
2628,2628,125064.4
2629,2629,153662.98
2630,2630,1363.888
2631,2631,1786.4865
2632,2632,0.0
2633,2633,4644.2793
2634,2634,39279.33
2635,2635,80342.85
2636,2636,45899.043
2637,2637,2772.1292
2638,2638,59364.723
2639,2639,58931.992
2640,2640,3373.8633
2641,2641,135948.05
2642,2642,0.0
2643,2643,19170.42
2644,2644,43830.13
2645,2645,3.2028372e+06
2646,2646,4283.745
2647,2647,161969.1
2648,2648,5821.6045
2649,2649,0.0
2650,2650,0.0
2651,2651,31024.953
2652,2652,80756.836
2653,2653,21511.846
2654,2654,15070.737
2655,2655,0.0
2656,2656,250143.52
2657,2657,9136.463
2658,2658,13934.942
2659,2659,0.0
2660,2660,338639.25
2661,2661,2617.4478
2662,2662,30623.254
2663,2663,357506.06
2664,2664,0.0
2665,2665,4422.6426
2666,2666,0.0
2667,2667,16844.543
2668,2668,72093.19
2669,2669,10951.07
2670,2670,0.0
2671,2671,2134.6553
2672,2672,0.0
2673,2673,73450.445
2674,2674,25120.162
2675,2675,63863.086
2676,2676,0.0
2677,2677,20193.895
2678,2678,1245.844
2679,2679,21979.5
2680,2680,520201.6
2681,2681,0.0
2682,2682,120246.59
2683,2683,15712.049
2684,2684,0.0
2685,2685,0.0
2686,2686,163351.36
2687,2687,80186.555
2688,2688,121022.164
2689,2689,153494.52
2690,2690,13597.994
2691,2691,31281.453
2692,2692,11344.5625
2693,2693,126242.82
2694,2694,0.0
2695,2695,0.0
2696,2696,0.0
2697,2697,27139.111
2698,2698,63651.883
2699,2699,18088.104
2700,2700,19025.746
2701,2701,43769.53
2702,2702,5265.584
2703,2703,1.3849526e+06
2704,2704,233903.3
2705,2705,0.0
2706,2706,89917.695
2707,2707,26398.242
2708,2708,4316.3
2709,2709,226907.36
2710,2710,234018.7
2711,2711,29744.611
2712,2712,0.0
2713,2713,9205.685
2714,2714,229842.89
2715,2715,4768.2324
2716,2716,36795.77
2717,2717,12889.774
2718,2718,0.0
2719,2719,69813.54
2720,2720,2688.8362
2721,2721,38177.21
2722,2722,21874.39
2723,2723,9801.747
2724,2724,0.0
2725,2725,46260.03
2726,2726,8007.7056
2727,2727,84876.61
2728,2728,6342.8813
2729,2729,101471.62
2730,2730,0.0
2731,2731,42583.47
2732,2732,984.57825
2733,2733,16323.091
2734,2734,941219.6
2735,2735,4865.3936
2736,2736,13197.729
2737,2737,35206.82
2738,2738,12977.596
2739,2739,10124.966
2740,2740,7340.711
2741,2741,37209.61
2742,2742,12386.703
2743,2743,27344.46
2744,2744,0.0
2745,2745,78795.984
2746,2746,6810.2646
2747,2747,34224.39
2748,2748,0.0
2749,2749,0.0
2750,2750,31631.172
2751,2751,5771.334
2752,2752,53926.92
2753,2753,185275.67
2754,2754,34722.574
2755,2755,7120.049
2756,2756,36169.418
2757,2757,17283.666
2758,2758,179561.94
2759,2759,22129.682
2760,2760,3686.3225
2761,2761,5134.076
2762,2762,108504.44
2763,2763,0.0
2764,2764,90996.195
2765,2765,0.0
2766,2766,37152.516
2767,2767,2784.5862
2768,2768,30512.24
2769,2769,12158.188
2770,2770,21883.736
2771,2771,60230.12
2772,2772,186062.95
2773,2773,22110.324
2774,2774,103585.25
2775,2775,23321.398
2776,2776,47503.01
2777,2777,0.0
2778,2778,0.0
2779,2779,30457.117
2780,2780,12106.782
2781,2781,90359.14
2782,2782,121568.7
2783,2783,5789.0513
2784,2784,15058.816
2785,2785,111303.56
2786,2786,35462.87
2787,2787,0.0
2788,2788,10457.084
2789,2789,3029.1516
2790,2790,0.0
2791,2791,0.0
2792,2792,0.0
2793,2793,1308.8926
2794,2794,2763.892
2795,2795,15807.569
2796,2796,15531.006
2797,2797,42900.613
2798,2798,21529.893
2799,2799,0.0
2800,2800,155157.5
2801,2801,47545.73
2802,2802,10903.5205
2803,2803,36639.418
2804,2804,228739.36
2805,2805,10583.582
2806,2806,20942.715
2807,2807,34549.67
2808,2808,2523.4724
2809,2809,5193.13
2810,2810,14545.258
2811,2811,1810.5942
2812,2812,14826.756
2813,2813,0.0
2814,2814,42618.227
2815,2815,952.75024
2816,2816,100717.52
2817,2817,528147.56
2818,2818,13839.086
2819,2819,9352.642
2820,2820,832.60944
2821,2821,334139.4
2822,2822,33006.605
2823,2823,0.0
2824,2824,0.0
2825,2825,44186.83
2826,2826,0.0
2827,2827,96829.42
2828,2828,45048.215
2829,2829,7978.6924
2830,2830,31311.955
2831,2831,0.0
2832,2832,0.0
2833,2833,10864.013
2834,2834,11443.465
2835,2835,42088.69
2836,2836,121062.46
2837,2837,0.0
2838,2838,17723.61
2839,2839,0.0
2840,2840,0.0
2841,2841,276651.97
2842,2842,0.0
2843,2843,0.0
2844,2844,96252.1
2845,2845,0.0
2846,2846,50320.633
2847,2847,52728.363
2848,2848,20360.125
2849,2849,574.90674
2850,2850,35984.055
2851,2851,152158.19
2852,2852,24674.906
2853,2853,47892.09
2854,2854,41031.637
2855,2855,6310.331
2856,2856,32431.527
2857,2857,10457.806
2858,2858,2324.5452
2859,2859,223993.78
2860,2860,0.0
2861,2861,435475.1
2862,2862,220312.17
2863,2863,1118.9949
2864,2864,23587.6
2865,2865,33206.04
2866,2866,1489.1581
2867,2867,121550.95
2868,2868,39586.51
2869,2869,9456.144
2870,2870,126990.37
2871,2871,32000.908
2872,2872,17376.596
2873,2873,11351.102
2874,2874,14761.944
2875,2875,5960.8223
2876,2876,122568.914
2877,2877,44058.387
2878,2878,23609.5
2879,2879,32479.408
2880,2880,34515.06
2881,2881,0.0
2882,2882,58145.332
2883,2883,3494.7307
2884,2884,47722.7
2885,2885,0.0
2886,2886,0.0
2887,2887,222422.28
2888,2888,124286.49
2889,2889,10807.491
2890,2890,392550.38
2891,2891,34824.742
2892,2892,470089.75
2893,2893,51152.09
2894,2894,12228.085
2895,2895,0.0
2896,2896,16989.213
2897,2897,119713.625
2898,2898,24208.162
2899,2899,50138.438
2900,2900,48976.703
2901,2901,16505.69
2902,2902,8465.17
2903,2903,37623.805
2904,2904,38191.684
2905,2905,10403.117
2906,2906,0.0
2907,2907,14194.849
2908,2908,10325.802
2909,2909,4145.0615
2910,2910,23372.734
2911,2911,59988.855
2912,2912,1656.3567
2913,2913,1492.8855
2914,2914,1915.4514
2915,2915,49881.867
2916,2916,5830.9883
2917,2917,0.0
2918,2918,24845.387
2919,2919,47545.66
2920,2920,13495.568
2921,2921,56716.953
2922,2922,2884.549
2923,2923,10861.604
2924,2924,2452.0984
2925,2925,1048.1466
2926,2926,0.0
2927,2927,0.0
2928,2928,22513.076
2929,2929,7216.012
2930,2930,0.0
2931,2931,0.0
2932,2932,28550.852
2933,2933,0.0
2934,2934,15167.97
2935,2935,53036.164
2936,2936,4985.5986
2937,2937,20890.996
2938,2938,0.0
2939,2939,8039.4937
2940,2940,41033.832
2941,2941,830.8845
2942,2942,0.0
2943,2943,184.31982
2944,2944,10678.264
2945,2945,3190.1775
2946,2946,0.0
2947,2947,26788.602
2948,2948,8841.601
2949,2949,23829.586
2950,2950,18702.64
2951,2951,19299.678
2952,2952,73172.5
2953,2953,13161.945
2954,2954,47936.73
2955,2955,107205.84
2956,2956,0.0
2957,2957,8615.723
2958,2958,23616.822
2959,2959,0.0
2960,2960,80380.33
2961,2961,19379.178
2962,2962,186323.62
2963,2963,251367.42
2964,2964,9770.073
2965,2965,94471.0
2966,2966,56247.383
2967,2967,0.0
2968,2968,10200.779
2969,2969,51306.4
2970,2970,0.0
2971,2971,189074.17
2972,2972,0.0
2973,2973,43973.64
2974,2974,18495.375
2975,2975,2467.0422
2976,2976,3.5374898e+06
2977,2977,5382.7583
2978,2978,11219.375
2979,2979,928202.8
2980,2980,110788.26
2981,2981,0.0
2982,2982,2899.7761
2983,2983,51966.766
2984,2984,103991.64
2985,2985,58065.727
2986,2986,9944.053
2987,2987,6369.684
2988,2988,37119.01
2989,2989,0.0
2990,2990,0.0
2991,2991,162010.56
2992,2992,0.0
2993,2993,6305.7695
2994,2994,8575.525
2995,2995,0.0
2996,2996,4422.2256
2997,2997,60728.01
2998,2998,113010.25
2999,2999,3356.9307
3000,3000,151033.97
3001,3001,7830.0537
3002,3002,47232.914
3003,3003,143118.83
3004,3004,0.0
3005,3005,38198.47
3006,3006,0.0
3007,3007,32976.816
3008,3008,40045.297
3009,3009,12081.467
3010,3010,48738.863
3011,3011,41472.992
3012,3012,56595.246
3013,3013,13539.06
3014,3014,19555.469
3015,3015,0.0
3016,3016,0.0
3017,3017,26615.578
3018,3018,35575.47
3019,3019,49698.973
3020,3020,0.0
3021,3021,17917.018
3022,3022,20954.107
3023,3023,74582.83
3024,3024,32758.385
3025,3025,30277.83
3026,3026,443420.3
3027,3027,139880.05
3028,3028,53946.08
3029,3029,2402.4756
3030,3030,24682.963
3031,3031,0.0
3032,3032,0.0
3033,3033,1914.4381
3034,3034,20434.615
3035,3035,197462.22
3036,3036,3950.567
3037,3037,11415.689
3038,3038,588.92596
3039,3039,25977.957
3040,3040,19184.193
3041,3041,171632.12
3042,3042,11157.613
3043,3043,115647.68
3044,3044,2352.4658
3045,3045,90900.33
3046,3046,9999.86
3047,3047,10318.748
3048,3048,19.78221
3049,3049,0.0
3050,3050,0.0
3051,3051,153644.0
3052,3052,30090.941
3053,3053,40613.027
3054,3054,131100.48
3055,3055,482.79703
3056,3056,2179.3525
3057,3057,0.0
3058,3058,3573.4756
3059,3059,0.0
3060,3060,0.0
3061,3061,1.7949408e+06
3062,3062,2139.4124
3063,3063,22209.83
3064,3064,8385.001
3065,3065,93855.664
3066,3066,7359.4624
3067,3067,98155.89
3068,3068,0.0
3069,3069,0.0
3070,3070,34468.477
3071,3071,14423.483
3072,3072,16958.803
3073,3073,0.0
3074,3074,5418.816
3075,3075,65562.02
3076,3076,2466.4463
3077,3077,181114.8
3078,3078,538456.9
3079,3079,52397.18
3080,3080,83680.48
3081,3081,70029.09
3082,3082,15494.223
3083,3083,121614.96
3084,3084,22679.293
3085,3085,117928.305
3086,3086,443.27228
3087,3087,11495.835
3088,3088,48199.99
3089,3089,1507.915
3090,3090,36318.707
3091,3091,14257.8545
3092,3092,4727.1426
3093,3093,151566.53
3094,3094,19351.828
3095,3095,29915.328
3096,3096,15431.321
3097,3097,30254.365
3098,3098,65376.152
3099,3099,54466.246
3100,3100,21350.184
3101,3101,38328.227
3102,3102,12047.339
3103,3103,51616.65
3104,3104,185671.48
3105,3105,7698.9883
3106,3106,65714.36
3107,3107,0.0
3108,3108,3117.1284
3109,3109,0.0
3110,3110,0.0
3111,3111,0.0
3112,3112,28593.857
3113,3113,0.0
3114,3114,225796.97
3115,3115,25661.195
3116,3116,1843.27
3117,3117,8946.882
3118,3118,18260.02
3119,3119,0.0
3120,3120,0.0
3121,3121,41457.543
3122,3122,11958.308
3123,3123,0.0
3124,3124,0.0
3125,3125,32069.555
3126,3126,6735.744
3127,3127,218804.61
3128,3128,76763.78
3129,3129,16739.672
3130,3130,4005.7424
3131,3131,67387.82
3132,3132,17676.855
3133,3133,1929.3439
3134,3134,41198.883
3135,3135,1514.3293
3136,3136,1.1219549e+06
3137,3137,40763.72
3138,3138,5518.2925
3139,3139,17762.912
3140,3140,18639.932
3141,3141,18600.2
3142,3142,244511.42
3143,3143,65013.555
3144,3144,42013.38
3145,3145,0.0
3146,3146,0.0
3147,3147,16183.061
3148,3148,23901.092
3149,3149,21144.379
3150,3150,77265.05
3151,3151,30498.367
3152,3152,1.4548734e+06
3153,3153,13865.245
3154,3154,70349.99
3155,3155,0.0
3156,3156,67088.445
3157,3157,0.0
3158,3158,82.3537
3159,3159,102926.93
3160,3160,29576.688
3161,3161,26891.506
3162,3162,34458.37
3163,3163,277462.34
3164,3164,40993.066
3165,3165,37762.242
3166,3166,4842.3184
3167,3167,1101.2507
3168,3168,2040.582
3169,3169,0.0
3170,3170,0.0
3171,3171,48931.883
3172,3172,59859.21
3173,3173,31642.94
3174,3174,155367.73
3175,3175,0.0
3176,3176,30339.494
3177,3177,187005.39
3178,3178,25669.629
3179,3179,0.0
3180,3180,0.0
3181,3181,0.0
3182,3182,9725.289
3183,3183,16101.0205
3184,3184,4452.0947
3185,3185,13640.497
3186,3186,8052.755
3187,3187,0.0
3188,3188,7847.437
3189,3189,8082.603
3190,3190,4887.435
3191,3191,259080.97
3192,3192,3540.8152
3193,3193,23511.697
3194,3194,46558.73
3195,3195,0.0
3196,3196,37078.72
3197,3197,0.0
3198,3198,0.0
3199,3199,0.0
3200,3200,28862.676
3201,3201,171463.78
3202,3202,0.0
3203,3203,0.0
3204,3204,0.0
3205,3205,15373.556
3206,3206,23900.535
3207,3207,1932.5585
3208,3208,28450.436
3209,3209,8067.58
3210,3210,4003.746
3211,3211,162985.69
3212,3212,0.0
3213,3213,48581.496
3214,3214,30954.525
3215,3215,0.0
3216,3216,238254.67
3217,3217,41364.32
3218,3218,0.0
3219,3219,0.0
3220,3220,232071.03
3221,3221,0.0
3222,3222,258545.06
3223,3223,129210.93
3224,3224,10404.281
3225,3225,17728.805
3226,3226,23424.547
3227,3227,167609.6
3228,3228,70255.5
3229,3229,118389.055
3230,3230,29808.01
3231,3231,22887.125
3232,3232,31116.293
3233,3233,96902.375
3234,3234,85871.875
3235,3235,111258.82
3236,3236,170468.94
3237,3237,119043.86
3238,3238,16195.191
3239,3239,50060.504
3240,3240,167432.98
3241,3241,23574.086
3242,3242,59372.016
3243,3243,1337.2625
3244,3244,72642.88
3245,3245,2918.346
3246,3246,0.0
3247,3247,29615.611
3248,3248,87218.2
3249,3249,26141.299
3250,3250,1806.2118
3251,3251,25045.076
3252,3252,77703.336
3253,3253,89019.09
3254,3254,1219.7633
3255,3255,12713.281
3256,3256,13941.376
3257,3257,35657.74
3258,3258,8238.013
3259,3259,1375.9802
3260,3260,0.0
3261,3261,37466.277
3262,3262,15517.749
3263,3263,66215.945
3264,3264,195690.0
3265,3265,0.0
3266,3266,21245.646
3267,3267,27286.13
3268,3268,42902.164
3269,3269,18324.594
3270,3270,5163.412
3271,3271,76858.77
3272,3272,3485.179
3273,3273,48200.445
3274,3274,1344.3746
3275,3275,626.8531
3276,3276,0.0
3277,3277,215615.92
3278,3278,3384.0679
3279,3279,3312.0283
3280,3280,733271.06
3281,3281,46920.957
3282,3282,94444.516
3283,3283,59938.676
3284,3284,3895.8682
3285,3285,30211.945
3286,3286,34866.344
3287,3287,0.0
3288,3288,34940.613
3289,3289,157863.52
3290,3290,0.0
3291,3291,151863.34
3292,3292,132166.56
3293,3293,68313.73
3294,3294,57125.926
3295,3295,213851.06
3296,3296,24520.713
3297,3297,44975.516
3298,3298,7021.1924
3299,3299,4545.266
3300,3300,149440.75
3301,3301,70745.414
3302,3302,21547.656
3303,3303,37260.844
3304,3304,93703.44
3305,3305,1.2767874e+06
3306,3306,42535.082
3307,3307,0.0
3308,3308,8089.489
3309,3309,620650.4
3310,3310,15025.051
3311,3311,0.0
3312,3312,74980.305
3313,3313,18443.477
3314,3314,103855.555
3315,3315,10725.732
3316,3316,0.0
3317,3317,2.4401658e+06
3318,3318,29483.346
3319,3319,884.73395
3320,3320,1851.7078
3321,3321,51205.715
3322,3322,0.0
3323,3323,918.5195
3324,3324,10014.343
3325,3325,0.0
3326,3326,3102.3977
3327,3327,3816.9487
3328,3328,0.0
3329,3329,104380.59
3330,3330,10769.488
3331,3331,35904.324
3332,3332,2629.5225
3333,3333,325880.47
3334,3334,138099.45
3335,3335,15853.75
3336,3336,19451.637
3337,3337,0.0
3338,3338,132550.45
3339,3339,39711.582
3340,3340,14046.83
3341,3341,19134.521
3342,3342,36536.773
3343,3343,5288.59
3344,3344,0.0
3345,3345,93577.66
3346,3346,65388.875
3347,3347,0.0
3348,3348,22291.422
3349,3349,213068.33
3350,3350,1.419638e+06
3351,3351,0.0
3352,3352,1599.1948
3353,3353,15690.699
3354,3354,3606.0383
3355,3355,219127.97
3356,3356,89595.16
3357,3357,81207.02
3358,3358,0.0
3359,3359,10310.446
3360,3360,43045.594
3361,3361,0.0
3362,3362,0.0
3363,3363,424.56525
3364,3364,29675.832
3365,3365,136586.3
3366,3366,1410.4094
3367,3367,17900.826
3368,3368,0.0
3369,3369,128176.336
3370,3370,15687.52
3371,3371,9397.764
3372,3372,6264.9053
3373,3373,125160.83
3374,3374,5798.641
3375,3375,0.0
3376,3376,11530.679
3377,3377,50880.438
3378,3378,7078.099
3379,3379,30572.055
3380,3380,12495.039
3381,3381,52784.39
3382,3382,50237.28
3383,3383,0.0
3384,3384,0.0
3385,3385,37949.07
3386,3386,82749.27
3387,3387,65913.62
3388,3388,16837.295
3389,3389,56923.184
3390,3390,0.0
3391,3391,57108.086
3392,3392,0.0
3393,3393,62444.98
3394,3394,66994.12
3395,3395,36877.113
3396,3396,35897.047
3397,3397,20214.107
3398,3398,0.0
3399,3399,52317.93
3400,3400,93472.52
3401,3401,6234.7812
3402,3402,4191.7666
3403,3403,3719.4226
3404,3404,56068.03
3405,3405,0.0
3406,3406,0.0
3407,3407,180271.44
3408,3408,160034.11
3409,3409,97952.29
3410,3410,15055.913
3411,3411,12185.091
3412,3412,3384.9998
3413,3413,11145.23
3414,3414,9659.157
3415,3415,65689.13
3416,3416,74364.42
3417,3417,82660.11
3418,3418,0.0
3419,3419,24642.887
3420,3420,15763.556
3421,3421,64217.234
3422,3422,27193.49
3423,3423,4393.059
3424,3424,38893.18
3425,3425,34207.445
3426,3426,512871.12
3427,3427,46265.82
3428,3428,14284.526
3429,3429,54014.965
3430,3430,44593.035
3431,3431,71003.05
3432,3432,18105.156
3433,3433,21120.076
3434,3434,174810.08
3435,3435,2468.404
3436,3436,55065.656
3437,3437,4249.812
3438,3438,39573.88
3439,3439,419.35147
3440,3440,0.0
3441,3441,4421.8086
3442,3442,1.5515674e+06
3443,3443,4277.8877
3444,3444,113966.64
3445,3445,9549.604
3446,3446,14615.687
3447,3447,45203.855
3448,3448,26854.621
3449,3449,0.0
3450,3450,13652.018
3451,3451,27101.6
3452,3452,3265.9158
3453,3453,7847.826
3454,3454,2.7158945e+06
3455,3455,4319.39
3456,3456,0.0
3457,3457,32253.137
3458,3458,76865.16
3459,3459,11268.3545
3460,3460,0.0
3461,3461,3337.5637
3462,3462,14126.577
3463,3463,16898.506
3464,3464,26544.113
3465,3465,11094.517
3466,3466,0.0
3467,3467,6327.667
3468,3468,9580.642
3469,3469,22501.51
3470,3470,32045.64
3471,3471,39116.258
3472,3472,0.0
3473,3473,20721.285
3474,3474,11494.046
3475,3475,28571.297
3476,3476,133617.86
3477,3477,0.0
3478,3478,76532.58
3479,3479,0.0
3480,3480,0.0
3481,3481,166475.66
3482,3482,30423.715
3483,3483,2012.776
3484,3484,205393.08
3485,3485,11784.561
3486,3486,504.3301
3487,3487,61226.21
3488,3488,11445.592
3489,3489,13358.703
3490,3490,0.0
3491,3491,1657.0306
3492,3492,0.0
3493,3493,66811.47
3494,3494,0.0
3495,3495,4449.4727
3496,3496,71131.984
3497,3497,9085.008
3498,3498,28371.822
3499,3499,0.0
3500,3500,27517.508
3501,3501,1697.1619
3502,3502,79765.37
3503,3503,6.3551945e+06
3504,3504,62787.32
3505,3505,7469.8945
3506,3506,13037.8955
3507,3507,48562.574
3508,3508,37418.77
3509,3509,5948.418
3510,3510,0.0
3511,3511,0.0
3512,3512,0.0
3513,3513,0.0
3514,3514,0.0
3515,3515,13761.255
3516,3516,10849.189
3517,3517,1419.435
3518,3518,0.0
3519,3519,16623.43
3520,3520,36618.965
3521,3521,0.0
3522,3522,74836.51
3523,3523,8331.918
3524,3524,19682.873
3525,3525,19748.418
3526,3526,0.0
3527,3527,22841.559
3528,3528,0.0
3529,3529,0.0
3530,3530,1182.4092
3531,3531,0.0
3532,3532,15486.782
3533,3533,3435.8528
3534,3534,8226.086
3535,3535,87461.69
3536,3536,25306.172
3537,3537,128736.05
3538,3538,25009.988
3539,3539,1067.339
3540,3540,202746.34
3541,3541,19869.506
3542,3542,0.0
3543,3543,16994.02
3544,3544,0.0
3545,3545,0.0
3546,3546,35281.85
3547,3547,18727.852
3548,3548,58243.63
3549,3549,34406.53
3550,3550,22893.227
3551,3551,0.0
3552,3552,17794.934
3553,3553,17944.818
3554,3554,141350.6
3555,3555,28714.822
3556,3556,59714.688
3557,3557,73595.22
3558,3558,122443.84
3559,3559,5500.1055
3560,3560,0.0
3561,3561,56551.082
3562,3562,0.0
3563,3563,16371.318
3564,3564,7005.7383
3565,3565,189153.75
3566,3566,0.0
3567,3567,34930.85
3568,3568,55862.84
3569,3569,29268.799
3570,3570,325445.3
3571,3571,13560.871
3572,3572,56291.32
3573,3573,8650.5625
3574,3574,215895.61
3575,3575,68044.33
3576,3576,0.0
3577,3577,16763.342
3578,3578,1129.4149
3579,3579,57071.156
3580,3580,29079.297
3581,3581,161120.83
3582,3582,61802.566
3583,3583,19659.525
3584,3584,94828.53
3585,3585,27695.871
3586,3586,48923.43
3587,3587,9231.053
3588,3588,26840.396
3589,3589,3881.2537
3590,3590,419.0748
3591,3591,42332.66
3592,3592,52678.402
3593,3593,0.0
3594,3594,54496.453
3595,3595,8197.903
3596,3596,70088.86
3597,3597,28195.928
3598,3598,94854.305
3599,3599,38543.547
3600,3600,0.0
3601,3601,44272.76
3602,3602,8409.966
3603,3603,16654.615
3604,3604,17104.432
3605,3605,0.0
3606,3606,0.0
3607,3607,10628.2295
3608,3608,0.0
3609,3609,150906.52
3610,3610,15012.775
3611,3611,0.0
3612,3612,29647.5
3613,3613,51799.242
3614,3614,251402.45
3615,3615,4337.3164
3616,3616,12706.679
3617,3617,17714.992
3618,3618,0.0
3619,3619,0.0
3620,3620,24355.723
3621,3621,61004.87
3622,3622,9230.269
3623,3623,34673.137
3624,3624,27407.516
3625,3625,104055.38
3626,3626,58145.406
3627,3627,20125.127
3628,3628,60267.746
3629,3629,5659.225
3630,3630,6882.785
3631,3631,0.0
3632,3632,0.0
3633,3633,11071.089
3634,3634,12999.979
3635,3635,34006.945
3636,3636,71978.48
3637,3637,53300.027
3638,3638,0.0
3639,3639,0.0
3640,3640,12931.093
3641,3641,186605.61
3642,3642,35796.527
3643,3643,84050.414
3644,3644,3956.5134
3645,3645,0.0
3646,3646,28896.773
3647,3647,0.0
3648,3648,25005.977
3649,3649,3384.3025
3650,3650,71814.484
3651,3651,11100.144
3652,3652,787.8393
3653,3653,399749.3
3654,3654,0.0
3655,3655,4293.763
3656,3656,0.0
3657,3657,15900.737
3658,3658,47021.676
3659,3659,28049.479
3660,3660,28153.12
3661,3661,104503.08
3662,3662,0.0
3663,3663,20551.86
3664,3664,64090.8
3665,3665,0.0
3666,3666,3154.4272
3667,3667,8732.886
3668,3668,19277.19
3669,3669,10921.165
3670,3670,230784.48
3671,3671,0.0
3672,3672,5927.968
3673,3673,113748.86
3674,3674,0.0
3675,3675,431018.7
3676,3676,63559.527
3677,3677,0.0
3678,3678,9358.717
3679,3679,0.0
3680,3680,62081.414
3681,3681,1834.8525
3682,3682,931.795
3683,3683,94934.7
3684,3684,17903.018
3685,3685,65671.17
3686,3686,124361.36
3687,3687,81156.65
3688,3688,0.0
3689,3689,6941.4004
3690,3690,5503.5635
3691,3691,76178.27
3692,3692,6608.7754
3693,3693,19999.787
3694,3694,209797.38
3695,3695,0.0
3696,3696,35009.203
3697,3697,77311.914
3698,3698,110477.31
3699,3699,41200.984
3700,3700,6.4390515e+06
3701,3701,13331.771
3702,3702,168686.3
3703,3703,7996.9014
3704,3704,58578.37
3705,3705,278728.62
3706,3706,15953.35
3707,3707,24639.777
3708,3708,0.0
3709,3709,45528.28
3710,3710,1539.3933
3711,3711,187608.25
3712,3712,21109.865
3713,3713,61279.793
3714,3714,201161.11
3715,3715,10433.793
3716,3716,0.0
3717,3717,27058.842
3718,3718,42838.887
3719,3719,93758.97
3720,3720,9461.928
3721,3721,0.0
3722,3722,176608.23
3723,3723,67091.03
3724,3724,0.0
3725,3725,47263.824
3726,3726,0.0
3727,3727,0.0
3728,3728,2155.1067
3729,3729,118905.305
3730,3730,46846.94
3731,3731,0.0
3732,3732,10057.407
3733,3733,24474.201
3734,3734,32835.05
3735,3735,0.0
3736,3736,30307.635
3737,3737,6864.4785
3738,3738,18044.049
3739,3739,82138.0
3740,3740,3998.334
3741,3741,45360.68
3742,3742,6752.124
3743,3743,33076.53
3744,3744,115998.53
3745,3745,0.0
3746,3746,39410.473
3747,3747,1075.1685
3748,3748,16663.111
3749,3749,0.0
3750,3750,17948.639
3751,3751,0.0
3752,3752,46267.418
3753,3753,27218.768
3754,3754,29706.555
3755,3755,22538.984
3756,3756,25889.092
3757,3757,0.0
3758,3758,0.0
3759,3759,5206.9453
3760,3760,3516.5525
3761,3761,8091.2354
3762,3762,32716.2
3763,3763,8493.7295
3764,3764,35573.81
3765,3765,12859.054
3766,3766,5287.089
3767,3767,75026.805
3768,3768,54734.195
3769,3769,2193.6868
3770,3770,102361.484
3771,3771,87533.9
3772,3772,105701.19
3773,3773,17393.488
3774,3774,1531.2726
3775,3775,83882.85
3776,3776,31836.068
3777,3777,7570.453
3778,3778,20481.76
3779,3779,0.0
3780,3780,5920.6147
3781,3781,0.0
3782,3782,11832.574
3783,3783,0.0
3784,3784,0.0
3785,3785,22291.572
3786,3786,0.0
3787,3787,53882.547
3788,3788,15946.517
3789,3789,0.0
3790,3790,5596.432
3791,3791,17183.361
3792,3792,8271.573
3793,3793,0.0
3794,3794,5.254066e+06
3795,3795,11910.326
3796,3796,27359.777
3797,3797,0.0
3798,3798,20747.04
3799,3799,23008.617
3800,3800,7028.6514
3801,3801,79643.555
3802,3802,1312.3915
3803,3803,0.0
3804,3804,35909.6
3805,3805,963.2764
3806,3806,2482.6516
3807,3807,285941.78
3808,3808,45558.52
3809,3809,92585.09
3810,3810,26327.863
3811,3811,7063.4307
3812,3812,2959.788
3813,3813,8836.318
3814,3814,639748.25
3815,3815,26765.346
3816,3816,142803.16
3817,3817,46162.113
3818,3818,17295.602
3819,3819,0.0
3820,3820,0.0
3821,3821,18681.107
3822,3822,0.0
3823,3823,8210.623
3824,3824,6631.0215
3825,3825,20554.877
3826,3826,88723.086
3827,3827,426619.06
3828,3828,160680.27
3829,3829,68908.24
3830,3830,28212.365
3831,3831,213238.47
3832,3832,0.0
3833,3833,25804.709
3834,3834,38068.484
3835,3835,13022.3
3836,3836,0.0
3837,3837,80926.64
3838,3838,0.0
3839,3839,228107.7
3840,3840,652.66327
3841,3841,31624.398
3842,3842,0.0
3843,3843,15641.5
3844,3844,6737.932
3845,3845,73908.05
3846,3846,0.0
3847,3847,16803.209
3848,3848,16068.191
3849,3849,35845.04
3850,3850,20798.14
3851,3851,5810.5376
3852,3852,18718.186
3853,3853,137050.98
3854,3854,2186.1667
3855,3855,0.0
3856,3856,8920.366
3857,3857,56449.53
3858,3858,28275.379
3859,3859,8281.22
3860,3860,69853.836
3861,3861,34777.168
3862,3862,158304.9
3863,3863,56786.78
3864,3864,0.0
3865,3865,151515.19
3866,3866,4328.6714
3867,3867,20544.957
3868,3868,0.0
3869,3869,14330.2295
3870,3870,19465.162
3871,3871,3644.917
3872,3872,59847.23
3873,3873,52167.42
3874,3874,1445.3344
3875,3875,41164.816
3876,3876,80161.65
3877,3877,0.0
3878,3878,0.0
3879,3879,0.0
3880,3880,0.0
3881,3881,0.0
3882,3882,38131.67
3883,3883,20518.29
3884,3884,3760.433
3885,3885,5185.5737
3886,3886,1.0950199e+06
3887,3887,107036.72
3888,3888,107796.83
3889,3889,25839.998
3890,3890,0.0
3891,3891,0.0
3892,3892,5097.5093
3893,3893,9140.874
3894,3894,173887.06
3895,3895,148785.42
3896,3896,13748.443
3897,3897,5.3284925e+06
3898,3898,234868.88
3899,3899,885.4513
3900,3900,180729.78
3901,3901,12523.641
3902,3902,0.0
3903,3903,81376.234
3904,3904,0.0
3905,3905,19524.041
3906,3906,17514.17
3907,3907,120548.33
3908,3908,34685.203
3909,3909,36455.125
3910,3910,0.0
3911,3911,0.0
3912,3912,60213.133
3913,3913,0.0
3914,3914,1937.8911
3915,3915,6624.4893
3916,3916,0.0
3917,3917,27123.633
3918,3918,6292.4023
3919,3919,85572.195
3920,3920,1293.6362
3921,3921,81653.78
3922,3922,92991.89
3923,3923,16714.047
3924,3924,23232.19
3925,3925,27463.133
3926,3926,0.0
3927,3927,3141.6519
3928,3928,4922.544
3929,3929,76430.414
3930,3930,0.0
3931,3931,8085.3857
3932,3932,57640.027
3933,3933,73463.56
3934,3934,0.0
3935,3935,3238.7
3936,3936,60495.93
3937,3937,0.0
3938,3938,0.0
3939,3939,0.0
3940,3940,2229.4543
3941,3941,8686.673
3942,3942,3890.6538
3943,3943,0.0
3944,3944,4358.0557
3945,3945,139320.14
3946,3946,144987.83
3947,3947,7494.076
3948,3948,6777.5483
3949,3949,10194.031
3950,3950,26836.723
3951,3951,65076.605
3952,3952,2700.3818
3953,3953,40660.02
3954,3954,6514.2466
3955,3955,0.0
3956,3956,9800.657
3957,3957,24265.855
3958,3958,71832.016
3959,3959,97773.7
3960,3960,118151.34
3961,3961,17789.377
3962,3962,4642.207
3963,3963,69132.88
3964,3964,0.0
3965,3965,300269.88
3966,3966,25314.316
3967,3967,8883.033
3968,3968,220859.34
3969,3969,6718.803
3970,3970,29734.547
3971,3971,4001.8354
3972,3972,12668.683
3973,3973,31880.008
3974,3974,54135.785
3975,3975,19950.375
3976,3976,38109.086
3977,3977,9508.179
3978,3978,3213.5793
3979,3979,24262.72
3980,3980,46440.758
3981,3981,118065.4
3982,3982,51072.934
3983,3983,0.0
3984,3984,107267.01
3985,3985,22338.443
3986,3986,11277.689
3987,3987,70295.89
3988,3988,7591.602
3989,3989,0.0
3990,3990,2876.6362
3991,3991,14157.103
3992,3992,56969.297
3993,3993,61813.57
3994,3994,2353.1694
3995,3995,5675.9883
3996,3996,35099.73
3997,3997,424882.03
3998,3998,11326.824
3999,3999,8344.61
4000,4000,0.0
4001,4001,25680.418
4002,4002,20122.068
4003,4003,55333.277
4004,4004,13058.347
4005,4005,10586.151
4006,4006,0.0
4007,4007,0.0
4008,4008,10963.824
4009,4009,0.0
4010,4010,0.0
4011,4011,63697.844
4012,4012,18206.809
4013,4013,4220.918
4014,4014,6181.547
4015,4015,33333.566
4016,4016,13148.837
4017,4017,80854.45
4018,4018,0.0
4019,4019,0.0
4020,4020,0.0
4021,4021,11808.377
4022,4022,16581.951
4023,4023,11873.2705
4024,4024,21537.566
4025,4025,8420.124
4026,4026,0.0
4027,4027,10084.244
4028,4028,1.5639202e+07
4029,4029,1724.2382
4030,4030,125362.2
4031,4031,6790.6777
4032,4032,37349.22
4033,4033,13429.804
4034,4034,171535.58
4035,4035,38238.09
4036,4036,4672.786
4037,4037,25451.51
4038,4038,11101.279
4039,4039,0.0
4040,4040,10582.584
4041,4041,3853.583
4042,4042,0.0
4043,4043,129338.625
4044,4044,10639.838
4045,4045,0.0
4046,4046,0.0
4047,4047,42995.94
4048,4048,21682.045
4049,4049,0.0
4050,4050,5598.3594
4051,4051,0.0
4052,4052,5399.4062
4053,4053,40269.465
4054,4054,75416.14
4055,4055,126393.13
4056,4056,2157.3596
4057,4057,20547.51
4058,4058,246354.44
4059,4059,0.0
4060,4060,45073.125
4061,4061,16338.61
4062,4062,82196.61
4063,4063,0.0
4064,4064,31536.52
4065,4065,6158.2827
4066,4066,1588.548
4067,4067,44346.516
4068,4068,83226.43
4069,4069,87088.97
4070,4070,56128.3
4071,4071,57346.656
4072,4072,116858.79
4073,4073,6200.801
4074,4074,21286.365
4075,4075,12881.146
4076,4076,90798.234
4077,4077,1288.2264
4078,4078,0.0
4079,4079,27715.227
4080,4080,163141.16
4081,4081,10280.684
4082,4082,21473.646
4083,4083,0.0
4084,4084,14113.593
4085,4085,215690.61
4086,4086,66577.25
4087,4087,232.59508
4088,4088,0.0
4089,4089,0.0
4090,4090,31990.88
4091,4091,4057.5398
4092,4092,0.0
4093,4093,6912.317
4094,4094,34782.188
4095,4095,17202.982
4096,4096,30686.395
4097,4097,19067.31
4098,4098,4287.791
4099,4099,105579.14
4100,4100,8477.33
4101,4101,28417.633
4102,4102,88243.75
4103,4103,48097.086
4104,4104,74785.19
4105,4105,36675.812
4106,4106,15954.791
4107,4107,0.0
4108,4108,3129.4998
4109,4109,31071.424
4110,4110,0.0
4111,4111,2913.7637
4112,4112,25889.705
4113,4113,15912.897
4114,4114,80567.555
4115,4115,8519.959
4116,4116,2287.44
4117,4117,87408.2
4118,4118,22259.266
4119,4119,1027.6641
4120,4120,0.0
4121,4121,185578.61
4122,4122,14308.246
4123,4123,12859.21
4124,4124,208387.52
4125,4125,9976.427
4126,4126,23842.992
4127,4127,142242.88
4128,4128,70951.34
4129,4129,37775.582
4130,4130,5344.1206
4131,4131,344137.88
4132,4132,18007.98
4133,4133,7729.654
4134,4134,34929.17
4135,4135,17915.365
4136,4136,27789.217
4137,4137,25461.191
4138,4138,454221.7
4139,4139,166902.98
4140,4140,0.0
4141,4141,18467.318
4142,4142,65349.188
4143,4143,58156.254
4144,4144,148110.36
4145,4145,21131.771
4146,4146,56239.863
4147,4147,13619.634
4148,4148,21429.662
4149,4149,3118.0896
4150,4150,18536.486
4151,4151,12773.19
4152,4152,8304.275
4153,4153,44614.934
4154,4154,0.0
4155,4155,61423.113
4156,4156,18848.783
4157,4157,9741.437
4158,4158,12023.081
4159,4159,23608.246
4160,4160,3061.5908
4161,4161,27151.07
4162,4162,0.0
4163,4163,16575.953
4164,4164,8503.954
4165,4165,10925.293
4166,4166,153259.6
4167,4167,22277.979
4168,4168,9937.708
4169,4169,26666.285
4170,4170,46431.14
4171,4171,0.0
4172,4172,7244.2085
4173,4173,10849.889
4174,4174,0.0
4175,4175,15572.259
4176,4176,45959.477
4177,4177,8889.13
4178,4178,157746.17
4179,4179,89874.47
4180,4180,39864.816
4181,4181,53310.902
4182,4182,3406.3987
4183,4183,32555.012
4184,4184,29857.057
4185,4185,2329.7605
4186,4186,658.5752
4187,4187,73505.77
4188,4188,20702.203
4189,4189,18294.72
4190,4190,90057.41
4191,4191,30092.69
4192,4192,14766.735
4193,4193,3546.493
4194,4194,13816.273
4195,4195,7718.0967
4196,4196,0.0
4197,4197,17384.943
4198,4198,0.0
4199,4199,0.0
4200,4200,96639.06
4201,4201,67873.38
4202,4202,0.0
4203,4203,0.0
4204,4204,48045.727
4205,4205,0.0
4206,4206,153348.66
4207,4207,0.0
4208,4208,296183.6
4209,4209,162824.14
4210,4210,149487.55
4211,4211,71676.1
4212,4212,12405.774
4213,4213,2995.516
4214,4214,0.0
4215,4215,14217.508
4216,4216,10519.785
4217,4217,29878.436
4218,4218,0.0
4219,4219,156943.7
4220,4220,22795.781
4221,4221,132471.81
4222,4222,68680.05
4223,4223,66775.664
4224,4224,14962.035
4225,4225,0.0
4226,4226,48234.652
4227,4227,0.0
4228,4228,235365.33
4229,4229,40238.195
4230,4230,159617.02
4231,4231,10497.493
4232,4232,7556.9224
4233,4233,183861.08
4234,4234,81388.5
4235,4235,56832.25
4236,4236,105295.445
4237,4237,3549.8325
4238,4238,21572.945
4239,4239,0.0
4240,4240,18982.385
4241,4241,23547.646
4242,4242,91500.445
4243,4243,54916.582
4244,4244,4437.7524
4245,4245,5506.513
4246,4246,14955.409
4247,4247,21962.875
4248,4248,11470.161
4249,4249,13981.36
4250,4250,0.0
4251,4251,0.0
4252,4252,3792.4336
4253,4253,18818.594
4254,4254,0.0
4255,4255,0.0
4256,4256,0.0
4257,4257,0.0
4258,4258,1600.5001
4259,4259,51349.867
4260,4260,3940.157
4261,4261,5169.2627
4262,4262,0.0
4263,4263,68497.164
4264,4264,108650.72
4265,4265,8600.924
4266,4266,0.0
4267,4267,10109.991
4268,4268,10130.748
4269,4269,9138.2705
4270,4270,0.0
4271,4271,77418.234
4272,4272,342619.12
4273,4273,48852.89
4274,4274,6331.512
4275,4275,16795.377
4276,4276,27841.904
4277,4277,0.0
4278,4278,21714.473
4279,4279,34703.934
4280,4280,25053.19
4281,4281,31507.414
4282,4282,86475.57
4283,4283,8520.089
4284,4284,2554.1272
4285,4285,11900.876
4286,4286,64200.824
4287,4287,7631.27
4288,4288,0.0
4289,4289,34571.48
4290,4290,7635.146
4291,4291,153314.92
4292,4292,48263.71
4293,4293,113514.49
4294,4294,0.0
4295,4295,9552.31
4296,4296,23976.465
4297,4297,12884.306
4298,4298,545553.4
4299,4299,59435.55
4300,4300,1.5912269e+06
4301,4301,12267.709
4302,4302,47757.957
4303,4303,35626.35
4304,4304,41204.973
4305,4305,23277.658
4306,4306,1500.0361
4307,4307,11008.294
4308,4308,13327.695
4309,4309,10823.365
4310,4310,11287.382
4311,4311,0.0
4312,4312,0.0
4313,4313,0.0
4314,4314,15510.5
4315,4315,0.0
4316,4316,0.0
4317,4317,0.0
4318,4318,21782.879
4319,4319,64748.19
4320,4320,82226.72
4321,4321,18596.324
4322,4322,6324.878
4323,4323,0.0
4324,4324,175995.98
4325,4325,7020.4404
4326,4326,11977.153
4327,4327,0.0
4328,4328,147545.31
4329,4329,27233.824
4330,4330,23036.562
4331,4331,180372.64
4332,4332,80186.63
4333,4333,17721.387
4334,4334,3273.1404
4335,4335,0.0
4336,4336,0.0
4337,4337,0.0
4338,4338,2507.966
4339,4339,0.0
4340,4340,102644.66
4341,4341,47982.832
4342,4342,0.0
4343,4343,15466.803
4344,4344,23308.326
4345,4345,7981.124
4346,4346,16025.034
4347,4347,15741.314
4348,4348,11262.42
4349,4349,26245.418
4350,4350,14814.004
4351,4351,80124.8
4352,4352,143022.25
4353,4353,0.0
4354,4354,16075.926
4355,4355,6069.7344
4356,4356,22529.861
4357,4357,0.0
4358,4358,15862.138
4359,4359,25797.209
4360,4360,45080.36
4361,4361,3484.4866
4362,4362,127364.984
4363,4363,1627.5477
4364,4364,24354.371
4365,4365,51553.027
4366,4366,0.0
4367,4367,16954.016
4368,4368,10704.129
4369,4369,56925.508
4370,4370,33440.14
4371,4371,0.0
4372,4372,18281.9
4373,4373,0.0
4374,4374,82106.1
4375,4375,21036.453
4376,4376,0.0
4377,4377,65498.73
4378,4378,20703.076
4379,4379,951.66077
4380,4380,19238.348
4381,4381,46487.43
4382,4382,9262.676
4383,4383,150526.72
4384,4384,9672.646
4385,4385,47941.293
4386,4386,16767.053
4387,4387,80842.984
4388,4388,69841.805
4389,4389,11792.972
4390,4390,292417.44
4391,4391,0.0
4392,4392,4651.388
4393,4393,29419.627
4394,4394,4559.2705
4395,4395,76117.18
4396,4396,3072.9324
4397,4397,0.0
4398,4398,11409.16
4399,4399,7498.9727
4400,4400,17227.01
4401,4401,226243.08
4402,4402,2188.4304
4403,4403,28369.38
4404,4404,1459.2433
4405,4405,7894.4395
4406,4406,35302.887
4407,4407,106925.78
4408,4408,31617.611
4409,4409,4086.2095
4410,4410,0.0
4411,4411,20957.604
4412,4412,95705.35
4413,4413,27782.785
4414,4414,15281.953
4415,4415,18245.33
4416,4416,9939.572
4417,4417,7383.4033
4418,4418,7658.1235
4419,4419,42261.496
4420,4420,0.0
4421,4421,2371.847
4422,4422,21775.014
4423,4423,75359.27
4424,4424,6734.71
4425,4425,135983.77
4426,4426,26798.201
4427,4427,6470.248
4428,4428,71.94996
4429,4429,0.0
4430,4430,0.0
4431,4431,19244.031
4432,4432,4987.389
4433,4433,0.0
4434,4434,21021.092
4435,4435,24986.498
4436,4436,0.0
4437,4437,7142.7754
4438,4438,20227.752
4439,4439,10627.716
4440,4440,0.0
4441,4441,0.0
4442,4442,13813.232
4443,4443,11421.622
4444,4444,32756.604
4445,4445,1967.8014
4446,4446,86005.28
4447,4447,0.0
4448,4448,2.3492422e+06
4449,4449,141560.84
4450,4450,11097.881
4451,4451,56550.23
4452,4452,635.5376
4453,4453,12503.0205
4454,4454,4438.7637
4455,4455,50046.402
4456,4456,289841.06
4457,4457,14874.936
4458,4458,0.0
4459,4459,3927.352
4460,4460,0.0
4461,4461,48486.168
4462,4462,5131.067
4463,4463,27386.898
4464,4464,22413.127
4465,4465,54082.316
4466,4466,38158.047
4467,4467,12664.489
4468,4468,0.0
4469,4469,73187.266
4470,4470,77724.96
4471,4471,0.0
4472,4472,78269.07
4473,4473,9364.852
4474,4474,29844.287
4475,4475,10639.692
4476,4476,68081.41
4477,4477,7154.61
4478,4478,18436.51
4479,4479,118222.37
4480,4480,9997.391
4481,4481,26259.637
4482,4482,5.1238275e+06
4483,4483,0.0
4484,4484,0.0
4485,4485,47041.305
4486,4486,23651.07
4487,4487,41207.863
4488,4488,11607.798
4489,4489,47808.094
4490,4490,6265.341
4491,4491,18870.92
4492,4492,4193.482
4493,4493,18702.307
4494,4494,94445.055
4495,4495,10671.75
4496,4496,51708.207
4497,4497,17023.95
4498,4498,2488.1892
4499,4499,22439.178
4500,4500,9451.027
4501,4501,9668.3125
4502,4502,3919.8628
4503,4503,10404.899
4504,4504,10384.355
4505,4505,48616.195
4506,4506,4479.376
4507,4507,35994.62
4508,4508,1857.8328
4509,4509,0.0
4510,4510,0.0
4511,4511,6644.154
4512,4512,0.0
4513,4513,38799.77
4514,4514,0.0
4515,4515,39203.16
4516,4516,0.0
4517,4517,4123.1626
4518,4518,18093.297
4519,4519,31668.115
4520,4520,0.0
4521,4521,21714.74
4522,4522,45891.44
4523,4523,24949.26
4524,4524,8186.186
4525,4525,35528.504
4526,4526,107552.19
4527,4527,10338.866
4528,4528,6204.842
4529,4529,0.0
4530,4530,34086.996
4531,4531,35537.727
4532,4532,6320.232
4533,4533,42250.113
4534,4534,354598.6
4535,4535,22962.988
4536,4536,14384.656
4537,4537,187425.66
4538,4538,0.0
4539,4539,52719.418
4540,4540,228935.98
4541,4541,294.49893
4542,4542,0.0
4543,4543,40137.074
4544,4544,156012.61
4545,4545,85480.59
4546,4546,40164.23
4547,4547,0.0
4548,4548,88666.78
4549,4549,4.5859715e+06
4550,4550,0.0
4551,4551,16650.842
4552,4552,6548.1396
4553,4553,95903.02
4554,4554,15752.586
4555,4555,17910.29
4556,4556,33805.418
4557,4557,11456.728
4558,4558,1.1075676e+06
4559,4559,1767.4829
4560,4560,2211.5278
4561,4561,4551.3286
4562,4562,0.0
4563,4563,55065.58
4564,4564,1460.4923
4565,4565,214817.64
4566,4566,39607.21
4567,4567,25239.834
4568,4568,65807.14
4569,4569,357893.72
4570,4570,152265.5
4571,4571,0.0
4572,4572,0.0
4573,4573,4597.3135
4574,4574,0.0
4575,4575,67250.74
4576,4576,0.0
4577,4577,87616.414
4578,4578,1513.123
4579,4579,353.76904
4580,4580,0.0
4581,4581,5638.9014
4582,4582,23046.771
4583,4583,0.0
4584,4584,118089.27
4585,4585,12830.767
4586,4586,14067.346
4587,4587,30846.264
4588,4588,97520.91
4589,4589,0.0
4590,4590,13382.546
4591,4591,0.0
4592,4592,89877.69
4593,4593,10663.141
4594,4594,25539.625
4595,4595,2901.6077
4596,4596,27272.469
4597,4597,22717.371
4598,4598,16751.201
4599,4599,32832.715
4600,4600,0.0
4601,4601,28866.336
4602,4602,75566.09
4603,4603,37702.04
4604,4604,87711.93
4605,4605,34475.85
4606,4606,6523.335
4607,4607,0.0
4608,4608,7658.788
4609,4609,0.0
4610,4610,36951.7
4611,4611,42069.082
4612,4612,10101.782
4613,4613,7442.295
4614,4614,73837.42
4615,4615,0.0
4616,4616,76613.36
4617,4617,21811.094
4618,4618,81791.97
4619,4619,0.0
4620,4620,3692.2092
4621,4621,0.0
4622,4622,820.18286
4623,4623,0.0
4624,4624,0.0
4625,4625,52328.805
4626,4626,11188.139
4627,4627,16486.012
4628,4628,0.0
4629,4629,28792.525
4630,4630,0.0
4631,4631,105145.625
4632,4632,3656.1064
4633,4633,0.0
4634,4634,52319.953
4635,4635,21686.107
4636,4636,26905.21
4637,4637,33244.99
4638,4638,2764.7126
4639,4639,284702.47
4640,4640,981.80225
4641,4641,12524.465
4642,4642,8406.83
4643,4643,0.0
4644,4644,177900.98
4645,4645,496.6748
4646,4646,0.0
4647,4647,0.0
4648,4648,3096.1213
4649,4649,15422.368
4650,4650,358666.5
4651,4651,24244.627
4652,4652,32236.697
4653,4653,8785.524
4654,4654,9879.05
4655,4655,23842.266
4656,4656,4254.8276
4657,4657,2263.9565
4658,4658,78520.54
4659,4659,59213.1
4660,4660,85511.414
4661,4661,3.4996798e+06
4662,4662,17503.592
4663,4663,10155.8545
4664,4664,35315.258
4665,4665,22343.13
4666,4666,13055.354
4667,4667,56083.305
4668,4668,1163.3607
4669,4669,121238.57
4670,4670,0.0
4671,4671,27871.701
4672,4672,26312.803
4673,4673,0.0
4674,4674,17964.25
4675,4675,0.0
4676,4676,59856.625
4677,4677,8269.878
4678,4678,0.0
4679,4679,0.0
4680,4680,12755.399
4681,4681,19107.768
4682,4682,3670.2383
4683,4683,4774.069
4684,4684,0.0
4685,4685,8572.634
4686,4686,20545.412
4687,4687,7890.939
4688,4688,15509.374
4689,4689,45665.49
4690,4690,11610.233
4691,4691,0.0
4692,4692,106636.97
4693,4693,37854.99
4694,4694,15993.059
4695,4695,34679.227
4696,4696,14911.833
4697,4697,15640.759
4698,4698,0.0
4699,4699,14587.494
4700,4700,16710.89
4701,4701,14205.091
4702,4702,54302.918
4703,4703,0.0
4704,4704,151678.12
4705,4705,212.25272
4706,4706,68200.22
4707,4707,2871.7476
4708,4708,36824.605
4709,4709,158940.47
4710,4710,0.0
4711,4711,6703.655
4712,4712,18702.584
4713,4713,32155.81
4714,4714,24669.71
4715,4715,14062.655
4716,4716,96175.99
4717,4717,19794.332
4718,4718,79224.02
4719,4719,19757.053
4720,4720,10165.997
4721,4721,85308.07
4722,4722,12021.904
4723,4723,2125.6917
4724,4724,0.0
4725,4725,29537.496
4726,4726,9919.05
4727,4727,94896.7
4728,4728,3749.3142
4729,4729,6456.18
4730,4730,4081.546
4731,4731,10412.86
4732,4732,1685.8173
4733,4733,10376.325
4734,4734,145242.0
4735,4735,137530.33
4736,4736,5791.7085
4737,4737,33623.945
4738,4738,7958.1494
4739,4739,0.0
4740,4740,0.0
4741,4741,123925.58
4742,4742,0.0
4743,4743,33842.855
4744,4744,6953.449
4745,4745,0.0
4746,4746,0.0
4747,4747,17183.06
4748,4748,7787.3735
4749,4749,23438.688
4750,4750,23931.71
4751,4751,14231.62
4752,4752,0.0
4753,4753,31884.11
4754,4754,8995.7
4755,4755,45250.16
4756,4756,46333.86
4757,4757,2396.6697
4758,4758,0.0
4759,4759,0.0
4760,4760,24813.28
4761,4761,0.0
4762,4762,3008.3086
4763,4763,0.0
4764,4764,9523.598
4765,4765,7286.5205
4766,4766,6515.593
4767,4767,158593.56
4768,4768,8265.477
4769,4769,0.0
4770,4770,30246.152
4771,4771,1.1120979e+06
4772,4772,31990.062
4773,4773,0.0
4774,4774,0.0
4775,4775,3012.4685
4776,4776,31791.414
4777,4777,14355.151
4778,4778,0.0
4779,4779,339135.1
4780,4780,0.0
4781,4781,135674.28
4782,4782,0.0
4783,4783,14459.314
4784,4784,11766.413
4785,4785,42914.957
4786,4786,60642.066
4787,4787,295.383
4788,4788,42345.04
4789,4789,34332.473
4790,4790,0.0
4791,4791,13443.688
4792,4792,195019.31
4793,4793,118870.18
4794,4794,0.0
4795,4795,105966.016
4796,4796,2964.1887
4797,4797,21133.438
4798,4798,0.0
4799,4799,4498.0786
4800,4800,106644.91
4801,4801,7140.7495
4802,4802,30543.775
4803,4803,7153.1416
4804,4804,11392.885
4805,4805,27222.033
4806,4806,56910.887
4807,4807,3194.0366
4808,4808,67201.29
4809,4809,11949.386
4810,4810,10620.184
4811,4811,26297.107
4812,4812,12632.774
4813,4813,15605.107
4814,4814,53067.89
4815,4815,26782.908
4816,4816,5063.892
4817,4817,6261.233
4818,4818,4975.833
4819,4819,24199.348
4820,4820,36284.28
4821,4821,78530.56
4822,4822,16001.532
4823,4823,20436.623
4824,4824,256696.53
4825,4825,57191.016
4826,4826,83671.62
4827,4827,43719.54
4828,4828,160501.05
4829,4829,12604.598
4830,4830,4858.4517
4831,4831,5371.93
4832,4832,53178.09
4833,4833,0.0
4834,4834,32483.94
4835,4835,8708.437
4836,4836,41792.76
4837,4837,26143.05
4838,4838,0.0
4839,4839,8887.821
4840,4840,139929.81
4841,4841,36877.54
4842,4842,18305.273
4843,4843,68014.086
4844,4844,8706.103
4845,4845,27945.629
4846,4846,24458.984
4847,4847,9140.03
4848,4848,0.0
4849,4849,0.0
4850,4850,113014.375
4851,4851,5191.494
4852,4852,65663.34
4853,4853,115105.66
4854,4854,17131.195
4855,4855,28640.336
4856,4856,7913.096
4857,4857,21566.83
4858,4858,29072.568
4859,4859,7354.495
4860,4860,24553.238
4861,4861,3904.0825
4862,4862,4289.6465
4863,4863,19853.979
4864,4864,16566.037
4865,4865,6680.0894
4866,4866,60764.453
4867,4867,0.0
4868,4868,52421.285
4869,4869,11047.45
4870,4870,0.0
4871,4871,81587.82
4872,4872,298446.28
4873,4873,9238.62
4874,4874,10405.631
4875,4875,22548.559
4876,4876,6882.331
4877,4877,26867.834
4878,4878,0.0
4879,4879,8727.013
4880,4880,5437.9736
4881,4881,31693.67
4882,4882,34720.54
4883,4883,25528.805
4884,4884,7305.7236
4885,4885,9117.003
4886,4886,23831.83
4887,4887,2937.338
4888,4888,0.0
4889,4889,73632.97
4890,4890,10205.493
4891,4891,4557.583
4892,4892,0.0
4893,4893,13923.929
4894,4894,0.0
4895,4895,132907.75
4896,4896,118373.89
4897,4897,57349.133
4898,4898,45038.13
4899,4899,133745.38
4900,4900,29885.094
4901,4901,105286.125
4902,4902,10991.557
4903,4903,2113.9028
4904,4904,171724.55
4905,4905,49236.0
4906,4906,380.64902
4907,4907,10202.874
4908,4908,4025.499
4909,4909,23311.926
4910,4910,5015.5083
4911,4911,41869.406
4912,4912,0.0
4913,4913,3927.7393
4914,4914,0.0
4915,4915,15595.752
4916,4916,3568.635
4917,4917,1.5217739e+06
4918,4918,0.0
4919,4919,39825.73
4920,4920,31326.8
4921,4921,37161.53
4922,4922,122262.69
4923,4923,18653.016
4924,4924,14502.831
4925,4925,45868.23
4926,4926,25014.916
4927,4927,344386.1
4928,4928,99082.68
4929,4929,207952.39
4930,4930,36962.6
4931,4931,72.659355
4932,4932,14722.543
4933,4933,92156.41
4934,4934,0.0
4935,4935,28841.945
4936,4936,14868.525
4937,4937,113941.766
4938,4938,71163.36
4939,4939,51725.938
4940,4940,24967.633
4941,4941,283092.25
4942,4942,14074.64
4943,4943,0.0
4944,4944,14227.231
4945,4945,11086.778
4946,4946,69290.97
4947,4947,72610.64
4948,4948,38159.83
4949,4949,5436.111
4950,4950,84673.66
4951,4951,10436.181
4952,4952,75808.164
4953,4953,0.0
4954,4954,147040.3
4955,4955,0.0
4956,4956,40009.27
4957,4957,52846.34
4958,4958,22569.203
4959,4959,547.9713
4960,4960,0.0
4961,4961,15806.538
4962,4962,591.2796
4963,4963,31191.664
4964,4964,19896.39
4965,4965,33026.242
4966,4966,95959.14
4967,4967,84625.414
4968,4968,0.0
4969,4969,94867.35
4970,4970,0.0
4971,4971,82826.45
4972,4972,140946.64
4973,4973,9799.461
4974,4974,49612.19
4975,4975,29069.213
4976,4976,3343.1802
4977,4977,0.0
4978,4978,3598.7397
4979,4979,14133.902
4980,4980,0.0
4981,4981,0.0
4982,4982,32583.473
4983,4983,34547.19
4984,4984,15931.066
4985,4985,1224.1523
4986,4986,6104.6636
4987,4987,3175.5054
4988,4988,12746.576
4989,4989,4656.163
4990,4990,3.327379e+06
4991,4991,134084.12
4992,4992,42984.617
4993,4993,0.0
4994,4994,16430.734
4995,4995,0.0
4996,4996,23523.672
4997,4997,0.0
4998,4998,35894.875
4999,4999,19217.367
5000,5000,0.0
5001,5001,35171.332
5002,5002,0.0
5003,5003,58096.055
5004,5004,0.0
5005,5005,4497.0425
5006,5006,21145.855
5007,5007,24669.162
5008,5008,6678.7954
5009,5009,74208.164
5010,5010,0.0
5011,5011,0.0
5012,5012,11250.595
5013,5013,25869.87
5014,5014,40810.695
5015,5015,0.0
5016,5016,52782.383
5017,5017,55992.09
5018,5018,86242.305
5019,5019,5311.827
5020,5020,20328.684
5021,5021,3012.6868
5022,5022,1.9069784e+06
5023,5023,18564.992
5024,5024,53939.086
5025,5025,183556.95
5026,5026,73203.67
5027,5027,218134.53
5028,5028,0.0
5029,5029,10213.109
5030,5030,0.0
5031,5031,46265.523
5032,5032,3641.9275
5033,5033,147783.2
5034,5034,17969.416
5035,5035,0.0
5036,5036,68389.88
5037,5037,20599.94
5038,5038,16747.824
5039,5039,0.0
5040,5040,35225.484
5041,5041,1319.0889
5042,5042,136375.27
5043,5043,9038.438
5044,5044,23803.287
5045,5045,9765.797
5046,5046,18256.65
5047,5047,44988.402
5048,5048,0.0
5049,5049,18066.395
5050,5050,3891.0884
5051,5051,12673.555
5052,5052,91705.81
5053,5053,119291.29
5054,5054,15975.787
5055,5055,55797.59
5056,5056,49563.633
5057,5057,17893.512
5058,5058,7563.3647
5059,5059,5314.489
5060,5060,0.0
5061,5061,4409.7915
5062,5062,18026.473
5063,5063,6197.6777
5064,5064,149496.47
5065,5065,6730.6694
5066,5066,85868.91
5067,5067,86662.53
5068,5068,0.0
5069,5069,2968.2417
5070,5070,1508.4927
5071,5071,23500.758
5072,5072,2087.1855
5073,5073,0.0
5074,5074,45412.02
5075,5075,8708.029
5076,5076,37105.746
5077,5077,848.9785
5078,5078,6104.877
5079,5079,63850.777
5080,5080,75750.31
5081,5081,0.0
5082,5082,7026.7397
5083,5083,0.0
5084,5084,86487.12
5085,5085,22927.35
5086,5086,0.0
5087,5087,55901.9
5088,5088,0.0
5089,5089,29459.197
5090,5090,10614.078
5091,5091,154205.88
5092,5092,59777.844
5093,5093,42511.113
5094,5094,34120.758
5095,5095,76736.59
5096,5096,89930.03
5097,5097,0.0
5098,5098,21225.188
5099,5099,31483.371
5100,5100,7022.6567
5101,5101,11612.929
5102,5102,0.0
5103,5103,11930.71
5104,5104,0.0
5105,5105,28465.227
5106,5106,0.0
5107,5107,32975.52
5108,5108,1170.5166
5109,5109,74680.43
5110,5110,6991.636
5111,5111,71772.65
5112,5112,0.0
5113,5113,29487.51
5114,5114,24457.154
5115,5115,18681.484
5116,5116,4588.8276
5117,5117,72670.49
5118,5118,98745.555
5119,5119,0.0
5120,5120,7023.203
5121,5121,10039.261
5122,5122,61515.5
5123,5123,87070.42
5124,5124,2333.594
5125,5125,1121.1632
5126,5126,11508.657
5127,5127,7764.219
5128,5128,158706.58
5129,5129,3852.2473
5130,5130,49718.46
5131,5131,5256.9453
5132,5132,161363.39
5133,5133,61522.945
5134,5134,11181.235
5135,5135,10315.009
5136,5136,19613.752
5137,5137,78308.42
5138,5138,46651.59
5139,5139,83003.42
5140,5140,88970.5
5141,5141,202931.22
5142,5142,27847.148
5143,5143,8931.34
5144,5144,2967.7363
5145,5145,0.0
5146,5146,100199.88
5147,5147,14592.191
5148,5148,149499.42
5149,5149,12747.587
5150,5150,29342.268
5151,5151,4479.117
5152,5152,9504.945
5153,5153,40234.43
5154,5154,26565.197
5155,5155,0.0
5156,5156,3873.977
5157,5157,3614.0918
5158,5158,173456.1
5159,5159,0.0
5160,5160,29830.096
5161,5161,0.0
5162,5162,0.0
5163,5163,39256.83
5164,5164,0.0
5165,5165,58491.945
5166,5166,26667.566
5167,5167,6571.12
5168,5168,13538.457
5169,5169,19849.445
5170,5170,1.0984793e+07
5171,5171,106145.555
5172,5172,83946.15
5173,5173,0.0
5174,5174,26638.176
5175,5175,34662.844
5176,5176,3085.2437
5177,5177,0.0
5178,5178,141889.38
5179,5179,0.0
5180,5180,42533.152
5181,5181,521253.44
5182,5182,36330.934
5183,5183,1817.507
5184,5184,9342.485
5185,5185,0.0
5186,5186,22.420818
5187,5187,0.0
5188,5188,24312.598
5189,5189,0.0
5190,5190,3589.24
5191,5191,37438.88
5192,5192,0.0
5193,5193,26221.113
5194,5194,0.0
5195,5195,57443.152
5196,5196,0.0
5197,5197,66477.22
5198,5198,10819.514
5199,5199,0.0
5200,5200,2081.8582
5201,5201,0.0
5202,5202,56507.703
5203,5203,101252.75
5204,5204,8795.306
5205,5205,3372.7068
5206,5206,9587.912
5207,5207,12471.344
5208,5208,1432.6559
5209,5209,4047.4114
5210,5210,1483.0067
5211,5211,16396.09
5212,5212,0.0
5213,5213,35226.535
5214,5214,93737.74
5215,5215,11635.818
5216,5216,6396.118
5217,5217,20890.545
5218,5218,3743.541
5219,5219,25326.582
5220,5220,83900.81
5221,5221,82605.09
5222,5222,17245.021
5223,5223,4328.3403
5224,5224,38562.91
5225,5225,9548.271
5226,5226,4904.8237
5227,5227,112409.59
5228,5228,7052.8423
5229,5229,0.0
5230,5230,31358.549
5231,5231,79564.65
5232,5232,5128.2227
5233,5233,34590.723
5234,5234,13986.721
5235,5235,4499.141
5236,5236,17508.342
5237,5237,52796.395
5238,5238,5382.912
5239,5239,5417.592
5240,5240,119092.445
5241,5241,167952.72
5242,5242,0.0
5243,5243,0.0
5244,5244,31346.842
5245,5245,10843.047
5246,5246,104251.13
5247,5247,28229.383
5248,5248,120357.33
5249,5249,227332.19
5250,5250,41339.688
5251,5251,13673.861
5252,5252,11922.44
5253,5253,67837.336
5254,5254,53998.785
5255,5255,81582.164
5256,5256,164232.34
5257,5257,718721.56
5258,5258,4616.6577
5259,5259,14833.156
5260,5260,0.0
5261,5261,19958.139
5262,5262,22874.008
5263,5263,28130.615
5264,5264,5577.6226
5265,5265,47810.07
5266,5266,3.0081978e+06
5267,5267,68007.31
5268,5268,103526.5
5269,5269,12627.491
5270,5270,0.0
5271,5271,21500.918
5272,5272,28331.328
5273,5273,1199.9172
5274,5274,0.0
5275,5275,158509.84
5276,5276,140943.3
5277,5277,75268.92
5278,5278,15979.245
5279,5279,58463.41
5280,5280,47191.81
5281,5281,8666.336
5282,5282,0.0
5283,5283,11081.304
5284,5284,278375.8
5285,5285,0.0
5286,5286,0.0
5287,5287,0.0
5288,5288,17416.822
5289,5289,988.4455
5290,5290,82357.195
5291,5291,8277.934
5292,5292,21642.719
5293,5293,104031.914
5294,5294,49434.594
5295,5295,457749.53
5296,5296,97594.64
5297,5297,32178.455
5298,5298,81086.55
5299,5299,0.0
5300,5300,7177.0854
5301,5301,5981.136
5302,5302,92226.61
5303,5303,40178.285
5304,5304,125482.92
5305,5305,42238.164
5306,5306,12882.459
5307,5307,86051.055
5308,5308,4378.156
5309,5309,0.0
5310,5310,863.63995
5311,5311,0.0
5312,5312,49931.004
5313,5313,24426.705
5314,5314,12632.743
5315,5315,0.0
5316,5316,29066.428
5317,5317,19111.664
5318,5318,21406.318
5319,5319,45894.324
5320,5320,5290.956
5321,5321,191170.94
5322,5322,8828.023
5323,5323,0.0
5324,5324,1.7866152e+06
5325,5325,2152.495
5326,5326,45491.33
5327,5327,4914.7695
5328,5328,1120.6986
5329,5329,49246.953
5330,5330,5897.434
5331,5331,1.850377e+06
5332,5332,0.0
5333,5333,28426.467
5334,5334,238792.48
5335,5335,63300.73
5336,5336,14264.608
5337,5337,0.0
5338,5338,20780.287
5339,5339,13224.7
5340,5340,0.0
5341,5341,121038.69
5342,5342,46929.918
5343,5343,160128.64
5344,5344,0.0
5345,5345,0.0
5346,5346,0.0
5347,5347,27917.176
5348,5348,1.053798e+06
5349,5349,56796.94
5350,5350,31702.46
5351,5351,23759.502
5352,5352,11798.446
5353,5353,40455.473
5354,5354,33037.074
5355,5355,46650.816
5356,5356,27798.822
5357,5357,9556.942
5358,5358,560.8377
5359,5359,0.0
5360,5360,0.0
5361,5361,55748.61
5362,5362,43019.39
5363,5363,44653.914
5364,5364,0.0
5365,5365,32225.816
5366,5366,26807.941
5367,5367,5930.1973
5368,5368,2012.4763
5369,5369,92823.27
5370,5370,54335.47
5371,5371,142424.36
5372,5372,29100.09
5373,5373,27104.924
5374,5374,232854.7
5375,5375,0.0
5376,5376,85266.38
5377,5377,23386.77
5378,5378,74177.87
5379,5379,20280.807
5380,5380,46143.293
5381,5381,17383.729
5382,5382,2890.3594
5383,5383,6466.8545
5384,5384,1.7090689e+06
5385,5385,0.0
5386,5386,12245.364
5387,5387,115049.32
5388,5388,786.89233
5389,5389,37449.703
5390,5390,49985.72
5391,5391,44907.77
5392,5392,6.078622e+06
5393,5393,691065.3
5394,5394,4168.1865
5395,5395,73799.016
5396,5396,0.0
5397,5397,27446.201
5398,5398,15042.979
5399,5399,28199.254
5400,5400,155632.75
5401,5401,179841.6
5402,5402,128605.88
5403,5403,235509.06
5404,5404,13278.64
5405,5405,84452.26
5406,5406,0.0
5407,5407,77749.64
5408,5408,33811.195
5409,5409,57882.44
5410,5410,56299.152
5411,5411,0.0
5412,5412,38454.43
5413,5413,3185.881
5414,5414,7.7744565e+06
5415,5415,34474.99
5416,5416,39757.027
5417,5417,0.0
5418,5418,127201.375
5419,5419,297200.06
5420,5420,0.0
5421,5421,10356.878
5422,5422,0.0
5423,5423,59080.34
5424,5424,1244.9197
5425,5425,26348.354
5426,5426,27706.094
5427,5427,74543.51
5428,5428,0.0
5429,5429,17419.49
5430,5430,77838.17
5431,5431,115623.62
5432,5432,2065.664
5433,5433,6261.305
5434,5434,22643.924
5435,5435,3680.2253
5436,5436,43898.64
5437,5437,3020.289
5438,5438,0.0
5439,5439,18098.037
5440,5440,21896.727
5441,5441,4811.902
5442,5442,59265.59
5443,5443,19157.588
5444,5444,16231.586
5445,5445,0.0
5446,5446,20055.223
5447,5447,102655.87
5448,5448,109968.76
5449,5449,51917.324
5450,5450,0.0
5451,5451,103311.14
5452,5452,11509.925
5453,5453,0.0
5454,5454,0.0
5455,5455,4495.4033
5456,5456,1841.4879
5457,5457,0.0
5458,5458,119135.086
5459,5459,73991.55
5460,5460,128628.266
5461,5461,22432.547
5462,5462,60594.887
5463,5463,0.0
5464,5464,359149.06
5465,5465,0.0
5466,5466,169722.12
5467,5467,20385.844
5468,5468,17326.691
5469,5469,12800.17
5470,5470,0.0
5471,5471,11007.579
5472,5472,15809.168
5473,5473,0.0
5474,5474,16636.484
5475,5475,13076.692
5476,5476,3047.322
5477,5477,12036.795
5478,5478,26524.992
5479,5479,136041.16
5480,5480,0.0
5481,5481,14003.534
5482,5482,0.0
5483,5483,32138.783
5484,5484,0.0
5485,5485,6698.071
5486,5486,0.0
5487,5487,427662.0
5488,5488,143264.02
5489,5489,0.0
5490,5490,142416.77
5491,5491,64688.266
5492,5492,0.0
5493,5493,102129.445
5494,5494,12826.652
5495,5495,2450.407
5496,5496,363.13513
5497,5497,6583.1826
5498,5498,6088.2007
5499,5499,136355.08
5500,5500,0.0
5501,5501,0.0
5502,5502,28371.824
5503,5503,14347.011
5504,5504,11577.445
5505,5505,0.0
5506,5506,31150.475
5507,5507,0.0
5508,5508,11637.893
5509,5509,145029.1
5510,5510,185052.95
5511,5511,10540.104
5512,5512,3.7281988e+06
5513,5513,39152.246
5514,5514,55187.695
5515,5515,0.0
5516,5516,28205.16
5517,5517,15957.193
5518,5518,0.0
5519,5519,13381.045
5520,5520,41938.47
5521,5521,19895.934
5522,5522,8867.73
5523,5523,6489.9707
5524,5524,0.0
5525,5525,13571.49
5526,5526,834469.44
5527,5527,8815.721
5528,5528,735.4593
5529,5529,10080.62
5530,5530,7540.5337
5531,5531,12247.375
5532,5532,0.0
5533,5533,0.0
5534,5534,0.0
5535,5535,4653.0376
5536,5536,9104.779
5537,5537,222222.44
5538,5538,0.0
5539,5539,0.0
5540,5540,25230.928
5541,5541,202046.1
5542,5542,0.0
5543,5543,511.9566
5544,5544,7839.5015
5545,5545,71345.88
5546,5546,5202.057
5547,5547,59619.008
5548,5548,41017.555
5549,5549,103034.89
5550,5550,0.0
5551,5551,0.0
5552,5552,0.0
5553,5553,0.0
5554,5554,20192.15
5555,5555,124626.3
5556,5556,67386.875
5557,5557,3306.1387
5558,5558,4065.207
5559,5559,8091.3853
5560,5560,6115.3564
5561,5561,0.0
5562,5562,7431.5527
5563,5563,19414.682
5564,5564,0.0
5565,5565,1.9501045e+06
5566,5566,15772.555
5567,5567,39882.39
5568,5568,75053.79
5569,5569,0.0
5570,5570,60884.473
5571,5571,6600.1655
5572,5572,0.0
5573,5573,7214.2544
5574,5574,67271.0
5575,5575,200370.7
5576,5576,11108.043
5577,5577,17964.031
5578,5578,57692.027
5579,5579,620980.44
5580,5580,16393.193
5581,5581,0.0
5582,5582,21096.535
5583,5583,158638.48
5584,5584,4783.5557
5585,5585,13845.033
5586,5586,0.0
5587,5587,13257.434
5588,5588,82022.44
5589,5589,0.0
5590,5590,5785.656
5591,5591,23436.205
5592,5592,9714.199
5593,5593,85803.02
5594,5594,14574.079
5595,5595,12316.044
5596,5596,8154.0415
5597,5597,21772.996
5598,5598,0.0
5599,5599,8659.507
5600,5600,6082.9106
5601,5601,30597.662
5602,5602,27076.656
5603,5603,7290.35
5604,5604,61616.566
5605,5605,62899.496
5606,5606,71166.09
5607,5607,52951.27
5608,5608,60983.1
5609,5609,0.0
5610,5610,139787.23
5611,5611,30437.273
5612,5612,9024.134
5613,5613,0.0
5614,5614,94573.34
5615,5615,60710.086
5616,5616,0.0
5617,5617,36517.035
5618,5618,11270.871
5619,5619,25158.102
5620,5620,0.0
5621,5621,101719.78
5622,5622,0.0
5623,5623,15826.353
5624,5624,14339.533
5625,5625,21246.508
5626,5626,9474.774
5627,5627,81956.305
5628,5628,0.0
5629,5629,60051.504
5630,5630,0.0
5631,5631,21587.902
5632,5632,44715.656
5633,5633,23019.66
5634,5634,5775.9893
5635,5635,184933.81
5636,5636,0.0
5637,5637,0.0
5638,5638,19774.281
5639,5639,20219.203
5640,5640,8764.944
5641,5641,21444.818
5642,5642,0.0
5643,5643,31453.787
5644,5644,84832.734
5645,5645,88702.24
5646,5646,21065.377
5647,5647,82332.17
5648,5648,34580.816
5649,5649,8630.592
5650,5650,2417.46
5651,5651,230160.84
5652,5652,38231.957
5653,5653,0.0
5654,5654,0.0
5655,5655,29413.883
5656,5656,0.0
5657,5657,46194.957
5658,5658,0.0
5659,5659,0.0
5660,5660,54390.695
5661,5661,55502.453
5662,5662,0.0
5663,5663,5511.135
5664,5664,7555.341
5665,5665,0.0
5666,5666,0.0
5667,5667,66263.1
5668,5668,65829.99
5669,5669,0.0
5670,5670,0.0
5671,5671,40852.605
5672,5672,18792.389
5673,5673,30703.889
5674,5674,36881.023
5675,5675,0.0
5676,5676,15858.597
5677,5677,24875.766
5678,5678,13123.566
5679,5679,2142.7493
5680,5680,31318.477
5681,5681,208816.78
5682,5682,90525.85
5683,5683,11261.211
5684,5684,41039.51
5685,5685,41557.38
5686,5686,0.0
5687,5687,54873.207
5688,5688,12889.865
5689,5689,153286.58
5690,5690,24653.17
5691,5691,62258.863
5692,5692,4202.7363
5693,5693,86567.5
5694,5694,28442.328
5695,5695,13661.307
5696,5696,0.0
5697,5697,17269.09
5698,5698,30598.723
5699,5699,17890.717
5700,5700,0.0
5701,5701,41852.61
5702,5702,17683.678
5703,5703,32098.852
5704,5704,24017.021
5705,5705,2691.8823
5706,5706,12362.912
5707,5707,9765.603
5708,5708,35373.55
5709,5709,4.52419e+06
5710,5710,5574.8184
5711,5711,108044.71
5712,5712,18140.576
5713,5713,23805.1
5714,5714,11492.163
5715,5715,0.0
5716,5716,10603.259
5717,5717,27309.096
5718,5718,0.0
5719,5719,12257.748
5720,5720,28800.127
5721,5721,25920.73
5722,5722,321988.53
5723,5723,0.0
5724,5724,0.0
5725,5725,752.54596
5726,5726,3602.2183
5727,5727,55866.664
5728,5728,190002.86
5729,5729,0.0
5730,5730,0.0
5731,5731,113813.74
5732,5732,13592.51
5733,5733,167517.2
5734,5734,59078.953
5735,5735,13559.972
5736,5736,0.0
5737,5737,11853.602
5738,5738,5412.778
5739,5739,22475.375
5740,5740,33290.055
5741,5741,0.0
5742,5742,18357.736
5743,5743,2565.482
5744,5744,9547.209
5745,5745,14213.246
5746,5746,20156.842
5747,5747,3.1407682e+06
5748,5748,40345.2
5749,5749,34208.09
5750,5750,0.0
5751,5751,5240.9756
5752,5752,61561.164
5753,5753,1.8307259e+06
5754,5754,13732.576
5755,5755,0.0
5756,5756,28165.645
5757,5757,13626.094
5758,5758,0.0
5759,5759,25641.006
5760,5760,55791.875
5761,5761,309.5543
5762,5762,25579.264
5763,5763,130784.63
5764,5764,0.0
5765,5765,20654.275
5766,5766,134315.02
5767,5767,63979.453
5768,5768,13286.526
5769,5769,57179.156
5770,5770,25227.115
5771,5771,28632.672
5772,5772,14262.445
5773,5773,201904.48
5774,5774,8205.005
5775,5775,3623.0276
5776,5776,3862.6611
5777,5777,39420.957
5778,5778,373.2274
5779,5779,15303.586
5780,5780,21969.385
5781,5781,32180.568
5782,5782,26365.855
5783,5783,16567.53
5784,5784,5385.4243
5785,5785,7029.004
5786,5786,24393.121
5787,5787,56937.793
5788,5788,84028.61
5789,5789,0.0
5790,5790,7710.893
5791,5791,47091.383
5792,5792,2943.921
5793,5793,60126.36
5794,5794,0.0
5795,5795,6843.8867
5796,5796,104623.9
5797,5797,25483.146
5798,5798,1655.5891
5799,5799,20406.021
5800,5800,30286.8
5801,5801,25904.076
5802,5802,32006.49
5803,5803,71103.27
5804,5804,13375.926
5805,5805,125774.96
5806,5806,16065.207
5807,5807,0.0
5808,5808,39352.613
5809,5809,16044.462
5810,5810,49155.93
5811,5811,16736.66
5812,5812,51291.09
5813,5813,0.0
5814,5814,19746.89
5815,5815,25852.254
5816,5816,5420.7065
5817,5817,12716.452
5818,5818,4947.104
5819,5819,20746.598
5820,5820,6859.2524
5821,5821,0.0
5822,5822,0.0
5823,5823,3598.7412
5824,5824,278385.88
5825,5825,12307.703
5826,5826,79578.67
5827,5827,18565.133
5828,5828,1815.1685
5829,5829,0.0
5830,5830,0.0
5831,5831,65122.22
5832,5832,31680.115
5833,5833,11861.828
5834,5834,65409.98
5835,5835,0.0
5836,5836,17038.916
5837,5837,122028.31
5838,5838,8621.887
5839,5839,104182.24
5840,5840,154793.25
5841,5841,120004.37
5842,5842,289053.3
5843,5843,4654.002
5844,5844,240794.72
5845,5845,32424.451
5846,5846,41338.93
5847,5847,29183.19
5848,5848,21292.574
5849,5849,27987.543
5850,5850,20617.164
5851,5851,27080.16
5852,5852,58925.773
5853,5853,13517.79
5854,5854,0.0
5855,5855,23367.89
5856,5856,31531.84
5857,5857,107524.71
5858,5858,2778.5435
5859,5859,2442.0435
5860,5860,17232.059
5861,5861,9329.983
5862,5862,0.0
5863,5863,53985.914
5864,5864,0.0
5865,5865,13382.107
5866,5866,0.0
5867,5867,104645.57
5868,5868,39446.684
5869,5869,0.0
5870,5870,10717.316
5871,5871,29562.781
5872,5872,160580.47
5873,5873,2746.348
5874,5874,146929.2
5875,5875,299986.97
5876,5876,21004.77
5877,5877,38092.434
5878,5878,104106.02
5879,5879,25942.275
5880,5880,12792.651
5881,5881,56068.566
5882,5882,164415.36
5883,5883,281968.97
5884,5884,519.1271
5885,5885,31336.758
5886,5886,45249.44
5887,5887,25342.324
5888,5888,46906.56
5889,5889,5638.198
5890,5890,95876.79
5891,5891,76794.29
5892,5892,24420.635
5893,5893,44909.1
5894,5894,10855.857
5895,5895,0.0
5896,5896,92299.055
5897,5897,6056.0728
5898,5898,56648.375
5899,5899,99158.83
5900,5900,23092.824
5901,5901,120396.24
5902,5902,39495.418
5903,5903,17773.441
5904,5904,22895.068
5905,5905,9661.788
5906,5906,12032.226
5907,5907,2293.9204
5908,5908,266115.38
5909,5909,54761.594
5910,5910,47353.664
5911,5911,1171.876
5912,5912,19241.26
5913,5913,0.0
5914,5914,9207.656
5915,5915,10182.534
5916,5916,5051.554
5917,5917,27502.814
5918,5918,5510.6875
5919,5919,94794.18
5920,5920,33735.695
5921,5921,2959.8179
5922,5922,22956.72
5923,5923,62002.74
5924,5924,84481.17
5925,5925,4780.992
5926,5926,0.0
5927,5927,15343.07
5928,5928,112487.3
5929,5929,0.0
5930,5930,3316.6833
5931,5931,42583.22
5932,5932,13398.296
5933,5933,0.0
5934,5934,47667.32
5935,5935,5814.119
5936,5936,5635.025
5937,5937,299603.1
5938,5938,5625.0537
5939,5939,5077.605
5940,5940,7129.8047
5941,5941,44409.86
5942,5942,0.0
5943,5943,15170.5625
5944,5944,46614.703
5945,5945,100690.28
5946,5946,0.0
5947,5947,35781.88
5948,5948,322971.25
5949,5949,241175.64
5950,5950,43091.297
5951,5951,0.0
5952,5952,23794.79
5953,5953,9216.471
5954,5954,0.0
5955,5955,0.0
5956,5956,11081.993
5957,5957,21516.17
5958,5958,182337.69
5959,5959,3665.091
5960,5960,6749.9604
5961,5961,13469.202
5962,5962,109353.836
5963,5963,152249.56
5964,5964,0.0
5965,5965,26153.107
5966,5966,55728.266
5967,5967,478112.0
5968,5968,9848.376
5969,5969,19085.258
5970,5970,9955.491
5971,5971,0.0
5972,5972,81762.37
5973,5973,221779.33
5974,5974,44739.414
5975,5975,14533.7295
5976,5976,27114.875
5977,5977,15826.502
5978,5978,18167.707
5979,5979,0.0
5980,5980,36130.785
5981,5981,0.0
5982,5982,386577.4
5983,5983,68126.33
5984,5984,30722.916
5985,5985,3146.787
5986,5986,0.0
5987,5987,35790.58
5988,5988,0.0
5989,5989,373834.66
5990,5990,0.0
5991,5991,62676.215
5992,5992,0.0
5993,5993,0.0
5994,5994,10362.826
5995,5995,277.16183
5996,5996,0.0
5997,5997,24442.682
5998,5998,4756.0483
5999,5999,0.0
6000,6000,14395.633
6001,6001,2874.1345
6002,6002,44271.016
6003,6003,0.0
6004,6004,5421.487
6005,6005,6481.294
6006,6006,8220.748
6007,6007,184503.83
6008,6008,24970.93
6009,6009,174551.38
6010,6010,69338.55
6011,6011,48158.93
6012,6012,0.0
6013,6013,41152.184
6014,6014,10206.284
6015,6015,49169.23
6016,6016,8123.0273
6017,6017,77134.3
6018,6018,3777.242
6019,6019,40715.4
6020,6020,445.19257
6021,6021,75152.8
6022,6022,0.0
6023,6023,14.268032
6024,6024,13283.913
6025,6025,0.0
6026,6026,91914.92
6027,6027,103978.68
6028,6028,8695.123
6029,6029,0.0
6030,6030,10766.75
6031,6031,7623.5137
6032,6032,0.0
6033,6033,0.0
6034,6034,27962.078
6035,6035,58751.49
6036,6036,0.0
6037,6037,94312.9
6038,6038,0.0
6039,6039,4437.7295
6040,6040,0.0
6041,6041,7281.7573
6042,6042,0.0
6043,6043,6526.3574
6044,6044,23605.453
6045,6045,22024.367
6046,6046,18055.9
6047,6047,6514.317
6048,6048,1101.4219
6049,6049,0.0
6050,6050,12347.734
6051,6051,34483.703
6052,6052,76860.74
6053,6053,15068.636
6054,6054,3438.1401
6055,6055,0.0
6056,6056,0.0
6057,6057,0.0
6058,6058,11948.76
6059,6059,28262.516
6060,6060,6842.145
6061,6061,85941.67
6062,6062,0.0
6063,6063,0.0
6064,6064,71345.18
6065,6065,32978.047
6066,6066,22102.658
6067,6067,35646.62
6068,6068,11474.934
6069,6069,509.3242
6070,6070,18026.617
6071,6071,67161.164
6072,6072,19324.605
6073,6073,0.0
6074,6074,62815.812
6075,6075,0.0
6076,6076,0.0
6077,6077,18576.236
6078,6078,49279.65
6079,6079,1371.1554
6080,6080,42225.027
6081,6081,61981.188
6082,6082,3723.54
6083,6083,46963.47
6084,6084,4885.422
6085,6085,0.0
6086,6086,50287.758
6087,6087,0.0
6088,6088,20000.92
6089,6089,3820.4526
6090,6090,1844.0114
6091,6091,18919.977
6092,6092,61411.902
6093,6093,49681.67
6094,6094,229616.12
6095,6095,1244.9628
6096,6096,9.607406e+06
6097,6097,6256.5776
6098,6098,14613.673
6099,6099,35324.875
6100,6100,0.0
6101,6101,280116.44
6102,6102,10155.699
6103,6103,12802.864
6104,6104,19534.205
6105,6105,3822.1372
6106,6106,6625.0884
6107,6107,2041.8715
6108,6108,33022.438
6109,6109,0.0
6110,6110,0.0
6111,6111,0.0
6112,6112,16904.914
6113,6113,3130.1875
6114,6114,11036.742
6115,6115,12998.608
6116,6116,50293.195
6117,6117,19441.605
6118,6118,76889.43
6119,6119,58029.17
6120,6120,7575.605
6121,6121,0.0
6122,6122,0.0
6123,6123,2.0076575e+06
6124,6124,2167.4539
6125,6125,12786.441
6126,6126,4363.817
6127,6127,215.63556
6128,6128,11335.429
6129,6129,22381.467
6130,6130,1976.0125
6131,6131,12040.102
6132,6132,92827.375
6133,6133,25242.34
6134,6134,7120.4814
6135,6135,41338.37
6136,6136,15723.679
6137,6137,0.0
6138,6138,124964.94
6139,6139,52482.105
6140,6140,4509.009
6141,6141,111349.12
6142,6142,186913.8
6143,6143,71748.9
6144,6144,161950.89
6145,6145,0.0
6146,6146,3980.9753
6147,6147,130151.86
6148,6148,56247.44
6149,6149,0.0
6150,6150,24530.072
6151,6151,3669.879
6152,6152,20709.834
6153,6153,5264.2627
6154,6154,44715.832
6155,6155,3256.4395
6156,6156,28196.348
6157,6157,18834.424
6158,6158,19809.918
6159,6159,47097.004
6160,6160,24681.348
6161,6161,35612.492
6162,6162,79845.08
6163,6163,4516.565
6164,6164,13367.513
6165,6165,23087.328
6166,6166,72909.766
6167,6167,6664.05
6168,6168,2128.5845
6169,6169,8668.668
6170,6170,2712.3823
6171,6171,256158.7
6172,6172,42010.1
6173,6173,0.0
6174,6174,25525.586
6175,6175,13115.288
6176,6176,7533.3594
6177,6177,18764.363
6178,6178,138493.78
6179,6179,3057.125
6180,6180,0.0
6181,6181,28852.914
6182,6182,7220.4316
6183,6183,32413.283
6184,6184,435487.28
6185,6185,4665.339
6186,6186,3.3914288e+06
6187,6187,142886.81
6188,6188,55406.215
6189,6189,62396.047
6190,6190,74507.43
6191,6191,1616.3102
6192,6192,0.0
6193,6193,7879.664
6194,6194,2126.503
6195,6195,98286.76
6196,6196,21220.965
6197,6197,1823.757
6198,6198,80459.93
6199,6199,153653.7
6200,6200,14622.561
6201,6201,1638.253
6202,6202,0.0
6203,6203,70493.29
6204,6204,12148.233
6205,6205,79049.27
6206,6206,33446.195
6207,6207,0.0
6208,6208,0.0
6209,6209,0.0
6210,6210,16830.518
6211,6211,0.0
6212,6212,29922.58
6213,6213,0.0
6214,6214,10554.514
6215,6215,16440.875
6216,6216,0.0
6217,6217,7084.0273
6218,6218,3.581348e+06
6219,6219,10318.552
6220,6220,0.0
6221,6221,972.90546
6222,6222,108627.375
6223,6223,55610.145
6224,6224,29963.56
6225,6225,13768.464
6226,6226,0.0
6227,6227,88220.27
6228,6228,20314.955
6229,6229,0.0
6230,6230,0.0
6231,6231,3919.0703
6232,6232,21670.08
6233,6233,225596.11
6234,6234,17890.844
6235,6235,3137.6245
6236,6236,0.0
6237,6237,8199.747
6238,6238,5550.469
6239,6239,19464.959
6240,6240,18182.043
6241,6241,6515.3477
6242,6242,126335.91
6243,6243,0.0
6244,6244,25750.102
6245,6245,147235.14
6246,6246,0.0
6247,6247,29881.695
6248,6248,20429.871
6249,6249,52632.062
6250,6250,28417.31
6251,6251,4837.913
6252,6252,51299.254
6253,6253,19519.219
6254,6254,114100.94
6255,6255,400160.38
6256,6256,0.0
6257,6257,3018.7185
6258,6258,293886.0
6259,6259,0.0
6260,6260,0.0
6261,6261,17339.4
6262,6262,27896.361
6263,6263,374.7975
6264,6264,0.0
6265,6265,42381.863
6266,6266,896125.44
6267,6267,6724.1523
6268,6268,71365.875
6269,6269,0.0
6270,6270,66905.43
6271,6271,6441.745
6272,6272,7973.865
6273,6273,97159.54
6274,6274,23280.738
6275,6275,1.920849e+06
6276,6276,73595.555
6277,6277,726535.94
6278,6278,34807.832
6279,6279,17342.223
6280,6280,10738.222
6281,6281,32161.031
6282,6282,96115.19
6283,6283,0.0
6284,6284,0.0
6285,6285,36519.957
6286,6286,55692.824
6287,6287,72808.03
6288,6288,800.7894
6289,6289,3.0767725e+06
6290,6290,382371.94
6291,6291,2773.338
6292,6292,0.0
6293,6293,0.0
6294,6294,30042.148
6295,6295,0.0
6296,6296,0.0
6297,6297,0.0
6298,6298,22577.002
6299,6299,33726.71
6300,6300,56314.05
6301,6301,65672.766
6302,6302,84594.43
6303,6303,7470.1436
6304,6304,473701.28
6305,6305,9135.658
6306,6306,6913.461
6307,6307,0.0
6308,6308,19380.17
6309,6309,36153.08
6310,6310,79732.766
6311,6311,9491.016
6312,6312,26880.008
6313,6313,20789.586
6314,6314,39598.49
6315,6315,32052.828
6316,6316,57284.168
6317,6317,62723.77
6318,6318,0.0
6319,6319,0.0
6320,6320,1922.6721
6321,6321,4755.207
6322,6322,0.0
6323,6323,69897.12
6324,6324,41240.77
6325,6325,85456.88
6326,6326,28467.48
6327,6327,0.0
6328,6328,0.0
6329,6329,26409.04
6330,6330,11042.187
6331,6331,20435.451
6332,6332,0.0
6333,6333,66297.41
6334,6334,58708.938
6335,6335,46083.81
6336,6336,6761.3086
6337,6337,56833.637
6338,6338,0.0
6339,6339,554.76886
6340,6340,0.0
6341,6341,8199.942
6342,6342,0.0
6343,6343,94200.375
6344,6344,0.0
6345,6345,77498.555
6346,6346,9751.612
6347,6347,28825.69
6348,6348,11232.2
6349,6349,7052.8423
6350,6350,75575.21
6351,6351,39884.168
6352,6352,60422.43
6353,6353,0.0
6354,6354,0.0
6355,6355,2.3391168e+06
6356,6356,44401.0
6357,6357,8397.375
6358,6358,0.0
6359,6359,193944.8
6360,6360,2.2762888e+06
6361,6361,31788.127
6362,6362,1216.2125
6363,6363,11474.589
6364,6364,20976.99
6365,6365,18465.564
6366,6366,27363.186
6367,6367,29143.002
6368,6368,31199.605
6369,6369,0.0
6370,6370,8336.534
6371,6371,14886.708
6372,6372,40347.58
6373,6373,25899.31
6374,6374,10310.839
6375,6375,0.0
6376,6376,18675.58
6377,6377,81091.695
6378,6378,5391.212
6379,6379,45370.523
6380,6380,4754.5728
6381,6381,14732.707
6382,6382,25060.07
6383,6383,258721.72
6384,6384,34150.87
6385,6385,24795.0
6386,6386,18177.34
6387,6387,0.0
6388,6388,3951.2988
6389,6389,27675.8
6390,6390,22625.584
6391,6391,13051.674
6392,6392,64782.438
6393,6393,53258.926
6394,6394,55000.99
6395,6395,26427.094
6396,6396,205576.02
6397,6397,302248.0
6398,6398,33825.246
6399,6399,11520.418
6400,6400,47152.633
6401,6401,3020.1064
6402,6402,16966.602
6403,6403,111096.93
6404,6404,158421.97
6405,6405,187902.1
6406,6406,23501.691
6407,6407,8068.271
6408,6408,158652.22
6409,6409,59646.32
6410,6410,7280.2075
6411,6411,36589.777
6412,6412,198407.34
6413,6413,155455.34
6414,6414,48580.99
6415,6415,11598.709
6416,6416,5723.9478
6417,6417,92.33141
6418,6418,10152.439
6419,6419,27514.75
6420,6420,77757.63
6421,6421,8376.086
6422,6422,6713.1016
6423,6423,8426.923
6424,6424,40803.49
6425,6425,329806.7
6426,6426,9786.482
6427,6427,0.0
6428,6428,10136.599
6429,6429,9298.604
6430,6430,132871.4
6431,6431,33575.27
6432,6432,0.0
6433,6433,10038.833
6434,6434,54173.625
6435,6435,10885.792
6436,6436,184543.08
6437,6437,2826.2378
6438,6438,22276.627
6439,6439,164008.81
6440,6440,20377.12
6441,6441,0.0
6442,6442,7314.8945
6443,6443,42824.44
6444,6444,37430.734
6445,6445,20153.252
6446,6446,0.0
6447,6447,0.0
6448,6448,12511.831
6449,6449,29566.549
6450,6450,19135.42
6451,6451,0.0
6452,6452,20771.412
6453,6453,26335.133
6454,6454,60788.8
6455,6455,40359.14
6456,6456,57308.273
6457,6457,60248.91
6458,6458,0.0
6459,6459,37085.34
6460,6460,3630.548
6461,6461,82238.28
6462,6462,33173.8
6463,6463,10107.006
6464,6464,3.6193635e+06
6465,6465,0.0
6466,6466,35518.914
6467,6467,0.0
6468,6468,0.0
6469,6469,41212.22
6470,6470,1857.0732
6471,6471,0.0
6472,6472,59900.94
6473,6473,0.0
6474,6474,0.0
6475,6475,0.0
6476,6476,0.0
6477,6477,0.0
6478,6478,5881.529
6479,6479,8678.457
6480,6480,7615.047
6481,6481,298731.34
6482,6482,21974.072
6483,6483,13310.209
6484,6484,23191.883
6485,6485,0.0
6486,6486,21374.83
6487,6487,0.0
6488,6488,13282.294
6489,6489,7025.19
6490,6490,64482.844
6491,6491,40815.605
6492,6492,14782.041
6493,6493,18984.996
6494,6494,1.2568432e+06
6495,6495,37540.168
6496,6496,133209.75
6497,6497,10472.199
6498,6498,4074.3442
6499,6499,9647.06
6500,6500,14866.71
6501,6501,50249.523
6502,6502,17735.037
6503,6503,29128.72
6504,6504,0.0
6505,6505,5863.8027
6506,6506,117940.91
6507,6507,71783.24
6508,6508,4807.749
6509,6509,319700.88
6510,6510,5430.5073
6511,6511,14489.073
6512,6512,104103.07
6513,6513,32509.328
6514,6514,0.0
6515,6515,56791.742
6516,6516,10008.813
6517,6517,0.0
6518,6518,0.0
6519,6519,13325.617
6520,6520,5119.079
6521,6521,34855.645
6522,6522,0.0
6523,6523,0.0
6524,6524,200810.19
6525,6525,56440.83
6526,6526,6104.5293
6527,6527,14742.803
6528,6528,120056.414
6529,6529,0.0
6530,6530,26661.354
6531,6531,32287.354
6532,6532,0.0
6533,6533,4400.289
6534,6534,26194.504
6535,6535,31213.332
6536,6536,28056.416
6537,6537,7492.3623
6538,6538,105590.81
6539,6539,8533.606
6540,6540,0.0
6541,6541,84638.414
6542,6542,2192.863
6543,6543,1016.2805
6544,6544,1460.0454
6545,6545,0.0
6546,6546,422875.44
6547,6547,25929.697
6548,6548,0.0
6549,6549,808.98254
6550,6550,70829.2
6551,6551,0.0
6552,6552,11407.072
6553,6553,0.0
6554,6554,398687.78
6555,6555,3589.4624
6556,6556,0.0
6557,6557,0.0
6558,6558,4418.7817
6559,6559,0.0
6560,6560,94484.664
6561,6561,59493.586
6562,6562,17478.934
6563,6563,27789.074
6564,6564,1510.96
6565,6565,5992.345
6566,6566,3728.0044
6567,6567,9286.648
6568,6568,0.0
6569,6569,8579.446
6570,6570,23081.445
6571,6571,39413.07
6572,6572,25371.81
6573,6573,598.5634
6574,6574,2338.946
6575,6575,97572.37
6576,6576,107846.78
6577,6577,72013.336
6578,6578,35546.61
6579,6579,0.0
6580,6580,0.0
6581,6581,92057.6
6582,6582,321123.5
6583,6583,14333.235
6584,6584,39121.68
6585,6585,17770.031
6586,6586,4156.4673
6587,6587,10206.924
6588,6588,45701.95
6589,6589,12192.855
6590,6590,26388.484
6591,6591,0.0
6592,6592,0.0
6593,6593,28983.502
6594,6594,579.14386
6595,6595,82551.8
6596,6596,7926.5396
6597,6597,0.0
6598,6598,13317.839
6599,6599,570365.25
6600,6600,0.0
6601,6601,26594.334
6602,6602,66632.73
6603,6603,172970.1
6604,6604,47757.957
6605,6605,89296.55
6606,6606,3998.9211
6607,6607,3727.2407
6608,6608,4814.219
6609,6609,697.15173
6610,6610,100280.31
6611,6611,130840.75
6612,6612,36435.39
6613,6613,11915.857
6614,6614,0.0
6615,6615,8166.467
6616,6616,10229.001
6617,6617,104213.8
6618,6618,47973.297
6619,6619,14037.375
6620,6620,35971.242
6621,6621,10262.66
6622,6622,0.0
6623,6623,44318.0
6624,6624,0.0
6625,6625,20245.377
6626,6626,10527.038
6627,6627,35292.348
6628,6628,0.0
6629,6629,7096.029
6630,6630,0.0
6631,6631,2068.1777
6632,6632,30644.225
6633,6633,0.0
6634,6634,0.0
6635,6635,10891.522
6636,6636,0.0
6637,6637,24181.795
6638,6638,0.0
6639,6639,0.0
6640,6640,27381.28
6641,6641,145145.39
6642,6642,758.91797
6643,6643,2900.0933
6644,6644,3583.2773
6645,6645,27947.207
6646,6646,39234.594
6647,6647,41518.188
6648,6648,12100.351
6649,6649,19271.994
6650,6650,31366.848
6651,6651,9159.345
6652,6652,108531.5
6653,6653,0.0
6654,6654,8057.075
6655,6655,84180.77
6656,6656,0.0
6657,6657,148158.72
6658,6658,6308.4604
6659,6659,8229.3955
6660,6660,24589.97
6661,6661,382.0081
6662,6662,21097.385
6663,6663,194568.33
6664,6664,7049.917
6665,6665,54068.27
6666,6666,13534.267
6667,6667,45619.83
6668,6668,36310.93
6669,6669,8116.51
6670,6670,1487.9941
6671,6671,8927.756
6672,6672,3881.3772
6673,6673,0.0
6674,6674,0.0
6675,6675,27356.105
6676,6676,6281.8184
6677,6677,46050.21
6678,6678,0.0
6679,6679,2123.749
6680,6680,1414.8594
6681,6681,0.0
6682,6682,16532.299
6683,6683,58026.645
6684,6684,41898.19
6685,6685,4603.2144
6686,6686,1944.7235
6687,6687,1172.5548
6688,6688,22353.17
6689,6689,4777.259
6690,6690,27828.273
6691,6691,3100.157
6692,6692,0.0
6693,6693,46828.023
6694,6694,80835.43
6695,6695,8557.384
6696,6696,3860.4143
6697,6697,11386.818
6698,6698,240009.78
6699,6699,28558.621
6700,6700,368191.16
6701,6701,1034.1436
6702,6702,0.0
6703,6703,16675.623
6704,6704,0.0
6705,6705,7748.927
6706,6706,0.0
6707,6707,0.0
6708,6708,12598.475
6709,6709,168226.6
6710,6710,36810.207
6711,6711,2313.5173
6712,6712,34093.33
6713,6713,443.03195
6714,6714,9272.603
6715,6715,46878.82
6716,6716,35843.523
6717,6717,165096.19
6718,6718,40059.516
6719,6719,0.0
6720,6720,0.0
6721,6721,105009.75
6722,6722,19453.854
6723,6723,19824.396
6724,6724,38104.105
6725,6725,10132.139
6726,6726,12406.901
6727,6727,17987.178
6728,6728,243076.97
6729,6729,7206.81
6730,6730,18565.625
6731,6731,0.0
6732,6732,67607.91
6733,6733,5559.448
6734,6734,13026.6455
6735,6735,10915.652
6736,6736,11694.667
6737,6737,64017.16
6738,6738,7292.569
6739,6739,10568.955
6740,6740,8182.5786
6741,6741,9331.748
6742,6742,23216.246
6743,6743,0.0
6744,6744,32535.557
6745,6745,33081.69
6746,6746,3491.9224
6747,6747,26469.076
6748,6748,319565.53
6749,6749,30064.523
6750,6750,293101.4
6751,6751,10701.567
6752,6752,0.0
6753,6753,14297.797
6754,6754,10919.199
6755,6755,31354.457
6756,6756,49089.305
6757,6757,35764.074
6758,6758,61599.066
6759,6759,1568.8895
6760,6760,0.0
6761,6761,26833.217
6762,6762,0.0
6763,6763,26551.424
6764,6764,73448.04
6765,6765,10894.612
6766,6766,280890.78
6767,6767,6052.968
6768,6768,42212.953
6769,6769,0.0
6770,6770,91768.27
6771,6771,466.8162
6772,6772,11054.777
6773,6773,0.0
6774,6774,23590.793
6775,6775,0.0
6776,6776,4405.3306
6777,6777,1.1695661e+06
6778,6778,28348.506
6779,6779,11860.243
6780,6780,26825.352
6781,6781,44751.92
6782,6782,137961.62
6783,6783,0.0
6784,6784,58129.195
6785,6785,0.0
6786,6786,594505.2
6787,6787,0.0
6788,6788,0.0
6789,6789,0.0
6790,6790,3659.4426
6791,6791,60800.63
6792,6792,118721.586
6793,6793,20789.725
6794,6794,8.019346e+06
6795,6795,2028.8798
6796,6796,16383.021
6797,6797,16981.824
6798,6798,3036.6873
6799,6799,13450.819
6800,6800,3.8617018e+06
6801,6801,17164.06
6802,6802,131560.4
6803,6803,31404.596
6804,6804,0.0
6805,6805,9756.499
6806,6806,0.0
6807,6807,4009.8823
6808,6808,0.0
6809,6809,2745.3242
6810,6810,80958.516
6811,6811,3275.512
6812,6812,0.0
6813,6813,16881.0
6814,6814,31130.453
6815,6815,32718.191
6816,6816,18066.395
6817,6817,19950.945
6818,6818,43107.305
6819,6819,2.6348805e+06
6820,6820,83832.95
6821,6821,10720.9375
6822,6822,967579.9
6823,6823,7432.353
6824,6824,168284.27
6825,6825,87234.69
6826,6826,18344.523
6827,6827,0.0
6828,6828,13474.457
6829,6829,5303.189
6830,6830,0.0
6831,6831,4710.069
6832,6832,0.0
6833,6833,19556.156
6834,6834,3968.6812
6835,6835,45111.26
6836,6836,25658.322
6837,6837,35297.508
6838,6838,62222.84
6839,6839,115129.91
6840,6840,12716.399
6841,6841,11141.908
6842,6842,17396.273
6843,6843,0.0
6844,6844,96839.03
6845,6845,12353.488
6846,6846,0.0
6847,6847,0.0
6848,6848,0.0
6849,6849,70918.64
6850,6850,4985.4604
6851,6851,2004.0038
6852,6852,182170.88
6853,6853,867.27997
6854,6854,336910.66
6855,6855,23289.861
6856,6856,0.0
6857,6857,4816.021
6858,6858,80588.63
6859,6859,0.0
6860,6860,60681.625
6861,6861,38162.5
6862,6862,40463.152
6863,6863,36917.895
6864,6864,3530.0212
6865,6865,0.0
6866,6866,7561.41
6867,6867,10759.88
6868,6868,13229.618
6869,6869,7690.949
6870,6870,0.0
6871,6871,58894.902
6872,6872,0.0
6873,6873,4009.708
6874,6874,35588.758
6875,6875,10907.467
6876,6876,43996.395
6877,6877,54415.88
6878,6878,46229.973
6879,6879,113661.06
6880,6880,31737.021
6881,6881,31855.44
6882,6882,48670.125
6883,6883,202706.6
6884,6884,51389.74
6885,6885,36539.52
6886,6886,32643.639
6887,6887,6202.0737
6888,6888,42259.184
6889,6889,0.0
6890,6890,17122.521
6891,6891,16365.924
6892,6892,47563.164
6893,6893,12337.402
6894,6894,78499.85
6895,6895,40285.86
6896,6896,14053.507
6897,6897,8373.919
6898,6898,6895.919
6899,6899,27072.402
6900,6900,0.0
6901,6901,5400.961
6902,6902,8519.273
6903,6903,39448.297
6904,6904,40715.047
6905,6905,94199.99
6906,6906,87093.94
6907,6907,67178.875
6908,6908,0.0
6909,6909,34924.832
6910,6910,77794.91
6911,6911,118422.58
6912,6912,91073.61
6913,6913,73191.54
6914,6914,113187.82
6915,6915,30408.443
6916,6916,8975.509
6917,6917,0.0
6918,6918,15216.524
6919,6919,8279.354
6920,6920,37724.59
6921,6921,553.9954
6922,6922,99022.12
6923,6923,9577.124
6924,6924,0.0
6925,6925,86042.77
6926,6926,27050.094
6927,6927,51974.832
6928,6928,8901.069
6929,6929,0.0
6930,6930,46086.9
6931,6931,46015.395
6932,6932,5005.6978
6933,6933,17327.145
6934,6934,13405.024
6935,6935,24192.127
6936,6936,99563.12
6937,6937,0.0
6938,6938,21803.168
6939,6939,23134.723
6940,6940,0.0
6941,6941,74305.67
6942,6942,7390.7295
6943,6943,30616.764
6944,6944,0.0
6945,6945,0.0
6946,6946,25364.807
6947,6947,42839.07
6948,6948,41122.223
6949,6949,27332.695
6950,6950,2476.4072
6951,6951,16810.283
6952,6952,48605.727
6953,6953,125288.92
6954,6954,13087.281
6955,6955,14831.237
6956,6956,5833.217
6957,6957,25822.37
6958,6958,0.0
6959,6959,0.0
6960,6960,130774.46
6961,6961,175065.62
6962,6962,0.0
6963,6963,338810.25
6964,6964,70742.34
6965,6965,0.0
6966,6966,36079.63
6967,6967,12402.184
6968,6968,38289.918
6969,6969,189.37448
6970,6970,1139.9585
6971,6971,62281.04
6972,6972,15177.244
6973,6973,62098.53
6974,6974,56283.863
6975,6975,3036.699
6976,6976,25935.244
6977,6977,23008.25
6978,6978,26112.58
6979,6979,44830.098
6980,6980,11306.928
6981,6981,59904.805
6982,6982,94728.836
6983,6983,45125.32
6984,6984,0.0
6985,6985,355449.78
6986,6986,40858.16
6987,6987,0.0
6988,6988,218400.75
6989,6989,31999.479
6990,6990,1352.1859
6991,6991,44167.19
6992,6992,4332.306
6993,6993,0.0
6994,6994,11500.257
6995,6995,52397.45
6996,6996,305863.47
6997,6997,0.0
6998,6998,216494.66
6999,6999,0.0
7000,7000,5634.8516
7001,7001,54109.36
7002,7002,4956.6016
7003,7003,23196.916
7004,7004,100939.46
7005,7005,126763.7
7006,7006,98441.43
7007,7007,2376.178
7008,7008,0.0
7009,7009,10931.199
7010,7010,15074.85
7011,7011,119417.086
7012,7012,0.0
7013,7013,43856.5
7014,7014,0.0
7015,7015,23925.1
7016,7016,170202.81
7017,7017,6164.8804
7018,7018,0.0
7019,7019,95351.67
7020,7020,8136.579
7021,7021,38183.016
7022,7022,46986.68
7023,7023,36035.957
7024,7024,1403.5885
7025,7025,2714.9429
7026,7026,0.0
7027,7027,0.0
7028,7028,19671.195
7029,7029,12345.195
7030,7030,12354.103
7031,7031,0.0
7032,7032,5936.0522
7033,7033,6688.1387
7034,7034,227591.61
7035,7035,10134.977
7036,7036,25921.541
7037,7037,24544.574
7038,7038,49623.215
7039,7039,42270.527
7040,7040,187916.1
7041,7041,25394.215
7042,7042,7246.2056
7043,7043,7016.984
7044,7044,26942.729
7045,7045,10516.231
7046,7046,61256.92
7047,7047,6738.4224
7048,7048,0.0
7049,7049,0.0
7050,7050,43677.25
7051,7051,15139.182
7052,7052,18574.992
7053,7053,29659.367
7054,7054,36459.168
7055,7055,55002.957
7056,7056,7906.4263
7057,7057,5901.428
7058,7058,2.1828738e+06
7059,7059,21436.232
7060,7060,32736.094
7061,7061,9425.646
7062,7062,0.0
7063,7063,7270.1333
7064,7064,0.0
7065,7065,11889.882
7066,7066,5977.4126
7067,7067,6606.6113
7068,7068,192438.44
7069,7069,0.0
7070,7070,5.562671e+06
7071,7071,4767.262
7072,7072,0.0
7073,7073,203726.92
7074,7074,1289.5944
7075,7075,85450.44
7076,7076,0.0
7077,7077,46859.656
7078,7078,3814.5742
7079,7079,1.426356e+06
7080,7080,0.0
7081,7081,38189.48
7082,7082,6315.9136
7083,7083,20566.45
7084,7084,101248.5
7085,7085,102443.02
7086,7086,25403.832
7087,7087,49151.617
7088,7088,0.0
7089,7089,51063.56
7090,7090,3570.909
7091,7091,31301.809
7092,7092,0.0
7093,7093,0.0
7094,7094,12029.277
7095,7095,102302.18
7096,7096,0.0
7097,7097,0.0
7098,7098,1.7808048e+06
7099,7099,5351.874
7100,7100,10410.748
7101,7101,2617.4998
7102,7102,1508.9587
7103,7103,3145.9053
7104,7104,18327.98
7105,7105,34599.69
7106,7106,83383.96
7107,7107,51160.98
7108,7108,5839.125
7109,7109,15233.355
7110,7110,13081.672
7111,7111,0.0
7112,7112,305676.6
7113,7113,6036.6055
7114,7114,47539.41
7115,7115,73733.31
7116,7116,0.0
7117,7117,25564.172
7118,7118,54513.62
7119,7119,62617.55
7120,7120,148510.69
7121,7121,200509.88
7122,7122,12524.09
7123,7123,124862.41
7124,7124,0.0
7125,7125,0.0
7126,7126,270562.1
7127,7127,0.0
7128,7128,92406.3
7129,7129,8170.731
7130,7130,16767.97
7131,7131,610493.25
7132,7132,15018.277
7133,7133,0.0
7134,7134,61348.5
7135,7135,0.0
7136,7136,6790.915
7137,7137,8344.352
7138,7138,22116.283
7139,7139,410968.4
7140,7140,29984.537
7141,7141,28328.352
7142,7142,27625.51
7143,7143,16209.064
7144,7144,8847.626
7145,7145,606.2106
7146,7146,15822.287
7147,7147,0.0
7148,7148,0.0
7149,7149,17594.154
7150,7150,34634.63
7151,7151,2.7948402e+06
7152,7152,0.0
7153,7153,0.0
7154,7154,0.0
7155,7155,36970.953
7156,7156,26027.992
7157,7157,0.0
7158,7158,29937.598
7159,7159,19652.037
7160,7160,44529.387
7161,7161,167625.78
7162,7162,24856.654
7163,7163,3392.4973
7164,7164,7137.711
7165,7165,9408.487
7166,7166,131741.4
7167,7167,146990.19
7168,7168,8044.305
7169,7169,0.0
7170,7170,6787.817
7171,7171,12186.941
7172,7172,15712.999
7173,7173,11744.1045
7174,7174,18259.441
7175,7175,95865.1
7176,7176,0.0
7177,7177,23417.588
7178,7178,5181.708
7179,7179,1.426356e+06
7180,7180,11999.214
7181,7181,40585.64
7182,7182,15471.213
7183,7183,0.0
7184,7184,232595.84
7185,7185,1356.0894
7186,7186,8770.503
7187,7187,86106.19
7188,7188,36221.69
7189,7189,5014.3906
7190,7190,95169.23
7191,7191,0.0
7192,7192,105537.664
7193,7193,15546.718
7194,7194,60481.465
7195,7195,21442.117
7196,7196,63603.473
7197,7197,0.0
7198,7198,0.0
7199,7199,179517.02
7200,7200,15557.653
7201,7201,74958.45
7202,7202,59912.777
7203,7203,0.0
7204,7204,33311.98
7205,7205,5531.539
7206,7206,0.0
7207,7207,417868.56
7208,7208,102969.79
7209,7209,199695.27
7210,7210,0.0
7211,7211,50082.08
7212,7212,148824.22
7213,7213,22113.33
7214,7214,65610.67
7215,7215,24053.178
7216,7216,325243.44
7217,7217,32616.686
7218,7218,3656.8606
7219,7219,0.0
7220,7220,8215.055
7221,7221,160044.33
7222,7222,0.0
7223,7223,190436.75
7224,7224,0.0
7225,7225,1239.9193
7226,7226,12033.174
7227,7227,0.0
7228,7228,904.85406
7229,7229,0.0
7230,7230,150286.8
7231,7231,4292.8057
7232,7232,4803.9253
7233,7233,135680.44
7234,7234,0.0
7235,7235,31073.633
7236,7236,29959.04
7237,7237,33770.746
7238,7238,20487.533
7239,7239,4011.562
7240,7240,0.0
7241,7241,51716.695
7242,7242,98778.85
7243,7243,786.3523
7244,7244,7995.433
7245,7245,54892.395
7246,7246,210952.28
7247,7247,4422.2983
7248,7248,0.0
7249,7249,76457.305
7250,7250,21230.332
7251,7251,6369.15
7252,7252,0.0
7253,7253,0.0
7254,7254,0.0
7255,7255,4068.6255
7256,7256,24090.482
7257,7257,17762.855
7258,7258,46815.594
7259,7259,11656.523
7260,7260,9922.239
7261,7261,10154.963
7262,7262,16746.281
7263,7263,3649.2932
7264,7264,148784.42
7265,7265,28384.676
7266,7266,0.0
7267,7267,0.0
7268,7268,109792.36
7269,7269,4593.129
7270,7270,2982.3767
7271,7271,23913.014
7272,7272,2325.8477
7273,7273,94049.195
7274,7274,92188.77
7275,7275,0.0
7276,7276,14710.596
7277,7277,12633.138
7278,7278,8860.546
7279,7279,0.0
7280,7280,50827.445
7281,7281,0.0
7282,7282,77276.07
7283,7283,12235.453
7284,7284,324234.16
7285,7285,201891.69
7286,7286,0.0
7287,7287,14548.715
7288,7288,8171.6094
7289,7289,26406.79
7290,7290,66607.05
7291,7291,3343.1965
7292,7292,29614.52
7293,7293,53396.64
7294,7294,0.0
7295,7295,56561.51
7296,7296,66820.766
7297,7297,0.0
7298,7298,4366.384
7299,7299,5495.745
7300,7300,567.7149
7301,7301,15123.511
7302,7302,0.0
7303,7303,0.0
7304,7304,0.0
7305,7305,12217.895
7306,7306,3312.9993
7307,7307,4272.354
7308,7308,20431.217
7309,7309,25800.91
7310,7310,0.0
7311,7311,0.0
7312,7312,0.0
7313,7313,0.0
7314,7314,0.0
7315,7315,25439.504
7316,7316,15321.036
7317,7317,15155.343
7318,7318,0.0
7319,7319,0.0
7320,7320,35.341293
7321,7321,153110.62
7322,7322,39097.22
7323,7323,129833.445
7324,7324,31313.941
7325,7325,18224.504
7326,7326,0.0
7327,7327,9699.857
7328,7328,32126.51
7329,7329,203086.14
7330,7330,2002.4681
7331,7331,799.3596
7332,7332,93636.53
7333,7333,40523.4
7334,7334,0.0
7335,7335,8990.225
7336,7336,18279.37
7337,7337,5312.535
7338,7338,1257.3727
7339,7339,0.0
7340,7340,176288.86
7341,7341,12843.743
7342,7342,43710.574
7343,7343,16945.66
7344,7344,231434.31
7345,7345,22018.58
7346,7346,42546.29
7347,7347,911925.25
7348,7348,0.0
7349,7349,23716.357
7350,7350,6086.945
7351,7351,24199.965
7352,7352,13997.238
7353,7353,42824.453
7354,7354,11750.193
7355,7355,87470.02
7356,7356,4815.5034
7357,7357,188987.48
7358,7358,0.0
7359,7359,0.0
7360,7360,49941.26
7361,7361,8791.698
7362,7362,14840.478
7363,7363,13921.822
7364,7364,84882.055
7365,7365,65415.83
7366,7366,2112.6897
7367,7367,63235.113
7368,7368,292945.3
7369,7369,2138.2808
7370,7370,27936.32
7371,7371,4120.095
7372,7372,119436.71
7373,7373,0.0
7374,7374,89423.51
7375,7375,5.888523e+06
7376,7376,25238.941
7377,7377,0.0
7378,7378,91893.84
7379,7379,106253.3
7380,7380,61473.04
7381,7381,0.0
7382,7382,2281.4412
7383,7383,0.0
7384,7384,1110.0873
7385,7385,2.7608008e+06
7386,7386,54732.656
7387,7387,14290.262
7388,7388,65419.492
7389,7389,38607.08
7390,7390,5707.574
7391,7391,8494.985
7392,7392,39057.297
7393,7393,94511.54
7394,7394,9271.564
7395,7395,0.0
7396,7396,14860.107
7397,7397,92737.02
7398,7398,7380.8784
7399,7399,20421.818
7400,7400,41059.363
7401,7401,38320.09
7402,7402,44229.184
7403,7403,26519.629
7404,7404,103926.37
7405,7405,3264.7473
7406,7406,54845.668
7407,7407,54728.477
7408,7408,22705.738
7409,7409,705704.94
7410,7410,12560.494
7411,7411,0.0
7412,7412,13344.017
7413,7413,69118.91
7414,7414,65044.93
7415,7415,2.3583715e+06
7416,7416,72390.695
7417,7417,15619.827
7418,7418,0.0
7419,7419,192270.36
7420,7420,0.0
7421,7421,24199.965
7422,7422,8013.6875
7423,7423,13102.251
7424,7424,144995.55
7425,7425,14141.302
7426,7426,0.0
7427,7427,0.0
7428,7428,24067.273
7429,7429,0.0
7430,7430,21248.592
7431,7431,28254.104
7432,7432,17205.088
7433,7433,37132.91
7434,7434,441811.53
7435,7435,91912.85
7436,7436,43675.258
7437,7437,110601.65
7438,7438,0.0
7439,7439,46623.496
7440,7440,112280.31
7441,7441,143118.92
7442,7442,9769.193
7443,7443,796.1837
7444,7444,23714.062
7445,7445,35745.715
7446,7446,28241.805
7447,7447,62564.53
7448,7448,12810.742
7449,7449,2413.037
7450,7450,53006.22
7451,7451,27515.846
7452,7452,0.0
7453,7453,1616.2177
7454,7454,118042.42
7455,7455,0.0
7456,7456,85468.46
7457,7457,29634.902
7458,7458,129678.13
7459,7459,0.0
7460,7460,95352.29
7461,7461,204112.39
7462,7462,0.0
7463,7463,19399.959
7464,7464,0.0
7465,7465,4789.616
7466,7466,43416.473
7467,7467,5430.652
7468,7468,0.0
7469,7469,0.0
7470,7470,35738.05
7471,7471,28424.365
7472,7472,0.0
7473,7473,0.0
7474,7474,0.0
7475,7475,4407.688
7476,7476,0.0
7477,7477,6722.7793
7478,7478,29030.805
7479,7479,13739.123
7480,7480,24589.97
7481,7481,182067.89
7482,7482,12083.708
7483,7483,8806.529
7484,7484,15342.512
7485,7485,31386.502
7486,7486,0.0
7487,7487,177990.98
7488,7488,7690.0396
7489,7489,42696.19
7490,7490,20674.031
7491,7491,0.0
7492,7492,20597.816
7493,7493,23424.947
7494,7494,5814.803
7495,7495,18985.05
7496,7496,1888.9104
7497,7497,0.0
7498,7498,35589.7
7499,7499,0.0
7500,7500,98149.01
7501,7501,6267.318
7502,7502,170044.69
7503,7503,262669.22
7504,7504,19816.412
7505,7505,0.0
7506,7506,44731.117
7507,7507,51922.105
7508,7508,116948.29
7509,7509,83543.69
7510,7510,0.0
7511,7511,532.33344
7512,7512,0.0
7513,7513,0.0
7514,7514,142551.03
7515,7515,0.0
7516,7516,353249.22
7517,7517,0.0
7518,7518,21781.512
7519,7519,227941.33
7520,7520,16626.42
7521,7521,0.0
7522,7522,0.0
7523,7523,2.3207012e+06
7524,7524,2189.25
7525,7525,8828.865
7526,7526,23114.145
7527,7527,20031.703
7528,7528,47443.984
7529,7529,13687.652
7530,7530,18730.143
7531,7531,1.3932354e+06
7532,7532,39285.0
7533,7533,0.0
7534,7534,0.0
7535,7535,131412.69
7536,7536,0.0
7537,7537,61248.703
7538,7538,75962.055
7539,7539,52168.83
7540,7540,16744.432
7541,7541,19693.408
7542,7542,406523.2
7543,7543,9605.096
7544,7544,0.0
7545,7545,2.9361585e+06
7546,7546,17859.217
7547,7547,113816.26
7548,7548,115094.734
7549,7549,0.0
7550,7550,32116.32
7551,7551,53414.33
7552,7552,18255.59
7553,7553,9817.557
7554,7554,0.0
7555,7555,12291.195
7556,7556,5853.0054
7557,7557,43041.91
7558,7558,184586.27
7559,7559,19782.727
7560,7560,778.4827
7561,7561,0.0
7562,7562,533993.7
7563,7563,190926.31
7564,7564,46341.312
7565,7565,25263.201
7566,7566,0.0
7567,7567,26769.326
7568,7568,21296.576
7569,7569,0.0
7570,7570,4383.013
7571,7571,50761.145
7572,7572,0.0
7573,7573,9733.439
7574,7574,3389.5425
7575,7575,0.0
7576,7576,7869.9897
7577,7577,290654.94
7578,7578,9566.364
7579,7579,37298.57
7580,7580,2624.212
7581,7581,17842.953
7582,7582,25436.117
7583,7583,22258.336
7584,7584,38997.58
7585,7585,28527.502
7586,7586,0.0
7587,7587,22224.332
7588,7588,230199.86
7589,7589,0.0
7590,7590,433201.2
7591,7591,34006.8
7592,7592,0.0
7593,7593,1961.4324
7594,7594,5933.6343
7595,7595,265484.8
7596,7596,5050.2236
7597,7597,14567.293
7598,7598,499427.06
7599,7599,6340.0396
7600,7600,13244.373
7601,7601,29919.58
7602,7602,18577.99
7603,7603,1868.0255
7604,7604,1087.9596
7605,7605,57264.785
7606,7606,19270.352
7607,7607,40396.79
7608,7608,14706.961
7609,7609,6779.7295
7610,7610,1026.3978
7611,7611,30368.504
7612,7612,0.0
7613,7613,7416.5176
7614,7614,324956.3
7615,7615,6047.6685
7616,7616,12945.815
7617,7617,6016.4565
7618,7618,22309.158
7619,7619,0.0
7620,7620,14626.105
7621,7621,23442.494
7622,7622,69964.69
7623,7623,29567.172
7624,7624,0.0
7625,7625,0.0
7626,7626,17215.44
7627,7627,17203.963
7628,7628,12691.488
7629,7629,51420.57
7630,7630,16795.543
7631,7631,16439.43
7632,7632,0.0
7633,7633,21610.514
7634,7634,11442.093
7635,7635,73783.32
7636,7636,10021.77
7637,7637,36379.543
7638,7638,0.0
7639,7639,48.419502
7640,7640,706.94366
7641,7641,1.3147235e+06
7642,7642,12796.817
7643,7643,15008.207
7644,7644,7336.321
7645,7645,18153.465
7646,7646,31445.918
7647,7647,0.0
7648,7648,87935.55
7649,7649,0.0
7650,7650,0.0
7651,7651,25113.83
7652,7652,4269.8745
7653,7653,10122.074
7654,7654,25407.889
7655,7655,178370.81
7656,7656,33916.227
7657,7657,28682.344
7658,7658,6197.261
7659,7659,27046.977
7660,7660,10394.331
7661,7661,0.0
7662,7662,1247.1561
7663,7663,46954.79
7664,7664,8271.662
7665,7665,435481.03
7666,7666,4227.431
7667,7667,152978.28
7668,7668,0.0
7669,7669,14251.771
7670,7670,86377.47
7671,7671,95108.805
7672,7672,0.0
7673,7673,0.0
7674,7674,0.0
7675,7675,140854.33
7676,7676,28089.498
7677,7677,61937.516
7678,7678,34817.277
7679,7679,9502.924
7680,7680,53724.89
7681,7681,3299.1506
7682,7682,3.334624e+06
7683,7683,9874.61
7684,7684,55743.58
7685,7685,0.0
7686,7686,30757.037
7687,7687,23194.105
7688,7688,72987.21
7689,7689,944473.06
7690,7690,6662.968
7691,7691,10100.727
7692,7692,92556.36
7693,7693,53701.906
7694,7694,37895.03
7695,7695,248852.56
7696,7696,5882.1133
7697,7697,20006.04
7698,7698,0.0
7699,7699,0.0
7700,7700,7292.067
7701,7701,30893.766
7702,7702,34810.12
7703,7703,52428.793
7704,7704,0.0
7705,7705,0.0
7706,7706,8653.771
7707,7707,2288.191
7708,7708,48424.098
7709,7709,17622.047
7710,7710,17111.146
7711,7711,2383.4253
7712,7712,190465.73
7713,7713,33607.023
7714,7714,8210.964
7715,7715,10123.076
7716,7716,45467.645
7717,7717,41046.836
7718,7718,43065.086
7719,7719,30912.684
7720,7720,1254.3545
7721,7721,39628.54
7722,7722,29062.312
7723,7723,6547.7134
7724,7724,389760.2
7725,7725,0.0
7726,7726,4298.907
7727,7727,107891.43
7728,7728,22129.121
7729,7729,7980.912
7730,7730,125411.79
7731,7731,0.0
7732,7732,0.0
7733,7733,3627.6746
7734,7734,4105.1353
7735,7735,18198.97
7736,7736,1013.1474
7737,7737,20627.441
7738,7738,154233.75
7739,7739,36237.426
7740,7740,0.0
7741,7741,116486.086
7742,7742,32657.14
7743,7743,0.0
7744,7744,0.0
7745,7745,48480.17
7746,7746,7700.942
7747,7747,4126.941
7748,7748,25043.316
7749,7749,17568.664
7750,7750,13639.506
7751,7751,0.0
7752,7752,0.0
7753,7753,102414.1
7754,7754,15309.57
7755,7755,87956.266
7756,7756,2402.4163
7757,7757,0.0
7758,7758,123189.23
7759,7759,150822.02
7760,7760,5573.87
7761,7761,2.4801538e+06
7762,7762,5132.782
7763,7763,16491.486
7764,7764,0.0
7765,7765,32436.77
7766,7766,132194.8
7767,7767,5970.949
7768,7768,9466.621
7769,7769,0.0
7770,7770,0.0
7771,7771,0.0
7772,7772,5175.4624
7773,7773,1808.9025
7774,7774,12969.439
7775,7775,9043.592
7776,7776,0.0
7777,7777,41108.918
7778,7778,164151.03
7779,7779,8864.532
7780,7780,24935.32
7781,7781,24628.238
7782,7782,32048.326
7783,7783,0.0
7784,7784,0.0
7785,7785,51912.508
7786,7786,7782.7236
7787,7787,17580.479
7788,7788,878.9493
7789,7789,0.0
7790,7790,3228.472
7791,7791,27795.615
7792,7792,59218.12
7793,7793,61658.766
7794,7794,5207.7935
7795,7795,21316.127
7796,7796,32070.19
7797,7797,5796.339
7798,7798,107478.805
7799,7799,8725.062
7800,7800,18329.44
7801,7801,7358.673
7802,7802,24502.22
7803,7803,0.0
7804,7804,13880.697
7805,7805,29017.1
7806,7806,0.0
7807,7807,10701.7705
7808,7808,18406.057
7809,7809,2800.8586
7810,7810,20079.121
7811,7811,3641.8293
7812,7812,82632.9
7813,7813,87604.76
7814,7814,0.0
7815,7815,8111.1743
7816,7816,43103.973
7817,7817,10438.62
7818,7818,1751.7631
7819,7819,0.0
7820,7820,27808.342
7821,7821,19020.654
7822,7822,7142.2715
7823,7823,0.0
7824,7824,20371.822
7825,7825,137479.36
7826,7826,41427.543
7827,7827,26302.414
7828,7828,2952.5637
7829,7829,100158.055
7830,7830,216341.12
7831,7831,19920.402
7832,7832,117931.16
7833,7833,32671.17
7834,7834,0.0
7835,7835,27243.547
7836,7836,9475.907
7837,7837,0.0
7838,7838,6020.1616
7839,7839,0.0
7840,7840,0.0
7841,7841,63207.383
7842,7842,0.0
7843,7843,19582.174
7844,7844,98372.24
7845,7845,217092.83
7846,7846,8897.235
7847,7847,20430.143
7848,7848,45629.887
7849,7849,142664.66
7850,7850,34661.18
7851,7851,48896.43
7852,7852,0.0
7853,7853,1753.8766
7854,7854,33368.586
7855,7855,56254.035
7856,7856,7667.5156
7857,7857,46202.78
7858,7858,0.0
7859,7859,51923.61
7860,7860,42825.523
7861,7861,71983.33
7862,7862,0.0
7863,7863,0.0
7864,7864,14602.169
7865,7865,0.0
7866,7866,76021.586
7867,7867,20847.998
7868,7868,13896.901
7869,7869,53980.848
7870,7870,65524.91
7871,7871,0.0
7872,7872,46968.832
7873,7873,0.0
7874,7874,58617.11
7875,7875,5041.0273
7876,7876,103333.58
7877,7877,159374.72
7878,7878,19341.244
7879,7879,33641.84
7880,7880,68864.44
7881,7881,0.0
7882,7882,36801.676
7883,7883,237933.11
7884,7884,0.0
7885,7885,277258.44
7886,7886,31237.148
7887,7887,29204.1
7888,7888,14712.029
7889,7889,29675.398
7890,7890,190855.67
7891,7891,61114.402
7892,7892,0.0
7893,7893,10927.482
7894,7894,0.0
7895,7895,22018.756
7896,7896,95701.414
7897,7897,6202.8745
7898,7898,0.0
7899,7899,8883.063
7900,7900,13327.733
7901,7901,14587.712
7902,7902,321.84415
7903,7903,45302.223
7904,7904,123569.44
7905,7905,6208.9653
7906,7906,136879.08
7907,7907,141703.25
7908,7908,0.0
7909,7909,31103.908
7910,7910,120616.94
7911,7911,7709.3823
7912,7912,0.0
7913,7913,4.241869e+06
7914,7914,42348.254
7915,7915,58448.742
7916,7916,12209.394
7917,7917,12130.776
7918,7918,0.0
7919,7919,6.1794615e+06
7920,7920,89689.6
7921,7921,105130.164
7922,7922,0.0
7923,7923,7853.1914
7924,7924,17631.498
7925,7925,8385.758
7926,7926,18229.463
7927,7927,48026.39
7928,7928,41134.73
7929,7929,24518.533
7930,7930,7378.205
7931,7931,62358.9
7932,7932,16988.215
7933,7933,0.0
7934,7934,16279.412
7935,7935,10532.893
7936,7936,0.0
7937,7937,16663.053
7938,7938,0.0
7939,7939,0.0
7940,7940,22086.137
7941,7941,29692.979
7942,7942,10668.57
7943,7943,0.0
7944,7944,5569.1665
7945,7945,26483.54
7946,7946,27879.658
7947,7947,0.0
7948,7948,76440.63
7949,7949,16588.55
7950,7950,0.0
7951,7951,38450.12
7952,7952,30889.69
7953,7953,0.0
7954,7954,85005.42
7955,7955,50820.164
7956,7956,0.0
7957,7957,63324.08
7958,7958,90712.37
7959,7959,911.072
7960,7960,51988.824
7961,7961,109904.86
7962,7962,11985.189
7963,7963,13038.526
7964,7964,3571.0315
7965,7965,0.0
7966,7966,0.0
7967,7967,9744.255
7968,7968,30550.97
7969,7969,55586.65
7970,7970,74945.734
7971,7971,31882.129
7972,7972,43069.105
7973,7973,245396.14
7974,7974,71307.0
7975,7975,32525.502
7976,7976,20874.133
7977,7977,12264.63
7978,7978,76768.81
7979,7979,0.0
7980,7980,26192.658
7981,7981,0.0
7982,7982,31067.367
7983,7983,1438.3182
7984,7984,103529.9
7985,7985,17650.133
7986,7986,2.9280182e+06
7987,7987,388.83554
7988,7988,36516.484
7989,7989,60050.465
7990,7990,132340.75
7991,7991,0.0
7992,7992,10150.38
7993,7993,11513.184
7994,7994,68141.49
7995,7995,79194.39
7996,7996,17559.984
7997,7997,118226.695
7998,7998,95528.81
7999,7999,184490.47
8000,8000,17754.965
8001,8001,1355.5165
8002,8002,0.0
8003,8003,29256.707
8004,8004,24023.775
8005,8005,0.0
8006,8006,80716.53
8007,8007,0.0
8008,8008,405.98944
8009,8009,100768.34
8010,8010,12274.178
8011,8011,0.0
8012,8012,8877.149
8013,8013,0.0
8014,8014,191.36919
8015,8015,0.0
8016,8016,66228.17
8017,8017,9335.178
8018,8018,10277.184
8019,8019,116048.9
8020,8020,5027.993
8021,8021,9947.015
8022,8022,219733.39
8023,8023,0.0
8024,8024,24610.996
8025,8025,69140.8
8026,8026,24854.879
8027,8027,55218.277
8028,8028,39189.484
8029,8029,5627.104
8030,8030,4464.847
8031,8031,0.0
8032,8032,62853.07
8033,8033,0.0
8034,8034,17702.03
8035,8035,18348.662
8036,8036,0.0
8037,8037,0.0
8038,8038,3081.1677
8039,8039,7557.789
8040,8040,47626.72
8041,8041,6925.0356
8042,8042,234192.52
8043,8043,35955.215
8044,8044,31292.166
8045,8045,23595.484
8046,8046,107277.47
8047,8047,2221.3237
8048,8048,5815.3667
8049,8049,36424.273
8050,8050,0.0
8051,8051,14853.026
8052,8052,0.0
8053,8053,7219.0815
8054,8054,5718.248
8055,8055,74892.56
8056,8056,3227.1606
8057,8057,806.4525
8058,8058,98609.266
8059,8059,76751.03
8060,8060,153355.4
8061,8061,590.60364
8062,8062,28494.85
8063,8063,17308.023
8064,8064,1052.8392
8065,8065,23789.383
8066,8066,71070.74
8067,8067,27528.379
8068,8068,0.0
8069,8069,77460.3
8070,8070,61959.387
8071,8071,28551.982
8072,8072,2943.0154
8073,8073,68885.65
8074,8074,0.0
8075,8075,0.0
8076,8076,5481.286
8077,8077,10804.732
8078,8078,9754.449
8079,8079,17213.197
8080,8080,65386.2
8081,8081,0.0
8082,8082,152461.1
8083,8083,41004.664
8084,8084,1942.9622
8085,8085,16869.766
8086,8086,0.0
8087,8087,33384.03
8088,8088,69990.75
8089,8089,1642.8118
8090,8090,3432.4868
8091,8091,0.0
8092,8092,87458.03
8093,8093,58552.055
8094,8094,866.44525
8095,8095,0.0
8096,8096,85586.85
8097,8097,906132.0
8098,8098,0.0
8099,8099,0.0
8100,8100,0.0
8101,8101,6542.3306
8102,8102,117179.55
8103,8103,0.0
8104,8104,122773.18
8105,8105,36999.188
8106,8106,1332.2119
8107,8107,0.0
8108,8108,79815.29
8109,8109,57316.156
8110,8110,4991.0664
8111,8111,118656.25
8112,8112,1049.724
8113,8113,148752.77
8114,8114,1.4821681e+06
8115,8115,326490.44
8116,8116,7144.434
8117,8117,804.04456
8118,8118,11818.835
8119,8119,2964.7742
8120,8120,11128.01
8121,8121,15871.232
8122,8122,978.7827
8123,8123,10451.757
8124,8124,1581.0507
8125,8125,5881.33
8126,8126,19354.455
8127,8127,9225.853
8128,8128,0.0
8129,8129,89703.46
8130,8130,19763.754
8131,8131,15594.687
8132,8132,34390.508
8133,8133,11291.688
8134,8134,85006.06
8135,8135,296413.72
8136,8136,50164.973
8137,8137,7250.883
8138,8138,6076.5605
8139,8139,0.0
8140,8140,0.0
8141,8141,0.0
8142,8142,32409.566
8143,8143,321371.7
8144,8144,217.2786
8145,8145,47122.164
8146,8146,0.0
8147,8147,2082.539
8148,8148,62449.74
8149,8149,0.0
8150,8150,6186.2964
8151,8151,24732.37
8152,8152,8409.352
8153,8153,0.0
8154,8154,946800.8
8155,8155,11523.321
8156,8156,207228.44
8157,8157,0.0
8158,8158,13265.609
8159,8159,648.12067
8160,8160,4379.836
8161,8161,22993.348
8162,8162,29936.924
8163,8163,47211.566
8164,8164,28044.393
8165,8165,0.0
8166,8166,46245.95
8167,8167,0.0
8168,8168,17949.924
8169,8169,28843.041
8170,8170,7938.5938
8171,8171,12970.237
8172,8172,13719.394
8173,8173,29381.848
8174,8174,47839.46
8175,8175,25949.54
8176,8176,0.0
8177,8177,41233.31
8178,8178,10709.732
8179,8179,78261.08
8180,8180,24026.1
8181,8181,14198.7295
8182,8182,133448.28
8183,8183,0.0
8184,8184,0.0
8185,8185,95281.49
8186,8186,2303.6506
8187,8187,25189.38
8188,8188,2361.6086
8189,8189,67642.18
8190,8190,43228.29
8191,8191,0.0
8192,8192,19653.475
8193,8193,48134.61
8194,8194,40171.566
8195,8195,3178.0369
8196,8196,56446.207
8197,8197,7624.1265
8198,8198,1950.0564
8199,8199,29390.725
8200,8200,0.0
8201,8201,22161.66
8202,8202,52505.67
8203,8203,10036.895
8204,8204,28127.63
8205,8205,38479.094
8206,8206,19651.918
8207,8207,419.95227
8208,8208,123803.766
8209,8209,8659.693
8210,8210,5201.7637
8211,8211,20418.209
8212,8212,9327.575
8213,8213,5200.208
8214,8214,69953.38
8215,8215,28487.879
8216,8216,4582.232
8217,8217,105992.54
8218,8218,19789.32
8219,8219,0.0
8220,8220,89339.67
8221,8221,36908.73
8222,8222,1588.8767
8223,8223,78858.06
8224,8224,456404.6
8225,8225,0.0
8226,8226,47135.26
8227,8227,0.0
8228,8228,58764.05
8229,8229,29352.932
8230,8230,15746.628
8231,8231,5430.5073
8232,8232,18318.291
8233,8233,88348.92
8234,8234,0.0
8235,8235,33653.03
8236,8236,64163.777
8237,8237,0.0
8238,8238,3266.8362
8239,8239,0.0
8240,8240,205629.78
8241,8241,73346.91
8242,8242,37921.137
8243,8243,8.070886e+06
8244,8244,707.4146
8245,8245,0.0
8246,8246,0.0
8247,8247,26137.715
8248,8248,30450.938
8249,8249,60835.742
8250,8250,4572.7905
8251,8251,30908.924
8252,8252,52715.85
8253,8253,6798.77
8254,8254,13320.628
8255,8255,57512.473
8256,8256,11396.855
8257,8257,47477.18
8258,8258,62296.113
8259,8259,22403.12
8260,8260,0.0
8261,8261,41553.82
8262,8262,0.0
8263,8263,6692.1094
8264,8264,49232.914
8265,8265,0.0
8266,8266,40174.31
8267,8267,2210.5203
8268,8268,9388.279
8269,8269,28711.615
8270,8270,0.0
8271,8271,18105.277
8272,8272,71901.95
8273,8273,16275.185
8274,8274,7596.339
8275,8275,3475.92
8276,8276,9993.189
8277,8277,0.0
8278,8278,0.0
8279,8279,9291.13
8280,8280,0.0
8281,8281,8685.587
8282,8282,26397.262
8283,8283,0.0
8284,8284,7204.656
8285,8285,35371.08
8286,8286,0.0
8287,8287,12014.364
8288,8288,626.2416
8289,8289,11347.005
8290,8290,622.2533
8291,8291,19327.559
8292,8292,68555.625
8293,8293,28481.574
8294,8294,84422.89
8295,8295,3433.4272
8296,8296,0.0
8297,8297,5773.1978
8298,8298,13194.967
8299,8299,15214.823
8300,8300,110322.13
8301,8301,21485.336
8302,8302,3657.6875
8303,8303,16014.35
8304,8304,14351.685
8305,8305,0.0
8306,8306,142018.16
8307,8307,43399.914
8308,8308,8598.636
8309,8309,18560.012
8310,8310,0.0
8311,8311,18755.762
8312,8312,74937.56
8313,8313,22181.56
8314,8314,14013.733
8315,8315,2.9195608e+06
8316,8316,19640.582
8317,8317,0.0
8318,8318,32639.979
8319,8319,6782.2607
8320,8320,1418.5048
8321,8321,9220.417
8322,8322,9407.2295
8323,8323,103647.71
8324,8324,4168.167
8325,8325,14444.649
8326,8326,128857.72
8327,8327,29425.428
8328,8328,42902.92
8329,8329,7888.8174
8330,8330,121265.41
8331,8331,5459.3223
8332,8332,42443.977
8333,8333,14631.289
8334,8334,24433.793
8335,8335,0.0
8336,8336,13442.94
8337,8337,29208.908
8338,8338,1154.0159
8339,8339,15882.559
8340,8340,21406.111
8341,8341,0.0
8342,8342,8907.026
8343,8343,90140.305
8344,8344,1199.2759
8345,8345,0.0
8346,8346,0.0
8347,8347,30191.662
8348,8348,0.0
8349,8349,63466.77
8350,8350,88060.945
8351,8351,20113.19
8352,8352,62812.453
8353,8353,7333.153
8354,8354,18283.828
8355,8355,0.0
8356,8356,221727.38
8357,8357,0.0
8358,8358,35519.277
8359,8359,16551.055
8360,8360,47482.8
8361,8361,219878.08
8362,8362,0.0
8363,8363,24294.412
8364,8364,45102.38
8365,8365,20198.555
8366,8366,0.0
8367,8367,0.0
8368,8368,32433.777
8369,8369,16115.611
8370,8370,4957.6055
8371,8371,6761.8896
8372,8372,9524.127
8373,8373,11242.445
8374,8374,177533.55
8375,8375,10902.837
8376,8376,50070.88
8377,8377,0.0
8378,8378,13984.749
8379,8379,388204.7
8380,8380,0.0
8381,8381,3640.1086
8382,8382,0.0
8383,8383,0.0
8384,8384,1.2535142e+07
8385,8385,0.0
8386,8386,9637.705
8387,8387,9904.808
8388,8388,138585.5
8389,8389,46801.848
8390,8390,12148.219
8391,8391,7976.4043
8392,8392,0.0
8393,8393,87275.03
8394,8394,0.0
8395,8395,0.0
8396,8396,24806.139
8397,8397,0.0
8398,8398,18948.822
8399,8399,3.3726775e+06
8400,8400,0.0
8401,8401,17820.363
8402,8402,0.0
8403,8403,97063.88
8404,8404,15111.922
8405,8405,13394.53
8406,8406,18621.988
8407,8407,63019.65
8408,8408,32101.727
8409,8409,0.0
8410,8410,22465.734
8411,8411,0.0
8412,8412,22658.053
8413,8413,65843.89
8414,8414,32788.68
8415,8415,0.0
8416,8416,123798.72
8417,8417,7480.4834
8418,8418,11079.782
8419,8419,12865.651
8420,8420,0.0
8421,8421,90343.29
8422,8422,0.0
8423,8423,59917.938
8424,8424,30479.521
8425,8425,631.1287
8426,8426,103453.89
8427,8427,17705.344
8428,8428,3232.1543
8429,8429,111937.62
8430,8430,104893.93
8431,8431,17251.576
8432,8432,10964.842
8433,8433,36997.535
8434,8434,0.0
8435,8435,52342.664
8436,8436,308690.94
8437,8437,76822.18
8438,8438,10569.242
8439,8439,7895.492
8440,8440,55893.586
8441,8441,48977.36
8442,8442,0.0
8443,8443,3428.4443
8444,8444,192058.39
8445,8445,8146.171
8446,8446,49955.074
8447,8447,22434.932
8448,8448,54101.08
8449,8449,18941.553
8450,8450,0.0
8451,8451,12548.417
8452,8452,106543.234
8453,8453,0.0
8454,8454,8706.305
8455,8455,37309.004
8456,8456,24940.178
8457,8457,13861.842
8458,8458,238685.33
8459,8459,26030.229
8460,8460,117584.14
8461,8461,19348.63
8462,8462,41526.707
8463,8463,32813.465
8464,8464,6392.8643
8465,8465,28239.322
8466,8466,21007.168
8467,8467,4056.2974
8468,8468,0.0
8469,8469,32083.385
8470,8470,30395.938
8471,8471,82359.25
8472,8472,25612.135
8473,8473,136363.94
8474,8474,0.0
8475,8475,3192.3833
8476,8476,24074.674
8477,8477,8078.412
8478,8478,3185.761
8479,8479,6165.761
8480,8480,123969.77
8481,8481,15870.932
8482,8482,5260.6064
8483,8483,189174.47
8484,8484,15741.553
8485,8485,22185.648
8486,8486,0.0
8487,8487,25012.252
8488,8488,20167.053
8489,8489,12204.778
8490,8490,13607.141
8491,8491,20261.393
8492,8492,43805.684
8493,8493,17618.557
8494,8494,7574.297
8495,8495,20913.404
8496,8496,0.0
8497,8497,0.0
8498,8498,118036.26
8499,8499,0.0
8500,8500,230417.98
8501,8501,0.0
8502,8502,150.53766
8503,8503,23576.834
8504,8504,18939.969
8505,8505,21573.541
8506,8506,20341.5
8507,8507,4.2180365e+06
8508,8508,2639.8096
8509,8509,27979.354
8510,8510,11921.202
8511,8511,0.0
8512,8512,96184.4
8513,8513,28650.691
8514,8514,0.0
8515,8515,33596.246
8516,8516,0.0
8517,8517,35468.098
8518,8518,136163.16
8519,8519,5442.628
8520,8520,46019.61
8521,8521,57976.863
8522,8522,10176.924
8523,8523,7553.2646
8524,8524,79770.47
8525,8525,30314.467
8526,8526,24566.428
8527,8527,0.0
8528,8528,51204.28
8529,8529,43447.254
8530,8530,1756.1007
8531,8531,8754.052
8532,8532,5405.6025
8533,8533,0.0
8534,8534,26984.545
8535,8535,0.0
8536,8536,8425.772
8537,8537,0.0
8538,8538,5077.6777
8539,8539,10106.055
8540,8540,26769.637
8541,8541,0.0
8542,8542,24151.408
8543,8543,0.0
8544,8544,180138.44
8545,8545,156127.62
8546,8546,47185.645
8547,8547,11933.518
8548,8548,98724.67
8549,8549,14448.591
8550,8550,10670.597
8551,8551,73881.52
8552,8552,7921.1665
8553,8553,8253.751
8554,8554,0.0
8555,8555,0.0
8556,8556,0.0
8557,8557,119852.92
8558,8558,7348.3774
8559,8559,9477.056
8560,8560,77147.29
8561,8561,18073.428
8562,8562,1444.4113
8563,8563,0.0
8564,8564,46964.816
8565,8565,0.0
8566,8566,6025.875
8567,8567,0.0
8568,8568,0.0
8569,8569,71497.54
8570,8570,19259.191
8571,8571,8812.55
8572,8572,91151.34
8573,8573,64362.92
8574,8574,56489.79
8575,8575,151584.2
8576,8576,0.0
8577,8577,7211.0986
8578,8578,59225.066
8579,8579,14873.077
8580,8580,7488.1772
8581,8581,10879.701
8582,8582,66593.35
8583,8583,46289.664
8584,8584,0.0
8585,8585,3266.4285
8586,8586,10023.388
8587,8587,109407.445
8588,8588,0.0
8589,8589,0.0
8590,8590,29380.16
8591,8591,0.0
8592,8592,209854.45
8593,8593,430169.56
8594,8594,3284.4707
8595,8595,5820.9766
8596,8596,23859.629
8597,8597,212869.83
8598,8598,0.0
8599,8599,76094.61
8600,8600,43240.04
8601,8601,26618.838
8602,8602,21794.38
8603,8603,404328.5
8604,8604,39800.38
8605,8605,69317.805
8606,8606,29054.752
8607,8607,27290.822
8608,8608,12759.317
8609,8609,0.0
8610,8610,3809.142
8611,8611,0.0
8612,8612,26922.03
8613,8613,5.8694815e+06
8614,8614,25515.94
8615,8615,0.0
8616,8616,12793.949
8617,8617,0.0
8618,8618,34381.5
8619,8619,4248.195
8620,8620,34494.523
8621,8621,64801.94
8622,8622,20269.803
8623,8623,11069.39
8624,8624,50176.812
8625,8625,10036.942
8626,8626,1760.531
8627,8627,74193.05
8628,8628,0.0
8629,8629,617.4594
8630,8630,14019.873
8631,8631,28690.852
8632,8632,0.0
8633,8633,11290.874
8634,8634,16927.303
8635,8635,157.57268
8636,8636,7378.8916
8637,8637,18154.584
8638,8638,0.0
8639,8639,0.0
8640,8640,165082.1
8641,8641,0.0
8642,8642,56219.17
8643,8643,3511.3528
8644,8644,10989.868
8645,8645,11756.364
8646,8646,75065.1
8647,8647,5686.2544
8648,8648,0.0
8649,8649,317268.28
8650,8650,0.0
8651,8651,0.0
8652,8652,3250.1975
8653,8653,56148.645
8654,8654,0.0
8655,8655,4483.1953
8656,8656,53440.46
8657,8657,196351.2
8658,8658,12494.639
8659,8659,0.0
8660,8660,24563.482
8661,8661,8995.386
8662,8662,0.0
8663,8663,167836.25
8664,8664,0.0
8665,8665,6234.8667
8666,8666,2677.5476
8667,8667,52112.85
8668,8668,0.0
8669,8669,4687.45
8670,8670,5062.9253
8671,8671,97603.26
8672,8672,81350.75
8673,8673,0.0
8674,8674,3731.0664
8675,8675,5104.551
8676,8676,136227.12
8677,8677,185331.34
8678,8678,20143.186
8679,8679,0.0
8680,8680,3097.402
8681,8681,0.0
8682,8682,11306.244
8683,8683,21497.225
8684,8684,30354.527
8685,8685,0.0
8686,8686,53662.477
8687,8687,0.0
8688,8688,3174.827
8689,8689,124834.32
8690,8690,52745.883
8691,8691,77850.875
8692,8692,67720.37
8693,8693,34232.203
8694,8694,13662.435
8695,8695,16895.352
8696,8696,0.0
8697,8697,27594.059
8698,8698,103123.95
8699,8699,17299.836
8700,8700,24379.572
8701,8701,17854.262
8702,8702,48115.566
8703,8703,0.0
8704,8704,72469.52
8705,8705,48560.605
8706,8706,13403.582
8707,8707,17826.43
8708,8708,7129.299
8709,8709,40283.707
8710,8710,141996.14
8711,8711,9708.981
8712,8712,52232.625
8713,8713,12104.141
8714,8714,30016.129
8715,8715,69205.86
8716,8716,24548.062
8717,8717,3729.5874
8718,8718,16429.422
8719,8719,39576.332
8720,8720,21220.633
8721,8721,48045.617
8722,8722,248528.84
8723,8723,336361.5
8724,8724,46620.992
8725,8725,210114.4
8726,8726,0.0
8727,8727,285168.0
8728,8728,8091.5566
8729,8729,13497.583
8730,8730,46706.555
8731,8731,68667.86
8732,8732,29794.113
8733,8733,0.0
8734,8734,15124.621
8735,8735,52455.367
8736,8736,0.0
8737,8737,0.0
8738,8738,22672.227
8739,8739,7938.595
8740,8740,1.4829802e+06
8741,8741,157824.45
8742,8742,218031.36
8743,8743,0.0
8744,8744,11300.575
8745,8745,87476.086
8746,8746,8853.534
8747,8747,34206.145
8748,8748,36411.65
8749,8749,15148.857
8750,8750,24381.568
8751,8751,24679.2
8752,8752,397293.44
8753,8753,25137.678
8754,8754,36151.6
8755,8755,0.0
8756,8756,6658.3066
8757,8757,26262.428
8758,8758,15009.849
8759,8759,16667.395
8760,8760,35584.395
8761,8761,39536.523
8762,8762,18960.885
8763,8763,87060.414
8764,8764,0.0
8765,8765,330047.0
8766,8766,12041.762
8767,8767,0.0
8768,8768,6090.5903
8769,8769,40466.52
8770,8770,14510.402
8771,8771,8484.479
8772,8772,2722.2324
8773,8773,6445.3804
8774,8774,0.0
8775,8775,11950.488
8776,8776,5185.1772
8777,8777,18213.648
8778,8778,4213.5356
8779,8779,0.0
8780,8780,0.0
8781,8781,31918.29
8782,8782,40645.582
8783,8783,407204.84
8784,8784,23653.969
8785,8785,21120.479
8786,8786,25405.639
8787,8787,144838.95
8788,8788,0.0
8789,8789,7919.6196
8790,8790,603348.94
8791,8791,0.0
8792,8792,149438.03
8793,8793,387929.47
8794,8794,0.0
8795,8795,12408.665
8796,8796,1215.1532
8797,8797,81851.59
8798,8798,0.0
8799,8799,7658.1006
8800,8800,10035.906
8801,8801,38809.1
8802,8802,80841.59
8803,8803,29008.857
8804,8804,63399.26
8805,8805,84600.28
8806,8806,12634.225
8807,8807,14929.921
8808,8808,0.0
8809,8809,12871.446
8810,8810,10577.51
8811,8811,170073.95
8812,8812,17152.588
8813,8813,19731.201
8814,8814,63410.234
8815,8815,54660.977
8816,8816,97384.97
8817,8817,613.4698
8818,8818,0.0
8819,8819,35915.83
8820,8820,29159.336
8821,8821,76175.2
8822,8822,24024.512
8823,8823,0.0
8824,8824,134391.95
8825,8825,0.0
8826,8826,44366.9
8827,8827,22213.016
8828,8828,447.6993
8829,8829,0.0
8830,8830,176212.88
8831,8831,7039.093
8832,8832,1.0968101e+06
8833,8833,20956.305
8834,8834,7275.476
8835,8835,411174.47
8836,8836,0.0
8837,8837,0.0
8838,8838,45185.87
8839,8839,27354.4
8840,8840,0.0
8841,8841,0.0
8842,8842,22667.404
8843,8843,8029.7456
8844,8844,24121.236
8845,8845,276116.22
8846,8846,14751.354
8847,8847,86583.93
8848,8848,1.2000388e+06
8849,8849,41801.496
8850,8850,12614.892
8851,8851,6722.616
8852,8852,0.0
8853,8853,22958.361
8854,8854,11638.281
8855,8855,37751.793
8856,8856,35279.832
8857,8857,162033.61
8858,8858,37916.555
8859,8859,0.0
8860,8860,2003.6588
8861,8861,20271.076
8862,8862,183188.62
8863,8863,13900.504
8864,8864,62151.355
8865,8865,170994.02
8866,8866,0.0
8867,8867,12488.935
8868,8868,55998.973
8869,8869,40677.523
8870,8870,3643.8313
8871,8871,0.0
8872,8872,0.0
8873,8873,32390.604
8874,8874,0.0
8875,8875,10221.697
8876,8876,40572.277
8877,8877,1935.6179
8878,8878,24046.447
8879,8879,0.0
8880,8880,10705.402
8881,8881,18657.773
8882,8882,0.0
8883,8883,0.0
8884,8884,136686.22
8885,8885,10762.269
8886,8886,78121.086
8887,8887,63181.617
8888,8888,74267.59
8889,8889,1.6327672e+06
8890,8890,3.076704e+06
8891,8891,0.0
8892,8892,25052.71
8893,8893,7863.182
8894,8894,420208.06
8895,8895,0.0
8896,8896,120350.44
8897,8897,7959.3154
8898,8898,0.0
8899,8899,456352.38
8900,8900,39470.613
8901,8901,0.0
8902,8902,0.0
8903,8903,4380.267
8904,8904,449490.06
8905,8905,18076.02
8906,8906,32572.662
8907,8907,2800.2493
8908,8908,0.0
8909,8909,54133.92
8910,8910,6572.1123
8911,8911,2156.75
8912,8912,10215.397
8913,8913,5507.286
8914,8914,0.0
8915,8915,118872.56
8916,8916,135560.84
8917,8917,79097.63
8918,8918,62290.375
8919,8919,11947.867
8920,8920,148370.4
8921,8921,48234.652
8922,8922,120923.055
8923,8923,0.0
8924,8924,0.0
8925,8925,12655.729
8926,8926,38963.85
8927,8927,0.0
8928,8928,14081.528
8929,8929,54428.715
8930,8930,6861.8643
8931,8931,0.0
8932,8932,0.0
8933,8933,28813.68
8934,8934,0.0
8935,8935,47703.926
8936,8936,20826.973
8937,8937,13189.183
8938,8938,81476.85
8939,8939,10038.285
8940,8940,23719.17
8941,8941,46437.35
8942,8942,100802.914
8943,8943,0.0
8944,8944,20210.936
8945,8945,33867.965
8946,8946,22540.277
8947,8947,105847.91
8948,8948,9152.14
8949,8949,2646.2417
8950,8950,13519.726
8951,8951,731.25476
8952,8952,10454.93
8953,8953,221859.17
8954,8954,197839.2
8955,8955,16180.846
8956,8956,371.70502
8957,8957,0.0
8958,8958,0.0
8959,8959,177900.8
8960,8960,5067.1343
8961,8961,12873.838
8962,8962,22883.463
8963,8963,122405.7
8964,8964,50123.35
8965,8965,11223.816
8966,8966,76211.7
8967,8967,19389.285
8968,8968,1709.2201
8969,8969,0.0
8970,8970,4023.0596
8971,8971,38155.59
8972,8972,28204.299
8973,8973,8847.798
8974,8974,20193.84
8975,8975,22427.723
8976,8976,249973.45
8977,8977,0.0
8978,8978,8210.615
8979,8979,13695.154
8980,8980,0.0
8981,8981,15738.276
8982,8982,26382.639
8983,8983,26989.447
8984,8984,56501.812
8985,8985,14123.519
8986,8986,9857.27
8987,8987,160205.36
8988,8988,2446.945
8989,8989,0.0
8990,8990,30469.98
8991,8991,4045.876
8992,8992,39501.15
8993,8993,232304.92
8994,8994,34464.047
8995,8995,5688.2505
8996,8996,21654.607
8997,8997,98814.21
8998,8998,0.0
8999,8999,14102.58
9000,9000,48059.305
9001,9001,134999.7
9002,9002,0.0
9003,9003,11592.203
9004,9004,0.0
9005,9005,37741.977
9006,9006,9258.721
9007,9007,14914.967
9008,9008,93612.5
9009,9009,0.0
9010,9010,39066.973
9011,9011,58131.258
9012,9012,0.0
9013,9013,13143.945
9014,9014,0.0
9015,9015,65894.88
9016,9016,16742.344
9017,9017,4241.651
9018,9018,7163.212
9019,9019,136541.6
9020,9020,1420.1908
9021,9021,0.0
9022,9022,2348.2305
9023,9023,3009.701
9024,9024,1303.283
9025,9025,10823.236
9026,9026,118407.836
9027,9027,27369.545
9028,9028,174532.62
9029,9029,1414.4875
9030,9030,74170.1
9031,9031,0.0
9032,9032,0.0
9033,9033,0.0
9034,9034,0.0
9035,9035,16233.035
9036,9036,23190.395
9037,9037,8810.647
9038,9038,0.0
9039,9039,27197.043
9040,9040,0.0
9041,9041,0.0
9042,9042,0.0
9043,9043,0.0
9044,9044,6172.3457
9045,9045,5922.4805
9046,9046,36226.297
9047,9047,0.0
9048,9048,134041.06
9049,9049,71339.21
9050,9050,86061.43
9051,9051,6587.976
9052,9052,82143.72
9053,9053,120453.195
9054,9054,0.0
9055,9055,84353.664
9056,9056,15556.615
9057,9057,117011.195
9058,9058,0.0
9059,9059,162083.2
9060,9060,12216.554
9061,9061,12652.315
9062,9062,9421.091
9063,9063,4.041814e+06
9064,9064,70828.27
9065,9065,0.0
9066,9066,33912.234
9067,9067,167399.81
9068,9068,65814.18
9069,9069,0.0
9070,9070,0.0
9071,9071,11505.036
9072,9072,116861.85
9073,9073,903.0464
9074,9074,39159.223
9075,9075,4289.826
9076,9076,29813.39
9077,9077,342354.7
9078,9078,12347.318
9079,9079,12828.841
9080,9080,139131.73
9081,9081,594461.44
9082,9082,15329.444
9083,9083,0.0
9084,9084,35139.184
9085,9085,0.0
9086,9086,9227.474
9087,9087,2908.455
9088,9088,5401.9897
9089,9089,7631.9927
9090,9090,73097.9
9091,9091,0.0
9092,9092,40566.13
9093,9093,5019.6147
9094,9094,25769.16
9095,9095,34921.574
9096,9096,19042.016
9097,9097,3957.8281
9098,9098,73717.93
9099,9099,300045.7
9100,9100,41533.32
9101,9101,121478.69
9102,9102,9857.773
9103,9103,17802.896
9104,9104,1454.7705
9105,9105,334.31738
9106,9106,82125.49
9107,9107,568.61755
9108,9108,3333.4233
9109,9109,35880.812
9110,9110,9352.447
9111,9111,19740.266
9112,9112,52010.266
9113,9113,0.0
9114,9114,5839.2363
9115,9115,27700.42
9116,9116,19326.658
9117,9117,9505.929
9118,9118,7249.957
9119,9119,1.0113417e+06
9120,9120,47387.574
9121,9121,7646.4575
9122,9122,39446.19
9123,9123,20615.152
9124,9124,48657.465
9125,9125,47828.82
9126,9126,12959.898
9127,9127,90688.2
9128,9128,0.0
9129,9129,11880.547
9130,9130,292287.1
9131,9131,3940.0159
9132,9132,184.02013
9133,9133,0.0
9134,9134,182654.56
9135,9135,10001.986
9136,9136,10202.332
9137,9137,16430.213
9138,9138,14907.796
9139,9139,3346.1367
9140,9140,115708.28
9141,9141,65970.18
9142,9142,50611.67
9143,9143,0.0
9144,9144,281705.0
9145,9145,155113.2
9146,9146,7826.931
9147,9147,20225.535
9148,9148,99403.914
9149,9149,12333.28
9150,9150,43257.457
9151,9151,38967.918
9152,9152,12159.273
9153,9153,7750.3726
9154,9154,6631.372
9155,9155,8049.963
9156,9156,27272.459
9157,9157,0.0
9158,9158,39147.36
9159,9159,103445.46
9160,9160,73755.37
9161,9161,0.0
9162,9162,14696.883
9163,9163,54028.938
9164,9164,7254.194
9165,9165,0.0
9166,9166,42703.54
9167,9167,71995.97
9168,9168,144959.8
9169,9169,29430.688
9170,9170,1282.3676
9171,9171,2.5721498e+06
9172,9172,3419.3613
9173,9173,62559.848
9174,9174,130514.05
9175,9175,14441.414
9176,9176,60676.387
9177,9177,6.3034175e+06
9178,9178,6301.451
9179,9179,10997.234
9180,9180,23894.732
9181,9181,44472.676
9182,9182,106656.21
9183,9183,112045.15
9184,9184,0.0
9185,9185,22313.902
9186,9186,13330.616
9187,9187,0.0
9188,9188,0.0
9189,9189,6916.058
9190,9190,17941.438
9191,9191,191904.56
9192,9192,8993.868
9193,9193,192171.5
9194,9194,7721.7637
9195,9195,3599.0286
9196,9196,695.68695
9197,9197,5871.743
9198,9198,102680.234
9199,9199,1938.5182
9200,9200,9840.439
9201,9201,6137.8345
9202,9202,0.0
9203,9203,19655.303
9204,9204,14960.177
9205,9205,8374.556
9206,9206,1652.4983
9207,9207,2219.8535
9208,9208,9566.791
9209,9209,19655.053
9210,9210,848.6425
9211,9211,57997.242
9212,9212,32394.037
9213,9213,7049.9717
9214,9214,12352.58
9215,9215,0.0
9216,9216,2841.6733
9217,9217,209968.78
9218,9218,299167.88
9219,9219,6166.822
9220,9220,81610.625
9221,9221,87741.13
9222,9222,0.0
9223,9223,452925.53
9224,9224,7922.6846
9225,9225,0.0
9226,9226,0.0
9227,9227,105092.69
9228,9228,2574.86
9229,9229,0.0
9230,9230,48898.305
9231,9231,31268.596
9232,9232,14525.742
9233,9233,6235.781
9234,9234,20234.744
9235,9235,492759.6
9236,9236,1177.9131
9237,9237,64951.54
9238,9238,27281.318
9239,9239,57780.863
9240,9240,0.0
9241,9241,6985.007
9242,9242,175355.48
9243,9243,4874.009
9244,9244,12740.121
9245,9245,137580.9
9246,9246,34090.01
9247,9247,7355.2095
9248,9248,30344.178
9249,9249,50074.64
9250,9250,80746.73
9251,9251,53698.793
9252,9252,31039.895
9253,9253,24222.479
9254,9254,20468.408
9255,9255,4738.496
9256,9256,5188.4404
9257,9257,1380.0527
9258,9258,0.0
9259,9259,76337.31
9260,9260,71089.266
9261,9261,0.0
9262,9262,43966.12
9263,9263,286140.03
9264,9264,0.0
9265,9265,0.0
9266,9266,6477.9966
9267,9267,74.8706
9268,9268,919.54333
9269,9269,44060.98
9270,9270,858.67255
9271,9271,3824.7314
9272,9272,42842.4
9273,9273,10565.303
9274,9274,0.0
9275,9275,1209.7819
9276,9276,5.9151605e+06
9277,9277,59539.16
9278,9278,0.0
9279,9279,9127.93
9280,9280,15891.8545
9281,9281,131584.33
9282,9282,0.0
9283,9283,69412.62
9284,9284,63672.242
9285,9285,6776.58
9286,9286,0.0
9287,9287,12102.734
9288,9288,0.0
9289,9289,1.790263e+06
9290,9290,2587.6604
9291,9291,16902.166
9292,9292,0.0
9293,9293,12202.953
9294,9294,4110.635
9295,9295,0.0
9296,9296,103861.52
9297,9297,11399.26
9298,9298,58390.12
9299,9299,9959.86
9300,9300,21772.332
9301,9301,3279.0881
9302,9302,0.0
9303,9303,101718.34
9304,9304,6043.387
9305,9305,16058.622
9306,9306,0.0
9307,9307,0.0
9308,9308,0.0
9309,9309,54564.582
9310,9310,0.0
9311,9311,37368.57
9312,9312,11685.506
9313,9313,62499.94
9314,9314,68733.76
9315,9315,30141.016
9316,9316,0.0
9317,9317,27785.152
9318,9318,11752.702
9319,9319,20000.672
9320,9320,0.0
9321,9321,2971.975
9322,9322,13715.326
9323,9323,0.0
9324,9324,12715.14
9325,9325,15479.394
9326,9326,1447.074
9327,9327,10060.285
9328,9328,24841.916
9329,9329,130558.336
9330,9330,31139.158
9331,9331,26527.418
9332,9332,12772.41
9333,9333,3409.971
9334,9334,17317.516
9335,9335,682.0951
9336,9336,59053.293
9337,9337,33508.633
9338,9338,27120.3
9339,9339,7000.612
9340,9340,10106.426
9341,9341,16911.816
9342,9342,0.0
9343,9343,230.74995
9344,9344,10476.617
9345,9345,23103.482
9346,9346,7058.072
9347,9347,22628.238
9348,9348,14159.656
9349,9349,0.0
9350,9350,12273.619
9351,9351,169805.11
9352,9352,43874.95
9353,9353,2589.0806
9354,9354,40201.12
9355,9355,8504.224
9356,9356,0.0
9357,9357,0.0
9358,9358,0.0
9359,9359,58703.08
9360,9360,0.0
9361,9361,171.05032
9362,9362,57439.65
9363,9363,163150.03
9364,9364,20766.502
9365,9365,36177.16
9366,9366,17349.27
9367,9367,5861.208
9368,9368,8635.159
9369,9369,13742.801
9370,9370,51544.66
9371,9371,8045.544
9372,9372,0.0
9373,9373,19585.867
9374,9374,80662.77
9375,9375,0.0
9376,9376,38765.74
9377,9377,194958.44
9378,9378,2.9462912e+06
9379,9379,45893.88
9380,9380,112552.42
9381,9381,29104.076
9382,9382,45062.883
9383,9383,40341.4
9384,9384,0.0
9385,9385,12893.207
9386,9386,15498.561
9387,9387,83486.03
9388,9388,268023.12
9389,9389,34665.027
9390,9390,676.7029
9391,9391,13646.188
9392,9392,0.0
9393,9393,9344.898
9394,9394,0.0
9395,9395,0.0
9396,9396,41605.8
9397,9397,28202.467
9398,9398,23554.17
9399,9399,19148.592
9400,9400,107226.92
9401,9401,930.35406
9402,9402,0.0
9403,9403,3347.422
9404,9404,0.0
9405,9405,191955.36
9406,9406,560040.1
9407,9407,17062.363
9408,9408,16158.204
9409,9409,29013.262
9410,9410,15986.799
9411,9411,6775.604
9412,9412,195805.86
9413,9413,10441.943
9414,9414,81011.31
9415,9415,8706.5205
9416,9416,60250.22
9417,9417,12751.656
9418,9418,17360.307
9419,9419,0.0
9420,9420,9600.446
9421,9421,63063.742
9422,9422,93495.67
9423,9423,388.64532
9424,9424,0.0
9425,9425,5405.494
9426,9426,0.0
9427,9427,113334.52
9428,9428,7850.4316
9429,9429,6346.6934
9430,9430,13381.155
9431,9431,0.0
9432,9432,11152.818
9433,9433,31896.025
9434,9434,10370.09
9435,9435,4369.773
9436,9436,5873.222
9437,9437,123177.54
9438,9438,17196.557
9439,9439,23288.639
9440,9440,0.0
9441,9441,11397.24
9442,9442,0.0
9443,9443,54286.47
9444,9444,52625.625
9445,9445,73216.875
9446,9446,0.0
9447,9447,428631.72
9448,9448,41737.492
9449,9449,46325.184
9450,9450,49165.207
9451,9451,17710.766
9452,9452,100893.016
9453,9453,85.63895
9454,9454,0.0
9455,9455,21215.328
9456,9456,1.9026668e+06
9457,9457,0.0
9458,9458,3254.487
9459,9459,9669.378
9460,9460,487114.0
9461,9461,9475.244
9462,9462,15753.463
9463,9463,36144.195
9464,9464,47670.574
9465,9465,21410.791
9466,9466,0.0
9467,9467,39728.516
9468,9468,47806.63
9469,9469,0.0
9470,9470,83202.04
9471,9471,0.0
9472,9472,1164.7052
9473,9473,178128.95
9474,9474,1618.568
9475,9475,0.0
9476,9476,9850.607
9477,9477,14631.44
9478,9478,128671.39
9479,9479,54990.004
9480,9480,39328.69
9481,9481,0.0
9482,9482,0.0
9483,9483,18466.438
9484,9484,21809.273
9485,9485,18602.242
9486,9486,2196.8823
9487,9487,0.0
9488,9488,17137.693
9489,9489,15301.885
9490,9490,11251.131
9491,9491,2556.0376
9492,9492,125314.78
9493,9493,127847.836
9494,9494,23815.19
9495,9495,21434.816
9496,9496,56127.992
9497,9497,8172.883
9498,9498,3650.2874
9499,9499,0.0
9500,9500,28230.904
9501,9501,14045.266
9502,9502,0.0
9503,9503,9542.331
9504,9504,5587.0312
9505,9505,329654.28
9506,9506,39848.992
9507,9507,2446.1675
9508,9508,5479.1035
9509,9509,3962.1934
9510,9510,71752.1
9511,9511,41082.926
9512,9512,51996.125
9513,9513,45764.555
9514,9514,2572.3442
9515,9515,157216.94
9516,9516,31258.549
9517,9517,226958.06
9518,9518,15624.886
9519,9519,5684.284
9520,9520,0.0
9521,9521,0.0
9522,9522,65634.125
9523,9523,5729.9194
9524,9524,13749.445
9525,9525,1.7650279e+06
9526,9526,74216.2
9527,9527,0.0
9528,9528,13387.254
9529,9529,28688.95
9530,9530,31030.9
9531,9531,65335.6
9532,9532,12617.685
9533,9533,280632.94
9534,9534,6486.7666
9535,9535,0.0
9536,9536,17865.064
9537,9537,6582.939
9538,9538,29657.008
9539,9539,32272.102
9540,9540,0.0
9541,9541,148781.61
9542,9542,4248.0776
9543,9543,4896.892
9544,9544,1773.093
9545,9545,0.0
9546,9546,0.0
9547,9547,30521.902
9548,9548,35922.383
9549,9549,12353.284
9550,9550,0.0
9551,9551,182276.81
9552,9552,0.0
9553,9553,10736.115
9554,9554,19669.107
9555,9555,18257.084
9556,9556,30682.084
9557,9557,10940.217
9558,9558,4350.3545
9559,9559,36846.906
9560,9560,22357.322
9561,9561,0.0
9562,9562,6405.2188
9563,9563,876.0626
9564,9564,41307.23
9565,9565,107370.125
9566,9566,135045.9
9567,9567,17218.28
9568,9568,0.0
9569,9569,0.0
9570,9570,0.0
9571,9571,5920.394
9572,9572,30307.037
9573,9573,14838.236
9574,9574,13009.6455
9575,9575,40573.273
9576,9576,29400.445
9577,9577,11979.212
9578,9578,0.0
9579,9579,5857.6606
9580,9580,0.0
9581,9581,23174.145
9582,9582,0.0
9583,9583,0.0
9584,9584,109490.984
9585,9585,142495.44
9586,9586,17951.383
9587,9587,58275.168
9588,9588,165520.22
9589,9589,36535.88
9590,9590,14037.184
9591,9591,0.0
9592,9592,0.0
9593,9593,26122.434
9594,9594,2188.4504
9595,9595,0.0
9596,9596,9631.26
9597,9597,75949.32
9598,9598,94538.516
9599,9599,10539.596
9600,9600,41848.65
9601,9601,0.0
9602,9602,14046.684
9603,9603,39732.043
9604,9604,17704.264
9605,9605,156847.36
9606,9606,0.0
9607,9607,10528.798
9608,9608,5275.305
9609,9609,25851.03
9610,9610,8874.063
9611,9611,20721.99
9612,9612,0.0
9613,9613,20145.672
9614,9614,43364.164
9615,9615,12274.336
9616,9616,93145.78
9617,9617,3176.5508
9618,9618,20200.123
9619,9619,0.0
9620,9620,2626.8123
9621,9621,0.0
9622,9622,62236.91
9623,9623,36651.12
9624,9624,26532.902
9625,9625,6832.882
9626,9626,6420.5894
9627,9627,26929.246
9628,9628,0.0
9629,9629,82989.53
9630,9630,43886.227
9631,9631,9147.49
9632,9632,0.0
9633,9633,183858.5
9634,9634,31214.135
9635,9635,1835.4668
9636,9636,65811.44
9637,9637,1846.7449
9638,9638,0.0
9639,9639,5122.7764
9640,9640,0.0
9641,9641,9416.687
9642,9642,0.0
9643,9643,97668.76
9644,9644,29691.018
9645,9645,65410.48
9646,9646,1083.8462
9647,9647,0.0
9648,9648,99618.92
9649,9649,0.0
9650,9650,0.0
9651,9651,131708.23
9652,9652,0.0
9653,9653,48523.867
9654,9654,40433.03
9655,9655,2.269355e+06
9656,9656,5814.7734
9657,9657,18431.355
9658,9658,0.0
9659,9659,3414.7083
9660,9660,97762.164
9661,9661,44343.16
9662,9662,6834.605
9663,9663,0.0
9664,9664,4781.106
9665,9665,11409.468
9666,9666,8023.971
9667,9667,0.0
9668,9668,73988.375
9669,9669,30735.145
9670,9670,56586.797
9671,9671,200770.84
9672,9672,128.86218
9673,9673,114658.08
9674,9674,0.0
9675,9675,141676.61
9676,9676,0.0
9677,9677,30071.209
9678,9678,60951.78
9679,9679,28557.582
9680,9680,26223.344
9681,9681,71813.88
9682,9682,60227.25
9683,9683,1716.647
9684,9684,0.0
9685,9685,0.0
9686,9686,27760.244
9687,9687,0.0
9688,9688,0.0
9689,9689,30387.54
9690,9690,58970.953
9691,9691,3780.6958
9692,9692,4919.245
9693,9693,0.0
9694,9694,0.0
9695,9695,83798.32
9696,9696,0.0
9697,9697,29269.25
9698,9698,35427.668
9699,9699,18440.596
9700,9700,0.0
9701,9701,7997.33
9702,9702,189239.58
9703,9703,26442.262
9704,9704,86437.516
9705,9705,30700.506
9706,9706,46351.516
9707,9707,0.0
9708,9708,37629.11
9709,9709,0.0
9710,9710,0.0
9711,9711,10729.409
9712,9712,0.0
9713,9713,0.0
9714,9714,0.0
9715,9715,9250.807
9716,9716,248803.83
9717,9717,13162.716
9718,9718,37671.805
9719,9719,9939.318
9720,9720,0.0
9721,9721,128594.66
9722,9722,0.0
9723,9723,0.0
9724,9724,0.0
9725,9725,18183.48
9726,9726,0.0
9727,9727,32643.035
9728,9728,40981.375
9729,9729,73524.41
9730,9730,282.89856
9731,9731,0.0
9732,9732,2739.8823
9733,9733,0.0
9734,9734,2062.0608
9735,9735,3822.5588
9736,9736,0.0
9737,9737,4896.7373
9738,9738,0.0
9739,9739,0.0
9740,9740,18487.102
9741,9741,6481.3887
9742,9742,0.0
9743,9743,0.0
9744,9744,0.0
9745,9745,0.0
9746,9746,0.0
9747,9747,15803.693
9748,9748,18231.188
9749,9749,65919.53
9750,9750,5529.8765
9751,9751,17505.654
9752,9752,55310.195
9753,9753,77009.57
9754,9754,31355.666
9755,9755,26314.36
9756,9756,10074.104
9757,9757,13813.805
9758,9758,12903.912
9759,9759,8153.861
9760,9760,22794.07
9761,9761,31709.41
9762,9762,112074.19
9763,9763,0.0
9764,9764,0.0
9765,9765,20834.12
9766,9766,8729.12
9767,9767,15355.665
9768,9768,17116.486
9769,9769,0.0
9770,9770,0.0
9771,9771,59508.062
9772,9772,6164.458
9773,9773,4340.6523
9774,9774,61026.336
9775,9775,0.0
9776,9776,30502.086
9777,9777,30500.098
9778,9778,29025.408
9779,9779,501.76425
9780,9780,0.0
9781,9781,45246.594
9782,9782,0.0
9783,9783,68378.38
9784,9784,147.6738
9785,9785,2.0224378e+06
9786,9786,17739.2
9787,9787,2740.5974
9788,9788,12822.432
9789,9789,28153.756
9790,9790,43344.85
9791,9791,24073.207
9792,9792,15632.145
9793,9793,25479.273
9794,9794,67189.984
9795,9795,0.0
9796,9796,492.9163
9797,9797,15470.994
9798,9798,98005.625
9799,9799,0.0
9800,9800,166865.56
9801,9801,625918.8
9802,9802,5750.218
9803,9803,21177.543
9804,9804,20752.496
9805,9805,16065.207
9806,9806,2.5069266e+07
9807,9807,0.0
9808,9808,61776.03
9809,9809,2321.9814
9810,9810,47035.86
9811,9811,9029.8125
9812,9812,0.0
9813,9813,7915.6597
9814,9814,9971.074
9815,9815,2287.4683
9816,9816,215959.55
9817,9817,31490.49
9818,9818,21065.5
9819,9819,25842.121
9820,9820,17857.553
9821,9821,4179.928
9822,9822,15260.783
9823,9823,17225.549
9824,9824,0.0
9825,9825,71162.68
9826,9826,28699.557
9827,9827,2694.244
9828,9828,24605.928
9829,9829,8532.511
9830,9830,26.795425
9831,9831,6497.431
9832,9832,25862.28
9833,9833,0.0
9834,9834,15129.005
9835,9835,9897.167
9836,9836,58935.945
9837,9837,39491.113
9838,9838,43650.465
9839,9839,45618.19
9840,9840,60517.41
9841,9841,35059.41
9842,9842,258685.05
9843,9843,0.0
9844,9844,27588.258
9845,9845,0.0
9846,9846,35781.266
9847,9847,28912.314
9848,9848,0.0
9849,9849,91409.46
9850,9850,0.0
9851,9851,36817.86
9852,9852,20361.127
9853,9853,0.0
9854,9854,1172.7941
9855,9855,0.0
9856,9856,31524.66
9857,9857,31456.922
9858,9858,26139.693
9859,9859,81292.086
9860,9860,20428.826
9861,9861,88875.64
9862,9862,13569.392
9863,9863,0.0
9864,9864,3365.1729
9865,9865,0.0
9866,9866,3519.541
9867,9867,111015.05
9868,9868,2.3236092e+06
9869,9869,11597.76
9870,9870,13693.03
9871,9871,2673.286
9872,9872,0.0
9873,9873,3806.953
9874,9874,41629.98
9875,9875,125512.234
9876,9876,38591.22
9877,9877,0.0
9878,9878,0.0
9879,9879,121991.68
9880,9880,15013.07
9881,9881,259999.17
9882,9882,0.0
9883,9883,25485.826
9884,9884,58999.42
9885,9885,45339.777
9886,9886,10093.774
9887,9887,12712.709
9888,9888,8866.594
9889,9889,9715.58
9890,9890,35182.355
9891,9891,0.0
9892,9892,264.29892
9893,9893,379127.94
9894,9894,3376.0957
9895,9895,11253.024
9896,9896,358.6093
9897,9897,29740.479
9898,9898,9922.104
9899,9899,0.0
9900,9900,21751.719
9901,9901,0.0
9902,9902,15046.132
9903,9903,2307.3281
9904,9904,415155.7
9905,9905,5329.93
9906,9906,12481.126
9907,9907,53750.824
9908,9908,52854.33
9909,9909,83441.77
9910,9910,16543.18
9911,9911,120383.59
9912,9912,55209.883
9913,9913,161929.27
9914,9914,20832.51
9915,9915,121896.21
9916,9916,637179.6
9917,9917,58579.27
9918,9918,0.0
9919,9919,27771.82
9920,9920,3.6154458e+06
9921,9921,6202.5513
9922,9922,42016.914
9923,9923,3270.7615
9924,9924,1552.7223
9925,9925,180595.34
9926,9926,0.0
9927,9927,17323.646
9928,9928,97746.26
9929,9929,6520.962
9930,9930,13062.658
9931,9931,0.0
9932,9932,157904.1
9933,9933,5903.3535
9934,9934,4908.7725
9935,9935,9381.018
9936,9936,6015.1895
9937,9937,61537.88
9938,9938,3901.1594
9939,9939,3617.2476
9940,9940,23278.516
9941,9941,12040.061
9942,9942,53225.418
9943,9943,11169.922
9944,9944,0.0
9945,9945,32347.676
9946,9946,10101.51
9947,9947,29324.826
9948,9948,151876.33
9949,9949,16453.684
9950,9950,45829.605
9951,9951,37169.742
9952,9952,0.0
9953,9953,6561.276
9954,9954,29060.61
9955,9955,9666.942
9956,9956,41776.387
9957,9957,0.0
9958,9958,3252.9246
9959,9959,11566.336
9960,9960,43750.21
9961,9961,0.0
9962,9962,4676.423
9963,9963,15485.797
9964,9964,20843.285
9965,9965,39987.9
9966,9966,0.0
9967,9967,6450.411
9968,9968,47348.637
9969,9969,50147.49
9970,9970,1.758248e+06
9971,9971,0.0
9972,9972,6013.5825
9973,9973,0.0
9974,9974,56221.348
9975,9975,9667.422
9976,9976,23357.797
9977,9977,181481.8
9978,9978,115143.66
9979,9979,0.0
9980,9980,8190.038
9981,9981,78298.68
9982,9982,0.0
9983,9983,1720.5415
9984,9984,64001.06
9985,9985,1080.5715
9986,9986,37029.973
9987,9987,13895.076
9988,9988,7723.212
9989,9989,553006.25
9990,9990,1817.7451
9991,9991,151713.45
9992,9992,20202.75
9993,9993,0.0
9994,9994,123481.28
9995,9995,7221.3384
9996,9996,19868.764
9997,9997,0.0
9998,9998,0.0
9999,9999,105166.93
10000,10000,54325.355
10001,10001,48046.355
10002,10002,39237.445
10003,10003,104881.5
10004,10004,0.0
10005,10005,1763.6041
10006,10006,159376.11
10007,10007,71931.48
10008,10008,112371.27
10009,10009,11703.885
10010,10010,0.0
10011,10011,58708.39
10012,10012,5058.5664
10013,10013,15351.052
10014,10014,0.0
10015,10015,113812.33
10016,10016,0.0
10017,10017,36033.645
10018,10018,0.0
10019,10019,0.0
10020,10020,64369.8
10021,10021,50069.555
10022,10022,0.0
10023,10023,17686.896
10024,10024,107596.875
10025,10025,0.0
10026,10026,115799.51
10027,10027,37503.207
10028,10028,63247.844
10029,10029,228369.25
10030,10030,0.0
10031,10031,12283.266
10032,10032,15149.091
10033,10033,0.0
10034,10034,111417.945
10035,10035,122491.984
10036,10036,15089.511
10037,10037,24418.2
10038,10038,35475.54
10039,10039,21169.79
10040,10040,53939.48
10041,10041,5956.904
10042,10042,29851.658
10043,10043,5949.4478
10044,10044,24116.201
10045,10045,71445.97
10046,10046,31907.107
10047,10047,0.0
10048,10048,0.0
10049,10049,0.0
10050,10050,39272.062
10051,10051,8917.916
10052,10052,69030.44
10053,10053,33142.07
10054,10054,0.0
10055,10055,8581.993
10056,10056,12785.101
10057,10057,0.0
10058,10058,12684.105
10059,10059,12917.589
10060,10060,4485.5957
10061,10061,36740.3
10062,10062,162950.02
10063,10063,5641.9507
10064,10064,19340.875
10065,10065,56181.375
10066,10066,11176.406
10067,10067,0.0
10068,10068,61889.395
10069,10069,0.0
10070,10070,30945.35
10071,10071,23121.773
10072,10072,19289.115
10073,10073,0.0
10074,10074,5439.709
10075,10075,12770.848
10076,10076,0.0
10077,10077,94727.21
10078,10078,149666.39
10079,10079,0.0
10080,10080,123204.46
10081,10081,32627.373
10082,10082,22072.305
10083,10083,9929.697
10084,10084,26843.352
10085,10085,32389.996
10086,10086,28346.684
10087,10087,36106.656
10088,10088,0.0
10089,10089,6918.178
10090,10090,17561.354
10091,10091,142617.03
10092,10092,15983.48
10093,10093,68753.26
10094,10094,5634.011
10095,10095,9942.826
10096,10096,8144.768
10097,10097,9117.492
10098,10098,24045.832
10099,10099,0.0
10100,10100,8136.8535
10101,10101,0.0
10102,10102,28050.291
10103,10103,10707.934
10104,10104,0.0
10105,10105,105107.38
10106,10106,201570.39
10107,10107,16234.99
10108,10108,30126.63
10109,10109,0.0
10110,10110,101896.984
10111,10111,8116.9663
10112,10112,200143.78
10113,10113,121906.51
10114,10114,12227.241
10115,10115,0.0
10116,10116,18268.363
10117,10117,0.0
10118,10118,74814.94
10119,10119,24730.021
10120,10120,31703.773
10121,10121,0.0
10122,10122,24294.57
10123,10123,138212.39
10124,10124,7132.0796
10125,10125,127827.55
10126,10126,96135.89
10127,10127,0.0
10128,10128,0.0
10129,10129,0.0
10130,10130,0.0
10131,10131,25504.365
10132,10132,24816.674
10133,10133,169501.47
10134,10134,139083.8
10135,10135,0.0
10136,10136,34254.133
10137,10137,61508.305
10138,10138,0.0
10139,10139,9107.69
10140,10140,13572.259
10141,10141,2171.3267
10142,10142,75688.125
10143,10143,10030.264
10144,10144,25404.562
10145,10145,13938.068
10146,10146,8848.12
10147,10147,93911.266
10148,10148,62866.316
10149,10149,84661.125
10150,10150,3130.883
10151,10151,0.0
10152,10152,1321.991
10153,10153,11513.031
10154,10154,237827.67
10155,10155,99919.73
10156,10156,0.0
10157,10157,0.0
10158,10158,31486.283
10159,10159,43841.03
10160,10160,13332.087
10161,10161,0.0
10162,10162,12440.668
10163,10163,23478.926
10164,10164,1570.856
10165,10165,65253.066
10166,10166,16634.004
10167,10167,0.0
10168,10168,27212.467
10169,10169,5961.522
10170,10170,26704.162
10171,10171,0.0
10172,10172,19405.602
10173,10173,2878.4478
10174,10174,0.0
10175,10175,123499.31
10176,10176,49470.86
10177,10177,93130.086
10178,10178,137885.66
10179,10179,42230.965
10180,10180,0.0
10181,10181,4122.2363
10182,10182,59155.98
10183,10183,21741.768
10184,10184,15845.535
10185,10185,30930.803
10186,10186,0.0
10187,10187,74842.6
10188,10188,0.0
10189,10189,6730.346
10190,10190,16450.26
10191,10191,13766.347
10192,10192,122071.82
10193,10193,51665.176
10194,10194,284785.84
10195,10195,7172.2554
10196,10196,0.0
10197,10197,0.0
10198,10198,4877.523
10199,10199,27069.316
10200,10200,21943.393
10201,10201,11978.854
10202,10202,0.0
10203,10203,7563.411
10204,10204,5608.2876
10205,10205,0.0
10206,10206,40907.625
10207,10207,167982.14
10208,10208,46444.87
10209,10209,0.0
10210,10210,0.0
10211,10211,0.0
10212,10212,344.82028
10213,10213,0.0
10214,10214,39174.363
10215,10215,189467.61
10216,10216,11338.919
10217,10217,23072.361
10218,10218,47481.785
10219,10219,38767.68
10220,10220,0.0
10221,10221,85254.28
10222,10222,0.0
10223,10223,161457.08
10224,10224,1300.527
10225,10225,0.0
10226,10226,6014.8257
10227,10227,69628.46
10228,10228,0.0
10229,10229,65112.887
10230,10230,0.0
10231,10231,279807.06
10232,10232,21447.4
10233,10233,10462.616
10234,10234,10904.185
10235,10235,2610.7788
10236,10236,0.0
10237,10237,3712.774
10238,10238,14938.221
10239,10239,1399.3934
10240,10240,67864.16
10241,10241,8079.465
10242,10242,0.0
10243,10243,50319.844
10244,10244,13664.733
10245,10245,0.0
10246,10246,5544.2754
10247,10247,0.0
10248,10248,17674.662
10249,10249,69811.67
10250,10250,16294.415
10251,10251,27657.377
10252,10252,0.0
10253,10253,5286.454
10254,10254,36802.1
10255,10255,50349.88
10256,10256,62675.863
10257,10257,11431.922
10258,10258,154534.39
10259,10259,18067.785
10260,10260,1506.1731
10261,10261,22221.027
10262,10262,7.885144e+06
10263,10263,12480.577
10264,10264,0.0
10265,10265,11472.0625
10266,10266,44588.996
10267,10267,4149.546
10268,10268,56896.637
10269,10269,1307.3079
10270,10270,23480.14
10271,10271,0.0
10272,10272,13135.935
10273,10273,261688.53
10274,10274,32555.916
10275,10275,76440.92
10276,10276,2.4508742e+06
10277,10277,100257.44
10278,10278,79346.59
10279,10279,16798.078
10280,10280,14404.792
10281,10281,34249.11
10282,10282,91420.74
10283,10283,34082.9
10284,10284,46964.816
10285,10285,0.0
10286,10286,23301.6
10287,10287,96333.31
10288,10288,5139.668
10289,10289,40454.07
10290,10290,19052.129
10291,10291,2.6761625e+06
10292,10292,34170.95
10293,10293,19136.953
10294,10294,30081.975
10295,10295,9337.744
10296,10296,0.0
10297,10297,29145.812
10298,10298,42557.062
10299,10299,14830.83
10300,10300,0.0
10301,10301,0.0
10302,10302,62932.457
10303,10303,0.0
10304,10304,29462.541
10305,10305,4654.306
10306,10306,229307.28
10307,10307,0.0
10308,10308,137844.69
10309,10309,36607.035
10310,10310,36850.246
10311,10311,12705.145
10312,10312,0.0
10313,10313,4952.3154
10314,10314,157788.34
10315,10315,34845.37
10316,10316,51726.97
10317,10317,147548.22
10318,10318,0.0
10319,10319,23747.756
10320,10320,70151.055
10321,10321,37774.35
10322,10322,3799.9536
10323,10323,11257.668
10324,10324,13667.645
10325,10325,130846.8
10326,10326,23415.947
10327,10327,8594.04
10328,10328,15829.568
10329,10329,23830.135
10330,10330,13301.019
10331,10331,37357.8
10332,10332,34512.383
10333,10333,16690.998
10334,10334,30856.521
10335,10335,27941.746
10336,10336,22967.146
10337,10337,14376.844
10338,10338,20657.902
10339,10339,3410.2595
10340,10340,70166.266
10341,10341,208621.56
10342,10342,17557.78
10343,10343,3658.0825
10344,10344,0.0
10345,10345,1.4788206e+06
10346,10346,13326.274
10347,10347,2709.742
10348,10348,7219.7515
10349,10349,20404.879
10350,10350,20884.732
10351,10351,11400.18
10352,10352,95500.51
10353,10353,2419.7424
10354,10354,8560.5205
10355,10355,2497.128
10356,10356,0.0
10357,10357,0.0
10358,10358,0.0
10359,10359,0.0
10360,10360,19822.44
10361,10361,0.0
10362,10362,35180.164
10363,10363,6395.174
10364,10364,0.0
10365,10365,3129.9656
10366,10366,42323.19
10367,10367,477000.06
10368,10368,25721.428
10369,10369,34796.812
10370,10370,30702.234
10371,10371,1546.21
10372,10372,37365.977
10373,10373,15255.884
10374,10374,35986.098
10375,10375,23647.023
10376,10376,55571.74
10377,10377,12913.35
10378,10378,80557.805
10379,10379,4504.705
10380,10380,4544.3247
10381,10381,124755.68
10382,10382,2270.8105
10383,10383,0.0
10384,10384,0.0
10385,10385,115420.516
10386,10386,104299.12
10387,10387,120631.21
10388,10388,2964.445
10389,10389,6043.3013
10390,10390,130149.12
10391,10391,0.0
10392,10392,0.0
10393,10393,0.0
10394,10394,0.0
10395,10395,0.0
10396,10396,72990.94
10397,10397,41900.293
10398,10398,0.0
10399,10399,19752.412
10400,10400,50393.01
10401,10401,28848.74
10402,10402,42520.848
10403,10403,85944.47
10404,10404,123217.97
10405,10405,0.0
10406,10406,26699.178
10407,10407,21078.512
10408,10408,0.0
10409,10409,11936.85
10410,10410,36130.746
10411,10411,2149.9807
10412,10412,12212.188
10413,10413,39189.402
10414,10414,8141.9165
10415,10415,0.0
10416,10416,37032.402
10417,10417,0.0
10418,10418,0.0
10419,10419,0.0
10420,10420,3177.1577
10421,10421,29319.377
10422,10422,0.0
10423,10423,73634.39
10424,10424,88512.62
10425,10425,1.5311615e+06
10426,10426,0.0
10427,10427,804.54956
10428,10428,20211.299
10429,10429,67999.6
10430,10430,91450.56
10431,10431,9157.612
10432,10432,27408.53
10433,10433,129868.9
10434,10434,20039.709
10435,10435,41795.727
10436,10436,59289.523
10437,10437,5287.7847
10438,10438,5343.064
10439,10439,55239.586
10440,10440,9367.334
10441,10441,43115.848
10442,10442,0.0
10443,10443,173533.45
10444,10444,2284.3032
10445,10445,34516.168
10446,10446,160204.62
10447,10447,38909.242
10448,10448,186790.36
10449,10449,18023.71
10450,10450,33387.34
10451,10451,0.0
10452,10452,184368.58
10453,10453,61508.91
10454,10454,0.0
10455,10455,0.0
10456,10456,44686.336
10457,10457,111.860405
10458,10458,75552.484
10459,10459,34967.965
10460,10460,6378.9883
10461,10461,16597.049
10462,10462,1107.2842
10463,10463,0.0
10464,10464,142444.22
10465,10465,4526.504
10466,10466,0.0
10467,10467,0.0
10468,10468,3112.4749
10469,10469,6542.7354
10470,10470,73269.15
10471,10471,18196.633
10472,10472,0.0
10473,10473,422822.1
10474,10474,22235.178
10475,10475,8292.666
10476,10476,37854.242
10477,10477,0.0
10478,10478,0.0
10479,10479,41209.42
10480,10480,6341.2886
10481,10481,51700.652
10482,10482,0.0
10483,10483,17521.057
10484,10484,13723.344
10485,10485,63551.92
10486,10486,86966.27
10487,10487,52636.695
10488,10488,41.505478
10489,10489,15230.001
10490,10490,11292.2
10491,10491,18668.762
10492,10492,112.654854
10493,10493,5826.805
10494,10494,53455.188
10495,10495,63222.89
10496,10496,5157.499
10497,10497,508.1981
10498,10498,7053.391
10499,10499,108151.32
10500,10500,56595.957
10501,10501,71515.266
10502,10502,19420.232
10503,10503,0.0
10504,10504,110573.914
10505,10505,25891.719
10506,10506,14037.498
10507,10507,15749.276
10508,10508,115337.7
10509,10509,11692.581
10510,10510,13056.719
10511,10511,23169.244
10512,10512,19367.627
10513,10513,206876.3
10514,10514,22267.121
10515,10515,21198.592
10516,10516,0.0
10517,10517,1058.5385
10518,10518,29444.844
10519,10519,30152.447
10520,10520,24567.188
10521,10521,0.0
10522,10522,72901.56
10523,10523,117959.59
10524,10524,545477.25
10525,10525,39014.785
10526,10526,10124.115
10527,10527,11848.851
10528,10528,16726.215
10529,10529,1083.0072
10530,10530,22180.738
10531,10531,4257.5728
10532,10532,1327.4397
10533,10533,6056.1665
10534,10534,452608.12
10535,10535,19090.63
10536,10536,13522.239
10537,10537,2577.7188
10538,10538,6953.5317
10539,10539,142128.81
10540,10540,0.0
10541,10541,0.0
10542,10542,1695.4801
10543,10543,131525.05
10544,10544,5219.72
10545,10545,240033.05
10546,10546,1556.9926
10547,10547,58151.87
10548,10548,16395.299
10549,10549,28105.535
10550,10550,2160.985
10551,10551,0.0
10552,10552,373206.56
10553,10553,91697.46
10554,10554,482.59875
10555,10555,56304.715
10556,10556,43453.44
10557,10557,0.0
10558,10558,35775.945
10559,10559,7884.9976
10560,10560,0.0
10561,10561,42777.797
10562,10562,52272.35
10563,10563,31502.982
10564,10564,45416.676
10565,10565,51494.312
10566,10566,0.0
10567,10567,34084.555
10568,10568,0.0
10569,10569,47240.93
10570,10570,290134.0
10571,10571,47511.535
10572,10572,0.0
10573,10573,10535.337
10574,10574,58764.188
10575,10575,0.0
10576,10576,47073.71
10577,10577,0.0
10578,10578,127583.766
10579,10579,85659.6
10580,10580,7308.957
10581,10581,11922.356
10582,10582,28128.662
10583,10583,10845.158
10584,10584,51238.617
10585,10585,58754.996
10586,10586,32743.068
10587,10587,6868.1826
10588,10588,9369.987
10589,10589,94617.836
10590,10590,23264.572
10591,10591,0.0
10592,10592,0.0
10593,10593,108587.72
10594,10594,7236.1523
10595,10595,2389.9697
10596,10596,16016.713
10597,10597,0.0
10598,10598,0.0
10599,10599,2751.6733
10600,10600,3186.2822
10601,10601,11776.928
10602,10602,38253.906
10603,10603,50826.758
10604,10604,1.361658e+06
10605,10605,13095.65
10606,10606,0.0
10607,10607,2289.9832
10608,10608,0.0
10609,10609,0.0
10610,10610,47500.348
10611,10611,7050.892
10612,10612,11742.398
10613,10613,13265.333
10614,10614,24102.346
10615,10615,9457.975
10616,10616,115689.69
10617,10617,27141.354
10618,10618,0.0
10619,10619,20216.344
10620,10620,11666.729
10621,10621,107391.21
10622,10622,41967.746
10623,10623,0.0
10624,10624,13802.917
10625,10625,0.0
10626,10626,50049.703
10627,10627,21908.908
10628,10628,156079.25
10629,10629,0.0
10630,10630,0.0
10631,10631,17090.389
10632,10632,0.0
10633,10633,0.0
10634,10634,27156.305
10635,10635,42013.406
10636,10636,62298.19
10637,10637,6184.8345
10638,10638,41545.234
10639,10639,41528.062
10640,10640,0.0
10641,10641,14091.418
10642,10642,0.0
10643,10643,60051.547
10644,10644,20961.752
10645,10645,10377.749
10646,10646,108476.86
10647,10647,0.0
10648,10648,5235.925
10649,10649,164753.28
10650,10650,40337.94
10651,10651,36900.98
10652,10652,138668.33
10653,10653,25160.707
10654,10654,36809.117
10655,10655,1.962474e+06
10656,10656,0.0
10657,10657,6924.0728
10658,10658,0.0
10659,10659,12923.265
10660,10660,76773.23
10661,10661,1177.1067
10662,10662,16397.283
10663,10663,27465.727
10664,10664,0.0
10665,10665,33148.66
10666,10666,0.0
10667,10667,57596.652
10668,10668,23577.293
10669,10669,75989.48
10670,10670,12179.032
10671,10671,149226.22
10672,10672,49677.543
10673,10673,17094.443
10674,10674,49986.902
10675,10675,3774.2598
10676,10676,368773.84
10677,10677,0.0
10678,10678,177273.75
10679,10679,256181.8
10680,10680,6723.345
10681,10681,214.9034
10682,10682,39949.984
10683,10683,17258.951
10684,10684,11856.381
10685,10685,39263.61
10686,10686,28575.938
10687,10687,57272.055
10688,10688,27749.035
10689,10689,91654.47
10690,10690,41461.26
10691,10691,22255.193
10692,10692,63155.785
10693,10693,35883.01
10694,10694,24876.393
10695,10695,157940.27
10696,10696,51157.34
10697,10697,0.0
10698,10698,15524.232
10699,10699,36639.855
10700,10700,1356.5354
10701,10701,146292.56
10702,10702,67799.44
10703,10703,14391.643
10704,10704,115223.38
10705,10705,59171.83
10706,10706,0.0
10707,10707,28971.166
10708,10708,20921.424
10709,10709,0.0
10710,10710,0.0
10711,10711,109835.89
10712,10712,33084.574
10713,10713,86433.82
10714,10714,99258.74
10715,10715,43785.816
10716,10716,1993.8756
10717,10717,0.0
10718,10718,2103.1914
10719,10719,4226.8037
10720,10720,39219.13
10721,10721,16058.489
10722,10722,116475.49
10723,10723,2545.5125
10724,10724,0.0
10725,10725,211512.42
10726,10726,0.0
10727,10727,4016.163
10728,10728,7373.2935
10729,10729,0.0
10730,10730,66794.84
10731,10731,0.0
10732,10732,37244.48
10733,10733,12693.52
10734,10734,53482.844
10735,10735,185501.4
10736,10736,0.0
10737,10737,33728.973
10738,10738,4224.823
10739,10739,0.0
10740,10740,484.1847
10741,10741,40915.68
10742,10742,0.0
10743,10743,12573.892
10744,10744,65700.914
10745,10745,1784.4952
10746,10746,2804.5183
10747,10747,0.0
10748,10748,0.0
10749,10749,80639.37
10750,10750,3610.7751
10751,10751,9937.311
10752,10752,6689.133
10753,10753,25641.568
10754,10754,45754.945
10755,10755,0.0
10756,10756,407888.22
10757,10757,9446.04
10758,10758,0.0
10759,10759,13220.023
10760,10760,80517.29
10761,10761,0.0
10762,10762,0.0
10763,10763,31046.398
10764,10764,21287.387
10765,10765,0.0
10766,10766,0.0
10767,10767,0.0
10768,10768,44371.035
10769,10769,0.0
10770,10770,13641.518
10771,10771,36741.75
10772,10772,17439.664
10773,10773,72871.54
10774,10774,27794.162
10775,10775,2213.1836
10776,10776,0.0
10777,10777,42433.094
10778,10778,30476.162
10779,10779,3733.2615
10780,10780,0.0
10781,10781,0.0
10782,10782,15849.118
10783,10783,60793.66
10784,10784,17359.154
10785,10785,79926.54
10786,10786,14603.463
10787,10787,27022.201
10788,10788,22957.322
10789,10789,27699.244
10790,10790,97491.68
10791,10791,16491.316
10792,10792,183925.53
10793,10793,10449.538
10794,10794,1438.2639
10795,10795,859.97095
10796,10796,68092.766
10797,10797,163155.31
10798,10798,0.0
10799,10799,6453.059
10800,10800,116409.16
10801,10801,31300.127
10802,10802,2277.366
10803,10803,215575.12
10804,10804,44016.984
10805,10805,0.0
10806,10806,47935.586
10807,10807,155255.25
10808,10808,12791.611
10809,10809,231612.39
10810,10810,146017.98
10811,10811,9829.128
10812,10812,0.0
10813,10813,18373.87
10814,10814,0.0
10815,10815,212224.14
10816,10816,18580.256
10817,10817,92298.14
10818,10818,3.4603508e+06
10819,10819,0.0
10820,10820,0.0
10821,10821,57993.395
10822,10822,6789.408
10823,10823,82605.445
10824,10824,18913.236
10825,10825,77288.79
10826,10826,19937.812
10827,10827,19449.232
10828,10828,3531.3684
10829,10829,6621.3696
10830,10830,1803.4865
10831,10831,33422.113
10832,10832,484226.84
10833,10833,23604.826
10834,10834,35029.4
10835,10835,88956.61
10836,10836,51561.86
10837,10837,7832.058
10838,10838,60917.883
10839,10839,1.1316005e+06
10840,10840,34660.887
10841,10841,1352.1979
10842,10842,0.0
10843,10843,0.0
10844,10844,0.0
10845,10845,67300.02
10846,10846,23288.588
10847,10847,66919.805
10848,10848,40720.62
10849,10849,12394.293
10850,10850,6633.3325
10851,10851,27488.975
10852,10852,27784.799
10853,10853,16338.945
10854,10854,27650.32
10855,10855,0.0
10856,10856,23176.223
10857,10857,15354.601
10858,10858,12120.991
10859,10859,3492.488
10860,10860,0.0
10861,10861,19145.652
10862,10862,3071.0276
10863,10863,51176.805
10864,10864,12272.8
10865,10865,661.2721
10866,10866,15705.386
10867,10867,0.0
10868,10868,33282.633
10869,10869,0.0
10870,10870,33902.594
10871,10871,0.0
10872,10872,18565.688
10873,10873,19084.19
10874,10874,11045.945
10875,10875,16760.75
10876,10876,11603.202
10877,10877,254100.34
10878,10878,43490.734
10879,10879,36874.527
10880,10880,168384.98
10881,10881,0.0
10882,10882,108304.164
10883,10883,86201.63
10884,10884,13614.619
10885,10885,620.3534
10886,10886,3131.8843
10887,10887,0.0
10888,10888,27686.395
10889,10889,4558.8867
10890,10890,6239.6304
10891,10891,207897.73
10892,10892,7731.8843
10893,10893,95768.29
10894,10894,0.0
10895,10895,0.0
10896,10896,12499.36
10897,10897,3071.145
10898,10898,113656.39
10899,10899,64658.39
10900,10900,0.0
10901,10901,24580.076
10902,10902,11107.0
10903,10903,6684.0444
10904,10904,33312.758
10905,10905,1898.8308
10906,10906,117483.43
10907,10907,13084.2705
10908,10908,49497.164
10909,10909,30966.43
10910,10910,959.2628
10911,10911,0.0
10912,10912,0.0
10913,10913,32666.42
10914,10914,116139.35
10915,10915,0.0
10916,10916,31594.088
10917,10917,21084.611
10918,10918,106320.375
10919,10919,27813.457
10920,10920,22824.86
10921,10921,5191.1724
10922,10922,1588.0808
10923,10923,5267.2905
10924,10924,32964.926
10925,10925,12740.917
10926,10926,68380.65
10927,10927,12543.962
10928,10928,291.4986
10929,10929,614.19574
10930,10930,0.0
10931,10931,3601.742
10932,10932,7835.532
10933,10933,41442.906
10934,10934,28043.05
10935,10935,46341.71
10936,10936,556.0438
10937,10937,29037.496
10938,10938,8759.657
10939,10939,195715.86
10940,10940,55441.242
10941,10941,48420.418
10942,10942,1020.78534
10943,10943,4409.779
10944,10944,134472.98
10945,10945,52508.125
10946,10946,56656.75
10947,10947,2249.098
10948,10948,0.0
10949,10949,0.0
10950,10950,6397.435
10951,10951,21627.133
10952,10952,48702.22
10953,10953,3476.6375
10954,10954,0.0
10955,10955,21081.352
10956,10956,31526.383
10957,10957,504357.72
10958,10958,0.0
10959,10959,2126.917
10960,10960,11076.61
10961,10961,2227.4402
10962,10962,113957.38
10963,10963,109512.625
10964,10964,27063.266
10965,10965,0.0
10966,10966,87168.81
10967,10967,4899.014
10968,10968,14424.784
10969,10969,0.0
10970,10970,39133.215
10971,10971,52933.31
10972,10972,0.0
10973,10973,0.0
10974,10974,15700.266
10975,10975,15439.598
10976,10976,41688.375
10977,10977,31050.396
10978,10978,36037.9
10979,10979,123803.766
10980,10980,63467.297
10981,10981,42939.715
10982,10982,124434.78
10983,10983,0.0
10984,10984,8952.621
10985,10985,26858.52
10986,10986,98254.805
10987,10987,11485.002
10988,10988,33893.06
10989,10989,40499.33
10990,10990,6936.699
10991,10991,0.0
10992,10992,0.0
10993,10993,15965.982
10994,10994,18102.691
10995,10995,2.4415962e+06
10996,10996,0.0
10997,10997,11734.13
10998,10998,0.0
10999,10999,2922.5454
11000,11000,0.0
11001,11001,4663.1304
11002,11002,54473.152
11003,11003,78424.625
11004,11004,57574.516
11005,11005,3388.857
11006,11006,78181.125
11007,11007,25761.324
11008,11008,22741.887
11009,11009,0.0
11010,11010,13265.419
11011,11011,9417.885
11012,11012,0.0
11013,11013,79112.38
11014,11014,92972.164
11015,11015,1686.4641
11016,11016,135397.2
11017,11017,4497.418
11018,11018,181.38971
11019,11019,1537.0382
11020,11020,18872.92
11021,11021,0.0
11022,11022,17745.434
11023,11023,3010.486
11024,11024,50042.906
11025,11025,0.0
11026,11026,6262.4937
11027,11027,19168.875
11028,11028,46548.895
11029,11029,39739.74
11030,11030,0.0
11031,11031,80888.61
11032,11032,10218.308
11033,11033,34320.63
11034,11034,0.0
11035,11035,22091.479
11036,11036,20368.297
11037,11037,5787.9277
11038,11038,20766.55
11039,11039,0.0
11040,11040,2704.5315
11041,11041,0.0
11042,11042,68306.17
11043,11043,39549.16
11044,11044,5551.6733
11045,11045,0.0
11046,11046,8941.381
11047,11047,11473.422
11048,11048,7255.961
11049,11049,0.0
11050,11050,0.0
11051,11051,143850.44
11052,11052,8141.3477
11053,11053,0.0
11054,11054,0.0
11055,11055,0.0
11056,11056,30893.303
11057,11057,35417.906
11058,11058,28202.67
11059,11059,0.0
11060,11060,5014.6753
11061,11061,36633.965
11062,11062,32034.29
11063,11063,47692.883
11064,11064,8217.107
11065,11065,6172.5664
11066,11066,17919.639
11067,11067,420.1732
11068,11068,39928.168
11069,11069,0.0
11070,11070,0.0
11071,11071,0.0
11072,11072,0.0
11073,11073,19749.086
11074,11074,48350.637
11075,11075,0.0
11076,11076,39440.867
11077,11077,13064.375
11078,11078,6991.53
11079,11079,32536.12
11080,11080,44009.777
11081,11081,71349.586
11082,11082,138232.83
11083,11083,365.51608
11084,11084,8517.857
11085,11085,27746.826
11086,11086,170614.1
11087,11087,0.0
11088,11088,0.0
11089,11089,10346.31
11090,11090,12817.354
11091,11091,19130.123
11092,11092,5164.143
11093,11093,7881.0864
11094,11094,15855.106
11095,11095,194067.9
11096,11096,6336.5947
11097,11097,0.0
11098,11098,13802.139
11099,11099,4492.3516
11100,11100,20528.625
11101,11101,117410.23
11102,11102,0.0
11103,11103,138394.17
11104,11104,29604.97
11105,11105,15249.651
11106,11106,86074.125
11107,11107,3.6268982e+06
11108,11108,13607.748
11109,11109,54541.395
11110,11110,142515.9
11111,11111,26539.926
11112,11112,33094.758
11113,11113,368665.9
11114,11114,82281.95
11115,11115,0.0
11116,11116,0.0
11117,11117,64445.055
11118,11118,101482.516
11119,11119,19864.656
11120,11120,0.0
11121,11121,0.0
11122,11122,30324.873
11123,11123,91953.055
11124,11124,0.0
11125,11125,1.4302944e+06
11126,11126,0.0
11127,11127,25571.469
11128,11128,0.0
11129,11129,0.0
11130,11130,0.0
11131,11131,106213.15
11132,11132,2082.3513
11133,11133,57646.13
11134,11134,0.0
11135,11135,0.0
11136,11136,40330.273
11137,11137,12851.927
11138,11138,127753.75
11139,11139,4576.5034
11140,11140,19571.357
11141,11141,3636.8584
11142,11142,994.69824
11143,11143,1824.0588
11144,11144,30183.828
11145,11145,46643.5
11146,11146,1456.9758
11147,11147,27808.08
11148,11148,175564.16
11149,11149,10530.523
11150,11150,40887.793
11151,11151,0.0
11152,11152,117804.19
11153,11153,0.0
11154,11154,74507.2
11155,11155,17276.613
11156,11156,5839.717
11157,11157,6715.14
11158,11158,24358.531
11159,11159,153582.47
11160,11160,52998.5
11161,11161,10620.76
11162,11162,0.0
11163,11163,0.0
11164,11164,47017.543
11165,11165,89806.28
11166,11166,0.0
11167,11167,410400.7
11168,11168,57634.71
11169,11169,27583.438
11170,11170,37959.184
11171,11171,5890.638
11172,11172,0.0
11173,11173,10706.655
11174,11174,13579.7705
11175,11175,39952.88
11176,11176,26392.523
11177,11177,29530.918
11178,11178,31495.188
11179,11179,11219.698
11180,11180,52764.688
11181,11181,0.0
11182,11182,99948.26
11183,11183,14493.936
11184,11184,0.0
11185,11185,0.0
11186,11186,294899.16
11187,11187,7022.715
11188,11188,57839.496
11189,11189,83629.15
11190,11190,7890.006
11191,11191,50831.695
11192,11192,0.0
11193,11193,27517.064
11194,11194,2650.8713
11195,11195,9010.655
11196,11196,0.0
11197,11197,20370.8
11198,11198,0.0
11199,11199,14242.0205
11200,11200,298204.5
11201,11201,10749.972
11202,11202,6271.1714
11203,11203,39058.598
11204,11204,0.0
11205,11205,194992.52
11206,11206,224849.6
11207,11207,10270.959
11208,11208,115058.38
11209,11209,32443.309
11210,11210,333022.4
11211,11211,78707.305
11212,11212,0.0
11213,11213,198346.67
11214,11214,0.0
11215,11215,0.0
11216,11216,34973.066
11217,11217,2196.4224
11218,11218,23584.22
11219,11219,32032.506
11220,11220,83299.96
11221,11221,268457.12
11222,11222,0.0
11223,11223,517.6411
11224,11224,10295.731
11225,11225,53210.586
11226,11226,23172.305
11227,11227,95738.94
11228,11228,4.9376315e+06
11229,11229,46531.1
11230,11230,0.0
11231,11231,48779.742
11232,11232,11633.376
11233,11233,68276.57
11234,11234,48217.438
11235,11235,4543.8486
11236,11236,0.0
11237,11237,0.0
11238,11238,0.0
11239,11239,8011.821
11240,11240,9096.895
11241,11241,152275.7
11242,11242,0.0
11243,11243,0.0
11244,11244,794235.5
11245,11245,16043.952
11246,11246,0.0
11247,11247,4360.171
11248,11248,29795.121
11249,11249,25075.969
11250,11250,20109.914
11251,11251,0.0
11252,11252,104688.59
11253,11253,3658.8875
11254,11254,38518.11
11255,11255,792819.9
11256,11256,120871.92
11257,11257,61272.82
11258,11258,0.0
11259,11259,0.0
11260,11260,45973.5
11261,11261,774.09766
11262,11262,22586.324
11263,11263,0.0
11264,11264,0.0
11265,11265,12983.434
11266,11266,156543.28
11267,11267,0.0
11268,11268,19203.996
11269,11269,3041.292
11270,11270,0.0
11271,11271,12444.222
11272,11272,2652.7776
11273,11273,24944.365
11274,11274,0.0
11275,11275,8905.567
11276,11276,1687.3345
11277,11277,0.0
11278,11278,4.773209e+06
11279,11279,19177.775
11280,11280,48883.277
11281,11281,2615.4084
11282,11282,3054.6335
11283,11283,21816.287
11284,11284,12604.774
11285,11285,4865.0464
11286,11286,23114.783
11287,11287,21217.633
11288,11288,19263.066
11289,11289,33228.746
11290,11290,0.0
11291,11291,8815.134
11292,11292,204427.34
11293,11293,0.0
11294,11294,5545.712
11295,11295,3407.5598
11296,11296,37429.797
11297,11297,66389.55
11298,11298,40589.055
11299,11299,0.0
11300,11300,77108.93
11301,11301,10335.352
11302,11302,4648.5366
11303,11303,12358.569
11304,11304,3279.5825
11305,11305,132471.53
11306,11306,80958.516
11307,11307,79032.49
11308,11308,29215.957
11309,11309,50836.9
11310,11310,0.0
11311,11311,7867.6577
11312,11312,23196.422
11313,11313,184303.08
11314,11314,16040.068
11315,11315,98578.13
11316,11316,4743.889
11317,11317,7043.785
11318,11318,51540.547
11319,11319,13544.278
11320,11320,31238.059
11321,11321,1908.6395
11322,11322,7702.7734
11323,11323,18078.102
11324,11324,47930.812
11325,11325,22288.041
11326,11326,47099.793
11327,11327,0.0
11328,11328,0.0
11329,11329,20988.314
11330,11330,8617.13
11331,11331,0.0
11332,11332,229.28302
11333,11333,15483.186
11334,11334,51180.78
11335,11335,14060.804
11336,11336,0.0
11337,11337,69669.37
11338,11338,11487.564
11339,11339,0.0
11340,11340,12640.561
11341,11341,100118.53
11342,11342,319729.0
11343,11343,0.0
11344,11344,0.0
11345,11345,21433.828
11346,11346,18827.117
11347,11347,71738.875
11348,11348,0.0
11349,11349,12845.999
11350,11350,57022.598
11351,11351,7355.764
11352,11352,627.20465
11353,11353,16938.82
11354,11354,15662.127
11355,11355,74032.99
11356,11356,0.0
11357,11357,1744.0928
11358,11358,0.0
11359,11359,153720.28
11360,11360,0.0
11361,11361,12371.03
11362,11362,30929.38
11363,11363,38707.137
11364,11364,0.0
11365,11365,0.0
11366,11366,37772.426
11367,11367,27646.768
11368,11368,23044.178
11369,11369,14507.025
11370,11370,17181.006
11371,11371,0.0
11372,11372,13258.782
11373,11373,7459.5337
11374,11374,9685.91
11375,11375,108997.93
11376,11376,16968.406
11377,11377,90855.195
11378,11378,45260.96
11379,11379,19670.094
11380,11380,56918.58
11381,11381,0.0
11382,11382,21152.586
11383,11383,0.0
11384,11384,14566.144
11385,11385,0.0
11386,11386,4899.8774
11387,11387,19620.74
11388,11388,107987.48
11389,11389,0.0
11390,11390,0.0
11391,11391,24636.098
11392,11392,80031.11
11393,11393,21727.076
11394,11394,139351.27
11395,11395,14324.785
11396,11396,0.0
11397,11397,15894.52
11398,11398,11811.56
11399,11399,4990.9023
11400,11400,44033.652
11401,11401,67455.555
11402,11402,126637.53
11403,11403,66159.61
11404,11404,2930.6482
11405,11405,2035.2551
11406,11406,72750.61
11407,11407,159762.94
11408,11408,46065.68
11409,11409,0.0
11410,11410,25457.324
11411,11411,0.0
11412,11412,66426.734
11413,11413,13.4637375
11414,11414,0.0
11415,11415,15544.276
11416,11416,30127.79
11417,11417,1.5738075e+06
11418,11418,61938.6
11419,11419,1606.9087
11420,11420,21952.328
11421,11421,0.0
11422,11422,481.2141
11423,11423,10947.346
11424,11424,4927.5713
11425,11425,2339.6948
11426,11426,21562.703
11427,11427,67691.375
11428,11428,82161.27
11429,11429,1609.9961
11430,11430,27062.459
11431,11431,0.0
11432,11432,0.0
11433,11433,18057.959
11434,11434,43235.496
11435,11435,0.0
11436,11436,15474.849
11437,11437,35349.363
11438,11438,58516.867
11439,11439,145991.23
11440,11440,12290.939
11441,11441,39998.37
11442,11442,0.0
11443,11443,16381.3545
11444,11444,56828.383
11445,11445,16324.947
11446,11446,112997.664
11447,11447,11744.798
11448,11448,20553.953
11449,11449,0.0
11450,11450,0.0
11451,11451,8754.559
11452,11452,1618.6189
11453,11453,6068.597
11454,11454,80412.89
11455,11455,20163.203
11456,11456,10684.815
11457,11457,7856.731
11458,11458,0.0
11459,11459,141374.11
11460,11460,0.0
11461,11461,69821.4
11462,11462,23496.553
11463,11463,0.0
11464,11464,163480.31
11465,11465,1676.5988
11466,11466,19314.145
11467,11467,46597.47
11468,11468,0.0
11469,11469,42691.52
11470,11470,9269.884
11471,11471,56238.4
11472,11472,4006.5854
11473,11473,922.9254
11474,11474,75017.33
11475,11475,44493.508
11476,11476,19937.34
11477,11477,17371.643
11478,11478,88631.82
11479,11479,30377.133
11480,11480,5157.188
11481,11481,0.0
11482,11482,101805.87
11483,11483,9358.179
11484,11484,0.0
11485,11485,63255.85
11486,11486,2906.047
11487,11487,1137.3495
11488,11488,96891.086
11489,11489,207749.67
11490,11490,307832.78
11491,11491,30131.717
11492,11492,0.0
11493,11493,9049.431
11494,11494,46695.715
11495,11495,4702.2217
11496,11496,50626.176
11497,11497,0.0
11498,11498,18284.152
11499,11499,46366.953
11500,11500,45192.89
11501,11501,0.0
11502,11502,10329.416
11503,11503,46630.793
11504,11504,0.0
11505,11505,0.0
11506,11506,21826.63
11507,11507,20071.438
11508,11508,12737.993
11509,11509,0.0
11510,11510,132627.73
11511,11511,2.9590422e+06
11512,11512,17789.865
11513,11513,9232.626
11514,11514,85925.23
11515,11515,20857.768
11516,11516,0.0
11517,11517,337215.1
11518,11518,97682.04
11519,11519,65642.16
11520,11520,11379.45
11521,11521,0.0
11522,11522,25724.223
11523,11523,91959.25
11524,11524,94716.445
11525,11525,0.0
11526,11526,47371.383
11527,11527,0.0
11528,11528,32232.018
11529,11529,25599.71
11530,11530,0.0
11531,11531,5022.5713
11532,11532,0.0
11533,11533,0.0
11534,11534,20219.164
11535,11535,43756.01
11536,11536,41488.43
11537,11537,0.0
11538,11538,0.0
11539,11539,11355.704
11540,11540,15502.331
11541,11541,29505.068
11542,11542,1.574343e+06
11543,11543,121973.62
11544,11544,0.0
11545,11545,8398.0205
11546,11546,3816.57
11547,11547,35567.406
11548,11548,91569.664
11549,11549,29554.49
11550,11550,52031.234
11551,11551,0.0
11552,11552,4771.01
11553,11553,33366.105
11554,11554,46843.04
11555,11555,21065.188
11556,11556,68572.85
11557,11557,13924.425
11558,11558,108234.305
11559,11559,142476.81
11560,11560,0.0
11561,11561,58.980225
11562,11562,189360.83
11563,11563,203.01143
11564,11564,61262.605
11565,11565,0.0
11566,11566,21172.639
11567,11567,3821.075
11568,11568,60136.832
11569,11569,143116.28
11570,11570,808.0077
11571,11571,0.0
11572,11572,27967.04
11573,11573,16245.209
11574,11574,24435.012
11575,11575,0.0
11576,11576,0.0
11577,11577,8366.177
11578,11578,57215.812
11579,11579,10957.393
11580,11580,34420.25
11581,11581,20272.496
11582,11582,0.0
11583,11583,6763.962
11584,11584,0.0
11585,11585,18824.924
11586,11586,499382.53
11587,11587,106859.2
11588,11588,11742.22
11589,11589,0.0
11590,11590,3952.7227
11591,11591,11249.831
11592,11592,1542.4598
11593,11593,54008.293
11594,11594,8796.188
11595,11595,116052.484
11596,11596,66219.984
11597,11597,13248.948
11598,11598,0.0
11599,11599,31320.08
11600,11600,3867.8037
11601,11601,13253.758
11602,11602,15898.208
11603,11603,4455.387
11604,11604,4030.14
11605,11605,5755.564
11606,11606,26789.799
11607,11607,50464.492
11608,11608,0.0
11609,11609,863850.75
11610,11610,21153.018
11611,11611,22075.258
11612,11612,55070.496
11613,11613,0.0
11614,11614,4837.4375
11615,11615,12711.638
11616,11616,0.0
11617,11617,0.0
11618,11618,3.2546802e+06
11619,11619,22148.31
11620,11620,102693.33
11621,11621,12290.75
11622,11622,2.8194268e+06
11623,11623,10175.446
11624,11624,42773.348
11625,11625,45963.887
11626,11626,0.0
11627,11627,0.0
11628,11628,98745.88
11629,11629,122292.664
11630,11630,16837.47
11631,11631,133248.02
11632,11632,0.0
11633,11633,37505.02
11634,11634,0.0
11635,11635,29906.053
11636,11636,823.482
11637,11637,0.0
11638,11638,134678.34
11639,11639,144576.3
11640,11640,14431.262
11641,11641,0.0
11642,11642,74941.6
11643,11643,93260.445
11644,11644,155745.17
11645,11645,43530.273
11646,11646,14895.225
11647,11647,13291.2
11648,11648,51531.277
11649,11649,0.0
11650,11650,39316.824
11651,11651,33185.97
11652,11652,4773.5137
11653,11653,552098.6
11654,11654,0.0
11655,11655,19337.53
11656,11656,193266.3
11657,11657,2733.4836
11658,11658,278297.38
11659,11659,14284.526
11660,11660,43773.492
11661,11661,10766.75
11662,11662,7112.104
11663,11663,451.05124
11664,11664,25824.143
11665,11665,13720.128
11666,11666,54859.285
11667,11667,5690.3486
11668,11668,3886.9724
11669,11669,16071.652
11670,11670,38049.188
11671,11671,38762.695
11672,11672,131540.17
11673,11673,17079.705
11674,11674,0.0
11675,11675,14609.865
11676,11676,98670.08
11677,11677,56122.64
11678,11678,39926.18
11679,11679,30126.203
11680,11680,0.0
11681,11681,2.6896365e+06
11682,11682,10761.415
11683,11683,0.0
11684,11684,12890.83
11685,11685,54358.55
11686,11686,5852.6416
11687,11687,0.0
11688,11688,86142.93
11689,11689,7627.307
11690,11690,120034.43
11691,11691,6019.8057
11692,11692,0.0
11693,11693,4813.5
11694,11694,11918.36
11695,11695,50666.758
11696,11696,9396.618
11697,11697,16814.873
11698,11698,27054.188
11699,11699,36729.445
11700,11700,27543.836
11701,11701,2756.0212
11702,11702,138788.48
11703,11703,34582.453
11704,11704,29502.041
11705,11705,53945.21
11706,11706,22810.822
11707,11707,28406.025
11708,11708,107890.17
11709,11709,47860.527
11710,11710,20178.787
11711,11711,81267.664
11712,11712,0.0
11713,11713,4810.537
11714,11714,81990.53
11715,11715,50907.242
11716,11716,47491.465
11717,11717,11411.223
11718,11718,97246.6
11719,11719,14768.67
11720,11720,191725.81
11721,11721,83406.445
11722,11722,82143.53
11723,11723,0.0
11724,11724,42188.2
11725,11725,31370.678
11726,11726,5169.1313
11727,11727,0.0
11728,11728,131817.0
11729,11729,3523.445
11730,11730,199422.14
11731,11731,109007.41
11732,11732,0.0
11733,11733,9888.485
11734,11734,73141.1
11735,11735,42747.14
11736,11736,7989.985
11737,11737,134115.17
11738,11738,36218.15
11739,11739,12103.06
11740,11740,25538.977
11741,11741,306825.0
11742,11742,0.0
11743,11743,31492.98
11744,11744,4720.829
11745,11745,0.0
11746,11746,0.0
11747,11747,2726.4583
11748,11748,26033.566
11749,11749,3744.2437
11750,11750,16669.188
11751,11751,0.0
11752,11752,19321.123
11753,11753,96948.15
11754,11754,367552.66
11755,11755,0.0
11756,11756,2524.904
11757,11757,16741.152
11758,11758,0.0
11759,11759,48503.45
11760,11760,0.0
11761,11761,6812.7544
11762,11762,74237.375
11763,11763,69849.59
11764,11764,22698.27
11765,11765,1432.7942
11766,11766,69407.95
11767,11767,48018.773
11768,11768,25142.627
11769,11769,213508.66
11770,11770,0.0
11771,11771,0.0
11772,11772,2654.8843
11773,11773,16383.03
11774,11774,165510.22
11775,11775,82448.09
11776,11776,78473.38
11777,11777,0.0
11778,11778,10633.745
11779,11779,0.0
11780,11780,15219.507
11781,11781,26746.242
11782,11782,39598.49
11783,11783,31933.541
11784,11784,0.0
11785,11785,16785.418
11786,11786,9623.384
11787,11787,53690.348
11788,11788,52250.785
11789,11789,130225.734
11790,11790,55400.336
11791,11791,8978.805
11792,11792,37459.426
11793,11793,0.0
11794,11794,12873.034
11795,11795,128471.695
11796,11796,51291.527
11797,11797,0.0
11798,11798,13949.589
11799,11799,2189.349
11800,11800,6421.3354
11801,11801,8929.923
11802,11802,18810.95
11803,11803,3270.8066
11804,11804,20118.59
11805,11805,13442.94
11806,11806,18451.068
11807,11807,3817.0852
11808,11808,89422.17
11809,11809,0.0
11810,11810,14287.781
11811,11811,0.0
11812,11812,0.0
11813,11813,1753.973
11814,11814,0.0
11815,11815,0.0
11816,11816,14702.642
11817,11817,5490.456
11818,11818,18794.635
11819,11819,7937.088
11820,11820,78316.15
11821,11821,70364.164
11822,11822,71139.23
11823,11823,561563.0
11824,11824,4582.2075
11825,11825,168438.06
11826,11826,157276.0
11827,11827,9399.266
11828,11828,0.0
11829,11829,3083.1287
11830,11830,0.0
11831,11831,4558.501
11832,11832,0.0
11833,11833,38183.71
11834,11834,8887.788
11835,11835,10931.449
11836,11836,4252.4854
11837,11837,90743.27
11838,11838,209306.72
11839,11839,28345.52
11840,11840,0.0
11841,11841,115220.0
11842,11842,12722.171
11843,11843,996.5594
11844,11844,75198.75
11845,11845,17558.018
11846,11846,140268.9
11847,11847,275283.8
11848,11848,23803.025
11849,11849,13327.161
11850,11850,66936.84
11851,11851,272375.75
11852,11852,47735.453
11853,11853,1531.113
11854,11854,17819.664
11855,11855,0.0
11856,11856,7072.265
11857,11857,48648.67
11858,11858,39734.38
11859,11859,0.0
11860,11860,190526.62
11861,11861,152695.34
11862,11862,163588.52
11863,11863,17163.174
11864,11864,0.0
11865,11865,4249.7354
11866,11866,0.0
11867,11867,45119.965
11868,11868,37857.14
11869,11869,2827.0798
11870,11870,13756.3125
11871,11871,359449.97
11872,11872,7027.336
11873,11873,2866.825
11874,11874,0.0
11875,11875,0.0
11876,11876,7663.002
11877,11877,0.0
11878,11878,1227.47
11879,11879,0.0
11880,11880,0.0
11881,11881,114725.69
11882,11882,13724.764
11883,11883,92647.41
11884,11884,74777.56
11885,11885,1101.7549
11886,11886,497454.62
11887,11887,3574.9258
11888,11888,726024.44
11889,11889,30549.229
11890,11890,8826.497
11891,11891,15069.406
11892,11892,49452.48
11893,11893,0.0
11894,11894,0.0
11895,11895,49084.176
11896,11896,18165.598
11897,11897,1492.3416
11898,11898,43339.234
11899,11899,40915.47
11900,11900,29418.477
11901,11901,15129.639
11902,11902,14630.978
11903,11903,0.0
11904,11904,9956.81
11905,11905,85962.18
11906,11906,39474.87
11907,11907,0.0
11908,11908,17106.865
11909,11909,18971.111
11910,11910,50249.562
11911,11911,13819.735
11912,11912,43900.152
11913,11913,0.0
11914,11914,94883.34
11915,11915,62297.25
11916,11916,124263.36
11917,11917,0.0
11918,11918,22006.95
11919,11919,7303.3687
11920,11920,0.0
11921,11921,0.0
11922,11922,103774.47
11923,11923,12670.95
11924,11924,56843.54
11925,11925,94181.63
11926,11926,21094.396
11927,11927,13050.083
11928,11928,35462.07
11929,11929,3671.7212
11930,11930,7105.68
11931,11931,4534.0483
11932,11932,0.0
11933,11933,78114.01
11934,11934,24583.607
11935,11935,120244.43
11936,11936,37247.69
11937,11937,0.0
11938,11938,10495.895
11939,11939,75387.3
11940,11940,87773.31
11941,11941,0.0
11942,11942,256597.94
11943,11943,8109.833
11944,11944,14898.122
11945,11945,100416.16
11946,11946,0.0
11947,11947,18170.62
11948,11948,10874.642
11949,11949,284.71948
11950,11950,40105.4
11951,11951,0.0
11952,11952,0.0
11953,11953,15592.364
11954,11954,32867.37
11955,11955,44333.918
11956,11956,421549.62
11957,11957,26744.646
11958,11958,1622.7731
11959,11959,6094.683
11960,11960,7135.0625
11961,11961,10396.665
11962,11962,82246.52
11963,11963,189094.31
11964,11964,180875.94
11965,11965,199619.23
11966,11966,6250.093
11967,11967,15728.671
11968,11968,0.0
11969,11969,137372.83
11970,11970,15898.816
11971,11971,0.0
11972,11972,0.0
11973,11973,0.0
11974,11974,0.0
11975,11975,2447.606
11976,11976,0.0
11977,11977,8332.982
11978,11978,1647.1162
11979,11979,41957.42
11980,11980,30653.166
11981,11981,8733.6875
11982,11982,0.0
11983,11983,0.0
11984,11984,634812.0
11985,11985,18161.44
11986,11986,5817.0894
11987,11987,162615.12
11988,11988,14896.301
11989,11989,28455.625
11990,11990,0.0
11991,11991,0.0
11992,11992,0.0
11993,11993,32005.623
11994,11994,0.0
11995,11995,0.0
11996,11996,9929.242
11997,11997,39129.22
11998,11998,19972.83
11999,11999,32535.482
12000,12000,0.0
12001,12001,0.0
12002,12002,55981.465
12003,12003,0.0
12004,12004,12670.616
12005,12005,178156.84
12006,12006,19440.053
12007,12007,43644.695
12008,12008,0.0
12009,12009,40360.09
12010,12010,75088.1
12011,12011,3208.9453
12012,12012,634.43805
12013,12013,25445.752
12014,12014,9211.13
12015,12015,0.0
12016,12016,82751.14
12017,12017,45053.203
12018,12018,0.0
12019,12019,216991.97
12020,12020,34617.742
12021,12021,7405.8047
12022,12022,34783.58
12023,12023,3543.5642
12024,12024,65126.01
12025,12025,268305.9
12026,12026,62695.78
12027,12027,19805.717
12028,12028,45403.918
12029,12029,120906.76
12030,12030,0.0
12031,12031,73682.85
12032,12032,257962.9
12033,12033,83847.15
12034,12034,22914.793
12035,12035,19014.67
12036,12036,39926.402
12037,12037,0.0
12038,12038,337618.88
12039,12039,10051.071
12040,12040,25421.82
12041,12041,7357.993
12042,12042,50160.42
12043,12043,0.0
12044,12044,2183.99
12045,12045,8716.734
12046,12046,0.0
12047,12047,30970.424
12048,12048,15301.885
12049,12049,205876.3
12050,12050,2701.3665
12051,12051,0.0
12052,12052,7236.761
12053,12053,0.0
12054,12054,35777.89
12055,12055,229783.25
12056,12056,0.0
12057,12057,0.0
12058,12058,49837.953
12059,12059,23966.979
12060,12060,6462.605
12061,12061,0.0
12062,12062,234200.95
12063,12063,26640.252
12064,12064,9250.83
12065,12065,3324.3887
12066,12066,0.0
12067,12067,726.547
12068,12068,5936.5684
12069,12069,107669.88
12070,12070,4621.2427
12071,12071,55686.324
12072,12072,9161.321
12073,12073,203713.42
12074,12074,92133.27
12075,12075,81031.03
12076,12076,0.0
12077,12077,2.2629088e+06
12078,12078,915.1268
12079,12079,0.0
12080,12080,29541.246
12081,12081,0.0
12082,12082,5621.308
12083,12083,0.0
12084,12084,12950.294
12085,12085,909.4468
12086,12086,161314.81
12087,12087,22180.117
12088,12088,25904.463
12089,12089,1.1235796e+06
12090,12090,72921.37
12091,12091,88120.03
12092,12092,8941.728
12093,12093,0.0
12094,12094,297350.75
12095,12095,64446.555
12096,12096,3707.1724
12097,12097,156206.38
12098,12098,36360.555
12099,12099,8133.1196
12100,12100,23412.668
12101,12101,12794.374
12102,12102,33898.414
12103,12103,70929.89
12104,12104,25183.646
12105,12105,10969.563
12106,12106,149066.22
12107,12107,3.5398362e+06
12108,12108,3800.8103
12109,12109,0.0
12110,12110,14811.114
12111,12111,13450.608
12112,12112,12538.289
12113,12113,0.0
12114,12114,78124.52
12115,12115,72749.76
12116,12116,278744.2
12117,12117,3441.3752
12118,12118,0.0
12119,12119,40720.695
12120,12120,0.0
12121,12121,8058.8066
12122,12122,0.0
12123,12123,0.0
12124,12124,0.0
12125,12125,28674.041
12126,12126,53455.324
12127,12127,58342.85
12128,12128,0.0
12129,12129,204557.3
12130,12130,0.0
12131,12131,18065.342
12132,12132,141601.56
12133,12133,2.6304095e+06
12134,12134,219896.6
12135,12135,17559.06
12136,12136,0.0
12137,12137,23530.205
12138,12138,21523.184
12139,12139,5872.3403
12140,12140,17506.639
12141,12141,0.0
12142,12142,7409.2637
12143,12143,34673.992
12144,12144,0.0
12145,12145,0.0
12146,12146,207717.52
12147,12147,15051.329
12148,12148,77.24986
12149,12149,0.0
12150,12150,29919.434
12151,12151,5537.505
12152,12152,11312.594
12153,12153,0.0
12154,12154,13816.162
12155,12155,11814.301
12156,12156,4415.1055
12157,12157,4542.6177
12158,12158,211628.78
12159,12159,67424.18
12160,12160,45003.492
12161,12161,6464.2456
12162,12162,46474.26
12163,12163,49368.043
12164,12164,3875.7507
12165,12165,6470.1143
12166,12166,0.0
12167,12167,35590.676
12168,12168,8071.541
12169,12169,270950.12
12170,12170,18836.232
12171,12171,5023.9375
12172,12172,40089.54
12173,12173,11562.233
12174,12174,30832.266
12175,12175,3461.2153
12176,12176,39752.895
12177,12177,52134.15
12178,12178,55313.31
12179,12179,18641.254
12180,12180,43477.94
12181,12181,62271.7
12182,12182,6760.964
12183,12183,4812.7793
12184,12184,0.0
12185,12185,79307.61
12186,12186,2019.1522
12187,12187,0.0
12188,12188,280581.56
12189,12189,32049.357
12190,12190,20618.686
12191,12191,4331.635
12192,12192,23787.53
12193,12193,0.0
12194,12194,14082.375
12195,12195,0.0
12196,12196,4755.2686
12197,12197,13479.102
12198,12198,110251.85
12199,12199,6557.7534
12200,12200,0.0
12201,12201,17071.473
12202,12202,86865.87
12203,12203,36484.438
12204,12204,0.0
12205,12205,0.0
12206,12206,6461.6978
12207,12207,14114.153
12208,12208,45879.184
12209,12209,3020.4617
12210,12210,100579.05
12211,12211,0.0
12212,12212,21897.275
12213,12213,65885.266
12214,12214,27830.346
12215,12215,1489.1581
12216,12216,0.0
12217,12217,0.0
12218,12218,2.3144335e+06
12219,12219,44049.168
12220,12220,30531.916
12221,12221,1507.9745
12222,12222,0.0
12223,12223,454.1003
12224,12224,13836.165
12225,12225,25894.38
12226,12226,22321.027
12227,12227,0.0
12228,12228,0.0
12229,12229,6080.953
12230,12230,62828.0
12231,12231,101400.42
12232,12232,122656.7
12233,12233,17307.13
12234,12234,3379.71
12235,12235,0.0
12236,12236,0.0
12237,12237,100422.36
12238,12238,1176.9354
12239,12239,117537.84
12240,12240,14935.8125
12241,12241,76462.82
12242,12242,294245.8
12243,12243,64223.254
12244,12244,30512.611
12245,12245,10824.555
12246,12246,5299.248
12247,12247,2521.4019
12248,12248,4.6592085e+06
12249,12249,57833.97
12250,12250,12940.934
12251,12251,26956.836
12252,12252,338.61734
12253,12253,2040.0155
12254,12254,40993.066
12255,12255,38503.38
12256,12256,3342.0095
12257,12257,11908.118
12258,12258,216360.39
12259,12259,0.0
12260,12260,98248.164
12261,12261,15443.398
12262,12262,10617.594
12263,12263,56450.758
12264,12264,238999.11
12265,12265,42130.61
12266,12266,0.0
12267,12267,15937.162
12268,12268,48965.0
12269,12269,16846.273
12270,12270,100463.664
12271,12271,18891.232
12272,12272,21027.38
12273,12273,27217.94
12274,12274,0.0
12275,12275,6281.407
12276,12276,1.2469096e+07
12277,12277,1283.8483
12278,12278,1922.535
12279,12279,2047.0518
12280,12280,137346.73
12281,12281,0.0
12282,12282,0.0
12283,12283,44540.47
12284,12284,43509.56
12285,12285,0.0
12286,12286,0.0
12287,12287,0.0
12288,12288,16999.225
12289,12289,47394.406
12290,12290,109813.46
12291,12291,48531.95
12292,12292,0.0
12293,12293,12567.046
12294,12294,114426.62
12295,12295,0.0
12296,12296,14679.029
12297,12297,17312.89
12298,12298,20467.402
12299,12299,18066.479
12300,12300,9945.795
12301,12301,80878.234
12302,12302,0.0
12303,12303,0.0
12304,12304,0.0
12305,12305,34586.46
12306,12306,11968.9
12307,12307,5050.738
12308,12308,15666.688
12309,12309,4911.2734
12310,12310,0.0
12311,12311,8397.238
12312,12312,40798.97
12313,12313,0.0
12314,12314,80028.6
12315,12315,52423.82
12316,12316,101276.42
12317,12317,40313.938
12318,12318,0.0
12319,12319,20126.658
12320,12320,28590.959
12321,12321,207420.08
12322,12322,1371.934
12323,12323,10466.272
12324,12324,3377.9373
12325,12325,35627.664
12326,12326,49800.695
12327,12327,1880.086
12328,12328,26117.113
12329,12329,57539.668
12330,12330,44252.617
12331,12331,77910.5
12332,12332,190259.17
12333,12333,4772.6753
12334,12334,21502.982
12335,12335,44032.43
12336,12336,0.0
12337,12337,10094.255
12338,12338,14050.262
12339,12339,21988.186
12340,12340,10003.2295
12341,12341,41065.883
12342,12342,8207.007
12343,12343,3061.0964
12344,12344,10418.054
12345,12345,13696.353
12346,12346,32712.19
12347,12347,16560.24
12348,12348,15024.18
12349,12349,734227.94
12350,12350,2465.5962
12351,12351,2303.1812
12352,12352,120161.04
12353,12353,42027.473
12354,12354,3435.7087
12355,12355,20563.045
12356,12356,22302.996
12357,12357,11369.504
12358,12358,5937.3286
12359,12359,12049.846
12360,12360,0.0
12361,12361,11429.818
12362,12362,32184.508
12363,12363,65873.34
12364,12364,0.0
12365,12365,0.0
12366,12366,24840.615
12367,12367,28962.379
12368,12368,0.0
12369,12369,0.0
12370,12370,13463.97
12371,12371,9883.232
12372,12372,23812.447
12373,12373,0.0
12374,12374,0.0
12375,12375,55.319946
12376,12376,15012.245
12377,12377,0.0
12378,12378,34543.01
12379,12379,9735.869
12380,12380,0.0
12381,12381,7239.656
12382,12382,2448.198
12383,12383,0.0
12384,12384,29884.955
12385,12385,42368.656
12386,12386,138557.48
12387,12387,1.9893065e+06
12388,12388,3078.2473
12389,12389,33964.63
12390,12390,0.0
12391,12391,9708.477
12392,12392,41874.305
12393,12393,8568.939
12394,12394,86258.445
12395,12395,0.0
12396,12396,8011.252
12397,12397,0.0
12398,12398,48983.07
12399,12399,13103.257
12400,12400,60958.297
12401,12401,67945.62
12402,12402,59381.355
12403,12403,1109.1465
12404,12404,22421.21
12405,12405,19019.994
12406,12406,50800.2
12407,12407,0.0
12408,12408,19459.975
12409,12409,6969.38
12410,12410,23896.566
12411,12411,0.0
12412,12412,11252.942
12413,12413,225842.3
12414,12414,0.0
12415,12415,442856.75
12416,12416,61598.77
12417,12417,6598.683
12418,12418,942.238
12419,12419,72655.48
12420,12420,14216.723
12421,12421,0.0
12422,12422,40736.77
12423,12423,11495.115
12424,12424,4777.6387
12425,12425,5482.4023
12426,12426,138140.48
12427,12427,25257.496
12428,12428,74168.086
12429,12429,0.0
12430,12430,27523.74
12431,12431,33317.06
12432,12432,161002.02
12433,12433,32650.148
12434,12434,32512.088
12435,12435,29275.14
12436,12436,11003.651
12437,12437,2097.2148
12438,12438,28626.934
12439,12439,847387.8
12440,12440,3367.2007
12441,12441,30883.04
12442,12442,32170.068
12443,12443,0.0
12444,12444,0.0
12445,12445,30932.93
12446,12446,0.0
12447,12447,0.0
12448,12448,2649.671
12449,12449,131451.66
12450,12450,20106.418
12451,12451,259758.06
12452,12452,95632.52
12453,12453,60259.953
12454,12454,100192.48
12455,12455,8251.322
12456,12456,14571.244
12457,12457,5817.307
12458,12458,92425.47
12459,12459,35684.105
12460,12460,18827.59
12461,12461,0.0
12462,12462,100022.65
12463,12463,21106.83
12464,12464,18818.521
12465,12465,65625.18
12466,12466,88836.586
12467,12467,35826.09
12468,12468,18115.783
12469,12469,31542.639
12470,12470,40264.79
12471,12471,90304.12
12472,12472,149624.62
12473,12473,0.0
12474,12474,0.0
12475,12475,0.0
12476,12476,87031.27
12477,12477,94594.54
12478,12478,25177.268
12479,12479,0.0
12480,12480,78281.5
12481,12481,29294.861
12482,12482,3465.301
12483,12483,0.0
12484,12484,47681.664
12485,12485,115613.26
12486,12486,2.317219e+06
12487,12487,0.0
12488,12488,7110.8774
12489,12489,40320.18
12490,12490,10050.698
12491,12491,35297.695
12492,12492,7709.9824
12493,12493,4496.4536
12494,12494,0.0
12495,12495,38111.164
12496,12496,24034.43
12497,12497,53868.555
12498,12498,34207.543
12499,12499,104766.49
12500,12500,0.0
12501,12501,6530.647
12502,12502,0.0
12503,12503,121345.51
12504,12504,29730.088
12505,12505,0.0
12506,12506,502.91812
12507,12507,17264.182
12508,12508,14585.707
12509,12509,43757.94
12510,12510,48983.004
12511,12511,2177.8303
12512,12512,0.0
12513,12513,19465.498
12514,12514,15512.128
12515,12515,58946.92
12516,12516,54698.598
12517,12517,20760.121
12518,12518,26831.867
12519,12519,53773.918
12520,12520,14152.679
12521,12521,26528.014
12522,12522,30813.43
12523,12523,12141.937
12524,12524,6059.311
12525,12525,8446.818
12526,12526,11741.58
12527,12527,29159.1
12528,12528,5107.3403
12529,12529,72498.375
12530,12530,22004.96
12531,12531,9344.532
12532,12532,217642.11
12533,12533,27718.014
12534,12534,42861.33
12535,12535,0.0
12536,12536,278514.16
12537,12537,7533.627
12538,12538,7.3126315e+06
12539,12539,7780.7476
12540,12540,3.324836e+06
12541,12541,21460.576
12542,12542,35926.016
12543,12543,4.5140125e+06
12544,12544,0.0
12545,12545,82298.164
12546,12546,9429.038
12547,12547,12329.5205
12548,12548,3265.4915
12549,12549,3285.9707
12550,12550,10809.701
12551,12551,20663.486
12552,12552,26381.637
12553,12553,10348.708
12554,12554,0.0
12555,12555,364369.25
12556,12556,87501.66
12557,12557,58061.473
12558,12558,105796.414
12559,12559,275880.22
12560,12560,21109.094
12561,12561,179075.08
12562,12562,10043.402
12563,12563,35722.297
12564,12564,21551.398
12565,12565,0.0
12566,12566,96617.12
12567,12567,46173.09
12568,12568,20530.615
12569,12569,15513.97
12570,12570,15536.73
12571,12571,1752.5054
12572,12572,0.0
12573,12573,18140.342
12574,12574,34967.477
12575,12575,99093.41
12576,12576,18695.057
12577,12577,2.2473515e+06
12578,12578,73815.55
12579,12579,36369.867
12580,12580,305043.94
12581,12581,7970.7827
12582,12582,0.0
12583,12583,0.0
12584,12584,5082.7256
12585,12585,53833.09
12586,12586,0.0
12587,12587,0.0
12588,12588,121890.8
12589,12589,58835.438
12590,12590,2323.8733
12591,12591,80317.55
12592,12592,4520.483
12593,12593,14807.399
12594,12594,47618.59
12595,12595,53106.246
12596,12596,30221.096
12597,12597,0.0
12598,12598,0.0
12599,12599,161572.66
12600,12600,25232.438
12601,12601,21804.602
12602,12602,0.0
12603,12603,0.0
12604,12604,13586.279
12605,12605,26188.164
12606,12606,0.0
12607,12607,17444.594
12608,12608,1506.9991
12609,12609,6423.2256
12610,12610,0.0
12611,12611,1147.7427
12612,12612,42348.21
12613,12613,99739.53
12614,12614,25297.334
12615,12615,185006.94
12616,12616,7418.4946
12617,12617,76773.555
12618,12618,47514.695
12619,12619,28667.596
12620,12620,62535.62
12621,12621,17879.668
12622,12622,199136.12
12623,12623,26213.574
12624,12624,33957.27
12625,12625,6673.0
12626,12626,28898.746
12627,12627,18267.137
12628,12628,0.0
12629,12629,58042.73
12630,12630,44210.438
12631,12631,19864.793
12632,12632,99494.88
12633,12633,15834.555
12634,12634,406897.6
12635,12635,0.0
12636,12636,0.0
12637,12637,115537.21
12638,12638,235585.08
12639,12639,401970.72
12640,12640,878.05
12641,12641,66591.42
12642,12642,17813.793
12643,12643,7069.291
12644,12644,6245.9507
12645,12645,5873.7935
12646,12646,72308.98
12647,12647,8737.36
12648,12648,28457.023
12649,12649,15251.806
12650,12650,0.0
12651,12651,41727.297
12652,12652,151059.33
12653,12653,0.0
12654,12654,1114.0509
12655,12655,8368.755
12656,12656,12457.0
12657,12657,0.0
12658,12658,286180.38
12659,12659,27526.285
12660,12660,11210.222
12661,12661,0.0
12662,12662,118900.12
12663,12663,70646.91
12664,12664,242378.28
12665,12665,16054.975
12666,12666,3203.412
12667,12667,25694.13
12668,12668,229052.36
12669,12669,0.0
12670,12670,53799.008
12671,12671,31308.45
12672,12672,43995.848
12673,12673,5633.4854
12674,12674,50646.06
12675,12675,0.0
12676,12676,11881.228
12677,12677,48682.52
12678,12678,21074.916
12679,12679,9176.586
12680,12680,6767.5054
12681,12681,0.0
12682,12682,45950.21
12683,12683,0.0
12684,12684,33666.79
12685,12685,13196.974
12686,12686,10269.189
12687,12687,240501.8
12688,12688,6461.7397
12689,12689,37039.92
12690,12690,37274.76
12691,12691,14105.812
12692,12692,0.0
12693,12693,163805.03
12694,12694,0.0
12695,12695,54698.457
12696,12696,43270.7
12697,12697,40307.87
12698,12698,51637.656
12699,12699,1379.8988
12700,12700,0.0
12701,12701,0.0
12702,12702,0.0
12703,12703,0.0
12704,12704,22203.018
12705,12705,0.0
12706,12706,0.0
12707,12707,2309.4448
12708,12708,14675.321
12709,12709,57035.926
12710,12710,165057.89
12711,12711,102945.04
12712,12712,21938.93
12713,12713,9859.937
12714,12714,66329.61
12715,12715,68621.37
12716,12716,13750.074
12717,12717,26080.787
12718,12718,7901.6304
12719,12719,259.6055
12720,12720,273774.25
12721,12721,47642.137
12722,12722,9712.968
12723,12723,33290.023
12724,12724,17738.53
12725,12725,14875.126
12726,12726,8823.237
12727,12727,33495.07
12728,12728,0.0
12729,12729,119575.43
12730,12730,116083.43
12731,12731,33103.69
12732,12732,525.7645
12733,12733,5823.3286
12734,12734,20224.45
12735,12735,6725.146
12736,12736,17426.383
12737,12737,6515.1323
12738,12738,20907.002
12739,12739,21429.016
12740,12740,0.0
12741,12741,154448.14
12742,12742,59257.656
12743,12743,10239.912
12744,12744,199645.28
12745,12745,23594.156
12746,12746,20035.58
12747,12747,19619.639
12748,12748,10063.742
12749,12749,19991.725
12750,12750,13462.556
12751,12751,28391.709
12752,12752,11858.036
12753,12753,27723.506
12754,12754,6414.3955
12755,12755,18965.217
12756,12756,0.0
12757,12757,16182.053
12758,12758,0.0
12759,12759,40041.156
12760,12760,11538.857
12761,12761,1697.6404
12762,12762,3.305947e+06
12763,12763,103024.02
12764,12764,103399.72
12765,12765,3041.7053
12766,12766,0.0
12767,12767,47256.523
12768,12768,10192.873
12769,12769,58929.652
12770,12770,7189.9873
12771,12771,0.0
12772,12772,0.0
12773,12773,681.6282
12774,12774,21528.555
12775,12775,3083.819
12776,12776,7572.1143
12777,12777,243991.3
12778,12778,0.0
12779,12779,22091.479
12780,12780,20815.396
12781,12781,160635.86
12782,12782,89053.875
12783,12783,71615.016
12784,12784,1450.452
12785,12785,76369.22
12786,12786,0.0
12787,12787,0.0
12788,12788,172336.64
12789,12789,119.943695
12790,12790,8988.992
12791,12791,8993.15
12792,12792,62402.96
12793,12793,1.7876979e+06
12794,12794,0.0
12795,12795,8584.778
12796,12796,77281.195
12797,12797,46215.855
12798,12798,40845.688
12799,12799,5222.1836
12800,12800,2253.1533
12801,12801,42748.715
12802,12802,20313.451
12803,12803,131106.2
12804,12804,1.0997906e+06
12805,12805,4242.8984
12806,12806,1802.7522
12807,12807,18084.955
12808,12808,5.8266785e+06
12809,12809,0.0
12810,12810,26516.145
12811,12811,9356.764
12812,12812,38692.6
12813,12813,0.0
12814,12814,3884.775
12815,12815,12707.395
12816,12816,3501.9607
12817,12817,97518.195
12818,12818,0.0
12819,12819,66942.18
12820,12820,25312.152
12821,12821,54179.938
12822,12822,18547.775
12823,12823,13759.876
12824,12824,110380.16
12825,12825,14318.436
12826,12826,13823.17
12827,12827,132401.38
12828,12828,30924.55
12829,12829,13042.19
12830,12830,439799.97
12831,12831,15451.743
12832,12832,0.0
12833,12833,0.0
12834,12834,234250.6
12835,12835,0.0
12836,12836,6401.0376
12837,12837,27702.924
12838,12838,2796.8186
12839,12839,3841.738
12840,12840,6078.329
12841,12841,137952.58
12842,12842,44494.86
12843,12843,112322.31
12844,12844,0.0
12845,12845,2683.529
12846,12846,17905.064
12847,12847,71266.16
12848,12848,37053.277
12849,12849,0.0
12850,12850,45241.055
12851,12851,0.0
12852,12852,55888.89
12853,12853,4446.3594
12854,12854,49503.42
12855,12855,0.0
12856,12856,13856.11
12857,12857,42931.54
12858,12858,36144.72
12859,12859,2099.2341
12860,12860,158566.05
12861,12861,42811.184
12862,12862,12581.396
12863,12863,0.0
12864,12864,21891.732
12865,12865,9960.516
12866,12866,79530.78
12867,12867,116706.47
12868,12868,1342.0302
12869,12869,2477.3457
12870,12870,38052.9
12871,12871,0.0
12872,12872,38786.113
12873,12873,19683.607
12874,12874,28217.363
12875,12875,76183.38
12876,12876,24534.959
12877,12877,0.0
12878,12878,206761.78
12879,12879,48445.64
12880,12880,0.0
12881,12881,16257.757
12882,12882,1032.6075
12883,12883,18631.453
12884,12884,59333.5
12885,12885,208568.8
12886,12886,90123.195
12887,12887,94129.625
12888,12888,128726.85
12889,12889,5693.076
12890,12890,2171.12
12891,12891,27679.979
12892,12892,7694.412
12893,12893,100547.766
12894,12894,100003.23
12895,12895,0.0
12896,12896,0.0
12897,12897,0.0
12898,12898,15142.022
12899,12899,70886.61
12900,12900,0.0
12901,12901,13423.51
12902,12902,106216.17
12903,12903,18215.812
12904,12904,50509.105
12905,12905,0.0
12906,12906,88717.68
12907,12907,0.0
12908,12908,56440.35
12909,12909,15111.195
12910,12910,13426.19
12911,12911,99494.88
12912,12912,34245.734
12913,12913,262221.75
12914,12914,61160.613
12915,12915,0.0
12916,12916,20063.053
12917,12917,3854.0874
12918,12918,48249.45
12919,12919,0.0
12920,12920,74724.97
12921,12921,9934.477
12922,12922,71654.2
12923,12923,26088.463
12924,12924,2925.056
12925,12925,55815.73
12926,12926,66548.68
12927,12927,0.0
12928,12928,218708.02
12929,12929,15132.124
12930,12930,0.0
12931,12931,14697.81
12932,12932,13152.28
12933,12933,11999.6045
12934,12934,13143.53
12935,12935,0.0
12936,12936,14536.63
12937,12937,108792.77
12938,12938,0.0
12939,12939,704587.94
12940,12940,229412.66
12941,12941,8636.44
12942,12942,1380.674
12943,12943,4526.9077
12944,12944,35907.45
12945,12945,22376.887
12946,12946,100352.586
12947,12947,126673.28
12948,12948,2327.22
12949,12949,59181.938
12950,12950,44146.668
12951,12951,44261.555
12952,12952,140526.9
12953,12953,28541.996
12954,12954,5.337944e+06
12955,12955,5748.7637
12956,12956,313344.34
12957,12957,52533.617
12958,12958,0.0
12959,12959,51246.535
12960,12960,76299.72
12961,12961,50186.195
12962,12962,13233.979
12963,12963,0.0
12964,12964,14296.552
12965,12965,16588.844
12966,12966,6821.36
12967,12967,64788.934
12968,12968,280498.9
12969,12969,7936.9805
12970,12970,247241.14
12971,12971,148564.42
12972,12972,1.7490571e+06
12973,12973,17615.365
12974,12974,0.0
12975,12975,6800.51
12976,12976,0.0
12977,12977,2203.7664
12978,12978,9689.572
12979,12979,42675.57
12980,12980,0.0
12981,12981,7133.544
12982,12982,9940.806
12983,12983,0.0
12984,12984,44744.43
12985,12985,210278.16
12986,12986,159155.0
12987,12987,0.0
12988,12988,219165.2
12989,12989,31332.648
12990,12990,1730.4884
12991,12991,82264.86
12992,12992,96563.03
12993,12993,444239.4
12994,12994,26981.11
12995,12995,294133.38
12996,12996,74146.54
12997,12997,0.0
12998,12998,99322.97
12999,12999,178467.8
13000,13000,0.0
13001,13001,16860.434
13002,13002,2610.9885
13003,13003,16022.463
13004,13004,50101.74
13005,13005,24795.0
13006,13006,55074.195
13007,13007,14668.104
13008,13008,66002.445
13009,13009,12248.862
13010,13010,33499.79
13011,13011,17402.828
13012,13012,41593.754
13013,13013,0.0
13014,13014,84827.85
13015,13015,51485.137
13016,13016,22838.389
13017,13017,35518.293
13018,13018,6730.0264
13019,13019,3435.7437
13020,13020,35717.156
13021,13021,45895.895
13022,13022,57989.062
13023,13023,5427.318
13024,13024,5141.0205
13025,13025,11261.056
13026,13026,10136.766
13027,13027,111415.09
13028,13028,70201.555
13029,13029,8108.9536
13030,13030,0.0
13031,13031,10444.348
13032,13032,0.0
13033,13033,12322.756
13034,13034,109015.22
13035,13035,0.0
13036,13036,8843.934
13037,13037,10264.946
13038,13038,0.0
13039,13039,103755.086
13040,13040,0.0
13041,13041,1135.1156
13042,13042,47312.72
13043,13043,4212.9795
13044,13044,0.0
13045,13045,305094.3
13046,13046,17107.236
13047,13047,3353.7102
13048,13048,2.3885312e+06
13049,13049,14104.082
13050,13050,8890.888
13051,13051,10619.888
13052,13052,0.0
13053,13053,3241.471
13054,13054,46710.473
13055,13055,11998.698
13056,13056,16822.172
13057,13057,159418.2
13058,13058,9849.959
13059,13059,0.0
13060,13060,198176.48
13061,13061,1546.5216
13062,13062,34339.824
13063,13063,243417.77
13064,13064,25632.088
13065,13065,4368.2114
13066,13066,19305.12
13067,13067,13274.849
13068,13068,42388.168
13069,13069,0.0
13070,13070,11135.587
13071,13071,2269.659
13072,13072,11432.253
13073,13073,31929.373
13074,13074,39841.83
13075,13075,21845.63
13076,13076,42688.28
13077,13077,6082.045
13078,13078,0.0
13079,13079,0.0
13080,13080,11586.866
13081,13081,6348.822
13082,13082,0.0
13083,13083,211.86499
13084,13084,24266.0
13085,13085,0.0
13086,13086,0.0
13087,13087,26935.098
13088,13088,0.0
13089,13089,14945.885
13090,13090,0.0
13091,13091,1565.7345
13092,13092,0.0
13093,13093,62945.24
13094,13094,217760.86
13095,13095,19860.225
13096,13096,11737.82
13097,13097,69563.555
13098,13098,872931.6
13099,13099,26193.623
13100,13100,153837.1
13101,13101,31519.467
13102,13102,31302.066
13103,13103,22494.73
13104,13104,34963.094
13105,13105,0.0
13106,13106,48973.3
13107,13107,0.0
13108,13108,0.0
13109,13109,0.0
13110,13110,127102.055
13111,13111,28767.75
13112,13112,4.899702e+06
13113,13113,7899.514
13114,13114,0.0
13115,13115,0.0
13116,13116,8839.703
13117,13117,323.80505
13118,13118,107437.19
13119,13119,4791.5063
13120,13120,72530.28
13121,13121,12595.5205
13122,13122,434.15094
13123,13123,8022.751
13124,13124,135330.36
13125,13125,23973.525
13126,13126,31653.85
13127,13127,219666.69
13128,13128,4203.6943
13129,13129,347176.5
13130,13130,51182.992
13131,13131,0.0
13132,13132,16993.371
13133,13133,50056.027
13134,13134,3208.8538
13135,13135,30662.092
13136,13136,0.0
13137,13137,36432.19
13138,13138,19966.932
13139,13139,166833.0
13140,13140,177993.64
13141,13141,93127.83
13142,13142,32500.012
13143,13143,27162.922
13144,13144,91234.5
13145,13145,2604.988
13146,13146,23526.117
13147,13147,105437.34
13148,13148,0.0
13149,13149,18564.83
13150,13150,10411.936
13151,13151,64797.2
13152,13152,54880.016
13153,13153,1064.3674
13154,13154,15538.696
13155,13155,7831.994
13156,13156,944.1157
13157,13157,0.0
13158,13158,195015.05
13159,13159,0.0
13160,13160,0.0
13161,13161,10949.156
13162,13162,11383.147
13163,13163,67969.56
13164,13164,97124.6
13165,13165,34296.207
13166,13166,10053.314
13167,13167,8494.985
13168,13168,1763.5842
13169,13169,21913.445
13170,13170,205282.31
13171,13171,0.0
13172,13172,14645.775
13173,13173,0.0
13174,13174,32348.9
13175,13175,37857.56
13176,13176,0.0
13177,13177,5161.3496
13178,13178,12521.623
13179,13179,22810.586
13180,13180,148152.5
13181,13181,0.0
13182,13182,5167.12
13183,13183,130174.01
13184,13184,15032.513
13185,13185,118827.12
13186,13186,14755.589
13187,13187,26123.21
13188,13188,0.0
13189,13189,0.0
13190,13190,338.10962
13191,13191,37800.125
13192,13192,0.0
13193,13193,10711.979
13194,13194,23244.602
13195,13195,16643.92
13196,13196,61009.895
13197,13197,7359.989
13198,13198,6455.862
13199,13199,2165.0427
13200,13200,0.0
13201,13201,3503.1003
13202,13202,2707.1704
13203,13203,778.6784
13204,13204,6.2874265e+06
13205,13205,0.0
13206,13206,8415.68
13207,13207,6984.86
13208,13208,5896.6274
13209,13209,3507.1174
13210,13210,208377.22
13211,13211,95581.016
13212,13212,112618.51
13213,13213,69861.82
13214,13214,0.0
13215,13215,10039.507
13216,13216,0.0
13217,13217,69420.83
13218,13218,1492.4872
13219,13219,0.0
13220,13220,61854.6
13221,13221,11874.641
13222,13222,23911.314
13223,13223,0.0
13224,13224,8993.664
13225,13225,7810.1807
13226,13226,29250.047
13227,13227,62719.75
13228,13228,3227.0374
13229,13229,24272.662
13230,13230,22950.852
13231,13231,0.0
13232,13232,32951.74
13233,13233,1.2262285e+06
13234,13234,19340.025
13235,13235,0.0
13236,13236,11853.028
13237,13237,29213.416
13238,13238,6367.4683
13239,13239,83496.2
13240,13240,6809.999
13241,13241,61681.65
13242,13242,22695.604
13243,13243,213437.88
13244,13244,0.0
13245,13245,0.0
13246,13246,4397.2026
13247,13247,7407.583
13248,13248,30874.867
13249,13249,47947.773
13250,13250,25836.002
13251,13251,17187.15
13252,13252,8516.72
13253,13253,30665.363
13254,13254,14146.979
13255,13255,0.0
13256,13256,96372.01
13257,13257,79696.19
13258,13258,38183.71
13259,13259,14286.371
13260,13260,0.0
13261,13261,3159.754
13262,13262,171674.7
13263,13263,10422.827
13264,13264,0.0
13265,13265,0.0
13266,13266,37685.26
13267,13267,117369.61
13268,13268,33369.066
13269,13269,66077.14
13270,13270,172595.53
13271,13271,37407.41
13272,13272,67197.695
13273,13273,3101.2432
13274,13274,0.0
13275,13275,0.0
13276,13276,1631.3949
13277,13277,0.0
13278,13278,49236.78
13279,13279,18697.459
13280,13280,0.0
13281,13281,17140.123
13282,13282,0.0
13283,13283,11866.756
13284,13284,59872.72
13285,13285,16030.802
13286,13286,19709.395
13287,13287,6475.912
13288,13288,109153.07
13289,13289,7392.701
13290,13290,7668.9497
13291,13291,29036.604
13292,13292,9991.6
13293,13293,0.0
13294,13294,24052.229
13295,13295,10963.574
13296,13296,14948.286
13297,13297,0.0
13298,13298,32271.246
13299,13299,148422.69
13300,13300,17533.006
13301,13301,20018.904
13302,13302,0.0
13303,13303,10683.911
13304,13304,86093.87
13305,13305,22577.844
13306,13306,17373.375
13307,13307,154255.45
13308,13308,5897.9907
13309,13309,58620.94
13310,13310,11334.591
13311,13311,7062.053
13312,13312,0.0
13313,13313,3612.5706
13314,13314,13882.739
13315,13315,27178.928
13316,13316,38597.13
13317,13317,15076.372
13318,13318,20605.49
13319,13319,1428.5804
13320,13320,91850.52
13321,13321,46835.53
13322,13322,5987.908
13323,13323,0.0
13324,13324,72170.15
13325,13325,4006.304
13326,13326,0.0
13327,13327,4861.8174
13328,13328,0.0
13329,13329,4715.933
13330,13330,24843.941
13331,13331,0.0
13332,13332,0.0
13333,13333,0.0
13334,13334,678743.3
13335,13335,4348.8057
13336,13336,0.0
13337,13337,0.0
13338,13338,0.0
13339,13339,4393.217
13340,13340,0.0
13341,13341,93239.09
13342,13342,57326.664
13343,13343,41126.047
13344,13344,0.0
13345,13345,5163.713
13346,13346,11132.062
13347,13347,21039.012
13348,13348,20275.875
13349,13349,9487.352
13350,13350,1621.6337
13351,13351,0.0
13352,13352,0.0
13353,13353,148927.98
13354,13354,4666.937
13355,13355,52830.45
13356,13356,164840.5
13357,13357,2404.0261
13358,13358,30895.516
13359,13359,279637.38
13360,13360,6141.0117
13361,13361,121057.75
13362,13362,0.0
13363,13363,25996.918
13364,13364,9896.422
13365,13365,7614.806
13366,13366,68459.3
13367,13367,32670.826
13368,13368,119740.34
13369,13369,10393.254
13370,13370,7577.029
13371,13371,9860.718
13372,13372,10446.941
13373,13373,2919.54
13374,13374,12230.549
13375,13375,27869.197
13376,13376,13899.332
13377,13377,0.0
13378,13378,17834.824
13379,13379,0.0
13380,13380,16021.742
13381,13381,55770.33
13382,13382,1152.1249
13383,13383,28620.266
13384,13384,56285.96
13385,13385,0.0
13386,13386,170890.98
13387,13387,179159.56
13388,13388,342993.88
13389,13389,28885.738
13390,13390,56110.848
13391,13391,13881.867
13392,13392,40760.617
13393,13393,119118.32
13394,13394,0.0
13395,13395,77857.484
13396,13396,0.0
13397,13397,0.0
13398,13398,58100.344
13399,13399,6169.3784
13400,13400,1901.2107
13401,13401,50728.824
13402,13402,10608.379
13403,13403,0.0
13404,13404,33963.844
13405,13405,27353.738
13406,13406,31199.684
13407,13407,20797.848
13408,13408,12858.953
13409,13409,0.0
13410,13410,27286.54
13411,13411,2616.9365
13412,13412,0.0
13413,13413,19993.045
13414,13414,38105.477
13415,13415,0.0
13416,13416,0.0
13417,13417,0.0
13418,13418,0.0
13419,13419,6291.0547
13420,13420,16511.293
13421,13421,47681.387
13422,13422,45296.707
13423,13423,4480.866
13424,13424,15616.832
13425,13425,16810.99
13426,13426,6051.54
13427,13427,27877.79
13428,13428,7055.377
13429,13429,64656.875
13430,13430,0.0
13431,13431,0.0
13432,13432,120790.836
13433,13433,0.0
13434,13434,0.0
13435,13435,0.0
13436,13436,522976.3
13437,13437,0.0
13438,13438,84407.81
13439,13439,3911.6042
13440,13440,55251.094
13441,13441,14722.648
13442,13442,60290.434
13443,13443,8151.441
13444,13444,0.0
13445,13445,0.0
13446,13446,14776.751
13447,13447,0.0
13448,13448,3316.4663
13449,13449,1470.8628
13450,13450,11047.127
13451,13451,6395.588
13452,13452,18236.936
13453,13453,11832.326
13454,13454,20039.164
13455,13455,21127.18
13456,13456,4196.2563
13457,13457,5412.913
13458,13458,105710.55
13459,13459,6432.9507
13460,13460,505656.1
13461,13461,1.506875e+06
13462,13462,0.0
13463,13463,14393.765
13464,13464,20204.586
13465,13465,17664.305
13466,13466,1905.2538
13467,13467,25031.59
13468,13468,29109.031
13469,13469,63800.15
13470,13470,0.0
13471,13471,24762.562
13472,13472,3.2901465e+06
13473,13473,7927.9644
13474,13474,22386.688
13475,13475,46382.504
13476,13476,9743.51
13477,13477,40897.97
13478,13478,12243.461
13479,13479,3.4555568e+06
13480,13480,37087.918
13481,13481,52326.91
13482,13482,22391.775
13483,13483,9130.685
13484,13484,150852.48
13485,13485,0.0
13486,13486,39829.293
13487,13487,7222.344
13488,13488,11875.098
13489,13489,4333.7217
13490,13490,0.0
13491,13491,2383.4036
13492,13492,14584.877
13493,13493,0.0
13494,13494,0.0
13495,13495,0.0
13496,13496,0.0
13497,13497,10732.11
13498,13498,0.0
13499,13499,59179.85
13500,13500,0.0
13501,13501,25756.867
13502,13502,3346.4346
13503,13503,0.0
13504,13504,46236.906
13505,13505,0.0
13506,13506,0.0
13507,13507,16599.727
13508,13508,86223.39
13509,13509,35049.29
13510,13510,124372.945
13511,13511,156212.08
13512,13512,180430.53
13513,13513,41294.547
13514,13514,3913.2793
13515,13515,0.0
13516,13516,16089.4795
13517,13517,4673.5664
13518,13518,28650.764
13519,13519,0.0
13520,13520,41390.094
13521,13521,249098.2
13522,13522,689.53955
13523,13523,0.0
13524,13524,10741.423
13525,13525,62390.418
13526,13526,105891.734
13527,13527,2382.5005
13528,13528,16021.272
13529,13529,0.0
13530,13530,0.0
13531,13531,723.51324
13532,13532,49662.06
13533,13533,35543.34
13534,13534,0.0
13535,13535,0.0
13536,13536,23976.375
13537,13537,7725.639
13538,13538,0.0
13539,13539,12554.72
13540,13540,0.0
13541,13541,4333.3535
13542,13542,194186.47
13543,13543,24732.541
13544,13544,19021.154
13545,13545,2645.1147
13546,13546,137096.9
13547,13547,9490.168
13548,13548,20313.508
13549,13549,52031.527
13550,13550,1520.2031
13551,13551,32920.598
13552,13552,10513.846
13553,13553,85478.27
13554,13554,0.0
13555,13555,0.0
13556,13556,24271.525
13557,13557,0.0
13558,13558,60147.99
13559,13559,6948.613
13560,13560,23747.174
13561,13561,6566.442
13562,13562,0.0
13563,13563,36165.863
13564,13564,0.0
13565,13565,47798.098
13566,13566,0.0
13567,13567,42860.86
13568,13568,27680.826
13569,13569,4597.7686
13570,13570,12075.001
13571,13571,249093.98
13572,13572,41935.316
13573,13573,72542.35
13574,13574,5696.382
13575,13575,18564.65
13576,13576,0.0
13577,13577,0.0
13578,13578,0.0
13579,13579,88120.47
13580,13580,0.0
13581,13581,24694.945
13582,13582,5178.923
13583,13583,2435.5112
13584,13584,36936.645
13585,13585,2108.2822
13586,13586,1895.5459
13587,13587,1490.9121
13588,13588,53176.21
13589,13589,102547.56
13590,13590,6121.389
13591,13591,0.0
13592,13592,822.9108
13593,13593,1276.8579
13594,13594,276722.2
13595,13595,15617.616
13596,13596,355.40958
13597,13597,105936.47
13598,13598,7351.608
13599,13599,62896.86
13600,13600,5321.659
13601,13601,19550.516
13602,13602,524.648
13603,13603,0.0
13604,13604,31382.71
13605,13605,11216.597
13606,13606,6498.5884
13607,13607,63832.387
13608,13608,94470.75
13609,13609,15730.302
13610,13610,164678.83
13611,13611,1060.0647
13612,13612,24103.338
13613,13613,23034.16
13614,13614,69915.68
13615,13615,8365.515
13616,13616,17348.248
13617,13617,1212.8113
13618,13618,26642.047
13619,13619,0.0
13620,13620,1360.6572
13621,13621,0.0
13622,13622,0.0
13623,13623,0.0
13624,13624,16124.737
13625,13625,4063.695
13626,13626,27280.844
13627,13627,7669.7715
13628,13628,36563.074
13629,13629,8049.587
13630,13630,5400.8115
13631,13631,1.1181254e+06
13632,13632,36120.492
13633,13633,10616.271
13634,13634,0.0
13635,13635,35393.008
13636,13636,3800.2258
13637,13637,11630.77
13638,13638,2886.1423
13639,13639,111160.78
13640,13640,99103.484
13641,13641,115725.54
13642,13642,7080.123
13643,13643,0.0
13644,13644,83470.36
13645,13645,12330.665
13646,13646,0.0
13647,13647,588816.5
13648,13648,0.0
13649,13649,38507.76
13650,13650,0.0
13651,13651,2587.5405
13652,13652,0.0
13653,13653,36518.043
13654,13654,0.0
13655,13655,42525.934
13656,13656,0.0
13657,13657,0.0
13658,13658,26979.742
13659,13659,56009.49
13660,13660,24387.951
13661,13661,51569.598
13662,13662,0.0
13663,13663,72780.875
13664,13664,0.0
13665,13665,59548.9
13666,13666,4811.1206
13667,13667,47677.984
13668,13668,0.0
13669,13669,2210.927
13670,13670,9833.147
13671,13671,197077.22
13672,13672,2637.2212
13673,13673,9112.508
13674,13674,25490.127
13675,13675,16188.779
13676,13676,0.0
13677,13677,13697.723
13678,13678,30648.746
13679,13679,0.0
13680,13680,81463.74
13681,13681,3894.0503
13682,13682,7286.999
13683,13683,37109.855
13684,13684,2.4799068e+06
13685,13685,30833.646
13686,13686,0.0
13687,13687,435795.12
13688,13688,4651.15
13689,13689,422.62964
13690,13690,17556.81
13691,13691,40294.406
13692,13692,116518.266
13693,13693,5253.831
13694,13694,30221.049
13695,13695,31878.318
13696,13696,10696.432
13697,13697,29956.723
13698,13698,21624.648
13699,13699,2625.794
13700,13700,9043.983
13701,13701,22205.744
13702,13702,26869.432
13703,13703,10489.228
13704,13704,0.0
13705,13705,10154.047
13706,13706,149647.4
13707,13707,7340.7017
13708,13708,35986.246
13709,13709,68453.13
13710,13710,13307.095
13711,13711,0.0
13712,13712,7706.2173
13713,13713,0.0
13714,13714,115136.51
13715,13715,5661.504
13716,13716,0.0
13717,13717,2904.2932
13718,13718,7177.9385
13719,13719,56340.09
13720,13720,71832.59
13721,13721,192006.28
13722,13722,0.0
13723,13723,43100.145
13724,13724,8008.0674
13725,13725,13576.572
13726,13726,56249.336
13727,13727,76562.55
13728,13728,0.0
13729,13729,7998.929
13730,13730,15221.189
13731,13731,10042.247
13732,13732,17197.879
13733,13733,33053.438
13734,13734,17964.412
13735,13735,5185.275
13736,13736,40835.54
13737,13737,1.48743e+06
13738,13738,4455.9536
13739,13739,0.0
13740,13740,32314.602
13741,13741,8567.445
13742,13742,10617.942
13743,13743,476.11392
13744,13744,30893.363
13745,13745,33912.703
13746,13746,18111.217
13747,13747,116166.38
13748,13748,17457.725
13749,13749,16907.482
13750,13750,0.0
13751,13751,0.0
13752,13752,77752.98
13753,13753,24900.76
13754,13754,91040.91
13755,13755,18503.81
13756,13756,44932.348
13757,13757,13837.173
13758,13758,0.0
13759,13759,0.0
13760,13760,0.0
13761,13761,0.0
13762,13762,142646.53
13763,13763,8882.594
13764,13764,0.0
13765,13765,0.0
13766,13766,30737.803
13767,13767,43812.973
13768,13768,0.0
13769,13769,0.0
13770,13770,6383.4106
13771,13771,4383.9746
13772,13772,68563.3
13773,13773,17986.975
13774,13774,0.0
13775,13775,265137.78
13776,13776,4614.733
13777,13777,25512.277
13778,13778,33393.684
13779,13779,38052.4
13780,13780,45902.508
13781,13781,18207.703
13782,13782,25042.467
13783,13783,31378.232
13784,13784,12208.626
13785,13785,4437.5776
13786,13786,19177.318
13787,13787,15903.991
13788,13788,74365.82
13789,13789,2184.5107
13790,13790,4020.8413
13791,13791,29791.398
13792,13792,695.4704
13793,13793,58524.04
13794,13794,22033.252
13795,13795,83443.055
13796,13796,0.0
13797,13797,5405.786
13798,13798,0.0
13799,13799,17659.164
13800,13800,185811.1
13801,13801,19824.553
13802,13802,0.0
13803,13803,0.0
13804,13804,5574.534
13805,13805,55084.332
13806,13806,109394.086
13807,13807,13591.118
13808,13808,9416.036
13809,13809,0.0
13810,13810,0.0
13811,13811,23767.193
13812,13812,29929.52
13813,13813,3104.22
13814,13814,0.0
13815,13815,8344.089
13816,13816,10345.306
13817,13817,11307.124
13818,13818,0.0
13819,13819,36575.004
13820,13820,0.0
13821,13821,2106.8914
13822,13822,252475.88
13823,13823,4485.175
13824,13824,0.0
13825,13825,178447.45
13826,13826,3670.0305
13827,13827,0.0
13828,13828,16383.267
13829,13829,10955.965
13830,13830,97142.24
13831,13831,0.0
13832,13832,18419.32
13833,13833,26990.85
13834,13834,2063.847
13835,13835,11236.028
13836,13836,8135.1704
13837,13837,2933.3088
13838,13838,28718.668
13839,13839,293375.5
13840,13840,52464.277
13841,13841,3428.1975
13842,13842,8571.069
13843,13843,0.0
13844,13844,0.0
13845,13845,39499.816
13846,13846,52858.266
13847,13847,0.0
13848,13848,147440.38
13849,13849,0.0
13850,13850,218398.39
13851,13851,153010.78
13852,13852,298678.25
13853,13853,13060.629
13854,13854,1309.6992
13855,13855,31194.543
13856,13856,9391.791
13857,13857,0.0
13858,13858,30218.994
13859,13859,0.0
13860,13860,94657.516
13861,13861,94968.16
13862,13862,7578.007
13863,13863,0.0
13864,13864,77875.77
13865,13865,21394.865
13866,13866,57607.496
13867,13867,50361.934
13868,13868,22967.633
13869,13869,3480.9773
13870,13870,205063.3
13871,13871,0.0
13872,13872,4662.033
13873,13873,240581.33
13874,13874,51595.555
13875,13875,32015.129
13876,13876,10737.477
13877,13877,105096.44
13878,13878,11777.753
13879,13879,0.0
13880,13880,24101.502
13881,13881,23745.879
13882,13882,1.9327628e+06
13883,13883,5247.6514
13884,13884,87849.73
13885,13885,12057.528
13886,13886,14903.04
13887,13887,404.2069
13888,13888,11831.008
13889,13889,7784.982
13890,13890,32814.926
13891,13891,104147.734
13892,13892,61856.96
13893,13893,29527.79
13894,13894,103879.08
13895,13895,0.0
13896,13896,7180.6104
13897,13897,0.0
13898,13898,319044.8
13899,13899,6948.613
13900,13900,52279.414
13901,13901,7293.7827
13902,13902,0.0
13903,13903,21796.262
13904,13904,72511.836
13905,13905,27389.791
13906,13906,105747.164
13907,13907,58614.84
13908,13908,19032.826
13909,13909,25141.926
13910,13910,83957.1
13911,13911,13451.221
13912,13912,20152.916
13913,13913,30128.273
13914,13914,48114.516
13915,13915,36327.348
13916,13916,4276.7017
13917,13917,25955.596
13918,13918,66477.37
13919,13919,11674.249
13920,13920,3751.9465
13921,13921,7795.9487
13922,13922,55504.35
13923,13923,2275.929
13924,13924,1701.8103
13925,13925,29813.988
13926,13926,0.0
13927,13927,0.0
13928,13928,22446.016
13929,13929,233586.3
13930,13930,90852.96
13931,13931,15412.963
13932,13932,3976.4329
13933,13933,238636.06
13934,13934,7518.81
13935,13935,117112.67
13936,13936,4941.9546
13937,13937,31619.967
13938,13938,0.0
13939,13939,43344.09
13940,13940,57860.914
13941,13941,272880.97
13942,13942,38627.83
13943,13943,9376.19
13944,13944,80209.5
13945,13945,147760.23
13946,13946,12477.638
13947,13947,66836.805
13948,13948,11693.679
13949,13949,0.0
13950,13950,18787.38
13951,13951,63220.062
13952,13952,106647.0
13953,13953,2380.2925
13954,13954,5921.123
13955,13955,65494.688
13956,13956,7.1720595e+06
13957,13957,20190.408
13958,13958,19307.742
13959,13959,75363.03
13960,13960,45170.543
13961,13961,15443.1
13962,13962,4554.8975
13963,13963,15816.857
13964,13964,66845.06
13965,13965,0.0
13966,13966,3744.8337
13967,13967,0.0
13968,13968,12355.162
13969,13969,28401.777
13970,13970,25190.41
13971,13971,0.0
13972,13972,46981.332
13973,13973,87874.15
13974,13974,7439.329
13975,13975,300786.38
13976,13976,99387.125
13977,13977,0.0
13978,13978,7509.9175
13979,13979,60327.863
13980,13980,28128.414
13981,13981,0.0
13982,13982,15736.366
13983,13983,0.0
13984,13984,42407.305
13985,13985,0.0
13986,13986,18507.158
13987,13987,88446.555
13988,13988,45189.17
13989,13989,24699.502
13990,13990,27213.566
13991,13991,16192.428
13992,13992,4305.0693
13993,13993,6690.0337
13994,13994,16880.643
13995,13995,43682.5
13996,13996,150033.16
13997,13997,1918.7755
13998,13998,149681.62
13999,13999,53595.28
14000,14000,35694.22
14001,14001,0.0
14002,14002,16688.334
14003,14003,26025.871
14004,14004,0.0
14005,14005,62134.133
14006,14006,7273.3066
14007,14007,64445.613
14008,14008,56792.543
14009,14009,28228.117
14010,14010,8253.033
14011,14011,367857.0
14012,14012,13697.688
14013,14013,54821.547
14014,14014,24999.97
14015,14015,36130.65
14016,14016,1594.293
14017,14017,105244.47
14018,14018,3156.3706
14019,14019,106110.664
14020,14020,26613.367
14021,14021,46127.527
14022,14022,1103.09
14023,14023,51670.37
14024,14024,6343.257
14025,14025,0.0
14026,14026,18967.18
14027,14027,29036.508
14028,14028,0.0
14029,14029,22270.787
14030,14030,49631.656
14031,14031,4108.8345
14032,14032,43438.984
14033,14033,2.8514312e+06
14034,14034,0.0
14035,14035,2500.9387
14036,14036,34208.324
14037,14037,0.0
14038,14038,7108.7935
14039,14039,18245.59
14040,14040,0.0
14041,14041,4402.2666
14042,14042,4126.3843
14043,14043,0.0
14044,14044,44212.266
14045,14045,189.0629
14046,14046,7909.684
14047,14047,28327.863
14048,14048,29456.006
14049,14049,27589.82
14050,14050,2782.63
14051,14051,46077.383
14052,14052,47829.14
14053,14053,120516.66
14054,14054,0.0
14055,14055,32592.28
14056,14056,0.0
14057,14057,27371.607
14058,14058,141878.06
14059,14059,111496.836
14060,14060,85464.05
14061,14061,6981.2344
14062,14062,20444.3
14063,14063,37288.855
14064,14064,0.0
14065,14065,13488.379
14066,14066,16769.719
14067,14067,37249.402
14068,14068,0.0
14069,14069,148571.33
14070,14070,44527.637
14071,14071,25117.623
14072,14072,0.0
14073,14073,3229.1204
14074,14074,0.0
14075,14075,65045.164
14076,14076,0.0
14077,14077,1207.7417
14078,14078,192387.23
14079,14079,0.0
14080,14080,32727.77
14081,14081,55185.293
14082,14082,44110.645
14083,14083,0.0
14084,14084,0.0
14085,14085,0.0
14086,14086,81568.51
14087,14087,0.0
14088,14088,14036.225
14089,14089,0.0
14090,14090,39381.723
14091,14091,37453.25
14092,14092,20096.227
14093,14093,310335.03
14094,14094,12490.615
14095,14095,3875.227
14096,14096,0.0
14097,14097,0.0
14098,14098,0.0
14099,14099,66637.01
14100,14100,51697.168
14101,14101,3711.9082
14102,14102,78447.18
14103,14103,86859.19
14104,14104,74010.62
14105,14105,2660.7896
14106,14106,20197.219
14107,14107,135772.52
14108,14108,17419.965
14109,14109,0.0
14110,14110,6.932147e+06
14111,14111,10441.849
14112,14112,7340.854
14113,14113,2982.1504
14114,14114,26727.553
14115,14115,19353.986
14116,14116,2.6033448e+06
14117,14117,32042.262
14118,14118,0.0
14119,14119,1555.9226
14120,14120,99633.27
14121,14121,41692.88
14122,14122,31388.441
14123,14123,500541.2
14124,14124,21191.785
14125,14125,3282.7607
14126,14126,10224.375
14127,14127,19695.314
14128,14128,11292.06
14129,14129,3.4270372e+06
14130,14130,11860.243
14131,14131,56328.38
14132,14132,33811.945
14133,14133,91989.516
14134,14134,15923.22
14135,14135,17160.242
14136,14136,67849.79
14137,14137,12067.754
14138,14138,12210.884
14139,14139,3755.731
14140,14140,48.419502
14141,14141,10820.919
14142,14142,0.0
14143,14143,0.0
14144,14144,47738.785
14145,14145,238422.84
14146,14146,33181.066
14147,14147,1579.5245
14148,14148,4358.7266
14149,14149,6951.2344
14150,14150,7728.0205
14151,14151,57585.164
14152,14152,192005.84
14153,14153,5223.6436
14154,14154,796756.8
14155,14155,3939.116
14156,14156,42009.59
14157,14157,12568.98
14158,14158,249093.98
14159,14159,0.0
14160,14160,46490.367
14161,14161,0.0
14162,14162,65585.98
14163,14163,43513.797
14164,14164,70616.125
14165,14165,2659.7583
14166,14166,113064.95
14167,14167,1.628215e+06
14168,14168,9231.411
14169,14169,29310.955
14170,14170,153983.34
14171,14171,54245.766
14172,14172,44339.332
14173,14173,27014.479
14174,14174,1888.2904
14175,14175,92312.336
14176,14176,56622.03
14177,14177,108061.35
14178,14178,39846.46
14179,14179,138720.08
14180,14180,1837.5974
14181,14181,0.0
14182,14182,15789.455
14183,14183,13603.432
14184,14184,35575.684
14185,14185,7485.199
14186,14186,2467.3875
14187,14187,848.47284
14188,14188,2577.221
14189,14189,43481.555
14190,14190,60511.863
14191,14191,6309.4785
14192,14192,84036.695
14193,14193,10792.823
14194,14194,35345.664
14195,14195,129302.1
14196,14196,78072.89
14197,14197,116625.74
14198,14198,0.0
14199,14199,26130.746
14200,14200,20861.002
14201,14201,2017.7789
14202,14202,0.0
14203,14203,58243.348
14204,14204,77631.26
14205,14205,0.0
14206,14206,0.0
14207,14207,13864.24
14208,14208,777.5691
14209,14209,0.0
14210,14210,34805.66
14211,14211,3438.5176
14212,14212,66754.625
14213,14213,3369.6165
14214,14214,8612.429
14215,14215,33145.1
14216,14216,7296.0967
14217,14217,10035.388
14218,14218,0.0
14219,14219,387921.06
14220,14220,12230.896
14221,14221,12470.149
14222,14222,9386.057
14223,14223,60055.773
14224,14224,7690.9453
14225,14225,125336.55
14226,14226,5687.9307
14227,14227,27742.984
14228,14228,3.2406768e+06
14229,14229,7708.7173
14230,14230,4364.955
14231,14231,5864.219
14232,14232,1.1435774e+06
14233,14233,0.0
14234,14234,46546.938
14235,14235,9305.617
14236,14236,4557.9556
14237,14237,0.0
14238,14238,640.4488
14239,14239,40971.582
14240,14240,0.0
14241,14241,4132.553
14242,14242,138190.42
14243,14243,95893.055
14244,14244,76112.65
14245,14245,47445.2
14246,14246,55696.89
14247,14247,1370.6118
14248,14248,370037.4
14249,14249,33420.043
14250,14250,0.0
14251,14251,55453.633
14252,14252,16167.849
14253,14253,371469.3
14254,14254,0.0
14255,14255,0.0
14256,14256,21230.115
14257,14257,10622.461
14258,14258,8828.628
14259,14259,9169.156
14260,14260,3915.0742
14261,14261,16118.518
14262,14262,0.0
14263,14263,30.464428
14264,14264,10211.713
14265,14265,28654.752
14266,14266,0.0
14267,14267,89810.46
14268,14268,0.0
14269,14269,900.6213
14270,14270,51770.98
14271,14271,87385.08
14272,14272,5972.604
14273,14273,289152.6
14274,14274,6946.1157
14275,14275,4839.059
14276,14276,184560.7
14277,14277,46537.24
14278,14278,13522.686
14279,14279,162486.27
14280,14280,77292.41
14281,14281,6358.481
14282,14282,426.9088
14283,14283,30179.463
14284,14284,18620.912
14285,14285,5494.8857
14286,14286,150725.34
14287,14287,0.0
14288,14288,45291.562
14289,14289,33870.23
14290,14290,28913.63
14291,14291,16252.135
14292,14292,5852.2046
14293,14293,19679.322
14294,14294,35318.547
14295,14295,96920.234
14296,14296,91251.13
14297,14297,47096.98
14298,14298,150872.83
14299,14299,20042.025
14300,14300,23875.99
14301,14301,2646.2358
14302,14302,11049.642
14303,14303,533.391
14304,14304,4416.139
14305,14305,19074.729
14306,14306,134344.62
14307,14307,20655.357
14308,14308,20714.256
14309,14309,18334.072
14310,14310,4773.309
14311,14311,11499.199
14312,14312,1937.8387
14313,14313,81778.32
14314,14314,4299.543
14315,14315,18821.496
14316,14316,103279.56
14317,14317,14720.296
14318,14318,23907.037
14319,14319,7485.4404
14320,14320,107165.586
14321,14321,12133.989
14322,14322,7708.436
14323,14323,1.3202701e+06
14324,14324,87490.875
14325,14325,38703.258
14326,14326,180360.88
14327,14327,12038.931
14328,14328,19961.678
14329,14329,7792.153
14330,14330,1632.9415
14331,14331,28223.906
14332,14332,0.0
14333,14333,36797.543
14334,14334,0.0
14335,14335,139625.58
14336,14336,16650.164
14337,14337,0.0
14338,14338,214568.92
14339,14339,0.0
14340,14340,17369.537
14341,14341,10802.25
14342,14342,25677.51
14343,14343,16808.549
14344,14344,0.0
14345,14345,32096.697
14346,14346,54529.133
14347,14347,15222.885
14348,14348,33323.395
14349,14349,217058.83
14350,14350,17246.805
14351,14351,0.0
14352,14352,345002.28
14353,14353,635121.56
14354,14354,119846.71
14355,14355,27934.395
14356,14356,23663.375
14357,14357,74860.8
14358,14358,10394.576
14359,14359,0.0
14360,14360,42996.492
14361,14361,0.0
14362,14362,104353.76
14363,14363,4385.784
14364,14364,31952.262
14365,14365,0.0
14366,14366,45550.16
14367,14367,110099.48
14368,14368,11220.807
14369,14369,0.0
14370,14370,117194.0
14371,14371,5484.931
14372,14372,237483.44
14373,14373,60455.85
14374,14374,0.0
14375,14375,49954.957
14376,14376,0.0
14377,14377,59666.777
14378,14378,0.0
14379,14379,57190.164
14380,14380,0.0
14381,14381,0.0
14382,14382,94995.84
14383,14383,0.0
14384,14384,24659.117
14385,14385,228885.1
14386,14386,26007.955
14387,14387,12862.653
14388,14388,11229.362
14389,14389,83835.7
14390,14390,19321.62
14391,14391,89050.69
14392,14392,0.0
14393,14393,35461.164
14394,14394,0.0
14395,14395,37710.19
14396,14396,58467.406
14397,14397,2051.0469
14398,14398,447.7055
14399,14399,9777.626
14400,14400,8160.698
14401,14401,271921.6
14402,14402,0.0
14403,14403,0.0
14404,14404,48143.523
14405,14405,127038.97
14406,14406,93003.04
14407,14407,66.8044
14408,14408,6495.5107
14409,14409,28591.158
14410,14410,18430.35
14411,14411,30047.9
14412,14412,0.0
14413,14413,21359.227
14414,14414,16496.463
14415,14415,99832.805
14416,14416,28503.896
14417,14417,115333.93
14418,14418,39473.297
14419,14419,2291.285
14420,14420,22326.688
14421,14421,0.0
14422,14422,11027.768
14423,14423,95800.15
14424,14424,6697.779
14425,14425,147377.31
14426,14426,237610.58
14427,14427,10291.07
14428,14428,10422.765
14429,14429,0.0
14430,14430,0.0
14431,14431,0.0
14432,14432,368.9431
14433,14433,4058.0608
14434,14434,96223.76
14435,14435,44444.55
14436,14436,0.0
14437,14437,0.0
14438,14438,5375.3677
14439,14439,20971.902
14440,14440,21819.16
14441,14441,87902.77
14442,14442,122202.81
14443,14443,21502.938
14444,14444,128296.945
14445,14445,6558.0176
14446,14446,5848.045
14447,14447,16870.576
14448,14448,14917.252
14449,14449,81338.84
14450,14450,8174.7007
14451,14451,0.0
14452,14452,38315.836
14453,14453,47221.203
14454,14454,0.0
14455,14455,15939.483
14456,14456,0.0
14457,14457,25935.742
14458,14458,10345.95
14459,14459,17522.52
14460,14460,214139.77
14461,14461,22870.44
14462,14462,12840.6455
14463,14463,7893.3286
14464,14464,39916.297
14465,14465,0.0
14466,14466,1538.0911
14467,14467,0.0
14468,14468,16288.834
14469,14469,0.0
14470,14470,28620.045
14471,14471,46550.64
14472,14472,75618.38
14473,14473,16540.055
14474,14474,51100.438
14475,14475,20951.459
14476,14476,53169.027
14477,14477,8297.414
14478,14478,0.0
14479,14479,10788.25
14480,14480,11126.84
14481,14481,129011.375
14482,14482,55341.504
14483,14483,52374.375
14484,14484,0.0
14485,14485,16183.313
14486,14486,0.0
14487,14487,88145.3
14488,14488,0.0
14489,14489,7701.1924
14490,14490,14801.64
14491,14491,112965.32
14492,14492,0.0
14493,14493,34502.984
14494,14494,80649.305
14495,14495,13520.01
14496,14496,81203.66
14497,14497,55166.805
14498,14498,0.0
14499,14499,78480.0
14500,14500,278956.28
14501,14501,58962.66
14502,14502,0.0
14503,14503,20168.258
14504,14504,0.0
14505,14505,0.0
14506,14506,40217.95
14507,14507,117323.0
14508,14508,5612.6704
14509,14509,52094.746
14510,14510,1.8493029e+06
14511,14511,144457.97
14512,14512,0.0
14513,14513,35877.043
14514,14514,48569.926
14515,14515,5789.7505
14516,14516,43999.13
14517,14517,96467.65
14518,14518,158952.53
14519,14519,50378.895
14520,14520,4670.675
14521,14521,14477.738
14522,14522,38878.375
14523,14523,44439.42
14524,14524,13177.551
14525,14525,8940.457
14526,14526,1617.6166
14527,14527,115689.35
14528,14528,49426.13
14529,14529,0.0
14530,14530,0.0
14531,14531,12305.956
14532,14532,226331.77
14533,14533,36921.87
14534,14534,0.0
14535,14535,0.0
14536,14536,75680.37
14537,14537,6077.043
14538,14538,3945.1794
14539,14539,137298.36
14540,14540,43083.906
14541,14541,11266.386
14542,14542,40854.062
14543,14543,0.0
14544,14544,0.0
14545,14545,35262.21
14546,14546,47240.082
14547,14547,878.4554
14548,14548,186091.11
14549,14549,22057.904
14550,14550,0.0
14551,14551,215939.38
14552,14552,59784.133
14553,14553,4979.4766
14554,14554,0.0
14555,14555,6805.654
14556,14556,391550.0
14557,14557,0.0
14558,14558,13970.494
14559,14559,83694.8
14560,14560,23397.436
14561,14561,5196.953
14562,14562,33760.242
14563,14563,84815.6
14564,14564,69986.63
14565,14565,90825.16
14566,14566,7788.209
14567,14567,92698.5
14568,14568,10211.612
14569,14569,24646.273
14570,14570,2231.5476
14571,14571,2696.8745
14572,14572,11670.656
14573,14573,0.0
14574,14574,166612.14
14575,14575,10151.976
14576,14576,0.0
14577,14577,58442.824
14578,14578,57737.945
14579,14579,28508.965
14580,14580,103602.914
14581,14581,31550.297
14582,14582,47033.383
14583,14583,0.0
14584,14584,6288.172
14585,14585,77261.766
14586,14586,0.0
14587,14587,0.0
14588,14588,2.6369328e+06
14589,14589,265188.4
14590,14590,45486.28
14591,14591,60537.324
14592,14592,0.0
14593,14593,88483.05
14594,14594,80036.9
14595,14595,8318.45
14596,14596,4296.6597
14597,14597,22942.646
14598,14598,16253.825
14599,14599,8588.025
14600,14600,16224.846
14601,14601,0.0
14602,14602,0.0
14603,14603,1474.4631
14604,14604,0.0
14605,14605,32609.387
14606,14606,5696.9526
14607,14607,1.1883655e+06
14608,14608,21855.033
14609,14609,91902.555
14610,14610,0.0
14611,14611,113045.49
14612,14612,41626.95
14613,14613,0.0
14614,14614,4493.768
14615,14615,47652.08
14616,14616,0.0
14617,14617,33383.438
14618,14618,15057.282
14619,14619,82374.336
14620,14620,0.0
14621,14621,16066.997
14622,14622,14967.477
14623,14623,1335.695
14624,14624,39151.734
14625,14625,21532.56
14626,14626,11209.917
14627,14627,8274.874
14628,14628,106553.836
14629,14629,0.0
14630,14630,72136.71
14631,14631,0.0
14632,14632,16670.22
14633,14633,0.0
14634,14634,27577.324
14635,14635,26938.332
14636,14636,1277.0865
14637,14637,11160.235
14638,14638,239627.05
14639,14639,1697.6404
14640,14640,180554.27
14641,14641,15794.073
14642,14642,0.0
14643,14643,23207.605
14644,14644,26506.611
14645,14645,38765.6
14646,14646,41691.598
14647,14647,53785.61
14648,14648,32507.314
14649,14649,18755.66
14650,14650,13685.065
14651,14651,0.0
14652,14652,0.0
14653,14653,37207.605
14654,14654,0.0
14655,14655,0.0
14656,14656,2918.2043
14657,14657,0.0
14658,14658,38686.395
14659,14659,0.0
14660,14660,0.0
14661,14661,18594.328
14662,14662,98788.69
14663,14663,78492.88
14664,14664,3773.4978
14665,14665,75764.59
14666,14666,13607.769
14667,14667,0.0
14668,14668,82065.65
14669,14669,139984.11
14670,14670,7563.8286
14671,14671,1.3849526e+06
14672,14672,21861.584
14673,14673,17368.688
14674,14674,44555.043
14675,14675,15473.547
14676,14676,5393.475
14677,14677,0.0
14678,14678,16606.395
14679,14679,18050.514
14680,14680,5.502923e+06
14681,14681,40657.45
14682,14682,10942.486
14683,14683,41437.043
14684,14684,3057.1306
14685,14685,407.31088
14686,14686,1.8190725e+06
14687,14687,0.0
14688,14688,3280.2722
14689,14689,31349.514
14690,14690,46128.152
14691,14691,91759.13
14692,14692,13629.7705
14693,14693,46134.402
14694,14694,2.7568594e+07
14695,14695,0.0
14696,14696,12274.975
14697,14697,19817.014
14698,14698,0.0
14699,14699,230841.22
14700,14700,35014.227
14701,14701,6468.5225
14702,14702,27885.543
14703,14703,0.0
14704,14704,10574.702
14705,14705,0.0
14706,14706,24818.557
14707,14707,81631.31
14708,14708,220916.66
14709,14709,2853.1257
14710,14710,339.3056
14711,14711,9648.202
14712,14712,113888.664
14713,14713,0.0
14714,14714,28018.65
14715,14715,53194.03
14716,14716,14014.906
14717,14717,35379.098
14718,14718,19481.188
14719,14719,0.0
14720,14720,22538.607
14721,14721,5272.7124
14722,14722,114300.234
14723,14723,0.0
14724,14724,7324.4805
14725,14725,139.18265
14726,14726,28627.73
14727,14727,105506.56
14728,14728,7893.3286
14729,14729,0.0
14730,14730,6909.2754
14731,14731,0.0
14732,14732,6699.2754
14733,14733,0.0
14734,14734,9936.249
14735,14735,106992.836
14736,14736,50172.62
14737,14737,40491.16
14738,14738,5341.5166
14739,14739,16784.13
14740,14740,0.0
14741,14741,350.40002
14742,14742,93281.25
14743,14743,4242.6025
14744,14744,2741.9897
14745,14745,2521.734
14746,14746,0.0
14747,14747,30567.404
14748,14748,482.80002
14749,14749,67660.54
14750,14750,27682.172
14751,14751,0.0
14752,14752,5514.1396
14753,14753,1.3313017e+07
14754,14754,81083.836
14755,14755,13138.7295
14756,14756,0.0
14757,14757,15216.713
14758,14758,0.0
14759,14759,178506.97
14760,14760,34470.707
14761,14761,4996.5513
14762,14762,62008.656
14763,14763,36741.805
14764,14764,10679.103
14765,14765,38353.523
14766,14766,5960.186
14767,14767,11255.616
14768,14768,12641.004
14769,14769,14257.665
14770,14770,6589.7847
14771,14771,3939.7588
14772,14772,39045.832
14773,14773,2407.2126
14774,14774,251941.78
14775,14775,0.0
14776,14776,18324.354
14777,14777,3321.742
14778,14778,0.0
14779,14779,11029.0205
14780,14780,31552.727
14781,14781,75261.25
14782,14782,24207.215
14783,14783,12985.634
14784,14784,0.0
14785,14785,6701.4844
14786,14786,12896.694
14787,14787,1587.7202
14788,14788,217921.48
14789,14789,8788.024
14790,14790,4437.0454
14791,14791,0.0
14792,14792,0.0
14793,14793,0.0
14794,14794,15756.746
14795,14795,23593.393
14796,14796,1408.9519
14797,14797,33295.25
14798,14798,0.0
14799,14799,28885.117
14800,14800,11045.457
14801,14801,25203.188
14802,14802,11639.244
14803,14803,7910.397
14804,14804,16291.425
14805,14805,50528.555
14806,14806,0.0
14807,14807,14650.411
14808,14808,31490.479
14809,14809,0.0
14810,14810,269859.25
14811,14811,26643.957
14812,14812,35812.004
14813,14813,18908.416
14814,14814,8140.033
14815,14815,0.0
14816,14816,173319.31
14817,14817,4002.0615
14818,14818,12719.261
14819,14819,17703.307
14820,14820,16920.688
14821,14821,21669.746
14822,14822,59742.156
14823,14823,70646.92
14824,14824,6865.43
14825,14825,0.0
14826,14826,83109.03
14827,14827,0.0
14828,14828,0.0
14829,14829,8936.947
14830,14830,23873.393
14831,14831,28245.395
14832,14832,144844.31
14833,14833,0.0
14834,14834,0.0
14835,14835,0.0
14836,14836,0.0
14837,14837,135543.78
14838,14838,2655.8257
14839,14839,21624.043
14840,14840,17683.86
14841,14841,19146.701
14842,14842,2053.6382
14843,14843,15680.754
14844,14844,479.6544
14845,14845,955.38257
14846,14846,99152.984
14847,14847,15509.601
14848,14848,0.0
14849,14849,0.0
14850,14850,104672.74
14851,14851,0.0
14852,14852,0.0
14853,14853,90413.195
14854,14854,93484.85
14855,14855,23418.41
14856,14856,23247.246
14857,14857,48551.723
14858,14858,42109.92
14859,14859,15347.671
14860,14860,24068.842
14861,14861,0.0
14862,14862,25197.646
14863,14863,168464.38
14864,14864,4245.017
14865,14865,83821.25
14866,14866,21617.545
14867,14867,0.0
14868,14868,183972.33
14869,14869,10550.43
14870,14870,16918.34
14871,14871,8854.431
14872,14872,0.0
14873,14873,22160.303
14874,14874,177776.84
14875,14875,20977.45
14876,14876,81873.11
14877,14877,0.0
14878,14878,118307.99
14879,14879,54402.098
14880,14880,0.0
14881,14881,0.0
14882,14882,0.0
14883,14883,72522.195
14884,14884,12950.436
14885,14885,80460.55
14886,14886,134641.75
14887,14887,412127.25
14888,14888,0.0
14889,14889,41201.76
14890,14890,68587.87
14891,14891,51440.293
14892,14892,11259.799
14893,14893,23149.387
14894,14894,7137.496
14895,14895,48821.78
14896,14896,52448.137
14897,14897,26732.135
14898,14898,20892.568
14899,14899,9335.448
14900,14900,1754.963
14901,14901,0.0
14902,14902,109999.37
14903,14903,34806.027
14904,14904,0.0
14905,14905,43258.926
14906,14906,3108.4495
14907,14907,71482.16
14908,14908,10.838161
14909,14909,23611.018
14910,14910,0.0
14911,14911,12905.435
14912,14912,34046.6
14913,14913,28749.459
14914,14914,48092.19
14915,14915,22158.072
14916,14916,138650.42
14917,14917,40597.285
14918,14918,46295.844
14919,14919,31410.594
14920,14920,0.0
14921,14921,0.0
14922,14922,44892.324
14923,14923,8339.892
14924,14924,164630.33
14925,14925,21201.084
14926,14926,40206.83
14927,14927,0.0
14928,14928,103549.984
14929,14929,1330.7008
14930,14930,43031.24
14931,14931,8209.999
14932,14932,9757.3
14933,14933,27764.568
14934,14934,14258.274
14935,14935,156989.22
14936,14936,9363.184
14937,14937,14719.715
14938,14938,0.0
14939,14939,0.0
14940,14940,57081.09
14941,14941,17312.504
14942,14942,5296.992
14943,14943,27956.402
14944,14944,24114.37
14945,14945,87248.34
14946,14946,355167.25
14947,14947,0.0
14948,14948,0.0
14949,14949,25451.246
14950,14950,12309.396
14951,14951,19975.385
14952,14952,0.0
14953,14953,0.0
14954,14954,11530.925
14955,14955,956558.6
14956,14956,11914.149
14957,14957,111071.46
14958,14958,10629.316
14959,14959,31159.734
14960,14960,26819.188
14961,14961,11586.8
14962,14962,14808.8545
14963,14963,31841.473
14964,14964,13318.27
14965,14965,289645.38
14966,14966,40021.676
14967,14967,35682.95
14968,14968,0.0
14969,14969,24893.777
14970,14970,20918.8
14971,14971,8660.533
14972,14972,142159.69
14973,14973,943724.5
14974,14974,1507.9706
14975,14975,90535.23
14976,14976,49510.66
14977,14977,1.545939e+06
14978,14978,22822.938
14979,14979,23464.092
14980,14980,4718.6567
14981,14981,15508.426
14982,14982,2954.0518
14983,14983,2.5967374e+07
14984,14984,0.0
14985,14985,62479.71
14986,14986,98033.79
14987,14987,13901.186
14988,14988,50019.418
14989,14989,1.7486068e+06
14990,14990,56604.51
14991,14991,5709.692
14992,14992,50038.77
14993,14993,82806.17
14994,14994,22844.623
14995,14995,34689.54
14996,14996,20085.72
14997,14997,251145.25
14998,14998,58876.035
14999,14999,33374.113
15000,15000,28139.387
15001,15001,26181.943
15002,15002,12028.623
15003,15003,60255.312
15004,15004,512136.25
15005,15005,5414.357
15006,15006,0.0
15007,15007,0.0
15008,15008,107748.16
15009,15009,133454.73
15010,15010,0.0
15011,15011,0.0
15012,15012,0.0
15013,15013,35356.336
15014,15014,65831.11
15015,15015,16815.367
15016,15016,0.0
15017,15017,0.0
15018,15018,0.0
15019,15019,8922.076
15020,15020,29595.178
15021,15021,73307.73
15022,15022,35345.89
15023,15023,46555.555
15024,15024,29319.336
15025,15025,3099.351
15026,15026,0.0
15027,15027,21489.906
15028,15028,90605.586
15029,15029,27051.086
15030,15030,13846.632
15031,15031,134195.66
15032,15032,47346.066
15033,15033,58504.605
15034,15034,21202.064
15035,15035,0.0
15036,15036,30868.156
15037,15037,28881.57
15038,15038,12542.097
15039,15039,203828.31
15040,15040,108135.54
15041,15041,1840.5863
15042,15042,33270.918
15043,15043,61109.492
15044,15044,3932.793
15045,15045,233822.12
15046,15046,2637.5134
15047,15047,58827.94
15048,15048,4975.675
15049,15049,10135.171
15050,15050,303382.78
15051,15051,162900.94
15052,15052,8069.7085
15053,15053,18276.117
15054,15054,24182.105
15055,15055,0.0
15056,15056,0.0
15057,15057,8663.175
15058,15058,48418.145
15059,15059,775.28253
15060,15060,0.0
15061,15061,0.0
15062,15062,0.0
15063,15063,3760.5576
15064,15064,1.9286878e+06
15065,15065,71857.164
15066,15066,1370.8732
15067,15067,65267.453
15068,15068,2.3913228e+06
15069,15069,46690.016
15070,15070,18442.9
15071,15071,4853.119
15072,15072,16317.02
15073,15073,0.0
15074,15074,70406.36
15075,15075,21568.512
15076,15076,84318.02
15077,15077,13692.43
15078,15078,8696.95
15079,15079,21120.773
15080,15080,4.714065e+06
15081,15081,4185.516
15082,15082,0.0
15083,15083,28464.752
15084,15084,12289.181
15085,15085,4166.7363
15086,15086,111262.336
15087,15087,1.1568718e+06
15088,15088,17659.729
15089,15089,187141.06
15090,15090,132305.3
15091,15091,93176.445
15092,15092,8898.853
15093,15093,7552.8174
15094,15094,0.0
15095,15095,4205.1455
15096,15096,40015.832
15097,15097,44739.215
15098,15098,0.0
15099,15099,9911.522
15100,15100,171133.25
15101,15101,29583.748
15102,15102,10523.834
15103,15103,30218.592
15104,15104,13116.436
15105,15105,14256.481
15106,15106,33892.723
15107,15107,0.0
15108,15108,244573.64
15109,15109,1611.956
15110,15110,29245.057
15111,15111,5.083269e+06
15112,15112,49209.656
15113,15113,449.3342
15114,15114,0.0
15115,15115,27857.11
15116,15116,0.0
15117,15117,0.0
15118,15118,52775.27
15119,15119,58549.92
15120,15120,0.0
15121,15121,96160.23
15122,15122,20184.625
15123,15123,10059.985
15124,15124,0.0
15125,15125,27329.096
15126,15126,20581.557
15127,15127,0.0
15128,15128,15811.973
15129,15129,0.0
15130,15130,27941.48
15131,15131,445807.28
15132,15132,40541.336
15133,15133,587.5431
15134,15134,6662.5605
15135,15135,23046.07
15136,15136,8807.457
15137,15137,11636.74
15138,15138,0.0
15139,15139,45840.06
15140,15140,13754.845
15141,15141,106059.26
15142,15142,23226.434
15143,15143,0.0
15144,15144,56184.484
15145,15145,1031.9355
15146,15146,0.0
15147,15147,7850.7
15148,15148,25463.84
15149,15149,5349.4307
15150,15150,59274.09
15151,15151,0.0
15152,15152,0.0
15153,15153,5875.609
15154,15154,188638.66
15155,15155,0.0
15156,15156,27836.703
15157,15157,20171.066
15158,15158,0.0
15159,15159,32825.68
15160,15160,4.7850165e+06
15161,15161,35621.707
15162,15162,29614.752
15163,15163,0.0
15164,15164,22010.408
15165,15165,77194.58
15166,15166,111172.08
15167,15167,90749.11
15168,15168,5124.75
15169,15169,0.0
15170,15170,20340.174
15171,15171,6422.4
15172,15172,14741.341
15173,15173,26119.615
15174,15174,135569.7
15175,15175,5658.317
15176,15176,13172.485
15177,15177,0.0
15178,15178,2.5041985e+06
15179,15179,34031.816
15180,15180,27918.53
15181,15181,55754.445
15182,15182,6862.448
15183,15183,4261.442
15184,15184,26439.436
15185,15185,33537.75
15186,15186,81373.61
15187,15187,99210.93
15188,15188,241.35307
15189,15189,85092.38
15190,15190,48742.348
15191,15191,15457.483
15192,15192,32625.344
15193,15193,46869.86
15194,15194,88668.29
15195,15195,3543.1028
15196,15196,36724.11
15197,15197,29924.227
15198,15198,43054.543
15199,15199,0.0
15200,15200,0.0
15201,15201,0.0
15202,15202,13254.783
15203,15203,49347.223
15204,15204,38166.31
15205,15205,91894.03
15206,15206,7609.1006
15207,15207,16847.79
15208,15208,1369.4508
15209,15209,1012.39087
15210,15210,16703.277
15211,15211,39046.574
15212,15212,64848.605
15213,15213,3493.793
15214,15214,164511.1
15215,15215,62414.863
15216,15216,4248.4023
15217,15217,18098.363
15218,15218,142766.5
15219,15219,0.0
15220,15220,7215.1865
15221,15221,38536.668
15222,15222,11281.191
15223,15223,1706.7523
15224,15224,12973.601
15225,15225,68833.68
15226,15226,55039.62
15227,15227,1437.9695
15228,15228,0.0
15229,15229,227118.4
15230,15230,43951.574
15231,15231,19130.252
15232,15232,1155.5006
15233,15233,147445.17
15234,15234,181285.5
15235,15235,0.0
15236,15236,84957.26
15237,15237,80135.37
15238,15238,619375.1
15239,15239,51249.918
15240,15240,191504.77
15241,15241,91896.46
15242,15242,5405.9106
15243,15243,14945.026
15244,15244,18230.447
15245,15245,0.0
15246,15246,0.0
15247,15247,0.0
15248,15248,54286.848
15249,15249,29872.314
15250,15250,63091.574
15251,15251,0.0
15252,15252,0.0
15253,15253,7395.182
15254,15254,0.0
15255,15255,9197.387
15256,15256,93832.73
15257,15257,43819.13
15258,15258,33410.72
15259,15259,26461.367
15260,15260,21000.613
15261,15261,14066.587
15262,15262,58296.383
15263,15263,221751.23
15264,15264,48888.35
15265,15265,11133.703
15266,15266,75787.375
15267,15267,1.407147e+06
15268,15268,0.0
15269,15269,145653.05
15270,15270,0.0
15271,15271,0.0
15272,15272,74828.9
15273,15273,46505.203
15274,15274,2523.4443
15275,15275,266053.78
15276,15276,97569.49
15277,15277,3830.7607
15278,15278,0.0
15279,15279,23798.123
15280,15280,37380.59
15281,15281,0.0
15282,15282,0.0
15283,15283,135195.44
15284,15284,0.0
15285,15285,33259.64
15286,15286,16491.873
15287,15287,84455.375
15288,15288,9803.87
15289,15289,0.0
15290,15290,138294.7
15291,15291,2326.3728
15292,15292,236884.45
15293,15293,0.0
15294,15294,5832.362
15295,15295,17432.719
15296,15296,9815.403
15297,15297,217531.1
15298,15298,15687.113
15299,15299,42787.91
15300,15300,0.0
15301,15301,5162.4927
15302,15302,38865.324
15303,15303,70270.664
15304,15304,5053.5815
15305,15305,77722.61
15306,15306,40178.73
15307,15307,5678.1484
15308,15308,58125.348
15309,15309,135430.83
15310,15310,0.0
15311,15311,104819.6
15312,15312,49480.566
15313,15313,24878.031
15314,15314,83239.47
15315,15315,77126.67
15316,15316,0.0
15317,15317,245.66133
15318,15318,1990.8159
15319,15319,34486.297
15320,15320,397.01892
15321,15321,0.0
15322,15322,1213.593
15323,15323,27855.11
15324,15324,15307.474
15325,15325,18982.754
15326,15326,1.5919111e+06
15327,15327,223168.52
15328,15328,81694.555
15329,15329,20604.305
15330,15330,38664.715
15331,15331,0.0
15332,15332,21647.355
15333,15333,26346.918
15334,15334,0.0
15335,15335,7872.038
15336,15336,10777.432
15337,15337,1283.1447
15338,15338,46688.664
15339,15339,105538.445
15340,15340,10770.865
15341,15341,2705.732
15342,15342,0.0
15343,15343,24419.234
15344,15344,8540.745
15345,15345,8039.0186
15346,15346,20693.842
15347,15347,7715.614
15348,15348,98700.9
15349,15349,0.0
15350,15350,8006.8833
15351,15351,90810.52
15352,15352,9.30754e+06
15353,15353,34480.387
15354,15354,6171.6196
15355,15355,136513.0
15356,15356,63.57554
15357,15357,15222.521
15358,15358,117142.52
15359,15359,91679.86
15360,15360,265849.5
15361,15361,0.0
15362,15362,0.0
15363,15363,3.3157095e+06
15364,15364,103296.66
15365,15365,2130.889
15366,15366,17448.756
15367,15367,4677.993
15368,15368,10522.95
15369,15369,19219.895
15370,15370,6362.385
15371,15371,1024.2852
15372,15372,19606.205
15373,15373,110403.29
15374,15374,1275.417
15375,15375,0.0
15376,15376,31437.404
15377,15377,15700.495
15378,15378,287685.2
15379,15379,1952.8698
15380,15380,54258.676
15381,15381,43062.754
15382,15382,12196.757
15383,15383,51237.516
15384,15384,4941.2256
15385,15385,112834.75
15386,15386,43665.266
15387,15387,3115.815
15388,15388,120028.664
15389,15389,42011.305
15390,15390,3449.2266
15391,15391,0.0
15392,15392,0.0
15393,15393,8942.84
15394,15394,5099.4595
15395,15395,58898.598
15396,15396,3079.1328
15397,15397,2565.2974
15398,15398,8046.657
15399,15399,35795.363
15400,15400,11904.702
15401,15401,7493.0005
15402,15402,0.0
15403,15403,45015.465
15404,15404,0.0
15405,15405,29926.537
15406,15406,0.0
15407,15407,0.0
15408,15408,9562.834
15409,15409,89928.82
15410,15410,97616.31
15411,15411,0.0
15412,15412,20037.414
15413,15413,20952.0
15414,15414,0.0
15415,15415,14593.666
15416,15416,49205.04
15417,15417,16016.713
15418,15418,0.0
15419,15419,115136.51
15420,15420,75725.72
15421,15421,3081.8853
15422,15422,24506.555
15423,15423,0.0
15424,15424,0.0
15425,15425,11432.381
15426,15426,36111.71
15427,15427,0.0
15428,15428,0.0
15429,15429,23417.564
15430,15430,0.0
15431,15431,23074.1
15432,15432,5211.457
15433,15433,2090.729
15434,15434,37349.305
15435,15435,12936.151
15436,15436,9017.279
15437,15437,6359.9966
15438,15438,86280.32
15439,15439,13955.409
15440,15440,168172.62
15441,15441,40626.066
15442,15442,3132.904
15443,15443,20964.275
15444,15444,3825.1616
15445,15445,105426.414
15446,15446,3913.878
15447,15447,94082.53
15448,15448,1347.3562
15449,15449,76881.94
15450,15450,17872.004
15451,15451,143779.73
15452,15452,5790.6636
15453,15453,26218.373
15454,15454,45218.88
15455,15455,31837.338
15456,15456,10561.911
15457,15457,0.0
15458,15458,3639.6074
15459,15459,0.0
15460,15460,31294.787
15461,15461,75124.984
15462,15462,31463.516
15463,15463,148894.05
15464,15464,0.0
15465,15465,12426.251
15466,15466,7241.618
15467,15467,242460.5
15468,15468,28339.45
15469,15469,24318.738
15470,15470,17826.967
15471,15471,136658.25
15472,15472,17565.818
15473,15473,9946.345
15474,15474,5400.9927
15475,15475,23242.365
15476,15476,24242.809
15477,15477,6325.529
15478,15478,9542.578
15479,15479,2740.4062
15480,15480,55413.043
15481,15481,5939.642
15482,15482,6428.9253
15483,15483,0.0
15484,15484,1620.1155
15485,15485,20831.5
15486,15486,0.0
15487,15487,127254.59
15488,15488,2718.782
15489,15489,0.0
15490,15490,0.0
15491,15491,0.0
15492,15492,34384.754
15493,15493,9495.815
15494,15494,1704.2847
15495,15495,24706.703
15496,15496,386.43903
15497,15497,319151.62
15498,15498,25831.055
15499,15499,54919.32
15500,15500,0.0
15501,15501,62734.617
15502,15502,6895.6587
15503,15503,17038.154
15504,15504,7824.966
15505,15505,33887.1
15506,15506,20925.77
15507,15507,0.0
15508,15508,0.0
15509,15509,16339.704
15510,15510,31424.32
15511,15511,15124.038
15512,15512,228843.17
15513,15513,0.0
15514,15514,11201.44
15515,15515,274668.75
15516,15516,1780.9908
15517,15517,83682.7
15518,15518,188555.42
15519,15519,54346.94
15520,15520,13244.645
15521,15521,147007.11
15522,15522,0.0
15523,15523,19010.828
15524,15524,4223.4146
15525,15525,58264.9
15526,15526,0.0
15527,15527,0.0
15528,15528,10049.6875
15529,15529,0.0
15530,15530,29266.525
15531,15531,0.0
15532,15532,14704.995
15533,15533,15893.107
15534,15534,7226.3955
15535,15535,0.0
15536,15536,0.0
15537,15537,31668.082
15538,15538,36654.21
15539,15539,14856.374
15540,15540,0.0
15541,15541,284544.72
15542,15542,18242.05
15543,15543,2728.435
15544,15544,1168.5134
15545,15545,30796.787
15546,15546,60065.285
15547,15547,4402.166
15548,15548,46163.734
15549,15549,8395.576
15550,15550,0.0
15551,15551,61053.91
15552,15552,20445.64
15553,15553,131614.16
15554,15554,6422.587
15555,15555,1103.2734
15556,15556,91282.805
15557,15557,43672.688
15558,15558,32712.174
15559,15559,17293.387
15560,15560,7172.3037
15561,15561,0.0
15562,15562,139350.19
15563,15563,11012.022
15564,15564,3204.6118
15565,15565,26696.688
15566,15566,163310.02
15567,15567,42583.676
15568,15568,29774.947
15569,15569,0.0
15570,15570,7341.797
15571,15571,1630.139
15572,15572,0.0
15573,15573,34520.656
15574,15574,14209.172
15575,15575,190198.75
15576,15576,213313.53
15577,15577,147666.06
15578,15578,48691.555
15579,15579,0.0
15580,15580,11337.848
15581,15581,16109.16
15582,15582,0.0
15583,15583,39647.8
15584,15584,0.0
15585,15585,21157.81
15586,15586,228912.69
15587,15587,5522.531
15588,15588,22231.47
15589,15589,21415.43
15590,15590,182798.6
15591,15591,73566.13
15592,15592,72699.97
15593,15593,22956.816
15594,15594,31323.719
15595,15595,17358.846
15596,15596,0.0
15597,15597,50269.496
15598,15598,5687.7085
15599,15599,13325.402
15600,15600,12393.126
15601,15601,22613.41
15602,15602,0.0
15603,15603,57495.152
15604,15604,28086.518
15605,15605,0.0
15606,15606,11977.078
15607,15607,115567.24
15608,15608,39889.53
15609,15609,14975.459
15610,15610,85165.52
15611,15611,39846.297
15612,15612,17693.488
15613,15613,1847.9952
15614,15614,94440.2
15615,15615,8387.703
15616,15616,20360.754
15617,15617,40823.145
15618,15618,3737.6838
15619,15619,100972.76
15620,15620,24914.684
15621,15621,56142.527
15622,15622,0.0
15623,15623,7612.3374
15624,15624,83731.266
15625,15625,95158.03
15626,15626,19417.213
15627,15627,27660.945
15628,15628,0.0
15629,15629,8932.67
15630,15630,0.0
15631,15631,15582.981
15632,15632,0.0
15633,15633,65801.51
15634,15634,0.0
15635,15635,117511.984
15636,15636,39228.7
15637,15637,0.0
15638,15638,0.0
15639,15639,34535.61
15640,15640,95166.77
15641,15641,1806.2693
15642,15642,19462.387
15643,15643,2972.3428
15644,15644,5140.6606
15645,15645,9182.318
15646,15646,26130.072
15647,15647,0.0
15648,15648,31987.318
15649,15649,0.0
15650,15650,104408.53
15651,15651,0.0
15652,15652,9725.612
15653,15653,16633.912
15654,15654,0.0
15655,15655,0.0
15656,15656,5154.66
15657,15657,3652.5017
15658,15658,59101.906
15659,15659,15538.971
15660,15660,21530.992
15661,15661,2346.794
15662,15662,1.732952e+06
15663,15663,18252.688
15664,15664,48700.06
15665,15665,0.0
15666,15666,29325.496
15667,15667,0.0
15668,15668,4987.8545
15669,15669,8052.04
15670,15670,0.0
15671,15671,65717.45
15672,15672,53180.27
15673,15673,15033.587
15674,15674,7442.7183
15675,15675,85686.65
15676,15676,1683.6266
15677,15677,51130.93
15678,15678,0.0
15679,15679,72200.41
15680,15680,5552.4824
15681,15681,193627.83
15682,15682,114204.18
15683,15683,0.0
15684,15684,0.0
15685,15685,34730.977
15686,15686,138300.64
15687,15687,0.0
15688,15688,8227.803
15689,15689,0.0
15690,15690,86562.4
15691,15691,10756.168
15692,15692,135935.8
15693,15693,101680.27
15694,15694,31944.879
15695,15695,57762.047
15696,15696,117985.37
15697,15697,31520.53
15698,15698,0.0
15699,15699,91033.84
15700,15700,29737.615
15701,15701,101820.22
15702,15702,18283.465
15703,15703,0.0
15704,15704,149911.28
15705,15705,112171.85
15706,15706,34010.918
15707,15707,40561.617
15708,15708,49065.4
15709,15709,7760.5303
15710,15710,0.0
15711,15711,0.0
15712,15712,4378.963
15713,15713,8220.718
15714,15714,47875.01
15715,15715,0.0
15716,15716,1664.6033
15717,15717,16785.768
15718,15718,216930.06
15719,15719,89408.195
15720,15720,13384.389
15721,15721,47818.945
15722,15722,17511.916
15723,15723,40198.16
15724,15724,65399.184
15725,15725,24891.58
15726,15726,28775.094
15727,15727,16897.504
15728,15728,1307.1719
15729,15729,25579.588
15730,15730,61947.63
15731,15731,22076.568
15732,15732,170174.86
15733,15733,3810.0107
15734,15734,862.5277
15735,15735,25935.367
15736,15736,0.0
15737,15737,93232.984
15738,15738,108.105385
15739,15739,6575.4595
15740,15740,0.0
15741,15741,13228.048
15742,15742,45012.094
15743,15743,0.0
15744,15744,10864.029
15745,15745,43301.44
15746,15746,11479.843
15747,15747,0.0
15748,15748,28330.049
15749,15749,0.0
15750,15750,0.0
15751,15751,21703.254
15752,15752,16761.672
15753,15753,0.0
15754,15754,0.0
15755,15755,0.0
15756,15756,2552.9746
15757,15757,0.0
15758,15758,2269.3533
15759,15759,1.7143088e+06
15760,15760,62543.043
15761,15761,38608.316
15762,15762,15217.229
15763,15763,49436.812
15764,15764,5150.6074
15765,15765,26683.402
15766,15766,128151.14
15767,15767,0.0
15768,15768,0.0
15769,15769,1963.0796
15770,15770,1095.6785
15771,15771,34877.82
15772,15772,54081.895
15773,15773,0.0
15774,15774,4917.8633
15775,15775,169549.4
15776,15776,0.0
15777,15777,177885.34
15778,15778,28923.64
15779,15779,15297.791
15780,15780,43942.08
15781,15781,81836.0
15782,15782,22898.65
15783,15783,115067.43
15784,15784,135609.73
15785,15785,18901.014
15786,15786,7303.2
15787,15787,123577.62
15788,15788,0.0
15789,15789,996.21173
15790,15790,217262.39
15791,15791,63763.8
15792,15792,0.0
15793,15793,0.0
15794,15794,0.0
15795,15795,0.0
15796,15796,5486.9014
15797,15797,105190.234
15798,15798,12731.566
15799,15799,22486.312
15800,15800,54426.87
15801,15801,7410.539
15802,15802,3561.6885
15803,15803,0.0
15804,15804,0.0
15805,15805,22678.807
15806,15806,47320.1
15807,15807,10843.14
15808,15808,0.0
15809,15809,36458.258
15810,15810,236508.6
15811,15811,18117.418
15812,15812,0.0
15813,15813,9589.228
15814,15814,71210.68
15815,15815,10621.021
15816,15816,177452.08
15817,15817,72449.15
15818,15818,10248.917
15819,15819,16374.783
15820,15820,0.0
15821,15821,5163.6143
15822,15822,0.0
15823,15823,4564.5537
15824,15824,10627.69
15825,15825,0.0
15826,15826,0.0
15827,15827,12451.217
15828,15828,51649.566
15829,15829,27624.41
15830,15830,21763.422
15831,15831,10931.701
15832,15832,40233.49
15833,15833,11375.933
15834,15834,5357.642
15835,15835,0.0
15836,15836,817.44257
15837,15837,9253.39
15838,15838,10498.818
15839,15839,87167.125
15840,15840,0.0
15841,15841,2458.078
15842,15842,47831.38
15843,15843,0.0
15844,15844,11830.773
15845,15845,4206.1777
15846,15846,6509.621
15847,15847,0.0
15848,15848,60071.02
15849,15849,0.0
15850,15850,113017.9
15851,15851,158830.94
15852,15852,29845.014
15853,15853,0.0
15854,15854,0.0
15855,15855,14262.232
15856,15856,200291.7
15857,15857,46469.363
15858,15858,6836.5527
15859,15859,15942.281
15860,15860,64666.805
15861,15861,48446.344
15862,15862,43503.504
15863,15863,26917.865
15864,15864,0.0
15865,15865,0.0
15866,15866,9594.633
15867,15867,71970.23
15868,15868,133038.98
15869,15869,15623.399
15870,15870,177386.33
15871,15871,36636.938
15872,15872,81971.836
15873,15873,9858.987
15874,15874,4538.6694
15875,15875,708409.4
15876,15876,4515.5527
15877,15877,0.0
15878,15878,13183.182
15879,15879,0.0
15880,15880,20839.504
15881,15881,3476.2847
15882,15882,0.0
15883,15883,3754.667
15884,15884,84545.336
15885,15885,42369.676
15886,15886,7833.449
15887,15887,4467.673
15888,15888,11379.14
15889,15889,45136.36
15890,15890,44025.254
15891,15891,19149.727
15892,15892,6071.1743
15893,15893,11627.124
15894,15894,73598.836
15895,15895,38627.594
15896,15896,0.0
15897,15897,16521.264
15898,15898,20430.453
15899,15899,14046.751
15900,15900,5344.62
15901,15901,18412.887
15902,15902,0.0
15903,15903,13829.684
15904,15904,9286.133
15905,15905,22838.736
15906,15906,0.0
15907,15907,20833.271
15908,15908,55156.848
15909,15909,28807.758
15910,15910,26904.215
15911,15911,128047.21
15912,15912,89397.445
15913,15913,1155.6687
15914,15914,7410.974
15915,15915,102975.24
15916,15916,24913.94
15917,15917,47107.973
15918,15918,957.91376
15919,15919,88646.52
15920,15920,279864.3
15921,15921,9426.522
15922,15922,0.0
15923,15923,97634.01
15924,15924,19668.14
15925,15925,0.0
15926,15926,29760.633
15927,15927,6901.1587
15928,15928,0.0
15929,15929,88752.07
15930,15930,0.0
15931,15931,30670.365
15932,15932,7362.55
15933,15933,107296.16
15934,15934,27206.164
15935,15935,26862.365
15936,15936,50491.344
15937,15937,664.5035
15938,15938,31000.463
15939,15939,22845.47
15940,15940,5154.923
15941,15941,11843.458
15942,15942,73067.86
15943,15943,69859.766
15944,15944,8382.751
15945,15945,43414.445
15946,15946,70657.79
15947,15947,46135.55
15948,15948,5349.494
15949,15949,7739.81
15950,15950,2435.4546
15951,15951,0.0
15952,15952,68806.88
15953,15953,120101.3
15954,15954,10806.938
15955,15955,15300.266
15956,15956,0.0
15957,15957,58436.66
15958,15958,0.0
15959,15959,133812.03
15960,15960,0.0
15961,15961,21983.129
15962,15962,2060.9612
15963,15963,71507.516
15964,15964,21278.418
15965,15965,13053.071
15966,15966,5941.5835
15967,15967,8271.55
15968,15968,38821.574
15969,15969,15341.172
15970,15970,23680.248
15971,15971,15739.255
15972,15972,0.0
15973,15973,6987.524
15974,15974,10720.939
15975,15975,37597.465
15976,15976,43913.207
15977,15977,3892.1538
15978,15978,9727.887
15979,15979,133559.67
15980,15980,7498.4795
15981,15981,17411.219
15982,15982,36088.508
15983,15983,4183.207
15984,15984,17755.318
15985,15985,0.0
15986,15986,0.0
15987,15987,122167.67
15988,15988,101938.29
15989,15989,198188.1
15990,15990,9081.909
15991,15991,33953.0
15992,15992,0.0
15993,15993,72587.125
15994,15994,0.0
15995,15995,0.0
15996,15996,0.0
15997,15997,44747.004
15998,15998,134041.11
15999,15999,0.0
16000,16000,12122.944
16001,16001,12369.415
16002,16002,17713.498
16003,16003,1309.336
16004,16004,5191.814
16005,16005,114013.47
16006,16006,21726.324
16007,16007,19045.83
16008,16008,65086.63
16009,16009,63855.79
16010,16010,251836.77
16011,16011,0.0
16012,16012,0.0
16013,16013,87897.914
16014,16014,20608.254
16015,16015,32171.316
16016,16016,671.00934
16017,16017,2334.286
16018,16018,0.0
16019,16019,2597.0742
16020,16020,2540.7124
16021,16021,24302.393
16022,16022,0.0
16023,16023,14506.092
16024,16024,21310.98
16025,16025,11850.413
16026,16026,201978.95
16027,16027,114843.1
16028,16028,5994.144
16029,16029,0.0
16030,16030,137237.16
16031,16031,21820.057
16032,16032,4130.976
16033,16033,42286.914
16034,16034,0.0
16035,16035,2601.9248
16036,16036,16462.53
16037,16037,11709.258
16038,16038,454760.9
16039,16039,3345.1555
16040,16040,7398.957
16041,16041,65022.65
16042,16042,5171.2
16043,16043,4520.6113
16044,16044,1025.9674
16045,16045,21834.316
16046,16046,10847.624
16047,16047,10849.861
16048,16048,22484.52
16049,16049,0.0
16050,16050,43096.016
16051,16051,0.0
16052,16052,18184.738
16053,16053,58839.3
16054,16054,2581.7375
16055,16055,115479.664
16056,16056,69402.63
16057,16057,41396.582
16058,16058,12328.113
16059,16059,13965.509
16060,16060,0.0
16061,16061,58128.18
16062,16062,107192.875
16063,16063,17486.93
16064,16064,6066.6265
16065,16065,3605.621
16066,16066,0.0
16067,16067,0.0
16068,16068,10047.784
16069,16069,17734.982
16070,16070,8926.737
16071,16071,24815.22
16072,16072,0.0
16073,16073,55195.04
16074,16074,586.9829
16075,16075,48072.426
16076,16076,0.0
16077,16077,0.0
16078,16078,25063.668
16079,16079,0.0
16080,16080,25481.783
16081,16081,22704.04
16082,16082,49860.277
16083,16083,100275.984
16084,16084,16609.97
16085,16085,5671.236
16086,16086,33101.7
16087,16087,0.0
16088,16088,72732.74
16089,16089,1.3412019e+06
16090,16090,59644.48
16091,16091,0.0
16092,16092,200361.36
16093,16093,20352.783
16094,16094,79286.49
16095,16095,7937.8516
16096,16096,0.0
16097,16097,21540.52
16098,16098,53014.723
16099,16099,0.0
16100,16100,7538.885
16101,16101,7709.666
16102,16102,22679.887
16103,16103,15253.154
16104,16104,30252.459
16105,16105,7904.2617
16106,16106,0.0
16107,16107,2877.9553
16108,16108,26319.85
16109,16109,29355.652
16110,16110,4365.6807
16111,16111,41539.41
16112,16112,0.0
16113,16113,240306.9
16114,16114,0.0
16115,16115,80826.97
16116,16116,26144.57
16117,16117,98600.17
16118,16118,96027.234
16119,16119,975.5385
16120,16120,4885.84
16121,16121,0.0
16122,16122,46669.81
16123,16123,7066.132
16124,16124,3766.7314
16125,16125,14469.265
16126,16126,44921.688
16127,16127,5939.379
16128,16128,153077.16
16129,16129,0.0
16130,16130,0.0
16131,16131,58642.547
16132,16132,1707.9268
16133,16133,19771.732
16134,16134,43337.246
16135,16135,20661.73
16136,16136,17021.467
16137,16137,116445.336
16138,16138,408.46655
16139,16139,3984.4465
16140,16140,28508.795
16141,16141,0.0
16142,16142,2250.3577
16143,16143,55108.098
16144,16144,99927.914
16145,16145,7591.7437
16146,16146,20597.723
16147,16147,15795.259
16148,16148,5049.56
16149,16149,21631.58
16150,16150,4046.1772
16151,16151,157720.78
16152,16152,33442.76
16153,16153,93766.2
16154,16154,78509.625
16155,16155,4638.4126
16156,16156,45970.188
16157,16157,135718.98
16158,16158,0.0
16159,16159,5182.9814
16160,16160,25675.238
16161,16161,46177.938
16162,16162,7478.454
16163,16163,0.0
16164,16164,0.0
16165,16165,180.89792
16166,16166,7448.646
16167,16167,1.063036e+07
16168,16168,4225.4707
16169,16169,102117.53
16170,16170,8139.8296
16171,16171,55637.22
16172,16172,7295.252
16173,16173,60096.008
16174,16174,22685.84
16175,16175,162966.88
16176,16176,36859.246
16177,16177,0.0
16178,16178,76876.96
16179,16179,627282.2
16180,16180,0.0
16181,16181,8240.616
16182,16182,20465.09
16183,16183,34288.9
16184,16184,16767.305
16185,16185,66867.164
16186,16186,87138.69
16187,16187,5506.605
16188,16188,79643.87
16189,16189,20598.533
16190,16190,2396.0337
16191,16191,738748.8
16192,16192,39985.61
16193,16193,0.0
16194,16194,278297.38
16195,16195,19050.348
16196,16196,2098.6125
16197,16197,16346.836
16198,16198,66759.09
16199,16199,154432.3
16200,16200,0.0
16201,16201,0.0
16202,16202,766.5822
16203,16203,176205.95
16204,16204,11196.864
16205,16205,179038.58
16206,16206,6735.1445
16207,16207,0.0
16208,16208,0.0
16209,16209,21647.54
16210,16210,16088.309
16211,16211,32329.55
16212,16212,138.19904
16213,16213,60918.027
16214,16214,50556.707
16215,16215,46444.69
16216,16216,15007.297
16217,16217,86119.875
16218,16218,35545.41
16219,16219,0.0
16220,16220,72586.16
16221,16221,31369.18
16222,16222,20608.729
16223,16223,126807.52
16224,16224,1.4061046e+06
16225,16225,13327.613
16226,16226,0.0
16227,16227,7480.972
16228,16228,61356.105
16229,16229,100242.836
16230,16230,153769.6
16231,16231,41268.4
16232,16232,70.74301
16233,16233,0.0
16234,16234,0.0
16235,16235,108301.0
16236,16236,33364.38
16237,16237,139512.56
16238,16238,12583.105
16239,16239,47550.26
16240,16240,9944.826
16241,16241,1751.7194
16242,16242,2455.199
16243,16243,0.0
16244,16244,8.3406645e+06
16245,16245,2893.7783
16246,16246,5903.604
16247,16247,12467.359
16248,16248,79032.12
16249,16249,76207.06
16250,16250,2326.549
16251,16251,16731.523
16252,16252,11279.682
16253,16253,43060.832
16254,16254,245703.44
16255,16255,12784.25
16256,16256,947.16833
16257,16257,0.0
16258,16258,18783.244
16259,16259,10328.821
16260,16260,52018.426
16261,16261,118655.29
16262,16262,11633.036
16263,16263,2321.878
16264,16264,150124.64
16265,16265,3352.0793
16266,16266,114315.18
16267,16267,20511.504
16268,16268,87008.54
16269,16269,0.0
16270,16270,12940.633
16271,16271,70749.39
16272,16272,5844.9443
16273,16273,0.0
16274,16274,27746.8
16275,16275,11430.278
16276,16276,3274.463
16277,16277,52715.45
16278,16278,514.0706
16279,16279,35614.56
16280,16280,61662.734
16281,16281,0.0
16282,16282,157318.36
16283,16283,579.7749
16284,16284,31660.459
16285,16285,34143.81
16286,16286,0.0
16287,16287,7760.2573
16288,16288,61503.227
16289,16289,27050.146
16290,16290,7698.718
16291,16291,0.0
16292,16292,43501.332
16293,16293,23509.627
16294,16294,9454.175
16295,16295,10143.333
16296,16296,0.0
16297,16297,0.0
16298,16298,30070.584
16299,16299,224354.75
16300,16300,3303.7656
16301,16301,39189.49
16302,16302,0.0
16303,16303,0.0
16304,16304,0.0
16305,16305,18925.635
16306,16306,96197.69
16307,16307,87616.414
16308,16308,10574.92
16309,16309,83865.87
16310,16310,13728.003
16311,16311,1113.3654
16312,16312,48074.527
16313,16313,802061.56
16314,16314,14068.293
16315,16315,10433.941
16316,16316,0.0
16317,16317,5182.8594
16318,16318,41259.0
16319,16319,80276.28
16320,16320,16738.398
16321,16321,25019.352
16322,16322,9285.309
16323,16323,7.48051e+06
16324,16324,31224.477
16325,16325,111646.2
16326,16326,16434.252
16327,16327,8372.852
16328,16328,18675.799
16329,16329,24520.508
16330,16330,9822.102
16331,16331,63057.64
16332,16332,24986.623
16333,16333,33310.035
16334,16334,1255.7858
16335,16335,0.0
16336,16336,39474.85
16337,16337,48674.277
16338,16338,19290.984
16339,16339,4789.87
16340,16340,88829.02
16341,16341,0.0
16342,16342,33101.227
16343,16343,6551.6123
16344,16344,10690.066
16345,16345,78595.43
16346,16346,191725.81
16347,16347,16861.43
16348,16348,1.2063884e+06
16349,16349,22375.762
16350,16350,9190.558
16351,16351,33802.906
16352,16352,13795.477
16353,16353,81690.81
16354,16354,28087.385
16355,16355,10917.252
16356,16356,9302.414
16357,16357,0.0
16358,16358,0.0
16359,16359,13226.998
16360,16360,0.0
16361,16361,0.0
16362,16362,9010.996
16363,16363,0.0
16364,16364,9599.165
16365,16365,4.5802885e+06
16366,16366,0.0
16367,16367,27903.176
16368,16368,261.52777
16369,16369,57802.77
16370,16370,24718.285
16371,16371,36028.273
16372,16372,3094.229
16373,16373,0.0
16374,16374,8767.28
16375,16375,0.0
16376,16376,15062.902
16377,16377,424583.06
16378,16378,13220.419
16379,16379,0.0
16380,16380,46157.633
16381,16381,12470.835
16382,16382,8085.8774
16383,16383,35020.83
16384,16384,642.1803
16385,16385,5820.9966
16386,16386,21694.656
16387,16387,0.0
16388,16388,0.0
16389,16389,271949.44
16390,16390,150312.73
16391,16391,38093.57
16392,16392,0.0
16393,16393,5569.947
16394,16394,0.0
16395,16395,10273.115
16396,16396,214346.34
16397,16397,40815.605
16398,16398,42031.066
16399,16399,7219.527
16400,16400,0.0
16401,16401,33076.582
16402,16402,30421.371
16403,16403,5984.4556
16404,16404,21803.713
16405,16405,15813.477
16406,16406,0.0
16407,16407,12344.207
16408,16408,21188.135
16409,16409,5552.525
16410,16410,64961.094
16411,16411,10376.547
16412,16412,16982.822
16413,16413,0.0
16414,16414,0.0
16415,16415,10523.761
16416,16416,13755.931
16417,16417,0.0
16418,16418,59410.727
16419,16419,2.940493e+06
16420,16420,0.0
16421,16421,52702.152
16422,16422,81523.14
16423,16423,8102.9556
16424,16424,0.0
16425,16425,53752.645
16426,16426,10299.135
16427,16427,46162.113
16428,16428,0.0
16429,16429,3332.0503
16430,16430,21026.912
16431,16431,11329.784
16432,16432,0.0
16433,16433,6655.9604
16434,16434,96636.72
16435,16435,3810.5688
16436,16436,0.0
16437,16437,84348.76
16438,16438,60159.18
16439,16439,45697.12
16440,16440,23405.947
16441,16441,0.0
16442,16442,9236.589
16443,16443,0.0
16444,16444,70512.734
16445,16445,5956.383
16446,16446,27582.377
16447,16447,146649.5
16448,16448,0.0
16449,16449,819.7672
16450,16450,14702.913
16451,16451,8651.861
16452,16452,0.0
16453,16453,34096.17
16454,16454,1366.7487
16455,16455,68033.96
16456,16456,5203.0264
16457,16457,0.0
16458,16458,13222.271
16459,16459,0.0
16460,16460,51260.613
16461,16461,75208.195
16462,16462,0.0
16463,16463,0.0
16464,16464,8685.886
16465,16465,0.0
16466,16466,0.0
16467,16467,5433.116
16468,16468,0.0
16469,16469,35233.305
16470,16470,3705.2002
16471,16471,12139.63
16472,16472,0.0
16473,16473,226496.28
16474,16474,11135.943
16475,16475,0.0
16476,16476,19512.844
16477,16477,2864.895
16478,16478,37165.906
16479,16479,6050.071
16480,16480,19510.352
16481,16481,0.0
16482,16482,37818.207
16483,16483,8410.636
16484,16484,26319.883
16485,16485,59653.785
16486,16486,41532.414
16487,16487,96907.72
16488,16488,0.0
16489,16489,165516.06
16490,16490,0.0
16491,16491,34473.527
16492,16492,0.0
16493,16493,43872.94
16494,16494,35567.285
16495,16495,124.67363
16496,16496,8957.761
16497,16497,5140.38
16498,16498,65583.57
16499,16499,0.0
16500,16500,9192.725
16501,16501,606.8905
16502,16502,6460.7197
16503,16503,14834.6455
16504,16504,145486.5
16505,16505,0.0
16506,16506,14678.703
16507,16507,26685.547
16508,16508,26422.885
16509,16509,28011.436
16510,16510,62963.656
16511,16511,12893.164
16512,16512,13815.143
16513,16513,0.0
16514,16514,111530.26
16515,16515,7014.336
16516,16516,32051.062
16517,16517,0.0
16518,16518,5778.306
16519,16519,5237.738
16520,16520,4476.554
16521,16521,135788.75
16522,16522,11625.025
16523,16523,3062.0918
16524,16524,107056.234
16525,16525,2.0219076e+06
16526,16526,3748.4531
16527,16527,8106.3867
16528,16528,80426.48
16529,16529,0.0
16530,16530,0.0
16531,16531,138701.73
16532,16532,24194.8
16533,16533,162754.27
16534,16534,2299.588
16535,16535,0.0
16536,16536,42728.195
16537,16537,773.9104
16538,16538,5895.5884
16539,16539,33769.527
16540,16540,51261.402
16541,16541,0.0
16542,16542,6708.0156
16543,16543,27356.996
16544,16544,34762.336
16545,16545,181945.22
16546,16546,97167.74
16547,16547,169846.62
16548,16548,15402.203
16549,16549,16369.381
16550,16550,0.0
16551,16551,5184.0913
16552,16552,0.0
16553,16553,26840.71
16554,16554,14243.904
16555,16555,3451.5032
16556,16556,91615.59
16557,16557,6348.4214
16558,16558,0.0
16559,16559,100532.68
16560,16560,0.0
16561,16561,28112.809
16562,16562,0.0
16563,16563,1988.2761
16564,16564,246794.88
16565,16565,47865.805
16566,16566,0.0
16567,16567,1125.8746
16568,16568,115983.74
16569,16569,1302.4294
16570,16570,1528.1425
16571,16571,21922.152
16572,16572,23194.787
16573,16573,8281.394
16574,16574,7584.3335
16575,16575,0.0
16576,16576,11667.66
16577,16577,7848.0195
16578,16578,24650.227
16579,16579,75006.945
16580,16580,0.0
16581,16581,0.0
16582,16582,35602.547
16583,16583,45702.863
16584,16584,553079.44
16585,16585,1537.34
16586,16586,13138.07
16587,16587,148646.17
16588,16588,9397.498
16589,16589,2.3279688e+06
16590,16590,303008.78
16591,16591,1020.0966
16592,16592,15894.18
16593,16593,13340.337
16594,16594,346510.78
16595,16595,15751.144
16596,16596,7688.794
16597,16597,23910.9
16598,16598,647059.94
16599,16599,47616.945
16600,16600,0.0
16601,16601,171637.53
16602,16602,115605.63
16603,16603,47551.11
16604,16604,30306.535
16605,16605,16261.943
16606,16606,0.0
16607,16607,16928.625
16608,16608,26087.32
16609,16609,4043.6262
16610,16610,68827.586
16611,16611,14984.071
16612,16612,9626.802
16613,16613,169618.42
16614,16614,108043.086
16615,16615,29854.414
16616,16616,29633.56
16617,16617,3212.8984
16618,16618,0.0
16619,16619,0.0
16620,16620,44886.266
16621,16621,0.0
16622,16622,7097.1294
16623,16623,26385.734
16624,16624,0.0
16625,16625,107527.1
16626,16626,4597.516
16627,16627,0.0
16628,16628,0.0
16629,16629,202252.16
16630,16630,3890.4082
16631,16631,0.0
16632,16632,20736.586
16633,16633,44905.535
16634,16634,67204.664
16635,16635,15924.545
16636,16636,165776.95
16637,16637,0.0
16638,16638,11781.464
16639,16639,4376.6665
16640,16640,12385.716
16641,16641,247822.19
16642,16642,7910.8525
16643,16643,36160.42
16644,16644,6333.0986
16645,16645,10046.965
16646,16646,30632.047
16647,16647,0.0
16648,16648,9087.988
16649,16649,8525.917
16650,16650,171129.56
16651,16651,8524.723
16652,16652,0.0
16653,16653,5050.3467
16654,16654,6145.3633
16655,16655,51563.89
16656,16656,56392.598
16657,16657,27101.94
16658,16658,42479.66
16659,16659,29525.271
16660,16660,0.0
16661,16661,20576.646
16662,16662,12998.538
16663,16663,1076.4407
16664,16664,0.0
16665,16665,0.0
16666,16666,0.0
16667,16667,1286.4579
16668,16668,5615.5435
16669,16669,146443.12
16670,16670,1084.0493
16671,16671,4352.822
16672,16672,65117.93
16673,16673,0.0
16674,16674,41891.223
16675,16675,8096.762
16676,16676,3.07631e+06
16677,16677,0.0
16678,16678,42588.797
16679,16679,59466.51
16680,16680,9124.942
16681,16681,0.0
16682,16682,9623.095
16683,16683,7063.739
16684,16684,36466.184
16685,16685,2868.8164
16686,16686,0.0
16687,16687,5545.563
16688,16688,15328.19
16689,16689,0.0
16690,16690,0.0
16691,16691,30966.01
16692,16692,22405.947
16693,16693,30686.162
16694,16694,0.0
16695,16695,10770.229
16696,16696,11107.802
16697,16697,10891.401
16698,16698,19969.908
16699,16699,6869.522
16700,16700,0.0
16701,16701,137744.81
16702,16702,3247.2651
16703,16703,95511.414
16704,16704,113630.086
16705,16705,152923.2
16706,16706,23244.87
16707,16707,82153.4
16708,16708,16192.683
16709,16709,14572.259
16710,16710,10112.76
16711,16711,247089.9
16712,16712,14679.04
16713,16713,0.0
16714,16714,47446.42
16715,16715,21473.734
16716,16716,442939.0
16717,16717,38310.64
16718,16718,0.0
16719,16719,389.13742
16720,16720,11235.829
16721,16721,9232.811
16722,16722,30878.586
16723,16723,31131.477
16724,16724,1.2556659e+06
16725,16725,54373.758
16726,16726,0.0
16727,16727,26173.236
16728,16728,6329.854
16729,16729,4644.553
16730,16730,26660.064
16731,16731,3252.683
16732,16732,39914.35
16733,16733,0.0
16734,16734,68621.51
16735,16735,18896.441
16736,16736,60944.11
16737,16737,14355.453
16738,16738,0.0
16739,16739,42452.35
16740,16740,1690.1644
16741,16741,501.31918
16742,16742,46381.215
16743,16743,0.0
16744,16744,53128.855
16745,16745,26569.543
16746,16746,15512.446
16747,16747,77688.9
16748,16748,12351.724
16749,16749,0.0
16750,16750,13045.466
16751,16751,7411.155
16752,16752,5429.052
16753,16753,42930.83
16754,16754,5373.018
16755,16755,16836.53
16756,16756,1.0985692e+06
16757,16757,44754.715
16758,16758,16957.43
16759,16759,38149.164
16760,16760,173535.16
16761,16761,2706.801
16762,16762,0.0
16763,16763,0.0
16764,16764,0.0
16765,16765,25186.666
16766,16766,6.854493e+06
16767,16767,24477.096
16768,16768,796.18695
16769,16769,41195.01
16770,16770,0.0
16771,16771,0.0
16772,16772,78013.54
16773,16773,223205.5
16774,16774,29957.771
16775,16775,0.0
16776,16776,127098.34
16777,16777,22897.55
16778,16778,11764.198
16779,16779,657.35675
16780,16780,0.0
16781,16781,9769.847
16782,16782,340626.66
16783,16783,46614.703
16784,16784,9836.044
16785,16785,10378.709
16786,16786,519.1939
16787,16787,44172.777
16788,16788,2951.4023
16789,16789,1692.2383
16790,16790,4714.946
16791,16791,101591.37
16792,16792,21679.268
16793,16793,0.0
16794,16794,152799.47
16795,16795,54274.145
16796,16796,70002.66
16797,16797,113378.42
16798,16798,69679.99
16799,16799,40092.28
16800,16800,8467.59
16801,16801,4017.1243
16802,16802,157993.4
16803,16803,10694.128
16804,16804,0.0
16805,16805,7147.727
16806,16806,89186.56
16807,16807,25215.39
16808,16808,17823.053
16809,16809,27977.176
16810,16810,2937.2148
16811,16811,15411.9375
16812,16812,0.0
16813,16813,2668.436
16814,16814,39359.914
16815,16815,2823.1025
16816,16816,9429.258
16817,16817,43149.453
16818,16818,11259.105
16819,16819,0.0
16820,16820,0.0
16821,16821,627.9996
16822,16822,689.7262
16823,16823,8933.565
16824,16824,46876.32
16825,16825,10680.813
16826,16826,137154.95
16827,16827,0.0
16828,16828,0.0
16829,16829,12579.653
16830,16830,0.0
16831,16831,2099.5005
16832,16832,13856.534
16833,16833,24778.453
16834,16834,0.0
16835,16835,210898.9
16836,16836,23925.63
16837,16837,85792.03
16838,16838,15765.024
16839,16839,21655.248
16840,16840,14428.134
16841,16841,111813.664
16842,16842,82768.42
16843,16843,83249.984
16844,16844,82877.54
16845,16845,20659.79
16846,16846,0.0
16847,16847,70958.93
16848,16848,9019.0205
16849,16849,0.0
16850,16850,11048.745
16851,16851,0.0
16852,16852,17344.145
16853,16853,0.0
16854,16854,0.0
16855,16855,10190.759
16856,16856,0.0
16857,16857,1996.431
16858,16858,3790.8252
16859,16859,8191.9814
16860,16860,60281.65
16861,16861,26708.973
16862,16862,21037.889
16863,16863,0.0
16864,16864,3457.087
16865,16865,35508.633
16866,16866,8851.798
16867,16867,19480.281
16868,16868,141890.42
16869,16869,353210.28
16870,16870,9470.317
16871,16871,0.0
16872,16872,40349.164
16873,16873,8083.598
16874,16874,17646.184
16875,16875,0.0
16876,16876,62554.46
16877,16877,36810.49
16878,16878,91950.375
16879,16879,21477.26
16880,16880,10437.9
16881,16881,0.0
16882,16882,8179.6475
16883,16883,26894.102
16884,16884,0.0
16885,16885,32362.375
16886,16886,2080.4812
16887,16887,76620.08
16888,16888,0.0
16889,16889,283334.25
16890,16890,1520.1986
16891,16891,60479.043
16892,16892,73485.195
16893,16893,5.3056265e+06
16894,16894,11734.383
16895,16895,28051.562
16896,16896,32145.744
16897,16897,17546.45
16898,16898,10266.671
16899,16899,68128.31
16900,16900,1038.969
16901,16901,99628.08
16902,16902,0.0
16903,16903,13789.1455
16904,16904,150522.2
16905,16905,36728.97
16906,16906,46496.516
16907,16907,31844.684
16908,16908,48184.168
16909,16909,21890.049
16910,16910,20953.559
16911,16911,61241.617
16912,16912,63422.84
16913,16913,29507.355
16914,16914,22568.578
16915,16915,175076.64
16916,16916,0.0
16917,16917,31942.885
16918,16918,12446.292
16919,16919,0.0
16920,16920,12547.092
16921,16921,0.0
16922,16922,140385.02
16923,16923,19249.906
16924,16924,245807.66
16925,16925,6964.739
16926,16926,1116.9397
16927,16927,4560.196
16928,16928,125298.68
16929,16929,11933.196
16930,16930,47303.742
16931,16931,0.0
16932,16932,62434.6
16933,16933,9263.607
16934,16934,117269.51
16935,16935,95250.81
16936,16936,6552.276
16937,16937,12465.335
16938,16938,0.0
16939,16939,0.0
16940,16940,54436.035
16941,16941,138302.58
16942,16942,14469.265
16943,16943,0.0
16944,16944,21176.838
16945,16945,170719.03
16946,16946,16918.344
16947,16947,153017.86
16948,16948,10148.004
16949,16949,85351.51
16950,16950,13601.774
16951,16951,51524.99
16952,16952,0.0
16953,16953,73619.23
16954,16954,362551.7
16955,16955,0.0
16956,16956,31045.744
16957,16957,3378.0461
16958,16958,1337.2625
16959,16959,824809.8
16960,16960,17722.97
16961,16961,103074.445
16962,16962,0.0
16963,16963,0.0
16964,16964,26951.004
16965,16965,7232.477
16966,16966,10164.323
16967,16967,28559.746
16968,16968,6976.418
16969,16969,80715.69
16970,16970,30198.7
16971,16971,3044.8333
16972,16972,15719.343
16973,16973,0.0
16974,16974,41164.31
16975,16975,866.8099
16976,16976,104985.79
16977,16977,7951.86
16978,16978,73933.65
16979,16979,2.1872168e+06
16980,16980,79716.89
16981,16981,0.0
16982,16982,17458.475
16983,16983,39012.7
16984,16984,6258.609
16985,16985,24889.81
16986,16986,25228.094
16987,16987,4538.772
16988,16988,92631.164
16989,16989,0.0
16990,16990,28313.121
16991,16991,88364.96
16992,16992,157714.08
16993,16993,19314.617
16994,16994,11191.441
16995,16995,4163.479
16996,16996,5883.462
16997,16997,59496.4
16998,16998,7118.2466
16999,16999,16937.904
17000,17000,44826.688
17001,17001,0.0
17002,17002,0.0
17003,17003,22357.459
17004,17004,0.0
17005,17005,4465.3433
17006,17006,3907.657
17007,17007,3021.0183
17008,17008,22344.021
17009,17009,23837.213
17010,17010,8840.575
17011,17011,33890.64
17012,17012,9725.567
17013,17013,55524.375
17014,17014,29099.379
17015,17015,236971.78
17016,17016,0.0
17017,17017,67486.72
17018,17018,7985.6685
17019,17019,5011.527
17020,17020,15991.721
17021,17021,30394.258
17022,17022,210769.02
17023,17023,240224.31
17024,17024,3569.1985
17025,17025,0.0
17026,17026,71316.0
17027,17027,489314.44
17028,17028,0.0
17029,17029,134869.44
17030,17030,7280.007
17031,17031,14895.578
17032,17032,11524.588
17033,17033,21719.574
17034,17034,12265.53
17035,17035,11650.294
17036,17036,29026.957
17037,17037,178839.77
17038,17038,22695.293
17039,17039,79399.68
17040,17040,38174.754
17041,17041,9945.948
17042,17042,18477.584
17043,17043,0.0
17044,17044,34754.117
17045,17045,0.0
17046,17046,0.0
17047,17047,0.0
17048,17048,10545.5205
17049,17049,2527.607
17050,17050,905.10376
17051,17051,0.0
17052,17052,2818.7385
17053,17053,13801.836
17054,17054,0.0
17055,17055,2312.2903
17056,17056,160391.97
17057,17057,0.0
17058,17058,1.2871439e+06
17059,17059,2746.8542
17060,17060,15619.866
17061,17061,172170.66
17062,17062,41834.633
17063,17063,0.0
17064,17064,0.0
17065,17065,0.0
17066,17066,12573.816
17067,17067,9280.555
17068,17068,19326.469
17069,17069,0.0
17070,17070,42634.344
17071,17071,9767.712
17072,17072,29497.148
17073,17073,528.18555
17074,17074,87898.58
17075,17075,147643.03
17076,17076,149295.5
17077,17077,157531.72
17078,17078,15800.277
17079,17079,17208.504
17080,17080,190864.0
17081,17081,97250.484
17082,17082,8523.759
17083,17083,81994.6
17084,17084,96113.195
17085,17085,96786.68
17086,17086,10895.956
17087,17087,1284.4647
17088,17088,9909.763
17089,17089,11200.929
17090,17090,4204.852
17091,17091,49238.523
17092,17092,54041.812
17093,17093,120567.37
17094,17094,463.12146
17095,17095,18721.959
17096,17096,0.0
17097,17097,28359.488
17098,17098,27850.648
17099,17099,15633.516
17100,17100,16029.84
17101,17101,84238.016
17102,17102,4912.2935
17103,17103,0.0
17104,17104,20556.96
17105,17105,20200.352
17106,17106,0.0
17107,17107,9956.539
17108,17108,92777.9
17109,17109,16569.55
17110,17110,43069.242
17111,17111,5570.8203
17112,17112,0.0
17113,17113,59214.53
17114,17114,0.0
17115,17115,6943.5
17116,17116,98844.336
17117,17117,0.0
17118,17118,142452.6
17119,17119,10627.69
17120,17120,110856.1
17121,17121,2.290862e+06
17122,17122,102280.92
17123,17123,984.1853
17124,17124,40986.066
17125,17125,8546.495
17126,17126,8137.067
17127,17127,43385.617
17128,17128,11503.786
17129,17129,127375.234
17130,17130,0.0
17131,17131,49076.57
17132,17132,28010.035
17133,17133,98992.29
17134,17134,57065.81
17135,17135,20564.406
17136,17136,0.0
17137,17137,6898.2383
17138,17138,8864.38
17139,17139,24709.98
17140,17140,215504.23
17141,17141,61381.72
17142,17142,57648.695
17143,17143,0.0
17144,17144,6469.4253
17145,17145,29456.006
17146,17146,56439.69
17147,17147,0.0
17148,17148,37774.246
17149,17149,11453.419
17150,17150,0.0
17151,17151,2579.4797
17152,17152,16482.537
17153,17153,0.0
17154,17154,30361.512
17155,17155,6836.8164
17156,17156,6530.1294
17157,17157,0.0
17158,17158,0.0
17159,17159,0.0
17160,17160,31940.46
17161,17161,0.0
17162,17162,85280.47
17163,17163,52473.547
17164,17164,37611.1
17165,17165,34565.137
17166,17166,4987.389
17167,17167,21853.348
17168,17168,0.0
17169,17169,40011.254
17170,17170,13554.558
17171,17171,0.0
17172,17172,0.0
17173,17173,0.0
17174,17174,36320.105
17175,17175,0.0
17176,17176,25119.46
17177,17177,28631.809
17178,17178,33871.027
17179,17179,2259.7688
17180,17180,272.35406
17181,17181,57366.324
17182,17182,18272.512
17183,17183,11527.844
17184,17184,19784.768
17185,17185,22030.58
17186,17186,4841.6704
17187,17187,552.18835
17188,17188,0.0
17189,17189,0.0
17190,17190,1.5767391e+06
17191,17191,0.0
17192,17192,18156.564
17193,17193,0.0
17194,17194,29183.111
17195,17195,106653.04
17196,17196,24219.879
17197,17197,23945.57
17198,17198,20408.074
17199,17199,46458.293
17200,17200,146873.9
17201,17201,3963.8757
17202,17202,38931.836
17203,17203,53886.047
17204,17204,0.0
17205,17205,53556.34
17206,17206,30585.281
17207,17207,14998.684
17208,17208,18767.666
17209,17209,0.0
17210,17210,98409.43
17211,17211,14412.43
17212,17212,27290.078
17213,17213,7931.803
17214,17214,13085.634
17215,17215,1713.89
17216,17216,19620.824
17217,17217,51336.496
17218,17218,480.52457
17219,17219,37207.297
17220,17220,4500.663
17221,17221,1233.0479
17222,17222,13687.753
17223,17223,0.0
17224,17224,84396.61
17225,17225,7154.61
17226,17226,81298.18
17227,17227,0.0
17228,17228,0.0
17229,17229,0.0
17230,17230,19147.766
17231,17231,461.4058
17232,17232,69607.97
17233,17233,4119.426
17234,17234,27588.121
17235,17235,93255.72
17236,17236,5141.569
17237,17237,168802.81
17238,17238,18858.123
17239,17239,0.0
17240,17240,0.0
17241,17241,5530.2407
17242,17242,0.0
17243,17243,27353.814
17244,17244,0.0
17245,17245,1.6008728e+06
17246,17246,0.0
17247,17247,32254.209
17248,17248,112010.73
17249,17249,36777.184
17250,17250,62413.176
17251,17251,28792.65
17252,17252,428.30817
17253,17253,5481.4956
17254,17254,18042.91
17255,17255,2.3172704e+07
17256,17256,49489.28
17257,17257,27491.027
17258,17258,136777.81
17259,17259,11120.44
17260,17260,51882.31
17261,17261,33137.117
17262,17262,15250.967
17263,17263,3886.7363
17264,17264,0.0
17265,17265,0.0
17266,17266,132426.42
17267,17267,8620.124
17268,17268,8605.96
17269,17269,28817.492
17270,17270,25863.23
17271,17271,0.0
17272,17272,24526.754
17273,17273,59359.7
17274,17274,45194.18
17275,17275,5435.249
17276,17276,0.0
17277,17277,0.0
17278,17278,79923.664
17279,17279,0.0
17280,17280,2840.9731
17281,17281,1594.4294
17282,17282,0.0
17283,17283,0.0
17284,17284,0.0
17285,17285,3932.511
17286,17286,72269.49
17287,17287,48128.95
17288,17288,36862.05
17289,17289,23121.787
17290,17290,474.77356
17291,17291,10146.624
17292,17292,67828.93
17293,17293,133481.73
17294,17294,6765.228
17295,17295,123183.24
17296,17296,59891.867
17297,17297,1357.46
17298,17298,51784.23
17299,17299,9673.065
17300,17300,5569.121
17301,17301,2712.1667
17302,17302,306417.7
17303,17303,4227.346
17304,17304,7695.3936
17305,17305,198922.66
17306,17306,23041.164
17307,17307,60289.582
17308,17308,11361.468
17309,17309,125477.94
17310,17310,0.0
17311,17311,0.0
17312,17312,245203.94
17313,17313,64589.844
17314,17314,19849.494
17315,17315,162284.62
17316,17316,47185.344
17317,17317,54944.47
17318,17318,118468.64
17319,17319,5376.964
17320,17320,39827.85
17321,17321,3656.588
17322,17322,19403.166
17323,17323,537.4758
17324,17324,19799.86
17325,17325,754.88477
17326,17326,69239.1
17327,17327,13000.877
17328,17328,378860.06
17329,17329,11274.175
17330,17330,8721.653
17331,17331,21967.412
17332,17332,48035.324
17333,17333,115704.0
17334,17334,0.0
17335,17335,8988.265
17336,17336,21676.662
17337,17337,27369.691
17338,17338,53704.883
17339,17339,2912.457
17340,17340,2101.579
17341,17341,18710.328
17342,17342,9188.526
17343,17343,12286.1045
17344,17344,9503.565
17345,17345,28225.543
17346,17346,16236.591
17347,17347,63221.85
17348,17348,92098.29
17349,17349,1782.3698
17350,17350,54876.15
17351,17351,4212.088
17352,17352,5901.1064
17353,17353,33473.777
17354,17354,72871.71
17355,17355,27946.379
17356,17356,0.0
17357,17357,0.0
17358,17358,3750.424
17359,17359,3785.0166
17360,17360,143599.34
17361,17361,120467.54
17362,17362,4764.6973
17363,17363,159533.16
17364,17364,10090.468
17365,17365,14548.352
17366,17366,0.0
17367,17367,70972.98
17368,17368,19488.0
17369,17369,17225.35
17370,17370,9116.083
17371,17371,0.0
17372,17372,0.0
17373,17373,20414.914
17374,17374,23958.703
17375,17375,0.0
17376,17376,51890.996
17377,17377,6107.3945
17378,17378,59596.457
17379,17379,21106.137
17380,17380,124302.03
17381,17381,0.0
17382,17382,10101.785
17383,17383,135915.81
17384,17384,0.0
17385,17385,8045.6914
17386,17386,112233.164
17387,17387,51446.188
17388,17388,105198.984
17389,17389,70448.984
17390,17390,41557.05
17391,17391,5763.8423
17392,17392,39413.473
17393,17393,0.0
17394,17394,2415.6252
17395,17395,15512.467
17396,17396,0.0
17397,17397,31182.863
17398,17398,36975.06
17399,17399,115337.945
17400,17400,27218.969
17401,17401,71542.49
17402,17402,14794.585
17403,17403,25041.018
17404,17404,3.9462238e+06
17405,17405,4138.52
17406,17406,11136.736
17407,17407,0.0
17408,17408,67813.49
17409,17409,2962.2185
17410,17410,11034.885
17411,17411,105269.85
17412,17412,13344.924
17413,17413,19611.41
17414,17414,11661.168
17415,17415,33683.6
17416,17416,0.0
17417,17417,26120.475
17418,17418,161692.62
17419,17419,35267.21
17420,17420,7427.768
17421,17421,15473.572
17422,17422,5336.961
17423,17423,2571.4788
17424,17424,19663.006
17425,17425,79613.15
17426,17426,0.0
17427,17427,323003.53
17428,17428,836.3685
17429,17429,43327.684
17430,17430,277589.94
17431,17431,0.0
17432,17432,7259.013
17433,17433,62559.88
17434,17434,74114.06
17435,17435,0.0
17436,17436,33479.434
17437,17437,24774.568
17438,17438,17957.223
17439,17439,6535.077
17440,17440,12679.174
17441,17441,0.0
17442,17442,5411.2085
17443,17443,161675.06
17444,17444,19283.496
17445,17445,40707.023
17446,17446,11532.848
17447,17447,14928.839
17448,17448,14695.887
17449,17449,15870.892
17450,17450,28971.014
17451,17451,0.0
17452,17452,105093.3
17453,17453,0.0
17454,17454,0.0
17455,17455,8651.122
17456,17456,19663.684
17457,17457,479540.3
17458,17458,38100.027
17459,17459,119393.8
17460,17460,0.0
17461,17461,0.0
17462,17462,29629.598
17463,17463,158896.55
17464,17464,43824.848
17465,17465,41034.016
17466,17466,0.0
17467,17467,111724.83
17468,17468,35500.96
17469,17469,33807.06
17470,17470,6152.4844
17471,17471,69596.78
17472,17472,70096.016
17473,17473,23013.365
17474,17474,0.0
17475,17475,28997.518
17476,17476,16208.574
17477,17477,0.0
17478,17478,135094.62
17479,17479,41030.105
17480,17480,0.0
17481,17481,119726.875
17482,17482,2823.7366
17483,17483,26563.549
17484,17484,0.0
17485,17485,41172.19
17486,17486,54407.477
17487,17487,28194.559
17488,17488,200646.39
17489,17489,0.0
17490,17490,45696.312
17491,17491,3325.0234
17492,17492,4955.6953
17493,17493,11400.535
17494,17494,17501.422
17495,17495,78106.766
17496,17496,0.0
17497,17497,9069.702
17498,17498,0.0
17499,17499,72977.82
17500,17500,0.0
17501,17501,658334.56
17502,17502,13714.9375
17503,17503,0.0
17504,17504,93398.21
17505,17505,891233.7
17506,17506,41808.67
17507,17507,0.0
17508,17508,6273.9653
17509,17509,4313.556
17510,17510,26689.2
17511,17511,62978.715
17512,17512,44622.33
17513,17513,407888.22
17514,17514,42395.01
17515,17515,109941.54
17516,17516,9036.336
17517,17517,0.0
17518,17518,38873.94
17519,17519,0.0
17520,17520,4995.1216
17521,17521,62198.016
17522,17522,46704.363
17523,17523,17471.512
17524,17524,4.541882e+06
17525,17525,17560.705
17526,17526,8969.696
17527,17527,18881.55
17528,17528,25175.854
17529,17529,4693.161
17530,17530,0.0
17531,17531,164337.52
17532,17532,0.0
17533,17533,18204.775
17534,17534,18169.748
17535,17535,15111.224
17536,17536,77136.94
17537,17537,126468.64
17538,17538,6375.8486
17539,17539,22306.883
17540,17540,35394.082
17541,17541,70109.664
17542,17542,17007.643
17543,17543,21089.156
17544,17544,54838.566
17545,17545,10089.864
17546,17546,5940.571
17547,17547,16902.17
17548,17548,0.0
17549,17549,16959.13
17550,17550,0.0
17551,17551,0.0
17552,17552,228819.03
17553,17553,151196.38
17554,17554,0.0
17555,17555,2951.3127
17556,17556,142395.58
17557,17557,74086.11
17558,17558,58215.23
17559,17559,181400.94
17560,17560,156258.92
17561,17561,1774.8274
17562,17562,43238.527
17563,17563,0.0
17564,17564,0.0
17565,17565,19748.352
17566,17566,0.0
17567,17567,28554.197
17568,17568,0.0
17569,17569,6999.0923
17570,17570,5792.0566
17571,17571,0.0
17572,17572,2.0138579e+06
17573,17573,10204.664
17574,17574,6860.653
17575,17575,14402.22
17576,17576,5564.6533
17577,17577,24579.734
17578,17578,0.0
17579,17579,6762.1895
17580,17580,119254.99
17581,17581,83043.46
17582,17582,99667.62
17583,17583,73353.32
17584,17584,52136.133
17585,17585,9410.124
17586,17586,0.0
17587,17587,11756.32
17588,17588,30999.514
17589,17589,3.3167902e+06
17590,17590,104012.875
17591,17591,19073.615
17592,17592,1114.5133
17593,17593,0.0
17594,17594,28991.996
17595,17595,26002.098
17596,17596,45299.074
17597,17597,0.0
17598,17598,6023.489
17599,17599,0.0
17600,17600,0.0
17601,17601,2990.4165
17602,17602,0.0
17603,17603,12616.684
17604,17604,23519.75
17605,17605,41200.59
17606,17606,0.0
17607,17607,5807.586
17608,17608,0.0
17609,17609,32689.104
17610,17610,13777.621
17611,17611,5569.959
17612,17612,8378.429
17613,17613,20825.828
17614,17614,151307.05
17615,17615,16866.994
17616,17616,46197.066
17617,17617,46321.1
17618,17618,42223.03
17619,17619,45371.477
17620,17620,13598.389
17621,17621,417.45065
17622,17622,17503.256
17623,17623,42518.992
17624,17624,17652.578
17625,17625,468.91156
17626,17626,0.0
17627,17627,58264.66
17628,17628,64503.34
17629,17629,20377.838
17630,17630,3433.282
17631,17631,0.0
17632,17632,12084.01
17633,17633,143269.64
17634,17634,57648.234
17635,17635,4655.951
17636,17636,80303.66
17637,17637,0.0
17638,17638,0.0
17639,17639,0.0
17640,17640,106311.07
17641,17641,0.0
17642,17642,22844.76
17643,17643,3327.6702
17644,17644,6312.718
17645,17645,105681.67
17646,17646,0.0
17647,17647,7594.6006
17648,17648,0.0
17649,17649,207809.73
17650,17650,93185.164
17651,17651,8333.301
17652,17652,5693.108
17653,17653,0.0
17654,17654,0.0
17655,17655,42410.332
17656,17656,107660.26
17657,17657,73624.78
17658,17658,35128.66
17659,17659,30544.139
17660,17660,29371.555
17661,17661,14754.836
17662,17662,163408.31
17663,17663,0.0
17664,17664,12463.518
17665,17665,7014.1353
17666,17666,11771.106
17667,17667,3733.4497
17668,17668,77809.234
17669,17669,5034.2715
17670,17670,1.2422281e+06
17671,17671,21227.44
17672,17672,0.0
17673,17673,15603.365
17674,17674,53009.87
17675,17675,0.0
17676,17676,0.0
17677,17677,3093.9778
17678,17678,92.120056
17679,17679,14804.995
17680,17680,9302.558
17681,17681,4993.657
17682,17682,14820.589
17683,17683,0.0
17684,17684,0.0
17685,17685,0.0
17686,17686,2080.45
17687,17687,0.0
17688,17688,0.0
17689,17689,37069.16
17690,17690,124021.92
17691,17691,19450.508
17692,17692,28352.785
17693,17693,0.0
17694,17694,52949.39
17695,17695,118081.73
17696,17696,0.0
17697,17697,43299.125
17698,17698,4.1098138e+06
17699,17699,0.0
17700,17700,0.0
17701,17701,7235.149
17702,17702,409.46634
17703,17703,11396.624
17704,17704,119194.516
17705,17705,9576.916
17706,17706,12783.192
17707,17707,0.0
17708,17708,0.0
17709,17709,0.0
17710,17710,48851.574
17711,17711,15150.028
17712,17712,47102.266
17713,17713,72513.76
17714,17714,0.0
17715,17715,4280.9307
17716,17716,46301.094
17717,17717,23798.406
17718,17718,0.0
17719,17719,41097.82
17720,17720,10491.144
17721,17721,15779.37
17722,17722,120732.46
17723,17723,9609.761
17724,17724,81250.484
17725,17725,36194.723
17726,17726,0.0
17727,17727,104286.42
17728,17728,82290.9
17729,17729,234711.67
17730,17730,0.0
17731,17731,0.0
17732,17732,0.0
17733,17733,40547.934
17734,17734,2617.1062
17735,17735,29554.64
17736,17736,0.0
17737,17737,6232.937
17738,17738,15300.264
17739,17739,29850.58
17740,17740,12366.16
17741,17741,23497.318
17742,17742,8596.958
17743,17743,16980.55
17744,17744,126737.46
17745,17745,7697.147
17746,17746,153916.95
17747,17747,0.0
17748,17748,0.0
17749,17749,80841.61
17750,17750,6558.355
17751,17751,36591.508
17752,17752,608.70917
17753,17753,4968.053
17754,17754,0.0
17755,17755,10427.863
17756,17756,24390.697
17757,17757,8664.201
17758,17758,24804.814
17759,17759,72030.37
17760,17760,0.0
17761,17761,0.0
17762,17762,71391.09
17763,17763,44694.5
17764,17764,969.86786
17765,17765,37451.3
17766,17766,30706.41
17767,17767,217.5201
17768,17768,0.0
17769,17769,5993.329
17770,17770,16676.588
17771,17771,0.0
17772,17772,123961.32
17773,17773,6470.436
17774,17774,23705.887
17775,17775,0.0
17776,17776,3752.3516
17777,17777,21083.46
17778,17778,27108.38
17779,17779,39499.516
17780,17780,52011.59
17781,17781,92428.664
17782,17782,0.0
17783,17783,4324.786
17784,17784,61743.555
17785,17785,13518.292
17786,17786,59531.07
17787,17787,0.0
17788,17788,1508.1401
17789,17789,0.0
17790,17790,3456.6892
17791,17791,0.0
17792,17792,10549.108
17793,17793,72505.44
17794,17794,6401.3135
17795,17795,11814.315
17796,17796,1758.5183
17797,17797,5753.4004
17798,17798,2986.7947
17799,17799,24029.072
17800,17800,258139.6
17801,17801,0.0
17802,17802,32027.703
17803,17803,4.0348792e+06
17804,17804,8250.868
17805,17805,7571.571
17806,17806,8669.234
17807,17807,39497.4
17808,17808,43292.53
17809,17809,0.0
17810,17810,10881.03
17811,17811,189393.56
17812,17812,0.0
17813,17813,16047.018
17814,17814,96804.516
17815,17815,52931.434
17816,17816,30078.133
17817,17817,40750.61
17818,17818,0.0
17819,17819,9011.394
17820,17820,4315.385
17821,17821,87830.32
17822,17822,134212.69
17823,17823,175393.64
17824,17824,8810.424
17825,17825,7374.3896
17826,17826,0.0
17827,17827,9332.568
17828,17828,66723.27
17829,17829,63696.598
17830,17830,25586.4
17831,17831,0.0
17832,17832,25217.236
17833,17833,4651.317
17834,17834,1757.9728
17835,17835,0.0
17836,17836,20415.863
17837,17837,89582.98
17838,17838,1106.7053
17839,17839,1597.8424
17840,17840,111129.914
17841,17841,105056.87
17842,17842,34929.723
17843,17843,30132.176
17844,17844,72390.12
17845,17845,0.0
17846,17846,813.9468
17847,17847,46826.06
17848,17848,88293.15
17849,17849,0.0
17850,17850,9197.67
17851,17851,24696.441
17852,17852,5640.755
17853,17853,21324.305
17854,17854,39489.2
17855,17855,10145.508
17856,17856,7885.008
17857,17857,3266.693
17858,17858,2.8181782e+06
17859,17859,62876.12
17860,17860,36731.92
17861,17861,0.0
17862,17862,25042.654
17863,17863,321776.47
17864,17864,4869.311
17865,17865,11909.989
17866,17866,10036.048
17867,17867,24146.426
17868,17868,2842.4546
17869,17869,0.0
17870,17870,23478.81
17871,17871,1887.6938
17872,17872,0.0
17873,17873,0.0
17874,17874,0.0
17875,17875,127837.93
17876,17876,0.0
17877,17877,10081.975
17878,17878,21038.082
17879,17879,6197.495
17880,17880,32289.8
17881,17881,61478.473
17882,17882,59058.08
17883,17883,4511.808
17884,17884,82273.93
17885,17885,40616.125
17886,17886,5140.4023
17887,17887,121346.64
17888,17888,6177.078
17889,17889,73533.68
17890,17890,0.0
17891,17891,7287.1333
17892,17892,180.04599
17893,17893,755.5374
17894,17894,265161.6
17895,17895,110176.195
17896,17896,0.0
17897,17897,18136.016
17898,17898,69226.586
17899,17899,9779.961
17900,17900,3.063589e+06
17901,17901,0.0
17902,17902,1706.3898
17903,17903,2238.9805
17904,17904,25573.531
17905,17905,16102.255
17906,17906,43761.027
17907,17907,155245.52
17908,17908,0.0
17909,17909,39161.777
17910,17910,0.0
17911,17911,3360.124
17912,17912,10768.867
17913,17913,9633.792
17914,17914,0.0
17915,17915,8292.543
17916,17916,0.0
17917,17917,19599.543
17918,17918,37589.82
17919,17919,50425.97
17920,17920,485008.53
17921,17921,2322.22
17922,17922,34780.9
17923,17923,0.0
17924,17924,83048.76
17925,17925,38032.402
17926,17926,3362.5454
17927,17927,393119.1
17928,17928,112370.55
17929,17929,12369.692
17930,17930,21295.514
17931,17931,25564.684
17932,17932,47715.69
17933,17933,13645.806
17934,17934,15452.509
17935,17935,5514.592
17936,17936,5207.192
17937,17937,153584.08
17938,17938,21201.084
17939,17939,4194.314
17940,17940,18358.69
17941,17941,59671.266
17942,17942,2023.39
17943,17943,118145.164
17944,17944,346443.34
17945,17945,47494.34
17946,17946,24327.318
17947,17947,9208.003
17948,17948,0.0
17949,17949,0.0
17950,17950,0.0
17951,17951,74777.25
17952,17952,6330.816
17953,17953,0.0
17954,17954,35215.438
17955,17955,11425.512
17956,17956,5617.5444
17957,17957,20675.406
17958,17958,7559.261
17959,17959,0.0
17960,17960,3659.105
17961,17961,13935.027
17962,17962,0.0
17963,17963,0.0
17964,17964,183518.84
17965,17965,29316.178
17966,17966,41702.92
17967,17967,32452.895
17968,17968,72512.08
17969,17969,341931.34
17970,17970,171126.06
17971,17971,167268.9
17972,17972,51434.914
17973,17973,0.0
17974,17974,4519.118
17975,17975,8836.862
17976,17976,0.0
17977,17977,0.0
17978,17978,66481.76
17979,17979,48506.33
17980,17980,32597.879
17981,17981,4438.5674
17982,17982,0.0
17983,17983,12850.177
17984,17984,5976.1685
17985,17985,0.0
17986,17986,0.0
17987,17987,0.0
17988,17988,156185.7
17989,17989,1257.3955
17990,17990,13454.056
17991,17991,732.68463
17992,17992,15062.751
17993,17993,3457.609
17994,17994,60935.773
17995,17995,57765.715
17996,17996,0.0
17997,17997,18924.95
17998,17998,18678.926
17999,17999,32318.127
18000,18000,122511.87
18001,18001,61671.0
18002,18002,34552.098
18003,18003,0.0
18004,18004,0.0
18005,18005,0.0
18006,18006,0.0
18007,18007,12991.962
18008,18008,0.0
18009,18009,732820.4
18010,18010,32411.684
18011,18011,2594.8044
18012,18012,14197.176
18013,18013,15400.679
18014,18014,5394.2427
18015,18015,16139.902
18016,18016,0.0
18017,18017,22362.941
18018,18018,1.1296471e+06
18019,18019,8180.3657
18020,18020,51738.26
18021,18021,374.06696
18022,18022,8311.86
18023,18023,245831.64
18024,18024,0.0
18025,18025,26093.443
18026,18026,195077.67
18027,18027,36525.184
18028,18028,22719.457
18029,18029,16439.89
18030,18030,31384.697
18031,18031,16158.579
18032,18032,20319.014
18033,18033,109814.875
18034,18034,9014.179
18035,18035,1369.304
18036,18036,0.0
18037,18037,13864.24
18038,18038,84146.69
18039,18039,0.0
18040,18040,36339.504
18041,18041,48521.8
18042,18042,15675.64
18043,18043,72205.734
18044,18044,20553.186
18045,18045,2311.5608
18046,18046,46033.26
18047,18047,246193.38
18048,18048,50883.367
18049,18049,27747.273
18050,18050,80956.56
18051,18051,74928.12
18052,18052,0.0
18053,18053,15964.87
18054,18054,0.0
18055,18055,25361.453
18056,18056,17288.584
18057,18057,16771.898
18058,18058,73871.85
18059,18059,27343.379
18060,18060,205.81784
18061,18061,0.0
18062,18062,227040.69
18063,18063,10280.807
18064,18064,0.0
18065,18065,3983.2075
18066,18066,93272.42
18067,18067,12570.264
18068,18068,6399.9478
18069,18069,169852.58
18070,18070,123652.875
18071,18071,49614.305
18072,18072,102408.74
18073,18073,18779.574
18074,18074,0.0
18075,18075,60664.18
18076,18076,0.0
18077,18077,0.0
18078,18078,171710.28
18079,18079,11016.662
18080,18080,0.0
18081,18081,26437.828
18082,18082,32717.025
18083,18083,13263.897
18084,18084,18202.873
18085,18085,0.0
18086,18086,59992.3
18087,18087,23573.482
18088,18088,88548.84
18089,18089,1779.9722
18090,18090,0.0
18091,18091,0.0
18092,18092,11522.173
18093,18093,49224.31
18094,18094,2.6650542e+06
18095,18095,7367.216
18096,18096,34514.293
18097,18097,3063.2676
18098,18098,0.0
18099,18099,4144.0503
18100,18100,41933.812
18101,18101,14096.703
18102,18102,40499.066
18103,18103,17273.947
18104,18104,11929.618
18105,18105,14831.012
18106,18106,129341.836
18107,18107,126433.6
18108,18108,0.0
18109,18109,21742.88
18110,18110,176709.64
18111,18111,38868.92
18112,18112,49674.77
18113,18113,3260.7397
18114,18114,37629.293
18115,18115,75209.5
18116,18116,6166.5493
18117,18117,0.0
18118,18118,33467.477
18119,18119,0.0
18120,18120,23049.291
18121,18121,18318.35
18122,18122,7114.8525
18123,18123,0.0
18124,18124,15072.153
18125,18125,0.0
18126,18126,154937.64
18127,18127,16892.992
18128,18128,27970.586
18129,18129,37761.383
18130,18130,2895.3774
18131,18131,0.0
18132,18132,9714.616
18133,18133,0.0
18134,18134,14695.411
18135,18135,0.0
18136,18136,200924.44
18137,18137,24306.16
18138,18138,388683.12
18139,18139,0.0
18140,18140,35274.53
18141,18141,33421.32
18142,18142,2632.6514
18143,18143,71790.67
18144,18144,36886.668
18145,18145,100525.75
18146,18146,5717.8467
18147,18147,0.0
18148,18148,0.0
18149,18149,40963.363
18150,18150,3.2582678e+06
18151,18151,0.0
18152,18152,0.0
18153,18153,5055.3823
18154,18154,9724.283
18155,18155,13943.141
18156,18156,18425.955
18157,18157,45242.09
18158,18158,6358.9233
18159,18159,87826.7
18160,18160,22417.256
18161,18161,0.0
18162,18162,0.0
18163,18163,3693.0735
18164,18164,7011.5034
18165,18165,8339.612
18166,18166,39773.7
18167,18167,2.0063166e+06
18168,18168,1.8368872e+06
18169,18169,0.0
18170,18170,5142.2515
18171,18171,46767.21
18172,18172,59196.824
18173,18173,85652.086
18174,18174,27584.79
18175,18175,16017.935
18176,18176,0.0
18177,18177,62815.875
18178,18178,1.9929224e+06
18179,18179,10947.87
18180,18180,431.4799
18181,18181,24140.186
18182,18182,3600.8508
18183,18183,59556.883
18184,18184,13365.429
18185,18185,0.0
18186,18186,14538.276
18187,18187,14066.803
18188,18188,344585.66
18189,18189,0.0
18190,18190,14996.409
18191,18191,74242.59
18192,18192,34056.207
18193,18193,147592.88
18194,18194,17139.367
18195,18195,34475.95
18196,18196,0.0
18197,18197,27465.057
18198,18198,21716.494
18199,18199,16030.064
18200,18200,11599.585
18201,18201,0.0
18202,18202,28436.072
18203,18203,28935.004
18204,18204,9763.52
18205,18205,0.0
18206,18206,92078.46
18207,18207,0.0
18208,18208,56164.156
18209,18209,40644.074
18210,18210,17771.955
18211,18211,28313.783
18212,18212,3921.1868
18213,18213,25919.879
18214,18214,54920.94
18215,18215,0.0
18216,18216,25582.852
18217,18217,0.0
18218,18218,42703.953
18219,18219,5072.283
18220,18220,116890.49
18221,18221,9943.747
18222,18222,96532.35
18223,18223,0.0
18224,18224,29992.043
18225,18225,0.0
18226,18226,181709.81
18227,18227,93238.555
18228,18228,17461.145
18229,18229,340.83353
18230,18230,3387.1304
18231,18231,1729.7368
18232,18232,52715.438
18233,18233,49321.832
18234,18234,0.0
18235,18235,7702.225
18236,18236,0.0
18237,18237,45193.62
18238,18238,10660.945
18239,18239,106880.984
18240,18240,20406.041
18241,18241,8851.847
18242,18242,73781.01
18243,18243,33366.22
18244,18244,14732.204
18245,18245,25431.36
18246,18246,6736.3687
18247,18247,8680.336
18248,18248,27576.855
18249,18249,265641.1
18250,18250,0.0
18251,18251,0.0
18252,18252,0.0
18253,18253,7.492468e+06
18254,18254,12955.503
18255,18255,29755.291
18256,18256,75579.734
18257,18257,18387.297
18258,18258,0.0
18259,18259,5652.007
18260,18260,6944.325
18261,18261,5346.5166
18262,18262,44203.996
18263,18263,49930.74
18264,18264,125172.87
18265,18265,260484.25
18266,18266,0.0
18267,18267,120823.73
18268,18268,35102.46
18269,18269,18350.717
18270,18270,28939.176
18271,18271,96941.71
18272,18272,12849.995
18273,18273,52867.453
18274,18274,24932.809
18275,18275,0.0
18276,18276,0.0
18277,18277,74779.08
18278,18278,0.0
18279,18279,92841.89
18280,18280,149894.9
18281,18281,104285.26
18282,18282,17913.62
18283,18283,35069.215
18284,18284,10046.786
18285,18285,134871.28
18286,18286,27106.793
18287,18287,22705.621
18288,18288,1025.445
18289,18289,122237.77
18290,18290,0.0
18291,18291,8676.591
18292,18292,49552.316
18293,18293,92558.15
18294,18294,239.05627
18295,18295,16902.408
18296,18296,222767.06
18297,18297,0.0
18298,18298,18379.574
18299,18299,2858.005
18300,18300,0.0
18301,18301,2262.3435
18302,18302,13990.26
18303,18303,28806.885
18304,18304,26592.102
18305,18305,12078.741
18306,18306,39971.223
18307,18307,42487.785
18308,18308,48207.336
18309,18309,4285.297
18310,18310,0.0
18311,18311,50728.324
18312,18312,136320.75
18313,18313,29007.885
18314,18314,816.79987
18315,18315,0.0
18316,18316,40498.867
18317,18317,126723.79
18318,18318,57474.844
18319,18319,65403.52
18320,18320,48284.625
18321,18321,0.0
18322,18322,12819.55
18323,18323,2828.1057
18324,18324,23421.373
18325,18325,20800.887
18326,18326,176375.56
18327,18327,19106.643
18328,18328,94811.87
18329,18329,19538.99
18330,18330,21167.205
18331,18331,36251.164
18332,18332,4333.647
18333,18333,36828.43
18334,18334,0.0
18335,18335,3.3418262e+06
18336,18336,25832.889
18337,18337,8243.37
18338,18338,0.0
18339,18339,27880.871
18340,18340,0.0
18341,18341,44690.668
18342,18342,30535.248
18343,18343,21295.188
18344,18344,0.0
18345,18345,63451.367
18346,18346,137621.95
18347,18347,3924.3442
18348,18348,0.0
18349,18349,64838.676
18350,18350,27113.938
18351,18351,8132.2773
18352,18352,40155.98
18353,18353,53295.113
18354,18354,54692.55
18355,18355,0.0
18356,18356,28288.012
18357,18357,88279.734
18358,18358,29638.832
18359,18359,19735.17
18360,18360,0.0
18361,18361,8281.22
18362,18362,19936.406
18363,18363,87303.16
18364,18364,23563.318
18365,18365,157295.73
18366,18366,107579.44
18367,18367,23993.77
18368,18368,60135.746
18369,18369,46899.992
18370,18370,10620.456
18371,18371,36928.12
18372,18372,0.0
18373,18373,66022.12
18374,18374,136107.36
18375,18375,34360.84
18376,18376,10872.069
18377,18377,128146.86
18378,18378,41050.516
18379,18379,117404.21
18380,18380,33002.637
18381,18381,0.0
18382,18382,41779.758
18383,18383,13437.196
18384,18384,42891.82
18385,18385,11508.39
18386,18386,0.0
18387,18387,70561.55
18388,18388,0.0
18389,18389,43399.09
18390,18390,0.0
18391,18391,0.0
18392,18392,1.5889446e+06
18393,18393,48131.363
18394,18394,33328.926
18395,18395,18297.178
18396,18396,709.7977
18397,18397,29123.047
18398,18398,2194.9321
18399,18399,0.0
18400,18400,10785.637
18401,18401,50307.89
18402,18402,6799.0386
18403,18403,96338.516
18404,18404,0.0
18405,18405,5299.789
18406,18406,9479.704
18407,18407,122145.7
18408,18408,86634.56
18409,18409,8281.22
18410,18410,0.0
18411,18411,197115.4
18412,18412,0.0
18413,18413,47320.293
18414,18414,3952.4558
18415,18415,6703.351
18416,18416,1015.3215
18417,18417,56317.38
18418,18418,71398.17
18419,18419,5354.781
18420,18420,1182.7452
18421,18421,3187.5486
18422,18422,41562.277
18423,18423,73351.49
18424,18424,59378.76
18425,18425,48798.785
18426,18426,5367.4443
18427,18427,0.0
18428,18428,67872.09
18429,18429,32649.873
18430,18430,0.0
18431,18431,11088.568
18432,18432,7151.6206
18433,18433,16171.06
18434,18434,183015.95
18435,18435,22264.951
18436,18436,15479.394
18437,18437,177815.06
18438,18438,0.0
18439,18439,0.0
18440,18440,21492.066
18441,18441,13639.949
18442,18442,15447.764
18443,18443,10206.171
18444,18444,4195.131
18445,18445,8009.723
18446,18446,0.0
18447,18447,36563.004
18448,18448,26267.135
18449,18449,4298.764
18450,18450,135948.69
18451,18451,18783.818
18452,18452,1281.8428
18453,18453,87030.18
18454,18454,29624.342
18455,18455,0.0
18456,18456,28443.086
18457,18457,1636.001
18458,18458,90469.03
18459,18459,25282.473
18460,18460,13184.921
18461,18461,124212.18
18462,18462,35228.656
18463,18463,52229.42
18464,18464,11090.35
18465,18465,3535.6765
18466,18466,47911.273
18467,18467,0.0
18468,18468,0.0
18469,18469,1192.2837
18470,18470,67925.17
18471,18471,131854.4
18472,18472,33669.12
18473,18473,11865.527
18474,18474,31756.723
18475,18475,0.0
18476,18476,25761.633
18477,18477,531.55365
18478,18478,1025.887
18479,18479,30579.219
18480,18480,12540.056
18481,18481,404677.5
18482,18482,9378.491
18483,18483,57581.918
18484,18484,42120.824
18485,18485,30018.81
18486,18486,0.0
18487,18487,173993.81
18488,18488,0.0
18489,18489,6276.5557
18490,18490,8724.072
18491,18491,120002.445
18492,18492,111581.95
18493,18493,23094.145
18494,18494,2.653505e+06
18495,18495,9208.349
18496,18496,0.0
18497,18497,0.0
18498,18498,37557.277
18499,18499,0.0
18500,18500,20394.576
18501,18501,19732.291
18502,18502,56207.066
18503,18503,8244.666
18504,18504,12184.442
18505,18505,278667.34
18506,18506,0.0
18507,18507,9042.538
18508,18508,46001.695
18509,18509,7916.2085
18510,18510,17266.277
18511,18511,0.0
18512,18512,0.0
18513,18513,238658.39
18514,18514,132471.14
18515,18515,13213.536
18516,18516,0.0
18517,18517,71625.625
18518,18518,24801.725
18519,18519,12526.42
18520,18520,0.0
18521,18521,5232.5083
18522,18522,46093.76
18523,18523,129601.22
18524,18524,0.0
18525,18525,15204.49
18526,18526,0.0
18527,18527,14324.793
18528,18528,23433.209
18529,18529,27585.51
18530,18530,19091.314
18531,18531,51185.586
18532,18532,87227.63
18533,18533,567923.0
18534,18534,59372.7
18535,18535,15328.453
18536,18536,15909.642
18537,18537,27108.643
18538,18538,33463.387
18539,18539,40588.586
18540,18540,190880.38
18541,18541,29718.1
18542,18542,26209.025
18543,18543,43228.203
18544,18544,57086.984
18545,18545,73049.78
18546,18546,3970.2068
18547,18547,0.0
18548,18548,3399.741
18549,18549,62423.055
18550,18550,8132.5366
18551,18551,0.0
18552,18552,24267.566
18553,18553,120227.67
18554,18554,24933.91
18555,18555,42093.168
18556,18556,58186.715
18557,18557,115331.04
18558,18558,24868.836
18559,18559,28764.896
18560,18560,14274.891
18561,18561,18573.13
18562,18562,25733.04
18563,18563,115488.13
18564,18564,690.08203
18565,18565,10818.196
18566,18566,2704.7192
18567,18567,1992.0035
18568,18568,32725.045
18569,18569,2955.9453
18570,18570,54726.39
18571,18571,0.0
18572,18572,0.0
18573,18573,202181.47
18574,18574,94099.93
18575,18575,13097.871
18576,18576,16564.764
18577,18577,4719.805
18578,18578,0.0
18579,18579,3641.1414
18580,18580,0.0
18581,18581,12326.941
18582,18582,6636.552
18583,18583,7088.6978
18584,18584,112765.47
18585,18585,3592.568
18586,18586,0.0
18587,18587,0.0
18588,18588,23725.46
18589,18589,0.0
18590,18590,41824.57
18591,18591,77810.04
18592,18592,38260.04
18593,18593,5497.4614
18594,18594,15755.741
18595,18595,7994.6665
18596,18596,47765.293
18597,18597,9638.859
18598,18598,2747.1956
18599,18599,10141.705
18600,18600,30622.479
18601,18601,215307.66
18602,18602,5865.877
18603,18603,20021.266
18604,18604,23632.812
18605,18605,0.0
18606,18606,51716.004
18607,18607,4791.3047
18608,18608,0.0
18609,18609,22934.258
18610,18610,0.0
18611,18611,44591.758
18612,18612,21441.965
18613,18613,55099.695
18614,18614,0.0
18615,18615,13525.059
18616,18616,0.0
18617,18617,14579.524
18618,18618,0.0
18619,18619,53555.39
18620,18620,0.0
18621,18621,4851.26
18622,18622,0.0
18623,18623,0.0
18624,18624,40955.047
18625,18625,210720.4
18626,18626,2212.3662
18627,18627,1.308882e+06
18628,18628,115014.69
18629,18629,26110.225
18630,18630,5160.763
18631,18631,30744.906
18632,18632,2817.8813
18633,18633,0.0
18634,18634,4553.8564
18635,18635,0.0
18636,18636,289864.0
18637,18637,36509.055
18638,18638,8803.898
18639,18639,50491.93
18640,18640,98573.125
18641,18641,17804.584
18642,18642,7701.198
18643,18643,32164.338
18644,18644,9777.051
18645,18645,11671.51
18646,18646,29385.953
18647,18647,0.0
18648,18648,0.0
18649,18649,18960.57
18650,18650,0.0
18651,18651,0.0
18652,18652,118015.375
18653,18653,12085.617
18654,18654,21347.637
18655,18655,235088.02
18656,18656,27857.375
18657,18657,469351.28
18658,18658,5806.5835
18659,18659,2596.9216
18660,18660,33401.53
18661,18661,6622.622
18662,18662,27419.957
18663,18663,35809.348
18664,18664,0.0
18665,18665,142111.6
18666,18666,19399.596
18667,18667,59458.844
18668,18668,171675.94
18669,18669,20106.896
18670,18670,2702.6323
18671,18671,4325.348
18672,18672,39111.766
18673,18673,40297.473
18674,18674,475.2853
18675,18675,99857.9
18676,18676,6289.117
18677,18677,1706.189
18678,18678,11001.845
18679,18679,0.0
18680,18680,0.0
18681,18681,39650.676
18682,18682,14762.295
18683,18683,16185.096
18684,18684,570.40045
18685,18685,0.0
18686,18686,4813.1924
18687,18687,30401.701
18688,18688,46713.074
18689,18689,5555.381
18690,18690,56026.49
18691,18691,37851.82
18692,18692,1161.1963
18693,18693,12476.8
18694,18694,7678.728
18695,18695,379841.56
18696,18696,21938.623
18697,18697,46112.258
18698,18698,19595.68
18699,18699,8499.645
18700,18700,25564.387
18701,18701,12844.032
18702,18702,25573.295
18703,18703,0.0
18704,18704,7000.78
18705,18705,21489.412
18706,18706,12379.294
18707,18707,34902.734
18708,18708,10352.187
18709,18709,19668.314
18710,18710,0.0
18711,18711,97191.875
18712,18712,103810.24
18713,18713,59733.805
18714,18714,56952.96
18715,18715,0.0
18716,18716,0.0
18717,18717,138644.34
18718,18718,132694.06
18719,18719,3171.3184
18720,18720,0.0
18721,18721,0.0
18722,18722,151648.55
18723,18723,62762.902
18724,18724,126933.21
18725,18725,45706.93
18726,18726,83291.43
18727,18727,18382.291
18728,18728,114188.836
18729,18729,0.0
18730,18730,0.0
18731,18731,8465.106
18732,18732,32430.877
18733,18733,19243.05
18734,18734,12479.505
18735,18735,46895.74
18736,18736,29720.78
18737,18737,15261.501
18738,18738,4486.3247
18739,18739,202153.19
18740,18740,555.6868
18741,18741,53130.453
18742,18742,0.0
18743,18743,22346.354
18744,18744,27075.771
18745,18745,303937.34
18746,18746,3493.6099
18747,18747,68327.24
18748,18748,3580.8828
18749,18749,15459.431
18750,18750,13070.33
18751,18751,17510.094
18752,18752,34716.67
18753,18753,85318.29
18754,18754,0.0
18755,18755,136475.36
18756,18756,6767.55
18757,18757,6927.072
18758,18758,7629.709
18759,18759,0.0
18760,18760,34283.62
18761,18761,0.0
18762,18762,0.0
18763,18763,20728.348
18764,18764,108172.48
18765,18765,13294.793
18766,18766,42325.797
18767,18767,95085.36
18768,18768,0.0
18769,18769,69808.16
18770,18770,4032.8743
18771,18771,46478.438
18772,18772,0.0
18773,18773,2475.8943
18774,18774,0.0
18775,18775,21454.656
18776,18776,39199.973
18777,18777,27942.049
18778,18778,8841.894
18779,18779,19383.936
18780,18780,2.8343642e+06
18781,18781,57848.42
18782,18782,0.0
18783,18783,0.0
18784,18784,46392.26
18785,18785,0.0
18786,18786,1458.057
18787,18787,18838.979
18788,18788,114331.73
18789,18789,18633.494
18790,18790,246066.56
18791,18791,38820.08
18792,18792,7029.1245
18793,18793,208982.9
18794,18794,13518.737
18795,18795,0.0
18796,18796,24483.188
18797,18797,51535.277
18798,18798,32700.227
18799,18799,0.0
18800,18800,9254.808
18801,18801,3862.5732
18802,18802,2892.8508
18803,18803,101859.375
18804,18804,0.0
18805,18805,7002.277
18806,18806,1.1278582e+06
18807,18807,16573.506
18808,18808,65243.73
18809,18809,216948.14
18810,18810,0.0
18811,18811,4805.1606
18812,18812,651911.94
18813,18813,0.0
18814,18814,7444.135
18815,18815,7975.1895
18816,18816,11223.426
18817,18817,18704.05
18818,18818,38.042557
18819,18819,30980.773
18820,18820,67037.87
18821,18821,27558.7
18822,18822,0.0
18823,18823,8354.6455
18824,18824,79352.45
18825,18825,43490.746
18826,18826,14804.718
18827,18827,4655.463
18828,18828,22631.686
18829,18829,3477.1409
18830,18830,0.0
18831,18831,150176.94
18832,18832,55491.43
18833,18833,34031.234
18834,18834,0.0
18835,18835,0.0
18836,18836,5310.654
18837,18837,15433.404
18838,18838,237128.98
18839,18839,25502.82
18840,18840,51849.918
18841,18841,0.0
18842,18842,0.0
18843,18843,1137.5293
18844,18844,10828.172
18845,18845,13304.331
18846,18846,0.0
18847,18847,2170.689
18848,18848,49922.656
18849,18849,52934.72
18850,18850,3810.7224
18851,18851,63448.043
18852,18852,22195.127
18853,18853,13437.369
18854,18854,52037.83
18855,18855,0.0
18856,18856,0.0
18857,18857,18408.113
18858,18858,0.0
18859,18859,0.0
18860,18860,0.0
18861,18861,7923.849
18862,18862,46593.31
18863,18863,51435.797
18864,18864,47798.504
18865,18865,18880.234
18866,18866,1763.5411
18867,18867,38596.496
18868,18868,29502.533
18869,18869,0.0
18870,18870,77831.086
18871,18871,6.6910565e+06
18872,18872,26829.217
18873,18873,44756.62
18874,18874,96618.36
18875,18875,46528.92
18876,18876,0.0
18877,18877,0.0
18878,18878,20697.91
18879,18879,9589.397
18880,18880,24617.727
18881,18881,3690.2898
18882,18882,0.0
18883,18883,21529.275
18884,18884,9861.619
18885,18885,36511.027
18886,18886,31327.607
18887,18887,42129.285
18888,18888,0.0
18889,18889,148620.34
18890,18890,18464.373
18891,18891,28270.775
18892,18892,12327.268
18893,18893,9981.968
18894,18894,3040.2651
18895,18895,0.0
18896,18896,20551.564
18897,18897,48103.184
18898,18898,30049.492
18899,18899,303507.22
18900,18900,0.0
18901,18901,7342.6196
18902,18902,164761.86
18903,18903,8708.458
18904,18904,0.0
18905,18905,0.0
18906,18906,3493.793
18907,18907,123925.58
18908,18908,55490.14
18909,18909,0.0
18910,18910,2078.9082
18911,18911,4362.1567
18912,18912,4284.642
18913,18913,277975.12
18914,18914,2598.2285
18915,18915,84356.96
18916,18916,125711.95
18917,18917,21836.158
18918,18918,0.0
18919,18919,16975.498
18920,18920,34821.05
18921,18921,12504.257
18922,18922,206732.64
18923,18923,2792.627
18924,18924,32781.45
18925,18925,0.0
18926,18926,18940.236
18927,18927,170016.45
18928,18928,45284.926
18929,18929,14719.989
18930,18930,37476.574
18931,18931,10606.76
18932,18932,0.0
18933,18933,169181.64
18934,18934,216296.06
18935,18935,5684.6016
18936,18936,0.0
18937,18937,9927.087
18938,18938,190405.17
18939,18939,26277.943
18940,18940,19072.42
18941,18941,102508.13
18942,18942,38249.234
18943,18943,226108.56
18944,18944,0.0
18945,18945,44511.926
18946,18946,48331.5
18947,18947,2132.1265
18948,18948,13591.357
18949,18949,18904.459
18950,18950,11784.929
18951,18951,3216.2566
18952,18952,11885.491
18953,18953,7379.7007
18954,18954,10664.739
18955,18955,3849.3755
18956,18956,7020.6
18957,18957,3332.2783
18958,18958,16063.678
18959,18959,338322.9
18960,18960,0.0
18961,18961,0.0
18962,18962,6491.2524
18963,18963,0.0
18964,18964,32406.715
18965,18965,204027.48
18966,18966,0.0
18967,18967,2678.6465
18968,18968,4159.157
18969,18969,31039.893
18970,18970,22910.096
18971,18971,16603.486
18972,18972,3772.1973
18973,18973,135195.23
18974,18974,0.0
18975,18975,51939.535
18976,18976,15815.912
18977,18977,0.0
18978,18978,14742.779
18979,18979,0.0
18980,18980,59631.566
18981,18981,2286.6152
18982,18982,142322.94
18983,18983,0.0
18984,18984,5749.184
18985,18985,12470.662
18986,18986,5470.8823
18987,18987,35770.266
18988,18988,38070.766
18989,18989,13336.706
18990,18990,18377.15
18991,18991,15532.606
18992,18992,15514.501
18993,18993,5196.3857
18994,18994,3288.1619
18995,18995,99.42993
18996,18996,1376.4995
18997,18997,183711.16
18998,18998,221015.56
18999,18999,10051.071
19000,19000,37288.137
19001,19001,116562.07
19002,19002,72097.94
19003,19003,9353.226
19004,19004,0.0
19005,19005,16970.201
19006,19006,5911.9106
19007,19007,26552.025
19008,19008,54830.47
19009,19009,0.0
19010,19010,0.0
19011,19011,6874.989
19012,19012,170147.58
19013,19013,0.0
19014,19014,1204.029
19015,19015,15783.603
19016,19016,449487.2
19017,19017,50002.99
19018,19018,0.0
19019,19019,51402.914
19020,19020,53646.83
19021,19021,376104.38
19022,19022,108633.74
19023,19023,30555.477
19024,19024,0.0
19025,19025,89550.06
19026,19026,7080.6377
19027,19027,372139.22
19028,19028,15553.41
19029,19029,2809.1182
19030,19030,14978.506
19031,19031,9950.4375
19032,19032,0.0
19033,19033,29341.166
19034,19034,0.0
19035,19035,70412.984
19036,19036,0.0
19037,19037,55691.758
19038,19038,0.0
19039,19039,0.0
19040,19040,74168.31
19041,19041,0.0
19042,19042,24814.377
19043,19043,41913.91
19044,19044,38985.906
19045,19045,36583.34
19046,19046,19680.578
19047,19047,5925.6455
19048,19048,0.0
19049,19049,14725.431
19050,19050,12479.056
19051,19051,19424.594
19052,19052,86870.42
19053,19053,28773.768
19054,19054,7694.955
19055,19055,59967.53
19056,19056,111331.49
19057,19057,2035.8251
19058,19058,765.4667
19059,19059,50225.297
19060,19060,5951.361
19061,19061,0.0
19062,19062,5285.478
19063,19063,0.0
19064,19064,28462.414
19065,19065,8375.868
19066,19066,0.0
19067,19067,48695.594
19068,19068,0.0
19069,19069,1504.3091
19070,19070,50612.047
19071,19071,7159.493
19072,19072,0.0
19073,19073,3142.5564
19074,19074,0.0
19075,19075,12892.287
19076,19076,0.0
19077,19077,52.583412
19078,19078,0.0
19079,19079,7803.0645
19080,19080,141946.86
19081,19081,4024.997
19082,19082,150302.38
19083,19083,18090.027
19084,19084,55167.27
19085,19085,30509.225
19086,19086,0.0
19087,19087,17619.395
19088,19088,14926.474
19089,19089,18502.723
19090,19090,10225.843
19091,19091,12213.622
19092,19092,0.0
19093,19093,8.1164445e+06
19094,19094,28324.744
19095,19095,15776.958
19096,19096,193208.92
19097,19097,2839.1492
19098,19098,0.0
19099,19099,1.5467895e+06
19100,19100,48929.38
19101,19101,4645.585
19102,19102,8411.316
19103,19103,200988.67
19104,19104,7103.026
19105,19105,24134.236
19106,19106,654482.3
19107,19107,803.4497
19108,19108,7913.1006
19109,19109,0.0
19110,19110,248023.8
19111,19111,5.770643e+06
19112,19112,0.0
19113,19113,0.0
19114,19114,40063.293
19115,19115,2294.1978
19116,19116,46851.05
19117,19117,21852.383
19118,19118,11019.743
19119,19119,128487.77
19120,19120,10990.736
19121,19121,50241.24
19122,19122,91636.945
19123,19123,182491.36
19124,19124,32038.867
19125,19125,0.0
19126,19126,44729.824
19127,19127,17949.096
19128,19128,30126.016
19129,19129,3386.0188
19130,19130,0.0
19131,19131,48000.773
19132,19132,2859.2925
19133,19133,5156.0522
19134,19134,14266.317
19135,19135,4113.3433
19136,19136,11900.126
19137,19137,15590.234
19138,19138,48988.086
19139,19139,51279.113
19140,19140,11248.191
19141,19141,14620.823
19142,19142,64336.566
19143,19143,13076.222
19144,19144,16551.014
19145,19145,716.26917
19146,19146,0.0
19147,19147,34152.016
19148,19148,52401.863
19149,19149,16817.88
19150,19150,1451.945
19151,19151,519.4424
19152,19152,157872.02
19153,19153,133816.25
19154,19154,13922.632
19155,19155,4905.586
19156,19156,13083.814
19157,19157,67979.07
19158,19158,10965.082
19159,19159,2641.9448
19160,19160,4589.1934
19161,19161,60944.336
19162,19162,0.0
19163,19163,0.0
19164,19164,59487.195
19165,19165,0.0
19166,19166,11172.898
19167,19167,33035.457
19168,19168,438077.2
19169,19169,140774.67
19170,19170,0.0
19171,19171,13657.642
19172,19172,0.0
19173,19173,6437.9814
19174,19174,64564.277
19175,19175,20666.88
19176,19176,154777.58
19177,19177,7676.6235
19178,19178,24684.871
19179,19179,4724.0776
19180,19180,1501.5151
19181,19181,19234.182
19182,19182,36114.74
19183,19183,6605.3755
19184,19184,133220.86
19185,19185,0.0
19186,19186,2800.4229
19187,19187,175477.47
19188,19188,0.0
19189,19189,0.0
19190,19190,71838.41
19191,19191,79364.73
19192,19192,10502.732
19193,19193,7906.063
19194,19194,8257.606
19195,19195,4854.629
19196,19196,80434.26
19197,19197,31147.158
19198,19198,47977.21
19199,19199,89358.88
19200,19200,17062.105
19201,19201,23265.943
19202,19202,60938.586
19203,19203,11292.06
19204,19204,5739.6836
19205,19205,37539.562
19206,19206,130014.71
19207,19207,87203.016
19208,19208,0.0
19209,19209,53668.277
19210,19210,23346.602
19211,19211,15166.968
19212,19212,0.0
19213,19213,6296.8003
19214,19214,0.0
19215,19215,37477.97
19216,19216,0.0
19217,19217,10008.524
19218,19218,0.0
19219,19219,0.0
19220,19220,0.0
19221,19221,20611.594
19222,19222,4382.139
19223,19223,0.0
19224,19224,0.0
19225,19225,91579.56
19226,19226,4212.365
19227,19227,6767.652
19228,19228,37505.97
19229,19229,85488.414
19230,19230,17579.432
19231,19231,62579.41
19232,19232,9851.742
19233,19233,112521.28
19234,19234,40917.973
19235,19235,0.0
19236,19236,1590.8191
19237,19237,0.0
19238,19238,7860.351
19239,19239,23928.182
19240,19240,0.0
19241,19241,9752.467
19242,19242,16812.906
19243,19243,23277.607
19244,19244,28170.02
19245,19245,1354.2125
19246,19246,678.706
19247,19247,89393.695
19248,19248,0.0
19249,19249,16537.94
19250,19250,0.0
19251,19251,0.0
19252,19252,51280.207
19253,19253,26420.797
19254,19254,82399.19
19255,19255,19648.557
19256,19256,33238.707
19257,19257,6319.1
19258,19258,31053.027
19259,19259,19301.635
19260,19260,0.0
19261,19261,9951.453
19262,19262,33272.81
19263,19263,22876.91
19264,19264,0.0
19265,19265,73275.93
19266,19266,11229.242
19267,19267,29545.486
19268,19268,58012.555
19269,19269,13098.956
19270,19270,67728.26
19271,19271,0.0
19272,19272,98831.87
19273,19273,0.0
19274,19274,26393.807
19275,19275,14465.445
19276,19276,44421.836
19277,19277,3720.4055
19278,19278,45234.453
19279,19279,14242.501
19280,19280,194133.77
19281,19281,58157.566
19282,19282,0.0
19283,19283,168925.56
19284,19284,7034.143
19285,19285,65105.94
19286,19286,1845.0646
19287,19287,31225.742
19288,19288,170962.48
19289,19289,21725.758
19290,19290,286.61166
19291,19291,0.0
19292,19292,1339.7719
19293,19293,1.9137874e+06
19294,19294,0.0
19295,19295,3400.6182
19296,19296,46040.816
19297,19297,28096.94
19298,19298,0.0
19299,19299,51231.39
19300,19300,8143.2314
19301,19301,60417.066
19302,19302,22130.283
19303,19303,0.0
19304,19304,16320.969
19305,19305,1596.9722
19306,19306,75727.55
19307,19307,11784.717
19308,19308,0.0
19309,19309,0.0
19310,19310,8117.2783
19311,19311,0.0
19312,19312,23578.357
19313,19313,0.0
19314,19314,32961.125
19315,19315,29818.271
19316,19316,11445.341
19317,19317,552886.4
19318,19318,0.0
19319,19319,60902.586
19320,19320,5305.8735
19321,19321,0.0
19322,19322,71556.96
19323,19323,24488.438
19324,19324,0.0
19325,19325,15385.981
19326,19326,49560.4
19327,19327,130815.31
19328,19328,13338.194
19329,19329,17281.734
19330,19330,18762.252
19331,19331,73732.23
19332,19332,10518.545
19333,19333,32782.27
19334,19334,23752.441
19335,19335,54468.363
19336,19336,0.0
19337,19337,39994.215
19338,19338,46108.4
19339,19339,16912.354
19340,19340,25553.578
19341,19341,8705.046
19342,19342,39368.656
19343,19343,9196.572
19344,19344,0.0
19345,19345,0.0
19346,19346,5826.04
19347,19347,20099.918
19348,19348,39085.316
19349,19349,213777.2
19350,19350,0.0
19351,19351,53090.05
19352,19352,27188.127
19353,19353,50455.793
19354,19354,706.42944
19355,19355,0.0
19356,19356,123184.66
19357,19357,758.05707
19358,19358,136763.89
19359,19359,0.0
19360,19360,0.0
19361,19361,145995.7
19362,19362,9901.162
19363,19363,0.0
19364,19364,17604.71
19365,19365,7107.4204
19366,19366,5153.8794
19367,19367,103172.85
19368,19368,0.0
19369,19369,75549.945
19370,19370,0.0
19371,19371,0.0
19372,19372,1175.8569
19373,19373,16.989416
19374,19374,0.0
19375,19375,136722.34
19376,19376,6545.8286
19377,19377,25955.69
19378,19378,21156.95
19379,19379,0.0
19380,19380,119917.59
19381,19381,148894.36
19382,19382,77742.336
19383,19383,201521.45
19384,19384,0.0
19385,19385,43187.176
19386,19386,40075.883
19387,19387,17718.33
19388,19388,20107.396
19389,19389,3516.3542
19390,19390,32393.682
19391,19391,0.0
19392,19392,201938.25
19393,19393,15193.625
19394,19394,9938.262
19395,19395,50698.734
19396,19396,21506.521
19397,19397,9073.802
19398,19398,26874.105
19399,19399,2879.7632
19400,19400,3.6597278e+06
19401,19401,165813.5
19402,19402,15651.381
19403,19403,10196.605
19404,19404,30038.824
19405,19405,145491.84
19406,19406,0.0
19407,19407,9307.273
19408,19408,10597.679
19409,19409,44088.586
19410,19410,0.0
19411,19411,13679.309
19412,19412,173812.06
19413,19413,41282.836
19414,19414,51945.254
19415,19415,12413.287
19416,19416,0.0
19417,19417,223675.72
19418,19418,19052.402
19419,19419,6878.8486
19420,19420,76647.9
19421,19421,27985.705
19422,19422,6188.918
19423,19423,91133.03
19424,19424,0.0
19425,19425,0.0
19426,19426,47751.06
19427,19427,118729.164
19428,19428,0.0
19429,19429,0.0
19430,19430,4566.352
19431,19431,26090.205
19432,19432,0.0
19433,19433,216585.95
19434,19434,1767.1934
19435,19435,0.0
19436,19436,47686.234
19437,19437,11860.593
19438,19438,7113.5703
19439,19439,9802.628
19440,19440,6835.8306
19441,19441,104111.67
19442,19442,7419.444
19443,19443,15327.9795
19444,19444,11082.965
19445,19445,25393.662
19446,19446,8458.64
19447,19447,24374.775
19448,19448,0.0
19449,19449,40809.133
19450,19450,49961.51
19451,19451,15644.699
19452,19452,25672.438
19453,19453,13960.678
19454,19454,1717.0166
19455,19455,74077.46
19456,19456,14529.056
19457,19457,591.1642
19458,19458,2229.7922
19459,19459,0.0
19460,19460,0.0
19461,19461,10065.501
19462,19462,174837.94
19463,19463,339033.16
19464,19464,67013.44
19465,19465,72662.04
19466,19466,1.6012238e+06
19467,19467,199849.86
19468,19468,10331.657
19469,19469,6111.674
19470,19470,0.0
19471,19471,57636.098
19472,19472,9783.302
19473,19473,67881.08
19474,19474,41002.266
19475,19475,71638.5
19476,19476,0.0
19477,19477,41947.44
19478,19478,40197.383
19479,19479,11793.538
19480,19480,9217.671
19481,19481,16520.037
19482,19482,9300.842
19483,19483,20975.287
19484,19484,124927.86
19485,19485,67528.21
19486,19486,2.562538e+06
19487,19487,1981.8104
19488,19488,8207.377
19489,19489,56800.723
19490,19490,23521.576
19491,19491,173161.27
19492,19492,6555.659
19493,19493,46332.32
19494,19494,4629.445
19495,19495,3360.0356
19496,19496,0.0
19497,19497,0.0
19498,19498,0.0
19499,19499,53159.1
19500,19500,65537.63
19501,19501,18083.785
19502,19502,106136.74
19503,19503,17881.033
19504,19504,59152.016
19505,19505,15669.815
19506,19506,29166.777
19507,19507,29901.918
19508,19508,5234.818
19509,19509,17050.15
19510,19510,633482.94
19511,19511,5896.066
19512,19512,149474.64
19513,19513,0.0
19514,19514,26456.812
19515,19515,28697.908
19516,19516,111532.5
19517,19517,33304.777
19518,19518,0.0
19519,19519,0.0
19520,19520,21136.068
19521,19521,0.0
19522,19522,11176.7
19523,19523,0.0
19524,19524,11504.8125
19525,19525,21550.2
19526,19526,62697.137
19527,19527,152649.34
19528,19528,37765.37
19529,19529,0.0
19530,19530,145166.77
19531,19531,133848.58
19532,19532,0.0
19533,19533,0.0
19534,19534,86277.34
19535,19535,28235.127
19536,19536,0.0
19537,19537,0.0
19538,19538,64463.305
19539,19539,28271.947
19540,19540,195472.58
19541,19541,39467.863
19542,19542,0.0
19543,19543,34415.168
19544,19544,0.0
19545,19545,43517.348
19546,19546,29236.377
19547,19547,37152.16
19548,19548,10966.93
19549,19549,0.0
19550,19550,9828.422
19551,19551,63220.004
19552,19552,38843.543
19553,19553,103308.81
19554,19554,141573.17
19555,19555,0.0
19556,19556,0.0
19557,19557,2869.8076
19558,19558,38069.684
19559,19559,0.0
19560,19560,23038.691
19561,19561,2140.0156
19562,19562,20621.385
19563,19563,44138.586
19564,19564,9917.569
19565,19565,99578.29
19566,19566,260864.7
19567,19567,13745.156
19568,19568,58971.605
19569,19569,108809.3
19570,19570,17329.398
19571,19571,45128.18
19572,19572,31842.598
19573,19573,104602.74
19574,19574,31964.94
19575,19575,13288.091
19576,19576,2416.4004
19577,19577,609.6917
19578,19578,0.0
19579,19579,142922.61
19580,19580,51340.332
19581,19581,0.0
19582,19582,4552.6426
19583,19583,30861.754
19584,19584,119913.8
19585,19585,5587.3867
19586,19586,184772.67
19587,19587,456601.12
19588,19588,37216.2
19589,19589,85860.13
19590,19590,30502.494
19591,19591,0.0
19592,19592,0.0
19593,19593,1754.886
19594,19594,10686.797
19595,19595,49459.95
19596,19596,39490.8
19597,19597,0.0
19598,19598,26161.27
19599,19599,5192.4404
19600,19600,4793.172
19601,19601,0.0
19602,19602,194050.12
19603,19603,14680.556
19604,19604,107261.76
19605,19605,26506.455
19606,19606,0.0
19607,19607,11954.785
19608,19608,32321.885
19609,19609,353424.75
19610,19610,14918.08
19611,19611,44633.133
19612,19612,34659.664
19613,19613,70211.164
19614,19614,14354.296
19615,19615,24617.727
19616,19616,1740.1019
19617,19617,0.0
19618,19618,24659.44
19619,19619,177812.44
19620,19620,782805.94
19621,19621,8608.444
19622,19622,15696.534
19623,19623,47491.215
19624,19624,12799.484
19625,19625,8864.322
19626,19626,13007.474
19627,19627,0.0
19628,19628,135294.8
19629,19629,3410.141
19630,19630,8855.976
19631,19631,247316.31
19632,19632,0.0
19633,19633,94263.555
19634,19634,27087.094
19635,19635,4222.1
19636,19636,4612.38
19637,19637,0.0
19638,19638,8028.2427
19639,19639,63066.402
19640,19640,10490.031
19641,19641,0.0
19642,19642,61096.457
19643,19643,9906.896
19644,19644,0.0
19645,19645,4933.506
19646,19646,89610.03
19647,19647,28549.47
19648,19648,0.0
19649,19649,24821.594
19650,19650,822.98645
19651,19651,9355.97
19652,19652,49176.562
19653,19653,3172.9397
19654,19654,0.0
19655,19655,0.0
19656,19656,0.0
19657,19657,34178.754
19658,19658,28994.96
19659,19659,3734.9094
19660,19660,19621.3
19661,19661,38261.04
19662,19662,30864.729
19663,19663,30860.291
19664,19664,72754.805
19665,19665,463445.53
19666,19666,50329.52
19667,19667,21422.818
19668,19668,36906.324
19669,19669,0.0
19670,19670,43309.805
19671,19671,46030.16
19672,19672,5114.5386
19673,19673,82769.49
19674,19674,0.0
19675,19675,1.534482e+06
19676,19676,22447.812
19677,19677,5374.6865
19678,19678,0.0
19679,19679,611.9072
19680,19680,12720.407
19681,19681,22586.64
19682,19682,42169.086
19683,19683,0.0
19684,19684,0.0
19685,19685,21525.416
19686,19686,17213.197
19687,19687,165636.22
19688,19688,0.0
19689,19689,14148.478
19690,19690,6245.2163
19691,19691,0.0
19692,19692,78454.02
19693,19693,86796.8
19694,19694,16672.014
19695,19695,21392.916
19696,19696,5596.9893
19697,19697,19615.74
19698,19698,68321.63
19699,19699,2032.1208
19700,19700,0.0
19701,19701,9066.074
19702,19702,51284.484
19703,19703,38425.914
19704,19704,128932.64
19705,19705,2258.4487
19706,19706,0.0
19707,19707,13963.812
19708,19708,156168.77
19709,19709,36716.9
19710,19710,813.5088
19711,19711,39111.465
19712,19712,100834.984
19713,19713,21828.574
19714,19714,0.0
19715,19715,0.0
19716,19716,114205.05
19717,19717,24543.527
19718,19718,168.45093
19719,19719,31876.469
19720,19720,694478.5
19721,19721,0.0
19722,19722,1179.91
19723,19723,19809.828
19724,19724,16527.234
19725,19725,242574.5
19726,19726,9055.934
19727,19727,11792.235
19728,19728,22407.344
19729,19729,1551.221
19730,19730,24692.3
19731,19731,666.891
19732,19732,8264.055
19733,19733,0.0
19734,19734,0.0
19735,19735,66745.12
19736,19736,13383.522
19737,19737,19780.795
19738,19738,30088.387
19739,19739,9852.679
19740,19740,6103.374
19741,19741,20382.63
19742,19742,7097.0693
19743,19743,33855.434
19744,19744,359164.62
19745,19745,84931.69
19746,19746,357186.72
19747,19747,35242.59
19748,19748,0.0
19749,19749,53470.773
19750,19750,0.0
19751,19751,45655.758
19752,19752,4697.0083
19753,19753,0.0
19754,19754,6.9421555e+06
19755,19755,3615.2456
19756,19756,12613.949
19757,19757,12713.864
19758,19758,1587.293
19759,19759,149401.88
19760,19760,0.0
19761,19761,20459.137
19762,19762,172099.16
19763,19763,3268.316
19764,19764,0.0
19765,19765,5782.6523
19766,19766,114388.0
19767,19767,38496.91
19768,19768,0.0
19769,19769,0.0
19770,19770,1509.4222
19771,19771,12475.72
19772,19772,183460.25
19773,19773,12729.665
19774,19774,54842.18
19775,19775,238434.83
19776,19776,7730.9624
19777,19777,0.0
19778,19778,176776.73
19779,19779,0.0
19780,19780,103359.15
19781,19781,14918.708
19782,19782,0.0
19783,19783,118303.34
19784,19784,7633.4824
19785,19785,19406.564
19786,19786,8606.401
19787,19787,41347.008
19788,19788,0.0
19789,19789,67233.875
19790,19790,32928.47
19791,19791,194284.45
19792,19792,0.0
19793,19793,3973.0
19794,19794,5735.1187
19795,19795,37805.887
19796,19796,72881.555
19797,19797,0.0
19798,19798,24070.867
19799,19799,37903.793
19800,19800,1.8911946e+06
19801,19801,77070.414
19802,19802,5569.643
19803,19803,15413.87
19804,19804,0.0
19805,19805,7617.3403
19806,19806,64887.83
19807,19807,3.517598e+06
19808,19808,754.6229
19809,19809,0.0
19810,19810,52748.918
19811,19811,5082.7905
19812,19812,3424.3315
19813,19813,0.0
19814,19814,1491.864
19815,19815,0.0
19816,19816,123889.4
19817,19817,0.0
19818,19818,0.0
19819,19819,0.0
19820,19820,63376.48
19821,19821,51427.418
19822,19822,0.0
19823,19823,0.0
19824,19824,23658.525
19825,19825,8803.579
19826,19826,83936.734
19827,19827,14993.88
19828,19828,0.0
19829,19829,2912.6035
19830,19830,18926.322
19831,19831,15732.121
19832,19832,18804.352
19833,19833,3002.63
19834,19834,56527.945
19835,19835,1931.6936
19836,19836,41130.18
19837,19837,28274.68
19838,19838,58701.87
19839,19839,5489.367
19840,19840,928.4779
19841,19841,426.9212
19842,19842,7015.4556
19843,19843,128987.62
19844,19844,37759.01
19845,19845,44568.824
19846,19846,0.0
19847,19847,34808.57
19848,19848,7446.043
19849,19849,30099.152
19850,19850,22976.941
19851,19851,25639.262
19852,19852,0.0
19853,19853,232747.45
19854,19854,0.0
19855,19855,4875.2134
19856,19856,13046.792
19857,19857,150784.86
19858,19858,0.0
19859,19859,10671.909
19860,19860,103541.13
19861,19861,248014.05
19862,19862,3188.7866
19863,19863,0.0
19864,19864,8012.025
19865,19865,13708.118
19866,19866,4321.2554
19867,19867,23383.572
19868,19868,0.0
19869,19869,36908.863
19870,19870,138318.39
19871,19871,3248.3333
19872,19872,56032.188
19873,19873,5360.866
19874,19874,40472.254
19875,19875,12663.872
19876,19876,0.0
19877,19877,10552.2
19878,19878,241439.08
19879,19879,191394.17
19880,19880,0.0
19881,19881,76572.29
19882,19882,17032.348
19883,19883,1.0488118e+06
19884,19884,623103.7
19885,19885,0.0
19886,19886,20829.842
19887,19887,0.0
19888,19888,14603.571
19889,19889,48822.348
19890,19890,46763.984
19891,19891,39905.574
19892,19892,27263.225
19893,19893,43413.23
19894,19894,230483.02
19895,19895,123228.45
19896,19896,0.0
19897,19897,13361.219
19898,19898,0.0
19899,19899,0.0
19900,19900,25698.275
19901,19901,0.0
19902,19902,1537.0382
19903,19903,12547.009
19904,19904,44891.23
19905,19905,16904.902
19906,19906,58522.227
19907,19907,22343.662
19908,19908,80096.99
19909,19909,0.0
19910,19910,29487.861
19911,19911,51860.027
19912,19912,53.289017
19913,19913,0.0
19914,19914,9671.562
19915,19915,0.0
19916,19916,27100.662
19917,19917,0.0
19918,19918,2927.2732
19919,19919,0.0
19920,19920,44228.35
19921,19921,43752.42
19922,19922,6407.932
19923,19923,51896.344
19924,19924,7309.5977
19925,19925,2406.0442
19926,19926,0.0
19927,19927,25263.479
19928,19928,16913.902
19929,19929,13737.912
19930,19930,90144.05
19931,19931,3603.5378
19932,19932,24090.562
19933,19933,30112.02
19934,19934,30640.441
19935,19935,18319.098
19936,19936,4969.038
19937,19937,132096.28
19938,19938,37404.547
19939,19939,248924.44
19940,19940,0.0
19941,19941,706.64594
19942,19942,12466.874
19943,19943,11219.144
19944,19944,0.0
19945,19945,27448.398
19946,19946,318605.44
19947,19947,61646.723
19948,19948,14453.913
19949,19949,23482.02
19950,19950,13999.9795
19951,19951,558.89636
19952,19952,605.1886
19953,19953,0.0
19954,19954,19174.76
19955,19955,0.0
19956,19956,43281.844
19957,19957,20671.438
19958,19958,14810.017
19959,19959,78809.82
19960,19960,30180.416
19961,19961,2415.9963
19962,19962,10763.799
19963,19963,566387.3
19964,19964,5825.6685
19965,19965,0.0
19966,19966,58107.85
19967,19967,95898.12
19968,19968,31747.664
19969,19969,52747.17
19970,19970,8843.934
19971,19971,9293.286
19972,19972,20237.203
19973,19973,1551.7992
19974,19974,11518.942
19975,19975,0.0
19976,19976,25796.756
19977,19977,28086.217
19978,19978,0.0
19979,19979,43436.777
19980,19980,0.0
19981,19981,0.0
19982,19982,3563.4268
19983,19983,1069.0072
19984,19984,0.0
19985,19985,21287.967
19986,19986,15901.787
19987,19987,0.0
19988,19988,16499.115
19989,19989,5821.1763
19990,19990,133627.78
19991,19991,0.0
19992,19992,44515.6
19993,19993,1639.3285
19994,19994,0.0
19995,19995,204945.62
19996,19996,0.0
19997,19997,14640.896
19998,19998,0.0
19999,19999,0.0
20000,20000,222.92114
20001,20001,0.0
20002,20002,4454.0005
20003,20003,130633.98
20004,20004,15342.204
20005,20005,0.0
20006,20006,7779.295
20007,20007,19378.078
20008,20008,2908.8098
20009,20009,0.0
20010,20010,5845.6304
20011,20011,4963.0903
20012,20012,68239.71
20013,20013,37230.68
20014,20014,125954.55
20015,20015,108446.77
20016,20016,22668.064
20017,20017,27417.633
20018,20018,24355.611
20019,20019,4708.886
20020,20020,133534.27
20021,20021,19211.604
20022,20022,164972.14
20023,20023,2013.5205
20024,20024,36500.37
20025,20025,0.0
20026,20026,189809.66
20027,20027,260563.08
20028,20028,3452.7507
20029,20029,219.68622
20030,20030,67228.445
20031,20031,20171.49
20032,20032,58275.766
20033,20033,18467.434
20034,20034,1479.9022
20035,20035,0.0
20036,20036,16057.078
20037,20037,11803.09
20038,20038,234711.67
20039,20039,76335.95
20040,20040,15731.271
20041,20041,15469.336
20042,20042,9452.539
20043,20043,26874.26
20044,20044,0.0
20045,20045,0.0
20046,20046,63396.9
20047,20047,0.0
20048,20048,0.0
20049,20049,16977.967
20050,20050,47160.375
20051,20051,0.0
20052,20052,0.0
20053,20053,14767.457
20054,20054,13341.656
20055,20055,787384.25
20056,20056,18750.13
20057,20057,11166.263
20058,20058,11110.982
20059,20059,80843.52
20060,20060,0.0
20061,20061,11788.166
20062,20062,3001.5898
20063,20063,10279.483
20064,20064,0.0
20065,20065,133392.6
20066,20066,91765.164
20067,20067,40506.344
20068,20068,239573.78
20069,20069,11709.743
20070,20070,78036.9
20071,20071,114957.95
20072,20072,109010.11
20073,20073,126251.23
20074,20074,62603.613
20075,20075,142679.52
20076,20076,8003.8096
20077,20077,266896.2
20078,20078,17179.3
20079,20079,27714.885
20080,20080,2500.3843
20081,20081,26123.36
20082,20082,6214.3433
20083,20083,0.0
20084,20084,0.0
20085,20085,67496.46
20086,20086,21932.17
20087,20087,12374.301
20088,20088,68713.6
20089,20089,0.0
20090,20090,9365.73
20091,20091,39237.797
20092,20092,32617.355
20093,20093,97510.4
20094,20094,0.0
20095,20095,194080.19
20096,20096,0.0
20097,20097,60157.453
20098,20098,132459.53
20099,20099,15469.118
20100,20100,63302.992
20101,20101,0.0
20102,20102,0.0
20103,20103,106312.74
20104,20104,41540.188
20105,20105,62984.055
20106,20106,60467.914
20107,20107,35471.1
20108,20108,6140.6606
20109,20109,345.152
20110,20110,119243.24
20111,20111,37575.832
20112,20112,7128.97
20113,20113,133768.66
20114,20114,7321.9956
20115,20115,93838.61
20116,20116,0.0
20117,20117,940.6542
20118,20118,52496.39
20119,20119,69765.29
20120,20120,72449.07
20121,20121,31398.643
20122,20122,4384.319
20123,20123,279082.44
20124,20124,40891.418
20125,20125,0.0
20126,20126,6837.6357
20127,20127,5850.9443
20128,20128,9572.928
20129,20129,944.7997
20130,20130,358012.12
20131,20131,2857.0386
20132,20132,6222.041
20133,20133,68113.11
20134,20134,5467.772
20135,20135,5217.507
20136,20136,8637.206
20137,20137,33250.273
20138,20138,13368.243
20139,20139,126841.33
20140,20140,10465.949
20141,20141,1151.332
20142,20142,2970.6572
20143,20143,73749.55
20144,20144,221529.44
20145,20145,0.0
20146,20146,242248.14
20147,20147,2939.643
20148,20148,0.0
20149,20149,3853.7197
20150,20150,0.0
20151,20151,220563.89
20152,20152,7096.029
20153,20153,18526.71
20154,20154,12693.058
20155,20155,23234.033
20156,20156,15875.518
20157,20157,59859.76
20158,20158,204345.02
20159,20159,3565.351
20160,20160,14159.536
20161,20161,20202.184
20162,20162,16070.801
20163,20163,0.0
20164,20164,6687.5796
20165,20165,40536.902
20166,20166,5953.8647
20167,20167,13914.538
20168,20168,1287.4673
20169,20169,22762.314
20170,20170,0.0
20171,20171,423.06888
20172,20172,120361.34
20173,20173,1270.9465
20174,20174,0.0
20175,20175,0.0
20176,20176,21943.213
20177,20177,116772.47
20178,20178,0.0
20179,20179,45023.51
20180,20180,119403.57
20181,20181,124140.266
20182,20182,24721.55
20183,20183,17014.043
20184,20184,15393.528
20185,20185,1879.3853
20186,20186,0.0
20187,20187,8761.19
20188,20188,10135.194
20189,20189,23907.082
20190,20190,3852.4783
20191,20191,7777.655
20192,20192,72335.55
20193,20193,2476.2703
20194,20194,149196.45
20195,20195,0.0
20196,20196,11914.52
20197,20197,0.0
20198,20198,19541.87
20199,20199,0.0
20200,20200,1.5053225e+06
20201,20201,0.0
20202,20202,120419.74
20203,20203,0.0
20204,20204,0.0
20205,20205,30448.47
20206,20206,75165.38
20207,20207,136023.36
20208,20208,134526.7
20209,20209,36517.832
20210,20210,11681.643
20211,20211,9630.184
20212,20212,15097.999
20213,20213,3375.3113
20214,20214,0.0
20215,20215,6509.081
20216,20216,38738.387
20217,20217,0.0
20218,20218,77941.36
20219,20219,0.0
20220,20220,0.0
20221,20221,0.0
20222,20222,0.0
20223,20223,11010.571
20224,20224,0.0
20225,20225,7834.7812
20226,20226,0.0
20227,20227,110372.39
20228,20228,28639.502
20229,20229,3688.9414
20230,20230,31693.67
20231,20231,9282.152
20232,20232,8038.8887
20233,20233,221207.22
20234,20234,141559.53
20235,20235,0.0
20236,20236,4573.6
20237,20237,32510.547
20238,20238,0.0
20239,20239,81472.71
20240,20240,0.0
20241,20241,1543.2476
20242,20242,8855.715
20243,20243,48667.1
20244,20244,31799.799
20245,20245,112974.24
20246,20246,5.130461e+06
20247,20247,40815.996
20248,20248,38017.766
20249,20249,26631.473
20250,20250,7521.1963
20251,20251,48453.137
20252,20252,21990.139
20253,20253,0.0
20254,20254,12656.845
20255,20255,0.0
20256,20256,62784.473
20257,20257,19253.904
20258,20258,0.0
20259,20259,20703.387
20260,20260,0.0
20261,20261,10132.77
20262,20262,6859.283
20263,20263,37392.734
20264,20264,32346.705
20265,20265,3850.82
20266,20266,73513.93
20267,20267,11791.084
20268,20268,16366.398
20269,20269,7877.1274
20270,20270,11632.084
20271,20271,16113.269
20272,20272,277424.84
20273,20273,33832.242
20274,20274,87289.51
20275,20275,157144.25
20276,20276,6884.0283
20277,20277,5760.7715
20278,20278,2534.106
20279,20279,27312.89
20280,20280,28227.697
20281,20281,0.0
20282,20282,21414.086
20283,20283,40732.332
20284,20284,48948.676
20285,20285,352110.22
20286,20286,77345.33
20287,20287,11505.325
20288,20288,55638.723
20289,20289,20277.43
20290,20290,0.0
20291,20291,43882.29
20292,20292,34534.797
20293,20293,94260.586
20294,20294,0.0
20295,20295,29285.086
20296,20296,98107.79
20297,20297,34816.13
20298,20298,3278.124
20299,20299,3099.1704
20300,20300,70110.914
20301,20301,33455.367
20302,20302,48164.965
20303,20303,5373.611
20304,20304,19556.021
20305,20305,5139.066
20306,20306,13296.326
20307,20307,62597.04
20308,20308,0.0
20309,20309,41957.97
20310,20310,21963.01
20311,20311,23215.758
20312,20312,2890.9136
20313,20313,68672.125
20314,20314,143264.22
20315,20315,59048.586
20316,20316,20883.252
20317,20317,3.3963622e+06
20318,20318,1303.0488
20319,20319,0.0
20320,20320,7028.6895
20321,20321,11748.733
20322,20322,177126.55
20323,20323,11966.934
20324,20324,2035.2592
20325,20325,0.0
20326,20326,0.0
20327,20327,132113.86
20328,20328,26228.488
20329,20329,10651.299
20330,20330,0.0
20331,20331,21055.988
20332,20332,94.80357
20333,20333,31714.053
20334,20334,6425.85
20335,20335,11015.359
20336,20336,59319.387
20337,20337,9652.512
20338,20338,0.0
20339,20339,13052.209
20340,20340,6116.2373
20341,20341,12591.646
20342,20342,0.0
20343,20343,12552.733
20344,20344,837.64465
20345,20345,53630.105
20346,20346,0.0
20347,20347,0.0
20348,20348,355113.72
20349,20349,0.0
20350,20350,6740.0796
20351,20351,0.0
20352,20352,40612.652
20353,20353,283479.47
20354,20354,95037.75
20355,20355,0.0
20356,20356,22311.742
20357,20357,162242.4
20358,20358,0.0
20359,20359,143324.2
20360,20360,156640.84
20361,20361,15873.922
20362,20362,5030.215
20363,20363,28915.867
20364,20364,6782.697
20365,20365,57864.547
20366,20366,160295.86
20367,20367,2009.1382
20368,20368,20237.816
20369,20369,10481.593
20370,20370,98998.86
20371,20371,50746.04
20372,20372,8599.466
20373,20373,525554.3
20374,20374,0.0
20375,20375,22008.291
20376,20376,5053.816
20377,20377,46203.42
20378,20378,973.4495
20379,20379,139642.08
20380,20380,44925.324
20381,20381,91453.7
20382,20382,457544.06
20383,20383,46752.53
20384,20384,0.0
20385,20385,126149.195
20386,20386,3667.8684
20387,20387,3263.0217
20388,20388,91846.08
20389,20389,35540.02
20390,20390,3261.0874
20391,20391,6170.464
20392,20392,151351.81
20393,20393,19020.43
20394,20394,4345.728
20395,20395,4555.673
20396,20396,25122.383
20397,20397,175473.98
20398,20398,1832.9739
20399,20399,0.0
20400,20400,4268.148
20401,20401,0.0
20402,20402,84333.29
20403,20403,38789.863
20404,20404,13650.1045
20405,20405,564.6558
20406,20406,28610.963
20407,20407,156617.81
20408,20408,59644.156
20409,20409,68487.195
20410,20410,0.0
20411,20411,0.0
20412,20412,15675.634
20413,20413,13034.543
20414,20414,100831.37
20415,20415,153052.1
20416,20416,160675.98
20417,20417,73845.74
20418,20418,4696.9297
20419,20419,5373.138
20420,20420,8666.209
20421,20421,0.0
20422,20422,33425.945
20423,20423,4987.389
20424,20424,331066.9
20425,20425,0.0
20426,20426,0.0
20427,20427,5.7836245e+06
20428,20428,3343.5278
20429,20429,6.041694e+06
20430,20430,105305.125
20431,20431,31639.1
20432,20432,64181.79
20433,20433,31713.059
20434,20434,114832.04
20435,20435,0.0
20436,20436,0.0
20437,20437,37551.562
20438,20438,230035.11
20439,20439,9392.162
20440,20440,700957.8
20441,20441,8924.089
20442,20442,76255.49
20443,20443,65486.41
20444,20444,0.0
20445,20445,0.0
20446,20446,45234.645
20447,20447,140516.53
20448,20448,40950.594
20449,20449,104666.945
20450,20450,588.95593
20451,20451,0.0
20452,20452,21286.043
20453,20453,0.0
20454,20454,17589.545
20455,20455,62409.65
20456,20456,42187.61
20457,20457,0.0
20458,20458,11656.185
20459,20459,0.0
20460,20460,0.0
20461,20461,0.0
20462,20462,597281.7
20463,20463,1689.7532
20464,20464,4884.6523
20465,20465,0.0
20466,20466,9693.794
20467,20467,41.95112
20468,20468,10424.64
20469,20469,46381.895
20470,20470,32906.73
20471,20471,696.9606
20472,20472,8633.974
20473,20473,964778.8
20474,20474,28074.205
20475,20475,6153.1787
20476,20476,0.0
20477,20477,5058.1636
20478,20478,24228.254
20479,20479,11271.226
20480,20480,0.0
20481,20481,118749.05
20482,20482,61216.824
20483,20483,9943.458
20484,20484,68322.99
20485,20485,0.0
20486,20486,371.81857
20487,20487,0.0
20488,20488,64816.445
20489,20489,15474.904
20490,20490,0.0
20491,20491,24045.254
20492,20492,33887.81
20493,20493,24569.053
20494,20494,0.0
20495,20495,17227.395
20496,20496,671976.7
20497,20497,13191.9795
20498,20498,31310.986
20499,20499,42367.27
20500,20500,10386.593
20501,20501,0.0
20502,20502,84319.6
20503,20503,8372.967
20504,20504,50136.48
20505,20505,20658.82
20506,20506,16429.666
20507,20507,29938.453
20508,20508,21874.916
20509,20509,40132.086
20510,20510,100091.414
20511,20511,17448.557
20512,20512,6399.9185
20513,20513,18249.281
20514,20514,143966.98
20515,20515,6193.525
20516,20516,18700.5
20517,20517,0.0
20518,20518,0.0
20519,20519,11878.387
20520,20520,6316.163
20521,20521,0.0
20522,20522,0.0
20523,20523,68141.19
20524,20524,77433.35
20525,20525,23998.93
20526,20526,122996.664
20527,20527,0.0
20528,20528,1655.0625
20529,20529,78331.85
20530,20530,18865.37
20531,20531,6886.8047
20532,20532,2.4408288e+06
20533,20533,34134.273
20534,20534,579.07996
20535,20535,5729.544
20536,20536,128704.45
20537,20537,0.0
20538,20538,58770.027
20539,20539,236641.2
20540,20540,33255.633
20541,20541,34878.312
20542,20542,1425.7811
20543,20543,18117.81
20544,20544,179478.83
20545,20545,170475.11
20546,20546,89.76474
20547,20547,36991.617
20548,20548,5703.9346
20549,20549,7149.3164
20550,20550,0.0
20551,20551,0.0
20552,20552,13100.711
20553,20553,38492.875
20554,20554,6976.045
20555,20555,8200.689
20556,20556,16368.702
20557,20557,371909.06
20558,20558,19812.447
20559,20559,0.0
20560,20560,10697.629
20561,20561,41801.16
20562,20562,5253.434
20563,20563,92959.01
20564,20564,47375.6
20565,20565,0.0
20566,20566,0.0
20567,20567,196264.48
20568,20568,19009.242
20569,20569,11469.807
20570,20570,429100.3
20571,20571,5768.547
20572,20572,0.0
20573,20573,34132.082
20574,20574,21220.521
20575,20575,357657.8
20576,20576,0.0
20577,20577,6402.672
20578,20578,8946.076
20579,20579,6271.819
20580,20580,0.0
20581,20581,71193.36
20582,20582,170487.4
20583,20583,9801.971
20584,20584,25795.725
20585,20585,23329.457
20586,20586,4956.084
20587,20587,55161.156
20588,20588,9088.183
20589,20589,76044.16
20590,20590,240050.73
20591,20591,4586.9185
20592,20592,99265.56
20593,20593,1287.4304
20594,20594,17664.201
20595,20595,132475.9
20596,20596,77517.164
20597,20597,0.0
20598,20598,12397.529
20599,20599,8721.024
20600,20600,4750.8643
20601,20601,4160.0386
20602,20602,157540.58
20603,20603,30619.463
20604,20604,5449.618
20605,20605,1347.0027
20606,20606,43498.168
20607,20607,68139.25
20608,20608,32826.508
20609,20609,92001.22
20610,20610,26437.19
20611,20611,57486.445
20612,20612,9313.018
20613,20613,17167.834
20614,20614,30479.648
20615,20615,20787.754
20616,20616,10081.785
20617,20617,9314.703
20618,20618,5889.329
20619,20619,27761.664
20620,20620,5365.616
20621,20621,0.0
20622,20622,100931.58
20623,20623,20528.605
20624,20624,50419.98
20625,20625,26136.0
20626,20626,7795.6133
20627,20627,53363.637
20628,20628,202585.36
20629,20629,103672.67
20630,20630,78388.15
20631,20631,0.0
20632,20632,35441.04
20633,20633,0.0
20634,20634,0.0
20635,20635,895144.6
20636,20636,109605.35
20637,20637,692977.6
20638,20638,5856.4253
20639,20639,52814.17
20640,20640,1329.66
20641,20641,184585.34
20642,20642,0.0
20643,20643,24972.838
20644,20644,0.0
20645,20645,86076.69
20646,20646,14133.865
20647,20647,45792.484
20648,20648,127697.195
20649,20649,44751.84
20650,20650,71759.875
20651,20651,84601.12
20652,20652,0.0
20653,20653,2442.8738
20654,20654,23368.205
20655,20655,91702.1
20656,20656,5242.8345
20657,20657,30515.807
20658,20658,15329.254
20659,20659,14614.788
20660,20660,5110.1025
20661,20661,6386.28
20662,20662,755.3326
20663,20663,0.0
20664,20664,13064.477
20665,20665,3457.212
20666,20666,15874.351
20667,20667,9064.784
20668,20668,0.0
20669,20669,1342.1113
20670,20670,806022.4
20671,20671,0.0
20672,20672,0.0
20673,20673,123988.68
20674,20674,5412.7695
20675,20675,0.0
20676,20676,6719.5376
20677,20677,165681.84
20678,20678,7348.8394
20679,20679,2574.3591
20680,20680,386557.12
20681,20681,1.2078859e+06
20682,20682,0.0
20683,20683,0.0
20684,20684,0.0
20685,20685,106462.734
20686,20686,141526.31
20687,20687,74847.7
20688,20688,0.0
20689,20689,19683.607
20690,20690,1271.2856
20691,20691,130368.84
20692,20692,7887.3135
20693,20693,33405.086
20694,20694,376182.78
20695,20695,12945.064
20696,20696,1200.3694
20697,20697,129052.01
20698,20698,56174.64
20699,20699,28421.77
20700,20700,0.0
20701,20701,0.0
20702,20702,35259.355
20703,20703,140719.73
20704,20704,87136.305
20705,20705,500900.44
20706,20706,0.0
20707,20707,301283.62
20708,20708,0.0
20709,20709,92717.055
20710,20710,329080.84
20711,20711,3175.2864
20712,20712,11755.242
20713,20713,112147.164
20714,20714,14038.652
20715,20715,35724.453
20716,20716,40229.38
20717,20717,94405.06
20718,20718,0.0
20719,20719,0.0
20720,20720,139592.3
20721,20721,122052.87
20722,20722,205785.6
20723,20723,11479.165
20724,20724,16274.326
20725,20725,4585.5205
20726,20726,20166.688
20727,20727,196154.81
20728,20728,32385.314
20729,20729,4138.857
20730,20730,4083.6548
20731,20731,24202.691
20732,20732,28109.95
20733,20733,0.0
20734,20734,8002.9272
20735,20735,67809.62
20736,20736,49037.582
20737,20737,128393.13
20738,20738,28179.154
20739,20739,58999.42
20740,20740,4130.2324
20741,20741,0.0
20742,20742,2252.1343
20743,20743,190178.38
20744,20744,9083.24
20745,20745,19316.2
20746,20746,69429.25
20747,20747,2968.8281
20748,20748,0.0
20749,20749,11386.279
20750,20750,6993.7256
20751,20751,25228.545
20752,20752,0.0
20753,20753,151062.86
20754,20754,0.0
20755,20755,0.0
20756,20756,228446.34
20757,20757,0.0
20758,20758,45528.297
20759,20759,0.0
20760,20760,10118.03
20761,20761,94664.19
20762,20762,81908.22
20763,20763,2492.0688
20764,20764,8475.092
20765,20765,248726.55
20766,20766,27048.516
20767,20767,3521.222
20768,20768,7275.9033
20769,20769,97234.28
20770,20770,10987.862
20771,20771,0.0
20772,20772,9410.852
20773,20773,139503.03
20774,20774,34694.77
20775,20775,0.0
20776,20776,4256.1724
20777,20777,0.0
20778,20778,0.0
20779,20779,0.0
20780,20780,3081.6084
20781,20781,19186.44
20782,20782,99269.22
20783,20783,0.0
20784,20784,11674.124
20785,20785,0.0
20786,20786,0.0
20787,20787,0.0
20788,20788,103236.5
20789,20789,87416.42
20790,20790,3152.9497
20791,20791,14907.06
20792,20792,5648.5796
20793,20793,0.0
20794,20794,6593.7
20795,20795,15264.195
20796,20796,22020.072
20797,20797,78354.914
20798,20798,107255.25
20799,20799,107439.08
20800,20800,147517.39
20801,20801,0.0
20802,20802,9786.558
20803,20803,47343.91
20804,20804,4684.0103
20805,20805,38331.105
20806,20806,0.0
20807,20807,23700.91
20808,20808,91578.3
20809,20809,98399.5
20810,20810,71889.516
20811,20811,0.0
20812,20812,62965.707
20813,20813,0.0
20814,20814,0.0
20815,20815,14593.661
20816,20816,6453.534
20817,20817,15267.478
20818,20818,13654.025
20819,20819,38433.645
20820,20820,40076.766
20821,20821,24323.13
20822,20822,0.0
20823,20823,0.0
20824,20824,0.0
20825,20825,64787.74
20826,20826,151.2021
20827,20827,57561.27
20828,20828,13816.129
20829,20829,39640.957
20830,20830,11226.854
20831,20831,0.0
20832,20832,56527.28
20833,20833,48246.594
20834,20834,1067.7351
20835,20835,129294.34
20836,20836,15018.922
20837,20837,32274.27
20838,20838,83150.984
20839,20839,54439.566
20840,20840,0.0
20841,20841,38205.902
20842,20842,134500.98
20843,20843,0.0
20844,20844,211358.86
20845,20845,10950.771
20846,20846,44237.36
20847,20847,14402.809
20848,20848,0.0
20849,20849,29144.518
20850,20850,74834.36
20851,20851,16892.426
20852,20852,35396.703
20853,20853,27256.553
20854,20854,17919.5
20855,20855,5441.827
20856,20856,94406.04
20857,20857,15545.013
20858,20858,18370.76
20859,20859,36885.574
20860,20860,2961.3396
20861,20861,52113.477
20862,20862,7342.44
20863,20863,5509.1035
20864,20864,337600.53
20865,20865,17374.654
20866,20866,50825.836
20867,20867,4207.8613
20868,20868,92990.83
20869,20869,24488.996
20870,20870,3403.995
20871,20871,0.0
20872,20872,63897.574
20873,20873,56312.39
20874,20874,26062.39
20875,20875,9395.969
20876,20876,20504.352
20877,20877,52626.84
20878,20878,0.0
20879,20879,8652.774
20880,20880,27068.203
20881,20881,14811.82
20882,20882,5445.8467
20883,20883,1360.7074
20884,20884,17536.26
20885,20885,244418.33
20886,20886,153771.8
20887,20887,2633.7825
20888,20888,1460.7256
20889,20889,45632.945
20890,20890,194229.58
20891,20891,12165.458
20892,20892,40456.652
20893,20893,384169.47
20894,20894,12395.042
20895,20895,3988.437
20896,20896,15005.903
20897,20897,21355.51
20898,20898,10183.016
20899,20899,119464.1
20900,20900,90950.42
20901,20901,32977.64
20902,20902,0.0
20903,20903,30686.494
20904,20904,8133.089
20905,20905,38196.08
20906,20906,0.0
20907,20907,138512.89
20908,20908,12913.721
20909,20909,19861.457
20910,20910,26136.0
20911,20911,27430.979
20912,20912,48189.414
20913,20913,40075.668
20914,20914,0.0
20915,20915,5734.5835
20916,20916,10251.91
20917,20917,114179.4
20918,20918,186043.28
20919,20919,12757.563
20920,20920,15837.233
20921,20921,19134.537
20922,20922,28950.945
20923,20923,828.87164
20924,20924,0.0
20925,20925,9186.487
20926,20926,0.0
20927,20927,3646.8774
20928,20928,0.0
20929,20929,20668.938
20930,20930,124980.625
20931,20931,0.0
20932,20932,48779.08
20933,20933,94603.48
20934,20934,8140.77
20935,20935,0.0
20936,20936,4045.7239
20937,20937,8358.174
20938,20938,75778.12
20939,20939,45739.06
20940,20940,9485.448
20941,20941,69503.82
20942,20942,1.8115422e+06
20943,20943,2781.3374
20944,20944,0.0
20945,20945,4137.224
20946,20946,0.0
20947,20947,0.0
20948,20948,0.0
20949,20949,0.0
20950,20950,313.174
20951,20951,14451.934
20952,20952,23701.752
20953,20953,34735.914
20954,20954,0.0
20955,20955,0.0
20956,20956,36739.465
20957,20957,4308.962
20958,20958,0.0
20959,20959,0.0
20960,20960,0.0
20961,20961,5075.437
20962,20962,40292.82
20963,20963,50819.223
20964,20964,0.0
20965,20965,15163.817
20966,20966,20892.836
20967,20967,0.0
20968,20968,8526.848
20969,20969,0.0
20970,20970,0.0
20971,20971,5253.686
20972,20972,77877.97
20973,20973,1059.7505
20974,20974,17498.736
20975,20975,0.0
20976,20976,2707.0532
20977,20977,366878.22
20978,20978,1653.791
20979,20979,6145.4497
20980,20980,100853.914
20981,20981,1801.4376
20982,20982,17045.92
20983,20983,3798.3916
20984,20984,47483.438
20985,20985,78595.914
20986,20986,46557.887
20987,20987,124682.01
20988,20988,24939.516
20989,20989,15939.784
20990,20990,15008.739
20991,20991,0.0
20992,20992,35249.082
20993,20993,89118.69
20994,20994,0.0
20995,20995,132525.11
20996,20996,92628.08
20997,20997,141519.66
20998,20998,37620.297
20999,20999,252492.77
21000,21000,1680.2296
21001,21001,3895.2234
21002,21002,3228.3516
21003,21003,30540.959
21004,21004,0.0
21005,21005,18556.543
21006,21006,4136.455
21007,21007,2148.774
21008,21008,0.0
21009,21009,23331.781
21010,21010,0.0
21011,21011,42648.383
21012,21012,13218.508
21013,21013,59734.184
21014,21014,0.0
21015,21015,57116.465
21016,21016,5084.4604
21017,21017,45331.605
21018,21018,18361.398
21019,21019,0.0
21020,21020,128662.36
21021,21021,20853.277
21022,21022,0.0
21023,21023,62066.316
21024,21024,52110.305
21025,21025,16357.693
21026,21026,0.0
21027,21027,21350.404
21028,21028,30318.13
21029,21029,14071.708
21030,21030,2377.6953
21031,21031,85064.95
21032,21032,41988.586
21033,21033,4386.724
21034,21034,0.0
21035,21035,0.0
21036,21036,0.0
21037,21037,0.0
21038,21038,45000.06
21039,21039,16955.906
21040,21040,75605.64
21041,21041,39699.06
21042,21042,314625.3
21043,21043,10354.703
21044,21044,0.0
21045,21045,2283.1265
21046,21046,17274.32
21047,21047,0.0
21048,21048,30065.717
21049,21049,14589.73
21050,21050,13455.95
21051,21051,13109.106
21052,21052,0.0
21053,21053,6847.671
21054,21054,11962.273
21055,21055,6673.7207
21056,21056,16783.7
21057,21057,39439.184
21058,21058,0.0
21059,21059,6943.5
21060,21060,0.0
21061,21061,0.0
21062,21062,41617.734
21063,21063,4914.0566
21064,21064,189670.64
21065,21065,18767.562
21066,21066,8869.801
21067,21067,0.0
21068,21068,16774.18
21069,21069,30508.748
21070,21070,15447.711
21071,21071,4.1794778e+06
21072,21072,0.0
21073,21073,44904.164
21074,21074,41842.465
21075,21075,244488.31
21076,21076,574710.0
21077,21077,2740.9395
21078,21078,0.0
21079,21079,0.0
21080,21080,43839.52
21081,21081,0.0
21082,21082,14840.289
21083,21083,176756.4
21084,21084,0.0
21085,21085,249624.3
21086,21086,0.0
21087,21087,43682.55
21088,21088,35251.105
21089,21089,41753.715
21090,21090,5285.6025
21091,21091,5489.2925
21092,21092,8416.554
21093,21093,0.0
21094,21094,9245.01
21095,21095,14845.773
21096,21096,0.0
21097,21097,98487.65
21098,21098,784909.2
21099,21099,1960.3855
21100,21100,49701.9
21101,21101,4886.447
21102,21102,156871.97
21103,21103,179975.61
21104,21104,111212.48
21105,21105,23723.758
21106,21106,0.0
21107,21107,41623.31
21108,21108,74513.57
21109,21109,0.0
21110,21110,91363.98
21111,21111,0.0
21112,21112,370511.12
21113,21113,0.0
21114,21114,31758.234
21115,21115,232510.34
21116,21116,0.0
21117,21117,10752.106
21118,21118,6520.3164
21119,21119,50677.652
21120,21120,4908.6323
21121,21121,0.0
21122,21122,163.8976
21123,21123,86801.38
21124,21124,27080.982
21125,21125,95638.86
21126,21126,126087.93
21127,21127,56016.31
21128,21128,97385.984
21129,21129,6653.2466
21130,21130,73130.43
21131,21131,0.0
21132,21132,2672.1843
21133,21133,4784.3945
21134,21134,0.0
21135,21135,0.0
21136,21136,52086.87
21137,21137,6815.5947
21138,21138,4900.056
21139,21139,24868.508
21140,21140,0.0
21141,21141,0.0
21142,21142,0.0
21143,21143,0.0
21144,21144,6770.629
21145,21145,0.0
21146,21146,53970.91
21147,21147,152068.06
21148,21148,19341.594
21149,21149,16607.678
21150,21150,22738.896
21151,21151,14594.857
21152,21152,48199.99
21153,21153,0.0
21154,21154,0.0
21155,21155,93202.56
21156,21156,0.0
21157,21157,7649.8716
21158,21158,0.0
21159,21159,100438.414
21160,21160,56332.527
21161,21161,13275.225
21162,21162,28923.691
21163,21163,0.0
21164,21164,1.7832124e+06
21165,21165,28761.94
21166,21166,59186.707
21167,21167,51059.85
21168,21168,1970.5663
21169,21169,112519.33
21170,21170,11482.671
21171,21171,15341.198
21172,21172,49979.367
21173,21173,17665.97
21174,21174,35718.91
21175,21175,9898.562
21176,21176,116.32865
21177,21177,28707.799
21178,21178,19560.418
21179,21179,10002.662
21180,21180,4.0956015e+06
21181,21181,29101.234
21182,21182,60267.734
21183,21183,17336.477
21184,21184,368979.25
21185,21185,9405.32
21186,21186,14390.976
21187,21187,43912.28
21188,21188,11554.77
21189,21189,0.0
21190,21190,12846.542
21191,21191,131799.03
21192,21192,15810.119
21193,21193,151880.8
21194,21194,3286.0728
21195,21195,8466.094
21196,21196,39675.812
21197,21197,141363.27
21198,21198,66325.016
21199,21199,0.0
21200,21200,19447.99
21201,21201,13534.341
21202,21202,0.0
21203,21203,0.0
21204,21204,17549.969
21205,21205,143512.5
21206,21206,46258.77
21207,21207,18620.121
21208,21208,362566.4
21209,21209,0.0
21210,21210,12545.775
21211,21211,13387.835
21212,21212,7084.727
21213,21213,3738.9417
21214,21214,8911.686
21215,21215,95182.52
21216,21216,5767.7705
21217,21217,397.28012
21218,21218,4239.333
21219,21219,121.07395
21220,21220,7247.8423
21221,21221,0.0
21222,21222,19157.037
21223,21223,0.0
21224,21224,5171.799
21225,21225,13963.834
21226,21226,0.0
21227,21227,12980.85
21228,21228,26373.35
21229,21229,27042.752
21230,21230,0.0
21231,21231,42585.027
21232,21232,16687.219
21233,21233,33710.49
21234,21234,28079.436
21235,21235,42975.688
21236,21236,4968.757
21237,21237,47822.297
21238,21238,4605.7515
21239,21239,0.0
21240,21240,19057.87
21241,21241,60437.125
21242,21242,8228.088
21243,21243,42726.234
21244,21244,0.0
21245,21245,10245.033
21246,21246,29459.197
21247,21247,0.0
21248,21248,45350.203
21249,21249,0.0
21250,21250,90716.07
21251,21251,3002.774
21252,21252,103793.88
21253,21253,0.0
21254,21254,201589.92
21255,21255,8176.6406
21256,21256,6265.148
21257,21257,3838.139
21258,21258,124320.04
21259,21259,12203.97
21260,21260,78839.61
21261,21261,0.0
21262,21262,220875.1
21263,21263,15463.434
21264,21264,0.0
21265,21265,32097.664
21266,21266,0.0
21267,21267,17777.4
21268,21268,0.0
21269,21269,37390.49
21270,21270,1427.065
21271,21271,24705.666
21272,21272,0.0
21273,21273,0.0
21274,21274,63304.188
21275,21275,192918.6
21276,21276,0.0
21277,21277,13631.124
21278,21278,91274.164
21279,21279,9701.938
21280,21280,255154.08
21281,21281,25700.834
21282,21282,0.0
21283,21283,3193.682
21284,21284,685.331
21285,21285,213630.8
21286,21286,96445.484
21287,21287,25024.717
21288,21288,0.0
21289,21289,69934.3
21290,21290,0.0
21291,21291,1.4670848e+06
21292,21292,0.0
21293,21293,21474.238
21294,21294,87328.47
21295,21295,0.0
21296,21296,46839.742
21297,21297,0.0
21298,21298,2177.8303
21299,21299,6837.187
21300,21300,39399.914
21301,21301,14721.107
21302,21302,99284.92
21303,21303,14012.866
21304,21304,280749.8
21305,21305,4410.8506
21306,21306,30619.89
21307,21307,29744.709
21308,21308,13110.199
21309,21309,1839.6646
21310,21310,13587.678
21311,21311,2229.8767
21312,21312,2834.5806
21313,21313,0.0
21314,21314,0.0
21315,21315,69176.016
21316,21316,792.21655
21317,21317,5507.695
21318,21318,33656.41
21319,21319,0.0
21320,21320,98136.57
21321,21321,0.0
21322,21322,0.0
21323,21323,1.8933019e+06
21324,21324,0.0
21325,21325,5171.95
21326,21326,0.0
21327,21327,20195.229
21328,21328,0.0
21329,21329,43293.81
21330,21330,6436.8447
21331,21331,1.5910206e+06
21332,21332,34156.44
21333,21333,40710.098
21334,21334,5998.2036
21335,21335,25603.559
21336,21336,15074.207
21337,21337,7338.661
21338,21338,20379.725
21339,21339,0.0
21340,21340,54566.84
21341,21341,0.0
21342,21342,4778.089
21343,21343,2.0029899e+06
21344,21344,136002.27
21345,21345,0.0
21346,21346,0.0
21347,21347,6778.402
21348,21348,20827.012
21349,21349,9528.103
21350,21350,13755.931
21351,21351,0.0
21352,21352,36520.453
21353,21353,549374.5
21354,21354,53318.234
21355,21355,0.0
21356,21356,57327.547
21357,21357,24488.59
21358,21358,9035.268
21359,21359,7647.7495
21360,21360,11354.782
21361,21361,15627.77
21362,21362,30234.498
21363,21363,0.0
21364,21364,5186.1567
21365,21365,31097.986
21366,21366,0.0
21367,21367,569.5696
21368,21368,17339.494
21369,21369,6795.3984
21370,21370,17220.01
21371,21371,16442.793
21372,21372,28600.604
21373,21373,13920.399
21374,21374,58338.164
21375,21375,19783.361
21376,21376,1.070661e+06
21377,21377,10062.98
21378,21378,114136.875
21379,21379,260644.7
21380,21380,8843.024
21381,21381,0.0
21382,21382,3176.5508
21383,21383,137776.05
21384,21384,33458.105
21385,21385,6040.314
21386,21386,36060.05
21387,21387,0.0
21388,21388,2511.1726
21389,21389,0.0
21390,21390,9707.964
21391,21391,12101.424
21392,21392,55483.184
21393,21393,0.0
21394,21394,31245.988
21395,21395,87113.336
21396,21396,106472.31
21397,21397,5220.0723
21398,21398,9493.669
21399,21399,1687.0946
21400,21400,0.0
21401,21401,28133.816
21402,21402,16831.04
21403,21403,0.0
21404,21404,0.0
21405,21405,6710.7827
21406,21406,38430.195
21407,21407,26775.906
21408,21408,16229.998
21409,21409,13695.679
21410,21410,7125.1787
21411,21411,0.0
21412,21412,6650.681
21413,21413,0.0
21414,21414,70946.664
21415,21415,16827.604
21416,21416,484208.16
21417,21417,22588.684
21418,21418,0.0
21419,21419,14900.366
21420,21420,12793.67
21421,21421,4781.106
21422,21422,37574.996
21423,21423,8351.929
21424,21424,0.0
21425,21425,6.2036115e+06
21426,21426,4244.0464
21427,21427,2773.12
21428,21428,48881.055
21429,21429,169694.27
21430,21430,79598.766
21431,21431,12727.006
21432,21432,6323.04
21433,21433,158567.48
21434,21434,28850.56
21435,21435,61551.793
21436,21436,68104.96
21437,21437,14152.187
21438,21438,0.0
21439,21439,0.0
21440,21440,2270.8105
21441,21441,28392.207
21442,21442,0.0
21443,21443,16908.39
21444,21444,44358.434
21445,21445,115972.81
21446,21446,4.1162408e+06
21447,21447,18250.99
21448,21448,0.0
21449,21449,41838.863
21450,21450,10613.332
21451,21451,31291.756
21452,21452,18066.395
21453,21453,8512.517
21454,21454,22396.549
21455,21455,0.0
21456,21456,103040.46
21457,21457,2799.5898
21458,21458,7967.1436
21459,21459,115570.375
21460,21460,0.0
21461,21461,5741.4683
21462,21462,0.0
21463,21463,12530.27
21464,21464,10197.603
21465,21465,14759.843
21466,21466,46652.426
21467,21467,4313.7285
21468,21468,17439.834
21469,21469,1.6428842e+06
21470,21470,28927.32
21471,21471,75803.81
21472,21472,7693.54
21473,21473,10630.113
21474,21474,41311.67
21475,21475,0.0
21476,21476,0.0
21477,21477,2954.939
21478,21478,60479.965
21479,21479,22118.25
21480,21480,15116.999
21481,21481,52763.74
21482,21482,0.0
21483,21483,31487.932
21484,21484,1564.0276
21485,21485,0.0
21486,21486,0.0
21487,21487,47116.773
21488,21488,10359.511
21489,21489,0.0
21490,21490,0.0
21491,21491,35519.293
21492,21492,8762.024
21493,21493,0.0
21494,21494,0.0
21495,21495,6385.2783
21496,21496,0.0
21497,21497,0.0
21498,21498,12571.608
21499,21499,4452.778
21500,21500,27710.414
21501,21501,45222.883
21502,21502,0.0
21503,21503,8044.787
21504,21504,33677.223
21505,21505,0.0
21506,21506,262274.56
21507,21507,5094.0913
21508,21508,165910.7
21509,21509,5983.4575
21510,21510,10808.934
21511,21511,0.0
21512,21512,113545.98
21513,21513,4052.3926
21514,21514,71115.75
21515,21515,30119.854
21516,21516,2562.6816
21517,21517,12306.053
21518,21518,3479.5105
21519,21519,14088.475
21520,21520,160467.6
21521,21521,8281.22
21522,21522,26386.543
21523,21523,8089.489
21524,21524,8876.628
21525,21525,10959.761
21526,21526,431031.0
21527,21527,54727.13
21528,21528,48235.543
21529,21529,4709.724
21530,21530,10041.889
21531,21531,37727.754
21532,21532,0.0
21533,21533,161743.42
21534,21534,5472.6333
21535,21535,56167.84
21536,21536,67377.54
21537,21537,33197.234
21538,21538,0.0
21539,21539,52222.97
21540,21540,119010.01
21541,21541,3653.4043
21542,21542,72779.72
21543,21543,24657.646
21544,21544,92432.5
21545,21545,74048.54
21546,21546,159.52245
21547,21547,603549.0
21548,21548,19364.582
21549,21549,17911.623
21550,21550,0.0
21551,21551,55485.703
21552,21552,34388.824
21553,21553,10196.749
21554,21554,0.0
21555,21555,53514.043
21556,21556,8707.232
21557,21557,11506.239
21558,21558,22820.25
21559,21559,93668.42
21560,21560,34692.055
21561,21561,19126.209
21562,21562,0.0
21563,21563,0.0
21564,21564,52180.613
21565,21565,0.0
21566,21566,5371.7686
21567,21567,0.0
21568,21568,29736.338
21569,21569,6540.3306
21570,21570,120930.15
21571,21571,11306.748
21572,21572,117447.82
21573,21573,126830.266
21574,21574,42853.543
21575,21575,7852.5176
21576,21576,85436.84
21577,21577,1625.9321
21578,21578,7515.6655
21579,21579,17611.041
21580,21580,182815.25
21581,21581,1.6677375e+06
21582,21582,31540.285
21583,21583,286.57657
21584,21584,0.0
21585,21585,18266.078
21586,21586,0.0
21587,21587,96841.74
21588,21588,1173.0076
21589,21589,80169.98
21590,21590,81810.414
21591,21591,6433.8203
21592,21592,92341.94
21593,21593,2313.4314
21594,21594,15439.304
21595,21595,36973.47
21596,21596,0.0
21597,21597,7509.9536
21598,21598,57055.824
21599,21599,15897.573
21600,21600,28057.646
21601,21601,66422.06
21602,21602,0.0
21603,21603,438.4225
21604,21604,0.0
21605,21605,0.0
21606,21606,102672.8
21607,21607,131747.67
21608,21608,59570.117
21609,21609,37872.77
21610,21610,8510.912
21611,21611,0.0
21612,21612,301450.6
21613,21613,19864.852
21614,21614,53358.54
21615,21615,18217.564
21616,21616,0.0
21617,21617,98196.89
21618,21618,34873.81
21619,21619,45610.246
21620,21620,37813.145
21621,21621,456177.78
21622,21622,44273.113
21623,21623,0.0
21624,21624,29061.51
21625,21625,17078.38
21626,21626,13376.484
21627,21627,84753.52
21628,21628,9347.973
21629,21629,3378.9324
21630,21630,79101.62
21631,21631,6061.5757
21632,21632,162284.39
21633,21633,15765.429
21634,21634,12037.246
21635,21635,69747.586
21636,21636,2708.472
21637,21637,41182.242
21638,21638,1097.4279
21639,21639,12896.739
21640,21640,50823.777
21641,21641,656924.2
21642,21642,1239.5671
21643,21643,20559.396
21644,21644,7893.2617
21645,21645,8871.858
21646,21646,3697.9148
21647,21647,10706.721
21648,21648,1830.5402
21649,21649,13200.353
21650,21650,82298.164
21651,21651,260680.16
21652,21652,495.18454
21653,21653,6265.4785
21654,21654,24386.758
21655,21655,6654.8086
21656,21656,35972.156
21657,21657,2326.2642
21658,21658,33061.35
21659,21659,2.0264654e+06
21660,21660,0.0
21661,21661,55265.36
21662,21662,27499.438
21663,21663,18355.152
21664,21664,14506.618
21665,21665,54132.414
21666,21666,0.0
21667,21667,13117.735
21668,21668,27508.303
21669,21669,2798.553
21670,21670,5578.6157
21671,21671,93243.695
21672,21672,185549.92
21673,21673,36984.76
21674,21674,117827.75
21675,21675,10991.757
21676,21676,1999.7057
21677,21677,0.0
21678,21678,0.0
21679,21679,24311.727
21680,21680,0.0
21681,21681,52551.1
21682,21682,48321.164
21683,21683,26883.018
21684,21684,7064.004
21685,21685,39270.316
21686,21686,157816.45
21687,21687,135306.39
21688,21688,40958.53
21689,21689,15596.438
21690,21690,219429.58
21691,21691,26290.422
21692,21692,157747.64
21693,21693,23154.703
21694,21694,0.0
21695,21695,9967.466
21696,21696,35502.055
21697,21697,1.4193495e+06
21698,21698,164571.0
21699,21699,3813.9026
21700,21700,9232.435
21701,21701,11063.249
21702,21702,15043.585
21703,21703,0.0
21704,21704,52097.06
21705,21705,44006.54
21706,21706,6185.7773
21707,21707,30582.355
21708,21708,11730.368
21709,21709,0.0
21710,21710,68796.02
21711,21711,37276.52
21712,21712,81834.04
21713,21713,37069.656
21714,21714,8746.738
21715,21715,5633.6465
21716,21716,238270.28
21717,21717,8623.364
21718,21718,160798.4
21719,21719,0.0
21720,21720,2757.7651
21721,21721,0.0
21722,21722,0.0
21723,21723,0.0
21724,21724,0.0
21725,21725,0.0
21726,21726,0.0
21727,21727,2897.858
21728,21728,189258.95
21729,21729,9384.331
21730,21730,213719.05
21731,21731,16390.703
21732,21732,12864.617
21733,21733,96721.08
21734,21734,50844.516
21735,21735,22421.96
21736,21736,1121.1492
21737,21737,0.0
21738,21738,28302.156
21739,21739,14442.377
21740,21740,421489.06
21741,21741,12073.631
21742,21742,2463.7854
21743,21743,15147.068
21744,21744,3460.3936
21745,21745,1555.9752
21746,21746,33831.91
21747,21747,51176.945
21748,21748,21833.412
21749,21749,50096.25
21750,21750,31737.113
21751,21751,26987.799
21752,21752,1735.2563
21753,21753,396296.06
21754,21754,5956.1235
21755,21755,0.0
21756,21756,16970.096
21757,21757,25790.168
21758,21758,16820.178
21759,21759,13984.35
21760,21760,94622.6
21761,21761,20236.582
21762,21762,10429.982
21763,21763,0.0
21764,21764,78484.31
21765,21765,0.0
21766,21766,645.24475
21767,21767,28809.37
21768,21768,0.0
21769,21769,55838.68
21770,21770,15714.269
21771,21771,9204.055
21772,21772,29001.023
21773,21773,9598.288
21774,21774,40110.426
21775,21775,36670.69
21776,21776,0.0
21777,21777,7388.2754
21778,21778,81717.56
21779,21779,0.0
21780,21780,379662.5
21781,21781,196357.27
21782,21782,8518.605
21783,21783,10178.751
21784,21784,0.0
21785,21785,0.0
21786,21786,7029.3247
21787,21787,46145.438
21788,21788,32950.473
21789,21789,12436.19
21790,21790,24197.424
21791,21791,38814.92
21792,21792,4250.245
21793,21793,0.0
21794,21794,102828.47
21795,21795,0.0
21796,21796,0.0
21797,21797,169957.22
21798,21798,0.0
21799,21799,913.23846
21800,21800,0.0
21801,21801,9640.324
21802,21802,5109.1333
21803,21803,26221.586
21804,21804,8246.518
21805,21805,100755.48
21806,21806,11603.661
21807,21807,5683.367
21808,21808,59882.55
21809,21809,3950.184
21810,21810,29044.818
21811,21811,0.0
21812,21812,37969.98
21813,21813,27042.635
21814,21814,0.0
21815,21815,346934.38
21816,21816,0.0
21817,21817,350764.56
21818,21818,0.0
21819,21819,831795.9
21820,21820,32994.656
21821,21821,8281.22
21822,21822,10144.443
21823,21823,23125.9
21824,21824,4019.0056
21825,21825,0.0
21826,21826,0.0
21827,21827,38586.594
21828,21828,19267.5
21829,21829,26753.06
21830,21830,49107.824
21831,21831,0.0
21832,21832,0.0
21833,21833,117818.914
21834,21834,0.0
21835,21835,9657.62
21836,21836,125497.4
21837,21837,13965.041
21838,21838,31260.31
21839,21839,20010.21
21840,21840,742302.06
21841,21841,181897.9
21842,21842,18082.72
21843,21843,173608.44
21844,21844,0.0
21845,21845,10094.302
21846,21846,15109.357
21847,21847,21213.098
21848,21848,77940.32
21849,21849,34263.53
21850,21850,7219.277
21851,21851,229164.69
21852,21852,170027.73
21853,21853,0.0
21854,21854,38934.14
21855,21855,0.0
21856,21856,7240.146
21857,21857,16394.24
21858,21858,7894.686
21859,21859,5854.987
21860,21860,4517.488
21861,21861,0.0
21862,21862,1.3929688e+06
21863,21863,36453.855
21864,21864,30817.379
21865,21865,3738.3406
21866,21866,137930.34
21867,21867,15348.9
21868,21868,18525.08
21869,21869,0.0
21870,21870,31841.332
21871,21871,57657.88
21872,21872,29807.543
21873,21873,24306.498
21874,21874,7012.686
21875,21875,727.70953
21876,21876,1.0714172e+06
21877,21877,62838.46
21878,21878,72325.59
21879,21879,26998.062
21880,21880,61712.574
21881,21881,16838.379
21882,21882,9755.164
21883,21883,104713.4
21884,21884,25667.775
21885,21885,14811.199
21886,21886,4805.1235
21887,21887,9136.056
21888,21888,0.0
21889,21889,23783.156
21890,21890,22472.719
21891,21891,2251.7224
21892,21892,12699.972
21893,21893,23328.975
21894,21894,14706.767
21895,21895,9321.665
21896,21896,0.0
21897,21897,65065.54
21898,21898,10829.442
21899,21899,139.39456
21900,21900,83380.266
21901,21901,23162.664
21902,21902,676.7219
21903,21903,15613.607
21904,21904,0.0
21905,21905,20020.28
21906,21906,96541.59
21907,21907,0.0
21908,21908,5674.495
21909,21909,39361.176
21910,21910,10720.208
21911,21911,26077.295
21912,21912,6718.321
21913,21913,19626.625
21914,21914,14305.964
21915,21915,16682.809
21916,21916,19990.76
21917,21917,358.7115
21918,21918,14350.597
21919,21919,0.0
21920,21920,0.0
21921,21921,40061.94
21922,21922,3.259376e+06
21923,21923,130675.586
21924,21924,0.0
21925,21925,0.0
21926,21926,53477.902
21927,21927,0.0
21928,21928,309.0061
21929,21929,25505.664
21930,21930,99867.02
21931,21931,54711.855
21932,21932,2483.6816
21933,21933,2465.9705
21934,21934,0.0
21935,21935,0.0
21936,21936,577158.06
21937,21937,0.0
21938,21938,106873.586
21939,21939,13529.885
21940,21940,5158.768
21941,21941,0.0
21942,21942,84096.38
21943,21943,62457.81
21944,21944,7824.566
21945,21945,9380.626
21946,21946,13439.46
21947,21947,140573.4
21948,21948,7092.1997
21949,21949,40148.164
21950,21950,100262.516
21951,21951,55537.64
21952,21952,214298.94
21953,21953,360895.56
21954,21954,164005.62
21955,21955,8499.187
21956,21956,51696.023
21957,21957,0.0
21958,21958,1.6206518e+06
21959,21959,28720.5
21960,21960,32742.455
21961,21961,131380.53
21962,21962,0.0
21963,21963,4182.5747
21964,21964,0.0
21965,21965,74625.0
21966,21966,6700.3433
21967,21967,0.0
21968,21968,32552.453
21969,21969,4103.0884
21970,21970,37705.402
21971,21971,129030.59
21972,21972,0.0
21973,21973,10714.854
21974,21974,6496.8486
21975,21975,121337.29
21976,21976,629616.94
21977,21977,0.0
21978,21978,84754.87
21979,21979,1105.7887
21980,21980,0.0
21981,21981,28496.854
21982,21982,8886.597
21983,21983,0.0
21984,21984,70001.71
21985,21985,64449.543
21986,21986,18263.605
21987,21987,22733.664
21988,21988,7033.293
21989,21989,23154.22
21990,21990,14599.183
21991,21991,14101.768
21992,21992,1.4723881e+06
21993,21993,29194.635
21994,21994,13023.7295
21995,21995,159.53897
21996,21996,67886.43
21997,21997,53197.496
21998,21998,93698.984
21999,21999,25407.777
22000,22000,47633.164
22001,22001,18001.76
22002,22002,34854.33
22003,22003,21742.66
22004,22004,4408.9844
22005,22005,0.0
22006,22006,60924.867
22007,22007,6431.5684
22008,22008,60410.918
22009,22009,31519.908
22010,22010,107660.26
22011,22011,2650.1387
22012,22012,13585.724
22013,22013,84106.24
22014,22014,23904.535
22015,22015,5906.714
22016,22016,236535.03
22017,22017,0.0
22018,22018,179914.53
22019,22019,0.0
22020,22020,508.9992
22021,22021,5150.126
22022,22022,48694.66
22023,22023,34924.13
22024,22024,12458.3
22025,22025,22011.473
22026,22026,0.0
22027,22027,0.0
22028,22028,101662.98
22029,22029,0.0
22030,22030,48004.785
22031,22031,3950.2324
22032,22032,0.0
22033,22033,7645.421
22034,22034,26468.871
22035,22035,0.0
22036,22036,0.0
22037,22037,26737.348
22038,22038,12045.384
22039,22039,76850.42
22040,22040,40947.367
22041,22041,44426.168
22042,22042,3560.766
22043,22043,0.0
22044,22044,12825.953
22045,22045,44166.96
22046,22046,0.0
22047,22047,3027.9155
22048,22048,14124.383
22049,22049,0.0
22050,22050,161964.36
22051,22051,9119.286
22052,22052,2972.3718
22053,22053,59260.758
22054,22054,83056.81
22055,22055,27769.662
22056,22056,9607.046
22057,22057,80515.55
22058,22058,3701.5923
22059,22059,20621.643
22060,22060,138993.58
22061,22061,151448.5
22062,22062,0.0
22063,22063,39676.08
22064,22064,12968.369
22065,22065,0.0
22066,22066,25512.188
22067,22067,10851.714
22068,22068,6996.598
22069,22069,0.0
22070,22070,6621.7363
22071,22071,31570.373
22072,22072,8254.723
22073,22073,41847.074
22074,22074,15068.102
22075,22075,278883.0
22076,22076,27288.012
22077,22077,4788.5156
22078,22078,242544.62
22079,22079,69008.55
22080,22080,52774.547
22081,22081,119065.13
22082,22082,0.0
22083,22083,21816.771
22084,22084,6699.2314
22085,22085,83756.586
22086,22086,84863.53
22087,22087,0.0
22088,22088,1514.3247
22089,22089,4615.1025
22090,22090,0.0
22091,22091,19138.445
22092,22092,263134.28
22093,22093,87340.35
22094,22094,15182.348
22095,22095,27583.852
22096,22096,33497.277
22097,22097,5155.0083
22098,22098,14322.351
22099,22099,0.0
22100,22100,108043.17
22101,22101,66123.39
22102,22102,0.0
22103,22103,19408.357
22104,22104,7658.63
22105,22105,186234.7
22106,22106,17019.953
22107,22107,70.42191
22108,22108,37436.164
22109,22109,65861.57
22110,22110,939986.5
22111,22111,9607.875
22112,22112,70886.03
22113,22113,49851.06
22114,22114,7735.115
22115,22115,20833.059
22116,22116,21354.95
22117,22117,0.0
22118,22118,36694.906
22119,22119,7032.188
22120,22120,191935.48
22121,22121,61852.254
22122,22122,452.4823
22123,22123,0.0
22124,22124,30124.105
22125,22125,30300.508
22126,22126,0.0
22127,22127,95184.85
22128,22128,54127.203
22129,22129,160910.61
22130,22130,0.0
22131,22131,23808.896
22132,22132,29391.602
22133,22133,7967.8833
22134,22134,0.0
22135,22135,0.0
22136,22136,0.0
22137,22137,0.0
22138,22138,0.0
22139,22139,1571.5825
22140,22140,28401.473
22141,22141,37378.08
22142,22142,3354.2383
22143,22143,0.0
22144,22144,6284.7407
22145,22145,31314.309
22146,22146,59295.54
22147,22147,33782.125
22148,22148,32110.09
22149,22149,15649.198
22150,22150,60442.457
22151,22151,65535.094
22152,22152,221931.88
22153,22153,14314.448
22154,22154,3883.55
22155,22155,69628.305
22156,22156,11660.093
22157,22157,0.0
22158,22158,736.6223
22159,22159,14093.025
22160,22160,50549.15
22161,22161,2608.9536
22162,22162,8805.452
22163,22163,0.0
22164,22164,497.87076
22165,22165,107733.445
22166,22166,9391.93
22167,22167,0.0
22168,22168,43771.125
22169,22169,0.0
22170,22170,11104.419
22171,22171,8464.189
22172,22172,0.0
22173,22173,34096.7
22174,22174,18796.88
22175,22175,0.0
22176,22176,36656.42
22177,22177,18279.246
22178,22178,9928.201
22179,22179,18629.12
22180,22180,3.4429725e+06
22181,22181,1733.5293
22182,22182,31292.064
22183,22183,1655.2117
22184,22184,0.0
22185,22185,0.0
22186,22186,5941.151
22187,22187,233184.9
22188,22188,0.0
22189,22189,32006.74
22190,22190,152997.64
22191,22191,15877.696
22192,22192,14753.394
22193,22193,1236.8273
22194,22194,0.0
22195,22195,2185.4824
22196,22196,6372.6
22197,22197,33079.32
22198,22198,105236.62
22199,22199,0.0
22200,22200,12622.632
22201,22201,90551.46
22202,22202,25478.008
22203,22203,30556.066
22204,22204,25308.889
22205,22205,31845.31
22206,22206,17857.701
22207,22207,20328.912
22208,22208,87608.68
22209,22209,521537.34
22210,22210,2857.3452
22211,22211,57532.547
22212,22212,39205.02
22213,22213,11252.655
22214,22214,9727.088
22215,22215,0.0
22216,22216,3522.2554
22217,22217,23050.436
22218,22218,0.0
22219,22219,5679.109
22220,22220,83194.51
22221,22221,48523.46
22222,22222,5107.3853
22223,22223,51317.836
22224,22224,1287.9465
22225,22225,10270.318
22226,22226,34937.77
22227,22227,88899.664
22228,22228,35181.664
22229,22229,6654.1416
22230,22230,15193.492
22231,22231,89139.83
22232,22232,3582.8896
22233,22233,19934.969
22234,22234,23977.137
22235,22235,0.0
22236,22236,46013.42
22237,22237,26884.998
22238,22238,5270.4517
22239,22239,104354.41
22240,22240,15061.727
22241,22241,28982.053
22242,22242,11316.192
22243,22243,28757.178
22244,22244,50228.766
22245,22245,16380.836
22246,22246,0.0
22247,22247,21.003021
22248,22248,51552.69
22249,22249,25093.627
22250,22250,0.0
22251,22251,2165.3816
22252,22252,76462.82
22253,22253,8085.197
22254,22254,86564.375
22255,22255,47418.965
22256,22256,0.0
22257,22257,351057.78
22258,22258,127589.02
22259,22259,17485.357
22260,22260,0.0
22261,22261,20355.354
22262,22262,107963.22
22263,22263,0.0
22264,22264,0.0
22265,22265,16513.37
22266,22266,79246.484
22267,22267,369018.06
22268,22268,57453.58
22269,22269,100996.055
22270,22270,3340.5479
22271,22271,19895.996
22272,22272,14751.391
22273,22273,0.0
22274,22274,0.0
22275,22275,21988.719
22276,22276,11603.765
22277,22277,35413.816
22278,22278,0.0
22279,22279,110410.98
22280,22280,166395.55
22281,22281,0.0
22282,22282,12961.608
22283,22283,0.0
22284,22284,570.36865
22285,22285,4824.9683
22286,22286,406936.2
22287,22287,23510.035
22288,22288,12344.09
22289,22289,34844.504
22290,22290,17129.355
22291,22291,47622.207
22292,22292,4892.9507
22293,22293,30571.07
22294,22294,38413.586
22295,22295,144862.5
22296,22296,8079.0977
22297,22297,49659.57
22298,22298,56065.836
22299,22299,11996.061
22300,22300,4408.2183
22301,22301,49759.203
22302,22302,7079.909
22303,22303,18157.344
22304,22304,80853.664
22305,22305,37344.406
22306,22306,7421.1636
22307,22307,9650.38
22308,22308,1662.1428
22309,22309,99067.336
22310,22310,15799.253
22311,22311,33455.805
22312,22312,18496.283
22313,22313,6305.718
22314,22314,0.0
22315,22315,30112.28
22316,22316,362268.4
22317,22317,8792.276
22318,22318,21021.148
22319,22319,33653.355
22320,22320,56430.94
22321,22321,27417.67
22322,22322,1821.239
22323,22323,74257.805
22324,22324,0.0
22325,22325,0.0
22326,22326,27772.371
22327,22327,13469.96
22328,22328,32652.465
22329,22329,3.3638188e+06
22330,22330,0.0
22331,22331,470856.97
22332,22332,0.0
22333,22333,13796.684
22334,22334,44709.863
22335,22335,0.0
22336,22336,0.0
22337,22337,16465.025
22338,22338,5204.2637
22339,22339,30137.273
22340,22340,4724.7544
22341,22341,57070.164
22342,22342,0.0
22343,22343,55510.508
22344,22344,12008.485
22345,22345,142952.28
22346,22346,32222.184
22347,22347,19372.762
22348,22348,67616.41
22349,22349,6269.9307
22350,22350,11247.672
22351,22351,0.0
22352,22352,0.0
22353,22353,0.0
22354,22354,0.0
22355,22355,92828.086
22356,22356,38215.17
22357,22357,34699.11
22358,22358,0.0
22359,22359,16865.916
22360,22360,38810.227
22361,22361,458780.1
22362,22362,31990.816
22363,22363,0.0
22364,22364,0.0
22365,22365,94537.586
22366,22366,0.0
22367,22367,0.0
22368,22368,15540.156
22369,22369,20552.266
22370,22370,1501.453
22371,22371,17396.1
22372,22372,23126.674
22373,22373,34744.484
22374,22374,157585.56
22375,22375,0.0
22376,22376,69152.01
22377,22377,0.0
22378,22378,79950.88
22379,22379,27531.4
22380,22380,0.0
22381,22381,0.0
22382,22382,4018.613
22383,22383,581117.0
22384,22384,8881.073
22385,22385,21985.992
22386,22386,141040.98
22387,22387,0.0
22388,22388,18997.078
22389,22389,53123.004
22390,22390,0.0
22391,22391,0.0
22392,22392,24235.105
22393,22393,10035.241
22394,22394,0.0
22395,22395,43317.52
22396,22396,29420.383
22397,22397,15777.873
22398,22398,58948.246
22399,22399,5236.4883
22400,22400,102900.84
22401,22401,478926.22
22402,22402,0.0
22403,22403,74315.266
22404,22404,46483.816
22405,22405,821.1093
22406,22406,3384.9553
22407,22407,8866.78
22408,22408,12981.395
22409,22409,133442.86
22410,22410,32270.26
22411,22411,0.0
22412,22412,0.0
22413,22413,1643.8301
22414,22414,73224.62
22415,22415,20294.508
22416,22416,2091.7188
22417,22417,0.0
22418,22418,77276.6
22419,22419,30505.246
22420,22420,11078.882
22421,22421,47708.91
22422,22422,0.0
22423,22423,314.4492
22424,22424,103806.375
22425,22425,0.0
22426,22426,50649.043
22427,22427,9124.658
22428,22428,15308.161
22429,22429,16389.422
22430,22430,6404.133
22431,22431,72555.74
22432,22432,2237.635
22433,22433,4745.32
22434,22434,88656.91
22435,22435,236124.67
22436,22436,0.0
22437,22437,278977.4
22438,22438,31593.344
22439,22439,0.0
22440,22440,3325.262
22441,22441,0.0
22442,22442,7994.668
22443,22443,0.0
22444,22444,84608.82
22445,22445,7212.95
22446,22446,3315.1128
22447,22447,7323.4546
22448,22448,1129.0715
22449,22449,0.0
22450,22450,11585.073
22451,22451,0.0
22452,22452,86627.77
22453,22453,32973.094
22454,22454,34079.57
22455,22455,10128.514
22456,22456,190016.86
22457,22457,0.0
22458,22458,21308.992
22459,22459,66104.35
22460,22460,14669.813
22461,22461,0.0
22462,22462,18193.664
22463,22463,16162.621
22464,22464,8081.0737
22465,22465,19252.629
22466,22466,29241.695
22467,22467,0.0
22468,22468,8953.163
22469,22469,32907.47
22470,22470,5380.7173
22471,22471,10308.13
22472,22472,64059.617
22473,22473,3360.6917
22474,22474,628.42206
22475,22475,3230.7407
22476,22476,59661.047
22477,22477,41465.324
22478,22478,2507.3975
22479,22479,0.0
22480,22480,135.93678
22481,22481,22110.322
22482,22482,62092.152
22483,22483,23018.666
22484,22484,52368.02
22485,22485,14290.948
22486,22486,1.0983325e+06
22487,22487,12555.5205
22488,22488,11667.635
22489,22489,109812.92
22490,22490,0.0
22491,22491,8833.693
22492,22492,84571.14
22493,22493,0.0
22494,22494,98023.24
22495,22495,24966.771
22496,22496,0.0
22497,22497,65270.773
22498,22498,0.0
22499,22499,27172.852
22500,22500,12002.015
22501,22501,32028.121
22502,22502,8275.214
22503,22503,0.0
22504,22504,0.0
22505,22505,158889.39
22506,22506,23494.908
22507,22507,8664.015
22508,22508,26637.469
22509,22509,70286.06
22510,22510,90759.09
22511,22511,3970.1748
22512,22512,10644.816
22513,22513,1912.8115
22514,22514,4676.1284
22515,22515,1846.3849
22516,22516,0.0
22517,22517,36115.254
22518,22518,0.0
22519,22519,0.0
22520,22520,32985.08
22521,22521,0.0
22522,22522,14652.035
22523,22523,10558.751
22524,22524,0.0
22525,22525,0.0
22526,22526,8183.6323
22527,22527,27062.863
22528,22528,1190.2292
22529,22529,22138.607
22530,22530,14193.366
22531,22531,39419.582
22532,22532,0.0
22533,22533,0.0
22534,22534,40349.676
22535,22535,0.0
22536,22536,3579.066
22537,22537,49659.652
22538,22538,2353.1694
22539,22539,0.0
22540,22540,118814.43
22541,22541,24774.0
22542,22542,0.0
22543,22543,32185.96
22544,22544,12921.267
22545,22545,4155.8574
22546,22546,0.0
22547,22547,51898.74
22548,22548,37425.254
22549,22549,581.5021
22550,22550,24716.9
22551,22551,0.0
22552,22552,0.0
22553,22553,80834.78
22554,22554,43670.23
22555,22555,33845.895
22556,22556,34804.438
22557,22557,2160.178
22558,22558,51224.938
22559,22559,35922.49
22560,22560,74654.42
22561,22561,139835.12
22562,22562,0.0
22563,22563,9330.666
22564,22564,14405.5
22565,22565,58836.848
22566,22566,32981.973
22567,22567,22010.959
22568,22568,96934.34
22569,22569,163128.77
22570,22570,0.0
22571,22571,41974.887
22572,22572,0.0
22573,22573,40529.844
22574,22574,14427.072
22575,22575,4413.784
22576,22576,110637.9
22577,22577,31840.51
22578,22578,22181.66
22579,22579,0.0
22580,22580,23241.803
22581,22581,306319.56
22582,22582,0.0
22583,22583,16168.04
22584,22584,10349.147
22585,22585,123467.87
22586,22586,60665.973
22587,22587,12411.906
22588,22588,121518.055
22589,22589,14324.692
22590,22590,2844.9067
22591,22591,6636.3545
22592,22592,0.0
22593,22593,0.0
22594,22594,37200.785
22595,22595,94796.99
22596,22596,39502.465
22597,22597,6511.3677
22598,22598,0.0
22599,22599,0.0
22600,22600,15013.892
22601,22601,25238.145
22602,22602,9216.522
22603,22603,214655.31
22604,22604,1862.9012
22605,22605,27057.322
22606,22606,0.0
22607,22607,11585.685
22608,22608,8119.9062
22609,22609,21222.76
22610,22610,104897.66
22611,22611,63859.438
22612,22612,0.0
22613,22613,66613.17
22614,22614,0.0
22615,22615,0.0
22616,22616,45752.297
22617,22617,132962.95
22618,22618,46585.953
22619,22619,40917.41
22620,22620,141223.34
22621,22621,56579.332
22622,22622,24369.62
22623,22623,410729.38
22624,22624,8690.968
22625,22625,0.0
22626,22626,7078.8276
22627,22627,14456.9
22628,22628,0.0
22629,22629,0.0
22630,22630,17911.982
22631,22631,12025.475
22632,22632,29170.637
22633,22633,80473.69
22634,22634,0.0
22635,22635,0.0
22636,22636,56453.04
22637,22637,0.0
22638,22638,38710.582
22639,22639,26114.143
22640,22640,23224.967
22641,22641,84830.195
22642,22642,19406.043
22643,22643,1901.9856
22644,22644,23816.162
22645,22645,86796.8
22646,22646,14577.276
22647,22647,0.0
22648,22648,13259.557
22649,22649,32996.902
22650,22650,483.133
22651,22651,22852.729
22652,22652,31554.762
22653,22653,94605.766
22654,22654,0.0
22655,22655,30630.121
22656,22656,19528.184
22657,22657,269055.62
22658,22658,14502.633
22659,22659,32731.541
22660,22660,35716.703
22661,22661,33875.168
22662,22662,15822.655
22663,22663,27789.318
22664,22664,15078.446
22665,22665,12093.8
22666,22666,7623.5474
22667,22667,0.0
22668,22668,0.0
22669,22669,4198.3823
22670,22670,141615.97
22671,22671,14843.306
22672,22672,16160.963
22673,22673,27403.348
22674,22674,0.0
22675,22675,56045.35
22676,22676,15291.047
22677,22677,15035.76
22678,22678,242005.6
22679,22679,25235.61
22680,22680,41138.93
22681,22681,0.0
22682,22682,1446.5166
22683,22683,18036.438
22684,22684,27583.299
22685,22685,27834.836
22686,22686,10223.894
22687,22687,1842.5889
22688,22688,5860.6616
22689,22689,100244.69
22690,22690,551806.7
22691,22691,8635.838
22692,22692,0.0
22693,22693,0.0
22694,22694,30222.207
22695,22695,0.0
22696,22696,37078.793
22697,22697,52492.78
22698,22698,0.0
22699,22699,22191.064
22700,22700,10894.118
22701,22701,574780.44
22702,22702,0.0
22703,22703,687.12823
22704,22704,13051.253
22705,22705,28884.334
22706,22706,48443.543
22707,22707,74064.34
22708,22708,3.7881792e+06
22709,22709,0.0
22710,22710,2636.7556
22711,22711,7163.9487
22712,22712,9894.851
22713,22713,9592.738
22714,22714,33517.055
22715,22715,25413.695
22716,22716,0.0
22717,22717,125617.42
22718,22718,13750.313
22719,22719,87235.8
22720,22720,6977.03
22721,22721,2058.6343
22722,22722,5662.6426
22723,22723,0.0
22724,22724,0.0
22725,22725,22597.941
22726,22726,0.0
22727,22727,169783.38
22728,22728,5875.6016
22729,22729,0.0
22730,22730,89657.54
22731,22731,41970.54
22732,22732,0.0
22733,22733,0.0
22734,22734,49431.703
22735,22735,52643.707
22736,22736,4087.9724
22737,22737,40983.824
22738,22738,80020.67
22739,22739,7459.4233
22740,22740,53134.336
22741,22741,20226.992
22742,22742,35717.035
22743,22743,0.0
22744,22744,82236.45
22745,22745,127000.88
22746,22746,2804.3125
22747,22747,28531.205
22748,22748,163122.12
22749,22749,0.0
22750,22750,2791.5173
22751,22751,16222.1
22752,22752,152172.55
22753,22753,0.0
22754,22754,168065.3
22755,22755,24695.94
22756,22756,20362.562
22757,22757,25448.553
22758,22758,158120.28
22759,22759,11452.841
22760,22760,10061.848
22761,22761,29482.166
22762,22762,6392.2866
22763,22763,0.0
22764,22764,28857.807
22765,22765,0.0
22766,22766,0.0
22767,22767,34793.652
22768,22768,0.0
22769,22769,34777.28
22770,22770,96021.695
22771,22771,1087.961
22772,22772,28714.023
22773,22773,0.0
22774,22774,262.826
22775,22775,4484.512
22776,22776,63196.02
22777,22777,0.0
22778,22778,9010.397
22779,22779,19844.76
22780,22780,0.0
22781,22781,5951.577
22782,22782,9466.672
22783,22783,0.0
22784,22784,79186.82
22785,22785,78851.38
22786,22786,40647.86
22787,22787,36986.117
22788,22788,333846.38
22789,22789,112112.75
22790,22790,59868.066
22791,22791,325408.97
22792,22792,0.0
22793,22793,5758.975
22794,22794,18880.582
22795,22795,15027.706
22796,22796,4052.046
22797,22797,0.0
22798,22798,12119.69
22799,22799,208053.72
22800,22800,35431.363
22801,22801,0.0
22802,22802,4515.0757
22803,22803,11092.6455
22804,22804,140191.55
22805,22805,0.0
22806,22806,4555.3066
22807,22807,45453.02
22808,22808,0.0
22809,22809,11329.569
22810,22810,17646.9
22811,22811,72253.484
22812,22812,0.0
22813,22813,26488.146
22814,22814,0.0
22815,22815,0.0
22816,22816,1834.5696
22817,22817,0.0
22818,22818,3704.5144
22819,22819,10901.313
22820,22820,0.0
22821,22821,26362.633
22822,22822,0.0
22823,22823,70445.04
22824,22824,14309.14
22825,22825,0.0
22826,22826,171419.23
22827,22827,52515.16
22828,22828,49952.414
22829,22829,0.0
22830,22830,0.0
22831,22831,6408.1226
22832,22832,0.0
22833,22833,1628.096
22834,22834,130902.445
22835,22835,8551.442
22836,22836,15610.066
22837,22837,3794.7737
22838,22838,30412.53
22839,22839,2893.9805
22840,22840,0.0
22841,22841,11600.916
22842,22842,77076.65
22843,22843,10863.813
22844,22844,10584.469
22845,22845,11001.546
22846,22846,16636.346
22847,22847,26129.73
22848,22848,0.0
22849,22849,9165.053
22850,22850,4979.141
22851,22851,7200.904
22852,22852,0.0
22853,22853,43037.695
22854,22854,62699.902
22855,22855,155321.81
22856,22856,5042.318
22857,22857,62491.977
22858,22858,48515.305
22859,22859,0.0
22860,22860,0.0
22861,22861,166081.16
22862,22862,6091.227
22863,22863,60983.406
22864,22864,47139.902
22865,22865,0.0
22866,22866,0.0
22867,22867,0.0
22868,22868,2750.3872
22869,22869,11950.488
22870,22870,2563.2783
22871,22871,0.0
22872,22872,55898.25
22873,22873,34273.016
22874,22874,543.2783
22875,22875,40460.383
22876,22876,22413.363
22877,22877,17591.957
22878,22878,3468.2031
22879,22879,120640.12
22880,22880,0.0
22881,22881,23184.11
22882,22882,64337.105
22883,22883,37452.33
22884,22884,1430.4916
22885,22885,22705.586
22886,22886,0.0
22887,22887,0.0
22888,22888,25335.047
22889,22889,38638.477
22890,22890,28129.709
22891,22891,146672.1
22892,22892,0.0
22893,22893,43021.766
22894,22894,17197.053
22895,22895,23591.318
22896,22896,0.0
22897,22897,0.0
22898,22898,19042.37
22899,22899,0.0
22900,22900,1671.4742
22901,22901,16864.158
22902,22902,0.0
22903,22903,0.0
22904,22904,21399.557
22905,22905,37080.58
22906,22906,112385.05
22907,22907,29508.127
22908,22908,13254.783
22909,22909,84482.54
22910,22910,0.0
22911,22911,0.0
22912,22912,8272.222
22913,22913,6604.548
22914,22914,0.0
22915,22915,42466.75
22916,22916,5577.8906
22917,22917,7068.5083
22918,22918,4.4697585e+06
22919,22919,25559.719
22920,22920,28184.44
22921,22921,0.0
22922,22922,67091.73
22923,22923,16922.262
22924,22924,102076.13
22925,22925,0.0
22926,22926,58553.9
22927,22927,12177.084
22928,22928,724.73364
22929,22929,0.0
22930,22930,0.0
22931,22931,0.0
22932,22932,0.0
22933,22933,13187.732
22934,22934,58991.934
22935,22935,43910.023
22936,22936,10112.296
22937,22937,6095.737
22938,22938,25624.543
22939,22939,45076.973
22940,22940,8928.552
22941,22941,4413.362
22942,22942,95171.06
22943,22943,12583.463
22944,22944,0.0
22945,22945,15030.091
22946,22946,85100.086
22947,22947,67415.05
22948,22948,110225.92
22949,22949,991543.1
22950,22950,33584.285
22951,22951,3632.4294
22952,22952,0.0
22953,22953,5373.424
22954,22954,15887.3545
22955,22955,27189.268
22956,22956,0.0
22957,22957,4901.959
22958,22958,0.0
22959,22959,16101.074
22960,22960,16359.158
22961,22961,0.0
22962,22962,339946.97
22963,22963,75986.984
22964,22964,88851.805
22965,22965,0.0
22966,22966,5339.6914
22967,22967,3762.1907
22968,22968,17945.037
22969,22969,102474.69
22970,22970,53472.83
22971,22971,59338.9
22972,22972,40699.406
22973,22973,34180.227
22974,22974,0.0
22975,22975,0.0
22976,22976,207491.38
22977,22977,130783.56
22978,22978,128647.19
22979,22979,1415.3246
22980,22980,0.0
22981,22981,48118.71
22982,22982,181100.89
22983,22983,8041.1636
22984,22984,6146.1113
22985,22985,0.0
22986,22986,7597.8193
22987,22987,52392.875
22988,22988,11730.576
22989,22989,9110.535
22990,22990,218.70856
22991,22991,5327.481
22992,22992,99627.44
22993,22993,0.0
22994,22994,0.0
22995,22995,32242.469
22996,22996,82169.62
22997,22997,37525.51
22998,22998,1790.0356
22999,22999,300.92435
23000,23000,45357.047
23001,23001,894690.8
23002,23002,13160.337
23003,23003,3561.9553
23004,23004,14515.1455
23005,23005,1627.8811
23006,23006,18893.402
23007,23007,4469.95
23008,23008,184815.66
23009,23009,93633.79
23010,23010,5918.329
23011,23011,5629.3438
23012,23012,0.0
23013,23013,8036.5835
23014,23014,5058.8335
23015,23015,50187.688
23016,23016,24626.65
23017,23017,5897.9907
23018,23018,0.0
23019,23019,158273.02
23020,23020,0.0
23021,23021,9.918758e+06
23022,23022,0.0
23023,23023,0.0
23024,23024,8232.055
23025,23025,348310.56
23026,23026,54319.168
23027,23027,0.0
23028,23028,69875.87
23029,23029,9642.5625
23030,23030,36727.426
23031,23031,0.0
23032,23032,492816.9
23033,23033,50721.44
23034,23034,50471.47
23035,23035,6840.17
23036,23036,0.0
23037,23037,159563.44
23038,23038,50479.375
23039,23039,66143.734
23040,23040,15385.746
23041,23041,43643.266
23042,23042,14799.752
23043,23043,37428.85
23044,23044,29508.65
23045,23045,30219.676
23046,23046,45069.812
23047,23047,15979.763
23048,23048,126874.43
23049,23049,22986.56
23050,23050,76133.17
23051,23051,92889.38
23052,23052,17371.795
23053,23053,8414.991
23054,23054,0.0
23055,23055,7597.012
23056,23056,0.0
23057,23057,559168.5
23058,23058,63862.67
23059,23059,11594.007
23060,23060,14371.929
23061,23061,50244.57
23062,23062,26590.936
23063,23063,27705.904
23064,23064,27284.121
23065,23065,35.341293
23066,23066,0.0
23067,23067,0.0
23068,23068,0.0
23069,23069,35511.43
23070,23070,45610.3
23071,23071,78473.27
23072,23072,14750.668
23073,23073,108519.85
23074,23074,0.0
23075,23075,1336.9929
23076,23076,19023.19
23077,23077,3635.0608
23078,23078,4368.9526
23079,23079,120828.62
23080,23080,596.6797
23081,23081,3495.69
23082,23082,0.0
23083,23083,24596.178
23084,23084,0.0
23085,23085,43839.7
23086,23086,0.0
23087,23087,1714.6622
23088,23088,23496.553
23089,23089,8109.362
23090,23090,37860.98
23091,23091,24205.037
23092,23092,70452.3
23093,23093,51409.01
23094,23094,34523.457
23095,23095,0.0
23096,23096,52759.73
23097,23097,62219.65
23098,23098,0.0
23099,23099,9654.257
23100,23100,18726.025
23101,23101,33686.48
23102,23102,0.0
23103,23103,21298.809
23104,23104,17587.639
23105,23105,0.0
23106,23106,808025.75
23107,23107,5912.8574
23108,23108,10742.05
23109,23109,236952.7
23110,23110,1.943554e+06
23111,23111,22790.7
23112,23112,109238.305
23113,23113,49414.848
23114,23114,38225.61
23115,23115,73474.27
23116,23116,14871.429
23117,23117,16998.463
23118,23118,5987.51
23119,23119,0.0
23120,23120,85533.09
23121,23121,106090.11
23122,23122,28575.143
23123,23123,70295.086
23124,23124,55193.72
23125,23125,122884.65
23126,23126,38682.023
23127,23127,10255.055
23128,23128,10656.664
23129,23129,5794.0146
23130,23130,11219.597
23131,23131,14641.288
23132,23132,9972.532
23133,23133,0.0
23134,23134,119326.12
23135,23135,77849.234
23136,23136,120885.27
23137,23137,18943.225
23138,23138,22461.553
23139,23139,8899.907
23140,23140,10248.14
23141,23141,0.0
23142,23142,16987.24
23143,23143,8209.94
23144,23144,24368.996
23145,23145,14891.255
23146,23146,124271.695
23147,23147,15241.876
23148,23148,16703.268
23149,23149,2619.042
23150,23150,7106.794
23151,23151,6329.098
23152,23152,76246.43
23153,23153,12270.958
23154,23154,6920.4087
23155,23155,3.896831e+06
23156,23156,7050.511
23157,23157,83581.98
23158,23158,14010.048
23159,23159,255238.55
23160,23160,8875.258
23161,23161,7391.543
23162,23162,0.0
23163,23163,27848.34
23164,23164,0.0
23165,23165,21940.826
23166,23166,4130.3115
23167,23167,21876.242
23168,23168,506618.38
23169,23169,177586.4
23170,23170,0.0
23171,23171,0.0
23172,23172,0.0
23173,23173,93307.31
23174,23174,15953.299
23175,23175,0.0
23176,23176,1882.2183
23177,23177,44331.71
23178,23178,326615.62
23179,23179,18083.68
23180,23180,58.28173
23181,23181,80837.09
23182,23182,49226.805
23183,23183,2049.0444
23184,23184,8898.309
23185,23185,10450.576
23186,23186,101345.39
23187,23187,57266.566
23188,23188,1077.2305
23189,23189,0.0
23190,23190,0.0
23191,23191,6764.0747
23192,23192,0.0
23193,23193,46030.496
23194,23194,86003.58
23195,23195,163009.48
23196,23196,4311.12
23197,23197,34329.266
23198,23198,0.0
23199,23199,69512.28
23200,23200,79199.375
23201,23201,30596.049
23202,23202,43238.285
23203,23203,0.0
23204,23204,23709.92
23205,23205,106486.914
23206,23206,0.0
23207,23207,5681.2915
23208,23208,42715.94
23209,23209,1271.6174
23210,23210,0.0
23211,23211,3.6406068e+06
23212,23212,417541.1
23213,23213,10372.146
23214,23214,1099.7906
23215,23215,118561.27
23216,23216,139588.22
23217,23217,30140.352
23218,23218,11361.355
23219,23219,52816.516
23220,23220,241806.06
23221,23221,1.4993545e+06
23222,23222,3506.7156
23223,23223,34931.82
23224,23224,89487.94
23225,23225,13010.989
23226,23226,126756.46
23227,23227,0.0
23228,23228,15810.65
23229,23229,425670.4
23230,23230,10392.576
23231,23231,17637.34
23232,23232,165190.92
23233,23233,29715.447
23234,23234,16325.328
23235,23235,3196.97
23236,23236,38569.875
23237,23237,19352.021
23238,23238,0.0
23239,23239,26259.75
23240,23240,81685.016
23241,23241,36002.867
23242,23242,1857.0708
23243,23243,105525.766
23244,23244,38398.38
23245,23245,8724.029
23246,23246,6230.288
23247,23247,22958.492
23248,23248,15956.532
23249,23249,29117.854
23250,23250,20021.162
23251,23251,13392.775
23252,23252,21923.521
23253,23253,0.0
23254,23254,7423.39
23255,23255,117218.19
23256,23256,0.0
23257,23257,167874.08
23258,23258,33021.06
23259,23259,0.0
23260,23260,0.0
23261,23261,3512.8591
23262,23262,8221.23
23263,23263,15326.536
23264,23264,1241.4897
23265,23265,0.0
23266,23266,67403.53
23267,23267,73429.234
23268,23268,57106.906
23269,23269,25486.91
23270,23270,11769.767
23271,23271,35434.53
23272,23272,57531.977
23273,23273,0.0
23274,23274,1842.2426
23275,23275,18607.16
23276,23276,237576.05
23277,23277,12213.129
23278,23278,1642.081
23279,23279,0.0
23280,23280,97597.26
23281,23281,85871.15
23282,23282,30424.227
23283,23283,4824.9805
23284,23284,0.0
23285,23285,137109.23
23286,23286,119935.61
23287,23287,31921.648
23288,23288,8416.503
23289,23289,18600.572
23290,23290,9689.717
23291,23291,5078.2256
23292,23292,0.0
23293,23293,36412.03
23294,23294,34023.117
23295,23295,69733.016
23296,23296,908.04956
23297,23297,0.0
23298,23298,8660.982
23299,23299,53209.14
23300,23300,38783.63
23301,23301,81594.31
23302,23302,6784.3374
23303,23303,315838.3
23304,23304,239829.36
23305,23305,26171.447
23306,23306,17877.252
23307,23307,7648.7896
23308,23308,25716.434
23309,23309,44802.574
23310,23310,36326.152
23311,23311,30835.9
23312,23312,39814.383
23313,23313,0.0
23314,23314,8992.093
23315,23315,181509.75
23316,23316,0.0
23317,23317,0.0
23318,23318,4969.621
23319,23319,0.0
23320,23320,61261.59
23321,23321,107937.08
23322,23322,0.0
23323,23323,77434.68
23324,23324,19723.754
23325,23325,15968.525
23326,23326,153477.25
23327,23327,0.0
23328,23328,0.0
23329,23329,10057.388
23330,23330,14138.432
23331,23331,379352.2
23332,23332,683.9679
23333,23333,0.0
23334,23334,0.0
23335,23335,0.0
23336,23336,0.0
23337,23337,4620.449
23338,23338,166208.02
23339,23339,72454.26
23340,23340,0.0
23341,23341,12780.093
23342,23342,2170.73
23343,23343,0.0
23344,23344,58532.637
23345,23345,9222.31
23346,23346,16061.269
23347,23347,384523.9
23348,23348,28396.86
23349,23349,0.0
23350,23350,0.0
23351,23351,467086.2
23352,23352,253810.53
23353,23353,22183.986
23354,23354,227804.61
23355,23355,30816.477
23356,23356,10119.007
23357,23357,44566.39
23358,23358,122895.53
23359,23359,54750.902
23360,23360,16418.738
23361,23361,17963.875
23362,23362,0.0
23363,23363,0.0
23364,23364,27465.64
23365,23365,17153.213
23366,23366,183406.08
23367,23367,71416.43
23368,23368,37909.52
23369,23369,66744.64
23370,23370,50407.32
23371,23371,42059.598
23372,23372,8566.468
23373,23373,17161.967
23374,23374,35028.96
23375,23375,18533.705
23376,23376,1523.7217
23377,23377,0.0
23378,23378,0.0
23379,23379,13212.258
23380,23380,72868.22
23381,23381,64829.996
23382,23382,0.0
23383,23383,23300.705
23384,23384,104851.98
23385,23385,0.0
23386,23386,918.5938
23387,23387,3882.8044
23388,23388,57777.508
23389,23389,25882.223
23390,23390,191172.34
23391,23391,55485.32
23392,23392,537197.0
23393,23393,58944.617
23394,23394,51470.438
23395,23395,141064.2
23396,23396,2.7364805e+06
23397,23397,38333.64
23398,23398,83871.94
23399,23399,5404.73
23400,23400,0.0
23401,23401,14378.955
23402,23402,81475.78
23403,23403,15964.941
23404,23404,52590.605
23405,23405,30148.02
23406,23406,9488.404
23407,23407,87192.94
23408,23408,0.0
23409,23409,0.0
23410,23410,0.0
23411,23411,5925.492
23412,23412,16408.002
23413,23413,0.0
23414,23414,0.0
23415,23415,8467.076
23416,23416,18336.502
23417,23417,105234.4
23418,23418,448.81317
23419,23419,2508.3357
23420,23420,42027.836
23421,23421,68993.26
23422,23422,3134.013
23423,23423,4099.5347
23424,23424,0.0
23425,23425,8495.107
23426,23426,0.0
23427,23427,3173.5745
23428,23428,16243.258
23429,23429,33084.38
23430,23430,0.0
23431,23431,0.0
23432,23432,13853.954
23433,23433,202608.67
23434,23434,173506.73
23435,23435,0.0
23436,23436,11963.948
23437,23437,8473.589
23438,23438,32975.676
23439,23439,0.0
23440,23440,35714.934
23441,23441,215987.95
23442,23442,22883.31
23443,23443,34739.504
23444,23444,0.0
23445,23445,0.0
23446,23446,17640.623
23447,23447,19135.342
23448,23448,0.0
23449,23449,23628.486
23450,23450,286475.62
23451,23451,0.0
23452,23452,18043.44
23453,23453,2276.0938
23454,23454,11183.769
23455,23455,58756.367
23456,23456,7214.5933
23457,23457,8332.592
23458,23458,13650.183
23459,23459,32110.451
23460,23460,56344.266
23461,23461,29858.24
23462,23462,420136.4
23463,23463,11758.57
23464,23464,4026.384
23465,23465,36175.902
23466,23466,0.0
23467,23467,0.0
23468,23468,41715.516
23469,23469,0.0
23470,23470,3.0918444e+07
23471,23471,2398.3914
23472,23472,0.0
23473,23473,29990.324
23474,23474,20128.875
23475,23475,27583.127
23476,23476,35535.79
23477,23477,221483.69
23478,23478,32983.07
23479,23479,34251.82
23480,23480,35917.867
23481,23481,0.0
23482,23482,103419.65
23483,23483,7161.2095
23484,23484,0.0
23485,23485,9142.397
23486,23486,11843.159
23487,23487,41340.594
23488,23488,0.0
23489,23489,1221.4364
23490,23490,0.0
23491,23491,10011.607
23492,23492,19962.447
23493,23493,64848.13
23494,23494,2379.7375
23495,23495,0.0
23496,23496,91092.45
23497,23497,33902.594
23498,23498,36304.875
23499,23499,20557.008
23500,23500,21664.898
23501,23501,5040.6323
23502,23502,163943.12
23503,23503,0.0
23504,23504,3220.3352
23505,23505,28527.05
23506,23506,0.0
23507,23507,51289.56
23508,23508,544547.0
23509,23509,29341.504
23510,23510,115040.09
23511,23511,16646.139
23512,23512,170256.92
23513,23513,150394.28
23514,23514,49476.348
23515,23515,18848.744
23516,23516,18901.068
23517,23517,8110.4673
23518,23518,15315.652
23519,23519,73403.15
23520,23520,10266.201
23521,23521,22779.771
23522,23522,3231.1086
23523,23523,0.0
23524,23524,0.0
23525,23525,3603.799
23526,23526,0.0
23527,23527,4985.5938
23528,23528,64156.17
23529,23529,143985.8
23530,23530,18096.943
23531,23531,55311.105
23532,23532,52734.34
23533,23533,139713.34
23534,23534,13888.351
23535,23535,0.0
23536,23536,9975.0625
23537,23537,3952.4211
23538,23538,8860.917
23539,23539,23595.213
23540,23540,35662.312
23541,23541,14370.748
23542,23542,2.04992e+06
23543,23543,22865.004
23544,23544,9164.5
23545,23545,9922.375
23546,23546,0.0
23547,23547,6851.5693
23548,23548,14047.55
23549,23549,1.2633136e+06
23550,23550,147138.45
23551,23551,6472.3535
23552,23552,5153.099
23553,23553,13400.242
23554,23554,0.0
23555,23555,0.0
23556,23556,22382.707
23557,23557,31275.191
23558,23558,525.0593
23559,23559,0.0
23560,23560,6748.1167
23561,23561,63806.742
23562,23562,7930.3857
23563,23563,45769.766
23564,23564,5770.7017
23565,23565,51417.195
23566,23566,3543.9177
23567,23567,4337.906
23568,23568,0.0
23569,23569,32816.867
23570,23570,65367.47
23571,23571,107414.37
23572,23572,8227.289
23573,23573,0.0
23574,23574,5779.3066
23575,23575,9435.795
23576,23576,2811.4106
23577,23577,0.0
23578,23578,29909.998
23579,23579,243.0933
23580,23580,17238.568
23581,23581,102745.65
23582,23582,140968.16
23583,23583,0.0
23584,23584,9326.772
23585,23585,56077.477
23586,23586,0.0
23587,23587,17910.059
23588,23588,266966.88
23589,23589,25346.904
23590,23590,0.0
23591,23591,21821.61
23592,23592,14345.129
23593,23593,0.0
23594,23594,25233.1
23595,23595,14464.546
23596,23596,9638.915
23597,23597,1939.9719
23598,23598,23611.19
23599,23599,22870.643
23600,23600,4.7050145e+06
23601,23601,109426.79
23602,23602,23672.713
23603,23603,39670.69
23604,23604,5388.821
23605,23605,35494.414
23606,23606,0.0
23607,23607,42803.453
23608,23608,7260.1562
23609,23609,56492.223
23610,23610,0.0
23611,23611,17500.533
23612,23612,0.0
23613,23613,18685.662
23614,23614,3017.6938
23615,23615,0.0
23616,23616,2488.3171
23617,23617,51818.367
23618,23618,12404.938
23619,23619,0.0
23620,23620,60489.004
23621,23621,48533.254
23622,23622,3330.7915
23623,23623,37047.934
23624,23624,92195.445
23625,23625,0.0
23626,23626,8338.743
23627,23627,21766.566
23628,23628,0.0
23629,23629,48541.125
23630,23630,10275.947
23631,23631,55837.855
23632,23632,57309.15
23633,23633,9925.329
23634,23634,22063.318
23635,23635,31941.828
23636,23636,106029.02
23637,23637,20670.287
23638,23638,0.0
23639,23639,20985.04
23640,23640,115758.97
23641,23641,29768.746
23642,23642,0.0
23643,23643,17411.283
23644,23644,11946.024
23645,23645,28374.154
23646,23646,34828.727
23647,23647,76649.47
23648,23648,30846.205
23649,23649,5570.164
23650,23650,26961.57
23651,23651,0.0
23652,23652,0.0
23653,23653,14231.284
23654,23654,0.0
23655,23655,607.669
23656,23656,46667.99
23657,23657,0.0
23658,23658,15239.545
23659,23659,68662.555
23660,23660,0.0
23661,23661,22476.23
23662,23662,0.0
23663,23663,0.0
23664,23664,4727.572
23665,23665,6793.0615
23666,23666,74268.305
23667,23667,18240.31
23668,23668,26304.781
23669,23669,26494.803
23670,23670,0.0
23671,23671,46437.35
23672,23672,0.0
23673,23673,142902.7
23674,23674,25717.934
23675,23675,9093.119
23676,23676,393664.1
23677,23677,0.0
23678,23678,64802.508
23679,23679,63817.504
23680,23680,185990.75
23681,23681,1987.285
23682,23682,0.0
23683,23683,28556.242
23684,23684,52062.043
23685,23685,0.0
23686,23686,0.0
23687,23687,0.0
23688,23688,12934.984
23689,23689,0.0
23690,23690,12730.082
23691,23691,0.0
23692,23692,19589.902
23693,23693,41029.305
23694,23694,8206.542
23695,23695,31468.477
23696,23696,24349.701
23697,23697,7030.571
23698,23698,60271.21
23699,23699,211829.31
23700,23700,20907.002
23701,23701,141798.06
23702,23702,5112.4536
23703,23703,10340.2
23704,23704,614590.0
23705,23705,33555.02
23706,23706,20036.355
23707,23707,17394.018
23708,23708,6131.6147
23709,23709,14419.231
23710,23710,19604.871
23711,23711,0.0
23712,23712,2106.8152
23713,23713,8784.057
23714,23714,35328.016
23715,23715,8148.7305
23716,23716,6786.6494
23717,23717,18016.512
23718,23718,24477.797
23719,23719,6431.779
23720,23720,19941.043
23721,23721,33692.754
23722,23722,106107.164
23723,23723,121096.79
23724,23724,0.0
23725,23725,0.0
23726,23726,64705.176
23727,23727,0.0
23728,23728,100572.99
23729,23729,9924.816
23730,23730,195846.34
23731,23731,22587.686
23732,23732,0.0
23733,23733,0.0
23734,23734,87635.72
23735,23735,0.0
23736,23736,113886.26
23737,23737,8006.8833
23738,23738,0.0
23739,23739,8015.7593
23740,23740,195252.73
23741,23741,17711.76
23742,23742,3880.145
23743,23743,3195.5122
23744,23744,0.0
23745,23745,32616.58
23746,23746,51579.996
23747,23747,8997.522
23748,23748,64258.684
23749,23749,285965.66
23750,23750,166818.33
23751,23751,0.0
23752,23752,0.0
23753,23753,42953.77
23754,23754,11787.688
23755,23755,45448.066
23756,23756,229772.62
23757,23757,44506.65
23758,23758,4238.874
23759,23759,0.0
23760,23760,44455.586
23761,23761,4233.7847
23762,23762,103484.94
23763,23763,574201.94
23764,23764,0.0
23765,23765,52251.402
23766,23766,0.0
23767,23767,17576.162
23768,23768,131964.34
23769,23769,45786.49
23770,23770,8634.664
23771,23771,2562.0134
23772,23772,50324.176
23773,23773,155095.66
23774,23774,24717.46
23775,23775,24742.184
23776,23776,50869.67
23777,23777,6991.4785
23778,23778,7556.938
23779,23779,173582.0
23780,23780,0.0
23781,23781,29149.236
23782,23782,15709.775
23783,23783,0.0
23784,23784,0.0
23785,23785,42877.406
23786,23786,3634.5598
23787,23787,1579.5421
23788,23788,937.1907
23789,23789,10071.0625
23790,23790,0.0
23791,23791,86926.164
23792,23792,3699.7576
23793,23793,50508.11
23794,23794,6900.8374
23795,23795,0.0
23796,23796,91190.5
23797,23797,1377.0753
23798,23798,16109.1
23799,23799,6161.237
23800,23800,15839.736
23801,23801,7021.438
23802,23802,13098.185
23803,23803,0.0
23804,23804,141311.72
23805,23805,0.0
23806,23806,0.0
23807,23807,6202.984
23808,23808,0.0
23809,23809,6882.2
23810,23810,3338.2126
23811,23811,44.15759
23812,23812,0.0
23813,23813,4588.0693
23814,23814,0.0
23815,23815,7276.8413
23816,23816,3579.746
23817,23817,1.8976678e+06
23818,23818,0.0
23819,23819,49808.598
23820,23820,1512.28
23821,23821,6144.3115
23822,23822,25111.531
23823,23823,0.0
23824,23824,2784.705
23825,23825,54728.7
23826,23826,28323.354
23827,23827,0.0
23828,23828,71287.21
23829,23829,98763.03
23830,23830,0.0
23831,23831,0.0
23832,23832,44551.54
23833,23833,41051.77
23834,23834,359902.12
23835,23835,18496.066
23836,23836,0.0
23837,23837,47669.68
23838,23838,44026.496
23839,23839,50680.71
23840,23840,29942.04
23841,23841,20756.99
23842,23842,144296.33
23843,23843,32333.254
23844,23844,0.0
23845,23845,197829.53
23846,23846,35369.984
23847,23847,74186.91
23848,23848,72200.625
23849,23849,4426.069
23850,23850,46016.887
23851,23851,0.0
23852,23852,699842.9
23853,23853,144974.61
23854,23854,2104.3804
23855,23855,0.0
23856,23856,31001.385
23857,23857,2745.0476
23858,23858,18243.723
23859,23859,31825.363
23860,23860,32500.223
23861,23861,13881.204
23862,23862,8261.645
23863,23863,39154.965
23864,23864,6432.752
23865,23865,11123.184
23866,23866,162463.06
23867,23867,39678.67
23868,23868,3472.2734
23869,23869,81566.195
23870,23870,0.0
23871,23871,480.73383
23872,23872,38773.844
23873,23873,3938.732
23874,23874,16751.248
23875,23875,18901.078
23876,23876,1336.1111
23877,23877,18644.72
23878,23878,46763.207
23879,23879,15500.447
23880,23880,0.0
23881,23881,21401.955
23882,23882,0.0
23883,23883,9120.864
23884,23884,25395.6
23885,23885,31775.506
23886,23886,79848.05
23887,23887,6328.8994
23888,23888,143178.7
23889,23889,17052.494
23890,23890,0.0
23891,23891,2777.814
23892,23892,85455.45
23893,23893,0.0
23894,23894,12487.354
23895,23895,1673.8632
23896,23896,44828.62
23897,23897,5510.918
23898,23898,8423.331
23899,23899,5476.2725
23900,23900,0.0
23901,23901,162853.02
23902,23902,9446.806
23903,23903,0.0
23904,23904,0.0
23905,23905,45490.88
23906,23906,29969.406
23907,23907,15009.212
23908,23908,14202.769
23909,23909,46514.395
23910,23910,52771.492
23911,23911,0.0
23912,23912,0.0
23913,23913,34889.312
23914,23914,21199.559
23915,23915,49261.586
23916,23916,17840.447
23917,23917,69359.516
23918,23918,2.1780972e+06
23919,23919,21181.78
23920,23920,7917.254
23921,23921,131056.68
23922,23922,4175.409
23923,23923,33337.336
23924,23924,7785.0283
23925,23925,91958.86
23926,23926,11886.491
23927,23927,263743.06
23928,23928,0.0
23929,23929,14841.337
23930,23930,4784.3726
23931,23931,226181.36
23932,23932,33861.418
23933,23933,2.397413e+06
23934,23934,94667.45
23935,23935,4784.606
23936,23936,22640.834
23937,23937,10447.827
23938,23938,43492.21
23939,23939,14753.964
23940,23940,23847.744
23941,23941,24353.242
23942,23942,0.0
23943,23943,0.0
23944,23944,0.0
23945,23945,9461.488
23946,23946,0.0
23947,23947,0.0
23948,23948,53503.426
23949,23949,8586.576
23950,23950,24317.592
23951,23951,10838.843
23952,23952,0.0
23953,23953,154860.17
23954,23954,33516.297
23955,23955,30305.113
23956,23956,93344.45
23957,23957,6332.884
23958,23958,73433.03
23959,23959,42037.76
23960,23960,0.0
23961,23961,0.0
23962,23962,1566.5282
23963,23963,54284.97
23964,23964,0.0
23965,23965,41401.6
23966,23966,0.0
23967,23967,93025.266
23968,23968,13740.456
23969,23969,19327.707
23970,23970,1165.0598
23971,23971,30959.691
23972,23972,25410.941
23973,23973,64284.215
23974,23974,147429.73
23975,23975,0.0
23976,23976,7121.9556
23977,23977,0.0
23978,23978,5123.887
23979,23979,50903.66
23980,23980,5390.9277
23981,23981,23110.387
23982,23982,0.0
23983,23983,10730.069
23984,23984,4858.2593
23985,23985,2687.0972
23986,23986,6648.9956
23987,23987,244370.73
23988,23988,6823.4136
23989,23989,17269.625
23990,23990,0.0
23991,23991,3156.414
23992,23992,28751.012
23993,23993,0.0
23994,23994,18255.768
23995,23995,0.0
23996,23996,90535.13
23997,23997,286904.25
23998,23998,0.0
23999,23999,59289.84
24000,24000,43578.293
24001,24001,109793.56
24002,24002,422964.1
24003,24003,47077.156
24004,24004,4279.136
24005,24005,8555.268
24006,24006,2.1472765e+06
24007,24007,109307.625
24008,24008,20090.959
24009,24009,37358.71
24010,24010,5041.4243
24011,24011,6231.78
24012,24012,4694.296
24013,24013,258655.42
24014,24014,62557.953
24015,24015,0.0
24016,24016,0.0
24017,24017,1644.3677
24018,24018,138567.2
24019,24019,33309.027
24020,24020,42069.547
24021,24021,11689.79
24022,24022,11911.213
24023,24023,0.0
24024,24024,0.0
24025,24025,356974.47
24026,24026,19736.377
24027,24027,30992.139
24028,24028,0.0
24029,24029,24147.236
24030,24030,2320.6587
24031,24031,69902.08
24032,24032,0.0
24033,24033,31895.602
24034,24034,66760.86
24035,24035,9871.212
24036,24036,12143.11
24037,24037,58148.992
24038,24038,39743.566
24039,24039,0.0
24040,24040,10944.258
24041,24041,0.0
24042,24042,42755.664
24043,24043,0.0
24044,24044,34830.47
24045,24045,420534.0
24046,24046,0.0
24047,24047,0.0
24048,24048,12225.824
24049,24049,22601.002
24050,24050,9691.154
24051,24051,36492.56
24052,24052,0.0
24053,24053,0.0
24054,24054,36847.9
24055,24055,91453.76
24056,24056,20160.277
24057,24057,167632.23
24058,24058,47598.215
24059,24059,6088.2544
24060,24060,14950.478
24061,24061,44646.664
24062,24062,16358.848
24063,24063,0.0
24064,24064,14029.685
24065,24065,1359.418
24066,24066,2759.2488
24067,24067,26475.598
24068,24068,40639.777
24069,24069,71125.65
24070,24070,11544.192
24071,24071,0.0
24072,24072,11416.98
24073,24073,3241.5872
24074,24074,57056.184
24075,24075,19215.271
24076,24076,30468.738
24077,24077,4870.279
24078,24078,115699.37
24079,24079,0.0
24080,24080,149134.92
24081,24081,173247.95
24082,24082,85876.23
24083,24083,15446.737
24084,24084,12629.503
24085,24085,7780.9224
24086,24086,0.0
24087,24087,3519.0522
24088,24088,13393.436
24089,24089,16461.861
24090,24090,0.0
24091,24091,22891.924
24092,24092,10076.763
24093,24093,77981.84
24094,24094,18802.318
24095,24095,0.0
24096,24096,2339.707
24097,24097,7425.8887
24098,24098,172370.97
24099,24099,0.0
24100,24100,0.0
24101,24101,5150.359
24102,24102,15330.68
24103,24103,0.0
24104,24104,0.0
24105,24105,3460.9207
24106,24106,15534.879
24107,24107,0.0
24108,24108,31577.09
24109,24109,13132.506
24110,24110,2603.5066
24111,24111,27835.84
24112,24112,26802.312
24113,24113,17703.992
24114,24114,169553.17
24115,24115,0.0
24116,24116,6246.103
24117,24117,88406.484
24118,24118,25906.049
24119,24119,20929.885
24120,24120,40308.254
24121,24121,5492.282
24122,24122,107373.766
24123,24123,43807.406
24124,24124,0.0
24125,24125,2231.6257
24126,24126,119.198715
24127,24127,2687.3372
24128,24128,5233.6147
24129,24129,131840.45
24130,24130,59422.355
24131,24131,19237.564
24132,24132,0.0
24133,24133,2635.0896
24134,24134,0.0
24135,24135,17956.705
24136,24136,0.0
24137,24137,31028.826
24138,24138,0.0
24139,24139,54181.21
24140,24140,7991.9224
24141,24141,0.0
24142,24142,60154.95
24143,24143,49505.438
24144,24144,0.0
24145,24145,10210.291
24146,24146,50284.72
24147,24147,7750.1367
24148,24148,184211.55
24149,24149,49804.152
24150,24150,19839.7
24151,24151,23720.63
24152,24152,0.0
24153,24153,17659.826
24154,24154,10063.501
24155,24155,5094.737
24156,24156,39619.555
24157,24157,16137.793
24158,24158,0.0
24159,24159,60033.07
24160,24160,26873.008
24161,24161,4988.155
24162,24162,0.0
24163,24163,63629.066
24164,24164,5728.285
24165,24165,0.0
24166,24166,47868.47
24167,24167,130237.945
24168,24168,0.0
24169,24169,63341.848
24170,24170,156305.03
24171,24171,13250.449
24172,24172,28576.523
24173,24173,21396.053
24174,24174,0.0
24175,24175,0.0
24176,24176,36281.688
24177,24177,64120.59
24178,24178,0.0
24179,24179,49451.285
24180,24180,3635.7217
24181,24181,6120.5176
24182,24182,0.0
24183,24183,82425.125
24184,24184,58802.863
24185,24185,0.0
24186,24186,48533.758
24187,24187,17886.844
24188,24188,0.0
24189,24189,0.0
24190,24190,20246.205
24191,24191,67721.85
24192,24192,17692.887
24193,24193,1511.4576
24194,24194,67305.3
24195,24195,0.0
24196,24196,134.71024
24197,24197,65517.08
24198,24198,0.0
24199,24199,46302.11
24200,24200,0.0
24201,24201,0.0
24202,24202,0.0
24203,24203,5162.048
24204,24204,14111.505
24205,24205,6.6893385e+06
24206,24206,29074.725
24207,24207,0.0
24208,24208,47504.035
24209,24209,53722.45
24210,24210,7535.9517
24211,24211,13237.791
24212,24212,0.0
24213,24213,0.0
24214,24214,44859.496
24215,24215,0.0
24216,24216,24580.436
24217,24217,89134.48
24218,24218,12118.027
24219,24219,1420.19
24220,24220,29833.96
24221,24221,61225.312
24222,24222,15331.289
24223,24223,88508.95
24224,24224,0.0
24225,24225,4705.507
24226,24226,63969.426
24227,24227,254431.14
24228,24228,141941.16
24229,24229,34416.07
24230,24230,5488.787
24231,24231,102340.0
24232,24232,13962.972
24233,24233,10497.319
24234,24234,0.0
24235,24235,19787.486
24236,24236,10262.219
24237,24237,63092.99
24238,24238,233.64621
24239,24239,0.0
24240,24240,17165.45
24241,24241,0.0
24242,24242,59783.46
24243,24243,26573.816
24244,24244,225272.44
24245,24245,70166.086
24246,24246,24663.982
24247,24247,0.0
24248,24248,0.0
24249,24249,0.0
24250,24250,0.0
24251,24251,16543.86
24252,24252,0.0
24253,24253,0.0
24254,24254,34308.63
24255,24255,14262.719
24256,24256,18250.37
24257,24257,14487.624
24258,24258,0.0
24259,24259,1025.931
24260,24260,36145.086
24261,24261,0.5717163
24262,24262,2047.4459
24263,24263,1213.6359
24264,24264,11586.66
24265,24265,69782.336
24266,24266,16917.053
24267,24267,11359.949
24268,24268,15240.942
24269,24269,33913.926
24270,24270,16591.643
24271,24271,47280.07
24272,24272,1.2456222e+07
24273,24273,10313.013
24274,24274,3347.6008
24275,24275,13548.121
24276,24276,94822.39
24277,24277,17336.209
24278,24278,5077.1245
24279,24279,11560.402
24280,24280,53918.953
24281,24281,7568.0986
24282,24282,0.0
24283,24283,18673.305
24284,24284,34208.02
24285,24285,33174.816
24286,24286,0.0
24287,24287,0.0
24288,24288,0.0
24289,24289,8089.639
24290,24290,70617.77
24291,24291,0.0
24292,24292,174291.72
24293,24293,44.716118
24294,24294,1373.6733
24295,24295,0.0
24296,24296,767.3863
24297,24297,124169.23
24298,24298,7533.6978
24299,24299,8331.897
24300,24300,0.0
24301,24301,2629.7576
24302,24302,14421.917
24303,24303,0.0
24304,24304,22196.697
24305,24305,3363.8225
24306,24306,12429.191
24307,24307,17192.262
24308,24308,4260.766
24309,24309,45543.176
24310,24310,69728.625
24311,24311,24974.018
24312,24312,46234.188
24313,24313,0.0
24314,24314,34774.363
24315,24315,106811.23
24316,24316,20759.627
24317,24317,0.0
24318,24318,21852.13
24319,24319,58959.99
24320,24320,0.0
24321,24321,3655.593
24322,24322,14076.314
24323,24323,760634.6
24324,24324,48675.344
24325,24325,55085.87
24326,24326,5664.22
24327,24327,214867.31
24328,24328,6198.769
24329,24329,15176.112
24330,24330,43164.582
24331,24331,22697.793
24332,24332,73767.945
24333,24333,686.64307
24334,24334,4474.951
24335,24335,39006.254
24336,24336,221758.11
24337,24337,75274.56
24338,24338,150163.12
24339,24339,0.0
24340,24340,0.0
24341,24341,53440.48
24342,24342,0.0
24343,24343,397166.56
24344,24344,16264.536
24345,24345,37356.492
24346,24346,58488.383
24347,24347,7775.9883
24348,24348,219604.22
24349,24349,29839.422
24350,24350,14487.49
24351,24351,207239.12
24352,24352,6405.756
24353,24353,75336.67
24354,24354,49187.914
24355,24355,6385.1016
24356,24356,0.0
24357,24357,13997.148
24358,24358,13528.339
24359,24359,45941.043
24360,24360,53515.0
24361,24361,0.0
24362,24362,8896.488
24363,24363,0.0
24364,24364,0.0
24365,24365,12592.492
24366,24366,68699.98
24367,24367,32794.98
24368,24368,30950.701
24369,24369,0.0
24370,24370,22128.12
24371,24371,0.0
24372,24372,16346.579
24373,24373,25098.85
24374,24374,8036.3833
24375,24375,9290.438
24376,24376,0.0
24377,24377,0.0
24378,24378,0.0
24379,24379,0.0
24380,24380,50675.47
24381,24381,1074.0465
24382,24382,140570.52
24383,24383,8493.839
24384,24384,28440.898
24385,24385,8352.445
24386,24386,45429.62
24387,24387,25272.576
24388,24388,2714.681
24389,24389,0.0
24390,24390,102582.91
24391,24391,0.0
24392,24392,52814.17
24393,24393,27013.719
24394,24394,270227.38
24395,24395,23492.969
24396,24396,90850.125
24397,24397,0.0
24398,24398,1884.2026
24399,24399,32628.03
24400,24400,4414.3765
24401,24401,22353.629
24402,24402,12560.034
24403,24403,162569.34
24404,24404,49186.043
24405,24405,8931.917
24406,24406,979.1832
24407,24407,10784.3955
24408,24408,152029.6
24409,24409,125008.11
24410,24410,155027.28
24411,24411,0.0
24412,24412,0.0
24413,24413,27162.227
24414,24414,23671.42
24415,24415,0.0
24416,24416,0.0
24417,24417,15579.963
24418,24418,39892.727
24419,24419,10436.079
24420,24420,0.0
24421,24421,94044.28
24422,24422,5369.616
24423,24423,4531.458
24424,24424,2352.9324
24425,24425,6188.531
24426,24426,563902.1
24427,24427,9821.333
24428,24428,13925.508
24429,24429,115442.23
24430,24430,12262.861
24431,24431,70610.836
24432,24432,292584.3
24433,24433,51560.0
24434,24434,6963.2397
24435,24435,38095.574
24436,24436,183391.47
24437,24437,53967.855
24438,24438,26035.123
24439,24439,98511.68
24440,24440,4985.8193
24441,24441,18313.012
24442,24442,25161.705
24443,24443,0.0
24444,24444,0.0
24445,24445,14635.367
24446,24446,176941.52
24447,24447,69018.65
24448,24448,8620.897
24449,24449,158827.14
24450,24450,54582.36
24451,24451,503.77707
24452,24452,1.8650439e+06
24453,24453,9715.967
24454,24454,70804.664
24455,24455,92623.73
24456,24456,17768.232
24457,24457,0.0
24458,24458,0.0
24459,24459,14593.7295
24460,24460,8588.911
24461,24461,21521.57
24462,24462,9580.422
24463,24463,17306.605
24464,24464,90711.266
24465,24465,3815.986
24466,24466,0.0
24467,24467,0.0
24468,24468,21307.521
24469,24469,0.0
24470,24470,1630.4011
24471,24471,73803.19
24472,24472,7260.9854
24473,24473,3311.8333
24474,24474,44994.69
24475,24475,0.0
24476,24476,0.0
24477,24477,8358.397
24478,24478,9829.522
24479,24479,23939.16
24480,24480,20532.57
24481,24481,250.20564
24482,24482,14247.462
24483,24483,21015.354
24484,24484,35350.824
24485,24485,73461.75
24486,24486,0.0
24487,24487,58699.84
24488,24488,15602.884
24489,24489,14864.808
24490,24490,31175.47
24491,24491,0.0
24492,24492,13960.987
24493,24493,0.0
24494,24494,5461.937
24495,24495,0.0
24496,24496,1136.1376
24497,24497,1063.4868
24498,24498,19537.887
24499,24499,244745.86
24500,24500,68568.44
24501,24501,0.0
24502,24502,96582.984
24503,24503,28291.875
24504,24504,22369.865
24505,24505,29444.746
24506,24506,16875.502
24507,24507,29848.48
24508,24508,19699.479
24509,24509,42617.984
24510,24510,21860.645
24511,24511,284.57666
24512,24512,0.0
24513,24513,118151.195
24514,24514,33867.08
24515,24515,0.0
24516,24516,3493.5256
24517,24517,76590.15
24518,24518,0.0
24519,24519,2541.7095
24520,24520,145449.42
24521,24521,16239.578
24522,24522,0.0
24523,24523,19506.295
24524,24524,0.0
24525,24525,0.0
24526,24526,0.0
24527,24527,2569.925
24528,24528,27336.008
24529,24529,0.0
24530,24530,0.0
24531,24531,17473.254
24532,24532,1390.8557
24533,24533,491238.84
24534,24534,0.0
24535,24535,220749.9
24536,24536,0.0
24537,24537,28550.445
24538,24538,8929.317
24539,24539,1919.721
24540,24540,0.0
24541,24541,0.0
24542,24542,25193.766
24543,24543,26842.04
24544,24544,5594.5303
24545,24545,79733.85
24546,24546,161436.6
24547,24547,22310.844
24548,24548,148931.1
24549,24549,27067.453
24550,24550,0.0
24551,24551,54078.56
24552,24552,5836.8037
24553,24553,14877.747
24554,24554,46000.29
24555,24555,84942.98
24556,24556,56456.715
24557,24557,40919.617
24558,24558,0.0
24559,24559,8395.424
24560,24560,248670.56
24561,24561,20338.117
24562,24562,13250.844
24563,24563,47533.957
24564,24564,179192.84
24565,24565,11091.027
24566,24566,9780.042
24567,24567,32447.607
24568,24568,88307.89
24569,24569,124415.18
24570,24570,0.0
24571,24571,0.0
24572,24572,15963.029
24573,24573,1.00112844e+06
24574,24574,0.0
24575,24575,12756.513
24576,24576,127462.5
24577,24577,2.2938872e+07
24578,24578,263023.4
24579,24579,1337.2625
24580,24580,62906.844
24581,24581,0.0
24582,24582,17217.193
24583,24583,299302.2
24584,24584,33768.516
24585,24585,58199.992
24586,24586,44283.32
24587,24587,0.0
24588,24588,1706.2241
24589,24589,0.0
24590,24590,27012.414
24591,24591,123472.98
24592,24592,5966.9272
24593,24593,16922.904
24594,24594,0.0
24595,24595,0.0
24596,24596,6993.257
24597,24597,3341.3362
24598,24598,222263.78
24599,24599,0.0
24600,24600,4610.393
24601,24601,0.0
24602,24602,13543.772
24603,24603,0.0
24604,24604,1351.2251
24605,24605,45793.742
24606,24606,113189.76
24607,24607,27432.271
24608,24608,3576.654
24609,24609,5104.6035
24610,24610,0.0
24611,24611,0.0
24612,24612,57712.07
24613,24613,2247.7888
24614,24614,0.0
24615,24615,30817.1
24616,24616,11696.596
24617,24617,27951.395
24618,24618,37670.31
24619,24619,18162.947
24620,24620,120083.58
24621,24621,35509.18
24622,24622,30018.506
24623,24623,23537.262
24624,24624,6036.7065
24625,24625,29322.867
24626,24626,1302.4264
24627,24627,0.0
24628,24628,0.0
24629,24629,0.0
24630,24630,7049.517
24631,24631,0.0
24632,24632,10717.549
24633,24633,0.0
24634,24634,6704.5884
24635,24635,11283.605
24636,24636,170902.19
24637,24637,7736.8525
24638,24638,14037.498
24639,24639,290726.2
24640,24640,24027.715
24641,24641,0.0
24642,24642,18288.582
24643,24643,0.0
24644,24644,17788.951
24645,24645,12849.457
24646,24646,3670.7039
24647,24647,47835.832
24648,24648,0.0
24649,24649,4987.389
24650,24650,28150.979
24651,24651,55227.33
24652,24652,0.0
24653,24653,200255.4
24654,24654,45819.273
24655,24655,0.0
24656,24656,36049.305
24657,24657,23497.451
24658,24658,0.0
24659,24659,7795.768
24660,24660,43681.773
24661,24661,0.0
24662,24662,443082.1
24663,24663,2900.06
24664,24664,18920.541
24665,24665,80246.21
24666,24666,32098.275
24667,24667,61855.76
24668,24668,752.964
24669,24669,0.0
24670,24670,743100.75
24671,24671,11206.083
24672,24672,9195.562
24673,24673,2.0581246e+06
24674,24674,11768.649
24675,24675,0.0
24676,24676,1940.3145
24677,24677,25080.729
24678,24678,0.0
24679,24679,0.0
24680,24680,1996.6796
24681,24681,0.0
24682,24682,3437.9763
24683,24683,48809.81
24684,24684,20406.832
24685,24685,20972.818
24686,24686,15671.755
24687,24687,32248.238
24688,24688,0.0
24689,24689,12226.444
24690,24690,649.8952
24691,24691,25232.512
24692,24692,1799.7803
24693,24693,8507.105
24694,24694,38693.273
24695,24695,13426.804
24696,24696,4850.8975
24697,24697,0.0
24698,24698,64947.824
24699,24699,37339.164
24700,24700,0.0
24701,24701,12019.009
24702,24702,8746.39
24703,24703,120273.7
24704,24704,0.0
24705,24705,0.0
24706,24706,31687.016
24707,24707,53106.684
24708,24708,0.0
24709,24709,6590.2017
24710,24710,33122.105
24711,24711,8846.52
24712,24712,13062.706
24713,24713,12024.931
24714,24714,4835.6494
24715,24715,0.0
24716,24716,0.0
24717,24717,0.0
24718,24718,178728.58
24719,24719,131860.2
24720,24720,0.0
24721,24721,17804.572
24722,24722,0.0
24723,24723,106866.15
24724,24724,342326.03
24725,24725,4961.949
24726,24726,5476.033
24727,24727,140918.34
24728,24728,78787.984
24729,24729,0.0
24730,24730,14180.222
24731,24731,17596.113
24732,24732,172259.2
24733,24733,44260.582
24734,24734,31573.664
24735,24735,0.0
24736,24736,2.4256198e+06
24737,24737,11992.854
24738,24738,7496.8384
24739,24739,0.0
24740,24740,11105.373
24741,24741,15908.172
24742,24742,0.0
24743,24743,0.0
24744,24744,79264.42
24745,24745,5.623207
24746,24746,0.0
24747,24747,0.0
24748,24748,6780.9336
24749,24749,24794.705
24750,24750,10327.407
24751,24751,24831.053
24752,24752,31679.059
24753,24753,39626.29
24754,24754,47669.168
24755,24755,19018.86
24756,24756,390238.8
24757,24757,38995.605
24758,24758,2.1992228e+06
24759,24759,772.3761
24760,24760,12723.984
24761,24761,11480.43
24762,24762,8644.379
24763,24763,41436.203
24764,24764,65951.75
24765,24765,0.0
24766,24766,74486.805
24767,24767,1366.1377
24768,24768,13694.67
24769,24769,31588.291
24770,24770,24832.164
24771,24771,22766.473
24772,24772,127422.67
24773,24773,2788.7444
24774,24774,6012.5703
24775,24775,5.814167e+06
24776,24776,3134.278
24777,24777,87956.06
24778,24778,0.0
24779,24779,0.0
24780,24780,92830.125
24781,24781,101814.62
24782,24782,22043.74
24783,24783,78605.96
24784,24784,17197.836
24785,24785,51892.363
24786,24786,20865.348
24787,24787,49917.14
24788,24788,41918.01
24789,24789,16706.234
24790,24790,45812.43
24791,24791,68744.81
24792,24792,0.0
24793,24793,4570.2383
24794,24794,7045.8677
24795,24795,78418.734
24796,24796,0.0
24797,24797,17876.943
24798,24798,9514.16
24799,24799,30562.787
24800,24800,0.0
24801,24801,143776.64
24802,24802,0.0
24803,24803,0.0
24804,24804,44044.12
24805,24805,24973.75
24806,24806,2635.8484
24807,24807,0.0
24808,24808,38210.816
24809,24809,246109.69
24810,24810,23536.975
24811,24811,2300.098
24812,24812,0.0
24813,24813,2235.897
24814,24814,0.0
24815,24815,0.0
24816,24816,5753.0127
24817,24817,901.59503
24818,24818,40292.508
24819,24819,161542.45
24820,24820,0.0
24821,24821,0.0
24822,24822,7479.766
24823,24823,5788.601
24824,24824,51666.71
24825,24825,44843.777
24826,24826,110888.766
24827,24827,801022.25
24828,24828,11008.703
24829,24829,7598.2896
24830,24830,246740.75
24831,24831,0.0
24832,24832,19146.19
24833,24833,0.0
24834,24834,0.0
24835,24835,16664.264
24836,24836,63862.67
24837,24837,34905.695
24838,24838,3641.7852
24839,24839,47718.043
24840,24840,57750.008
24841,24841,0.0
24842,24842,81368.28
24843,24843,12726.506
24844,24844,85201.56
24845,24845,64732.234
24846,24846,0.0
24847,24847,136661.98
24848,24848,23767.209
24849,24849,0.0
24850,24850,12518.934
24851,24851,19902.506
24852,24852,26200.002
24853,24853,0.0
24854,24854,12967.509
24855,24855,14949.843
24856,24856,348095.6
24857,24857,47912.895
24858,24858,36081.098
24859,24859,22803.17
24860,24860,1633.0785
24861,24861,24704.316
24862,24862,10500.122
24863,24863,40160.8
24864,24864,35282.07
24865,24865,97037.94
24866,24866,69620.91
24867,24867,3738.9417
24868,24868,49216.68
24869,24869,8884.488
24870,24870,37006.348
24871,24871,3653.066
24872,24872,26590.197
24873,24873,28031.984
24874,24874,19467.52
24875,24875,32878.316
24876,24876,10865.144
24877,24877,12856.892
24878,24878,0.0
24879,24879,13556.142
24880,24880,26111.191
24881,24881,109925.37
24882,24882,0.0
24883,24883,898226.9
24884,24884,217236.86
24885,24885,5250.966
24886,24886,0.0
24887,24887,0.0
24888,24888,12132.5625
24889,24889,0.0
24890,24890,31666.803
24891,24891,148261.86
24892,24892,9219.9795
24893,24893,33781.934
24894,24894,37789.543
24895,24895,97740.28
24896,24896,69628.86
24897,24897,82643.28
24898,24898,42997.72
24899,24899,45279.582
24900,24900,93571.03
24901,24901,15593.399
24902,24902,63688.566
24903,24903,0.0
24904,24904,17402.732
24905,24905,9983.5625
24906,24906,10744.018
24907,24907,294142.66
24908,24908,54545.797
24909,24909,117469.06
24910,24910,9095.056
24911,24911,136913.97
24912,24912,3646.7512
24913,24913,31865.916
24914,24914,0.0
24915,24915,99941.164
24916,24916,10196.735
24917,24917,21926.008
24918,24918,42189.883
24919,24919,3533.0686
24920,24920,134212.84
24921,24921,3839.5474
24922,24922,9208.729
24923,24923,13163.988
24924,24924,7833.12
24925,24925,5956.24
24926,24926,24521.514
24927,24927,8987.007
24928,24928,53505.152
24929,24929,29499.773
24930,24930,10074.208
24931,24931,37321.31
24932,24932,71489.95
24933,24933,18256.725
24934,24934,14223.91
24935,24935,54855.203
24936,24936,8904.97
24937,24937,32812.945
24938,24938,0.0
24939,24939,56993.375
24940,24940,428783.78
24941,24941,4563.4185
24942,24942,114266.61
24943,24943,22961.535
24944,24944,51481.19
24945,24945,18447.805
24946,24946,22768.383
24947,24947,42057.91
24948,24948,113065.23
24949,24949,0.0
24950,24950,0.0
24951,24951,29762.941
24952,24952,33104.848
24953,24953,30782.648
24954,24954,76540.33
24955,24955,12989.461
24956,24956,11883.938
24957,24957,31837.434
24958,24958,3185.9448
24959,24959,32083.318
24960,24960,7070.5283
24961,24961,0.0
24962,24962,38121.582
24963,24963,2895.6853
24964,24964,0.0
24965,24965,63014.246
24966,24966,113296.73
24967,24967,1769.1187
24968,24968,74978.42
24969,24969,12834.561
24970,24970,68362.65
24971,24971,9307.305
24972,24972,7182.336
24973,24973,921.849
24974,24974,19345.89
24975,24975,130034.83
24976,24976,71298.414
24977,24977,0.0
24978,24978,28379.703
24979,24979,14848.452
24980,24980,16518.646
24981,24981,0.0
24982,24982,2549.8025
24983,24983,43457.25
24984,24984,0.0
24985,24985,36465.918
24986,24986,24559.75
24987,24987,83930.695
24988,24988,37821.953
24989,24989,25528.604
24990,24990,126206.84
24991,24991,17094.744
24992,24992,8281.745
24993,24993,0.0
24994,24994,103167.25
24995,24995,44238.324
24996,24996,12701.781
24997,24997,155561.3
24998,24998,17134.635
24999,24999,7326.811
25000,25000,0.0
25001,25001,0.0
25002,25002,0.0
25003,25003,52207.51
25004,25004,21741.768
25005,25005,72885.266
25006,25006,119773.67
25007,25007,27403.688
25008,25008,0.0
25009,25009,3226.1123
25010,25010,22656.71
25011,25011,136054.97
25012,25012,15372.59
25013,25013,0.0
25014,25014,7556.5815
25015,25015,758.23047
25016,25016,263.68707
25017,25017,52376.684
25018,25018,18665.094
25019,25019,21677.648
25020,25020,0.0
25021,25021,0.0
25022,25022,3442.6367
25023,25023,10476.166
25024,25024,425.53973
25025,25025,39726.45
25026,25026,3394.8127
25027,25027,7402.237
25028,25028,5688.9517
25029,25029,5240.4033
25030,25030,820.7768
25031,25031,41718.016
25032,25032,57608.715
25033,25033,9639.584
25034,25034,13690.091
25035,25035,14478.837
25036,25036,94538.1
25037,25037,91329.086
25038,25038,13738.972
25039,25039,147132.34
25040,25040,17916.568
25041,25041,4439.46
25042,25042,58860.332
25043,25043,0.0
25044,25044,0.0
25045,25045,35948.82
25046,25046,21677.422
25047,25047,54347.902
25048,25048,0.0
25049,25049,8611.75
25050,25050,0.0
25051,25051,66512.03
25052,25052,44815.516
25053,25053,0.0
25054,25054,0.0
25055,25055,3090.9219
25056,25056,4644.234
25057,25057,250940.34
25058,25058,10971.215
25059,25059,22203.52
25060,25060,5130.3833
25061,25061,0.0
25062,25062,17698.68
25063,25063,10740.555
25064,25064,0.0
25065,25065,63021.812
25066,25066,27258.43
25067,25067,11039.951
25068,25068,5189.451
25069,25069,79375.79
25070,25070,1691.2817
25071,25071,0.0
25072,25072,0.0
25073,25073,23977.895
25074,25074,0.0
25075,25075,16083.768
25076,25076,0.0
25077,25077,4772.891
25078,25078,12193.851
25079,25079,198591.78
25080,25080,9951.922
25081,25081,27352.818
25082,25082,0.0
25083,25083,29972.96
25084,25084,17126.695
25085,25085,171994.16
25086,25086,114712.29
25087,25087,15636.407
25088,25088,12946.096
25089,25089,11632.048
25090,25090,8366.996
25091,25091,17885.027
25092,25092,22174.277
25093,25093,408929.25
25094,25094,1773.2767
25095,25095,230516.06
25096,25096,15570.559
25097,25097,25.702282
25098,25098,23472.076
25099,25099,13162.392
25100,25100,8238.02
25101,25101,18948.188
25102,25102,10210.046
25103,25103,42481.69
25104,25104,0.0
25105,25105,3383.9048
25106,25106,196677.06
25107,25107,0.0
25108,25108,50395.023
25109,25109,51864.04
25110,25110,65737.13
25111,25111,5574.88
25112,25112,0.0
25113,25113,0.0
25114,25114,20784.371
25115,25115,64147.92
25116,25116,254257.52
25117,25117,68611.37
25118,25118,34960.977
25119,25119,49687.92
25120,25120,42292.348
25121,25121,57166.33
25122,25122,44486.53
25123,25123,0.0
25124,25124,32767.354
25125,25125,0.0
25126,25126,75697.75
25127,25127,13941.07
25128,25128,11010.747
25129,25129,89007.91
25130,25130,0.0
25131,25131,72752.96
25132,25132,0.0
25133,25133,43386.363
25134,25134,454518.75
25135,25135,0.0
25136,25136,63244.605
25137,25137,49291.906
25138,25138,8986.803
25139,25139,0.0
25140,25140,5398.462
25141,25141,0.0
25142,25142,0.0
25143,25143,34901.9
25144,25144,2.4923492e+06
25145,25145,1686.1846
25146,25146,54839.934
25147,25147,1.0887015e+06
25148,25148,46485.195
25149,25149,21428.031
25150,25150,19240.686
25151,25151,5422.4653
25152,25152,20091.154
25153,25153,0.0
25154,25154,98133.555
25155,25155,17007.87
25156,25156,15457.913
25157,25157,24752.645
25158,25158,15844.454
25159,25159,7070.0566
25160,25160,143852.19
25161,25161,25146.54
25162,25162,1902.9258
25163,25163,39803.375
25164,25164,14396.917
25165,25165,3.175699e+06
25166,25166,28766.152
25167,25167,3751.913
25168,25168,155778.42
25169,25169,9803.093
25170,25170,0.0
25171,25171,218307.9
25172,25172,15704.295
25173,25173,0.0
25174,25174,6036.7065
25175,25175,22682.48
25176,25176,0.0
25177,25177,12676.5625
25178,25178,17016.291
25179,25179,0.0
25180,25180,3850.4087
25181,25181,221135.89
25182,25182,109.84239
25183,25183,71909.98
25184,25184,2884.6465
25185,25185,5253.445
25186,25186,67914.555
25187,25187,52093.566
25188,25188,0.0
25189,25189,10039.959
25190,25190,19108.785
25191,25191,82811.68
25192,25192,0.0
25193,25193,392.23117
25194,25194,12804.001
25195,25195,48199.977
25196,25196,13191.828
25197,25197,18535.611
25198,25198,960.813
25199,25199,19887.285
25200,25200,14897.656
25201,25201,127216.94
25202,25202,0.0
25203,25203,53713.926
25204,25204,19014.95
25205,25205,6867.526
25206,25206,11272.618
25207,25207,0.0
25208,25208,0.0
25209,25209,52778.926
25210,25210,57391.793
25211,25211,5818.361
25212,25212,2823.8044
25213,25213,11817.282
25214,25214,0.0
25215,25215,0.0
25216,25216,0.0
25217,25217,0.0
25218,25218,56014.7
25219,25219,6619.0205
25220,25220,33169.836
25221,25221,2215.248
25222,25222,23768.908
25223,25223,55653.793
25224,25224,21519.213
25225,25225,240821.47
25226,25226,0.0
25227,25227,0.0
25228,25228,39958.32
25229,25229,7070.075
25230,25230,1694.5973
25231,25231,26838.771
25232,25232,3353.9944
25233,25233,19578.504
25234,25234,11111.204
25235,25235,8739.439
25236,25236,0.0
25237,25237,59374.94
25238,25238,148374.48
25239,25239,119750.43
25240,25240,21735.475
25241,25241,47026.68
25242,25242,607.6227
25243,25243,5976.341
25244,25244,0.0
25245,25245,9180.399
25246,25246,32799.953
25247,25247,6383.3154
25248,25248,28072.195
25249,25249,8726.655
25250,25250,3234.936
25251,25251,8687.774
25252,25252,0.0
25253,25253,79475.84
25254,25254,1565.0665
25255,25255,0.0
25256,25256,0.0
25257,25257,34282.57
25258,25258,14578.799
25259,25259,63834.953
25260,25260,13732.476
25261,25261,35.60779
25262,25262,60024.305
25263,25263,105891.48
25264,25264,56519.863
25265,25265,0.0
25266,25266,9765.045
25267,25267,24781.826
25268,25268,0.0
25269,25269,49784.38
25270,25270,0.0
25271,25271,281126.78
25272,25272,27375.234
25273,25273,6611.349
25274,25274,90854.84
25275,25275,8078.454
25276,25276,63004.64
25277,25277,47346.234
25278,25278,12500.56
25279,25279,12436.19
25280,25280,2540.12
25281,25281,64278.457
25282,25282,4.8363675e+06
25283,25283,1599.771
25284,25284,0.0
25285,25285,1747.793
25286,25286,10006.976
25287,25287,0.0
25288,25288,20254.396
25289,25289,13594.392
25290,25290,96472.49
25291,25291,0.0
25292,25292,0.0
25293,25293,27234.434
25294,25294,78242.875
25295,25295,32974.785
25296,25296,20055.205
25297,25297,0.0
25298,25298,3.93325e+06
25299,25299,0.0
25300,25300,112203.67
25301,25301,0.0
25302,25302,178446.86
25303,25303,0.0
25304,25304,0.0
25305,25305,27519.057
25306,25306,7473.153
25307,25307,4130.424
25308,25308,75046.56
25309,25309,40039.895
25310,25310,53665.473
25311,25311,175424.73
25312,25312,0.0
25313,25313,0.0
25314,25314,0.0
25315,25315,3863.1604
25316,25316,11570.15
25317,25317,762.5776
25318,25318,12035.992
25319,25319,63622.285
25320,25320,10026.1045
25321,25321,0.0
25322,25322,50983.254
25323,25323,129413.59
25324,25324,307092.38
25325,25325,32683.938
25326,25326,4285.8643
25327,25327,30005.887
25328,25328,24358.727
25329,25329,0.0
25330,25330,0.0
25331,25331,27491.22
25332,25332,0.0
25333,25333,0.0
25334,25334,23558.455
25335,25335,14714.645
25336,25336,12921.444
25337,25337,0.0
25338,25338,0.0
25339,25339,26007.105
25340,25340,4967.9614
25341,25341,0.0
25342,25342,10027.038
25343,25343,0.0
25344,25344,0.0
25345,25345,18087.328
25346,25346,117.80202
25347,25347,18865.773
25348,25348,0.0
25349,25349,231220.89
25350,25350,6765.5835
25351,25351,5688.832
25352,25352,0.0
25353,25353,27190.932
25354,25354,12603.013
25355,25355,2584.4243
25356,25356,11240.315
25357,25357,11353.628
25358,25358,29727.27
25359,25359,149273.61
25360,25360,0.0
25361,25361,0.0
25362,25362,5551.308
25363,25363,258262.19
25364,25364,0.0
25365,25365,125259.03
25366,25366,76290.77
25367,25367,0.0
25368,25368,40402.24
25369,25369,0.0
25370,25370,144892.7
25371,25371,42358.64
25372,25372,0.0
25373,25373,53002.13
25374,25374,10452.357
25375,25375,5219.221
25376,25376,15754.59
25377,25377,0.0
25378,25378,1965.191
25379,25379,28630.99
25380,25380,17122.992
25381,25381,6423.0728
25382,25382,11022.98
25383,25383,22695.527
25384,25384,0.0
25385,25385,0.0
25386,25386,40218.62
25387,25387,696717.75
25388,25388,7245.354
25389,25389,12600.54
25390,25390,120479.484
25391,25391,760.3027
25392,25392,30528.385
25393,25393,10852.865
25394,25394,14514.912
25395,25395,7463.2725
25396,25396,9630.688
25397,25397,78327.66
25398,25398,31878.697
25399,25399,41328.64
25400,25400,0.0
25401,25401,20649.69
25402,25402,71064.36
25403,25403,52293.11
25404,25404,0.0
25405,25405,15637.815
25406,25406,11790.477
25407,25407,0.0
25408,25408,0.0
25409,25409,218066.62
25410,25410,51565.895
25411,25411,0.0
25412,25412,47053.977
25413,25413,17053.656
25414,25414,0.0
25415,25415,71336.31
25416,25416,6576.5234
25417,25417,10992.18
25418,25418,27576.205
25419,25419,0.0
25420,25420,0.0
25421,25421,6624.9707
25422,25422,119672.54
25423,25423,8522.398
25424,25424,0.0
25425,25425,15395.65
25426,25426,0.0
25427,25427,0.0
25428,25428,50746.367
25429,25429,0.0
25430,25430,0.0
25431,25431,37277.418
25432,25432,0.0
25433,25433,0.0
25434,25434,11387.563
25435,25435,199644.77
25436,25436,8967.304
25437,25437,1728.0352
25438,25438,11921.732
25439,25439,7563.6294
25440,25440,104081.21
25441,25441,115357.84
25442,25442,6658.1855
25443,25443,60228.65
25444,25444,14844.037
25445,25445,7166.1855
25446,25446,17887.105
25447,25447,107473.09
25448,25448,10479.927
25449,25449,8108.763
25450,25450,242172.66
25451,25451,59609.188
25452,25452,27050.754
25453,25453,65171.277
25454,25454,12968.269
25455,25455,83122.11
25456,25456,14713.854
25457,25457,50481.24
25458,25458,55533.824
25459,25459,5852.386
25460,25460,9677.242
25461,25461,56671.21
25462,25462,70798.81
25463,25463,59837.695
25464,25464,9267.172
25465,25465,57958.957
25466,25466,159106.83
25467,25467,186502.08
25468,25468,17727.244
25469,25469,9495.292
25470,25470,56548.65
25471,25471,26490.977
25472,25472,0.0
25473,25473,0.0
25474,25474,242.5658
25475,25475,0.0
25476,25476,70006.516
25477,25477,0.0
25478,25478,5290.703
25479,25479,27927.555
25480,25480,50825.797
25481,25481,16912.645
25482,25482,5374.2095
25483,25483,30854.291
25484,25484,22480.521
25485,25485,16571.55
25486,25486,2.3067692e+06
25487,25487,16363.549
25488,25488,0.0
25489,25489,9228.456
25490,25490,10391.009
25491,25491,0.0
25492,25492,12503.825
25493,25493,10052.076
25494,25494,4383.7686
25495,25495,0.0
25496,25496,41987.66
25497,25497,0.0
25498,25498,0.0
25499,25499,9655.056
25500,25500,6858.719
25501,25501,8250.134
25502,25502,0.0
25503,25503,69349.445
25504,25504,0.0
25505,25505,12078.763
25506,25506,9828.487
25507,25507,28217.416
25508,25508,0.0
25509,25509,9792.92
25510,25510,34179.492
25511,25511,8113.8066
25512,25512,13481.002
25513,25513,5808.841
25514,25514,0.0
25515,25515,0.0
25516,25516,58315.773
25517,25517,0.0
25518,25518,33074.07
25519,25519,0.0
25520,25520,845.8343
25521,25521,151802.86
25522,25522,0.0
25523,25523,9247.342
25524,25524,71128.39
25525,25525,1858.8055
25526,25526,0.0
25527,25527,0.0
25528,25528,39664.03
25529,25529,161917.4
25530,25530,1626.9404
25531,25531,6230.9707
25532,25532,310264.16
25533,25533,400.7236
25534,25534,32088.45
25535,25535,10786.69
25536,25536,9113.697
25537,25537,11877.316
25538,25538,8914.897
25539,25539,0.0
25540,25540,97165.35
25541,25541,298072.78
25542,25542,108507.29
25543,25543,18593.867
25544,25544,8642.182
25545,25545,40844.07
25546,25546,31471.455
25547,25547,22509.264
25548,25548,18918.186
25549,25549,120064.8
25550,25550,0.0
25551,25551,11122.377
25552,25552,9708.836
25553,25553,23608.152
25554,25554,14592.287
25555,25555,0.0
25556,25556,55596.586
25557,25557,247002.56
25558,25558,59061.887
25559,25559,18284.08
25560,25560,37812.746
25561,25561,945.0169
25562,25562,2846.5713
25563,25563,8642.121
25564,25564,45133.383
25565,25565,0.0
25566,25566,24122.76
25567,25567,37941.098
25568,25568,0.0
25569,25569,2309.8135
25570,25570,261.57196
25571,25571,8461.205
25572,25572,31108.398
25573,25573,180950.6
25574,25574,14865.453
25575,25575,0.0
25576,25576,16854.738
25577,25577,0.0
25578,25578,0.0
25579,25579,9411.533
25580,25580,5.6312855e+06
25581,25581,22782.113
25582,25582,0.0
25583,25583,20123.37
25584,25584,5961.491
25585,25585,0.0
25586,25586,17776.305
25587,25587,1108.629
25588,25588,79325.72
25589,25589,33372.17
25590,25590,0.0
25591,25591,611.24176
25592,25592,45239.867
25593,25593,4216.894
25594,25594,35779.293
25595,25595,3932.511
25596,25596,2168.5942
25597,25597,41546.254
25598,25598,41620.105
25599,25599,0.0
25600,25600,0.0
25601,25601,1.3899296e+06
25602,25602,0.0
25603,25603,10383.116
25604,25604,12763.21
25605,25605,0.0
25606,25606,267369.6
25607,25607,16306.542
25608,25608,70212.5
25609,25609,6855.1865
25610,25610,7383.2793
25611,25611,80362.836
25612,25612,0.0
25613,25613,32249.883
25614,25614,103462.555
25615,25615,119951.24
25616,25616,72925.586
25617,25617,12402.338
25618,25618,18808.178
25619,25619,0.0
25620,25620,0.0
25621,25621,4552.8623
25622,25622,140028.4
25623,25623,14458.842
25624,25624,613.7307
25625,25625,10883.716
25626,25626,34282.297
25627,25627,20263.588
25628,25628,31110.52
25629,25629,17952.158
25630,25630,17723.904
25631,25631,32126.496
25632,25632,29990.738
25633,25633,109259.59
25634,25634,3247.496
25635,25635,8462.347
25636,25636,63055.723
25637,25637,1965.2498
25638,25638,31152.924
25639,25639,0.0
25640,25640,24385.637
25641,25641,95853.39
25642,25642,173346.55
25643,25643,77722.52
25644,25644,165.212
25645,25645,71348.57
25646,25646,0.0
25647,25647,25146.23
25648,25648,8129.481
25649,25649,1876.8097
25650,25650,0.0
25651,25651,12749.906
25652,25652,74385.62
25653,25653,25254.395
25654,25654,0.0
25655,25655,0.0
25656,25656,26824.338
25657,25657,84317.76
25658,25658,191504.27
25659,25659,35471.24
25660,25660,38548.656
25661,25661,0.0
25662,25662,13851.339
25663,25663,24929.625
25664,25664,106215.05
25665,25665,5616.313
25666,25666,4710.7886
25667,25667,960.34064
25668,25668,0.0
25669,25669,0.0
25670,25670,0.0
25671,25671,8451.003
25672,25672,0.0
25673,25673,6623.959
25674,25674,0.0
25675,25675,0.0
25676,25676,6267.3154
25677,25677,118075.336
25678,25678,5690.0757
25679,25679,47274.87
25680,25680,6252.3335
25681,25681,40793.215
25682,25682,5837.2153
25683,25683,0.0
25684,25684,6840.219
25685,25685,24742.441
25686,25686,18885.55
25687,25687,0.0
25688,25688,89615.47
25689,25689,81369.77
25690,25690,134995.81
25691,25691,2108.0723
25692,25692,26274.658
25693,25693,135284.14
25694,25694,0.0
25695,25695,9921.868
25696,25696,14970.286
25697,25697,21031.898
25698,25698,0.0
25699,25699,170118.55
25700,25700,82784.41
25701,25701,17103.334
25702,25702,0.0
25703,25703,13838.031
25704,25704,3.2368168e+06
25705,25705,5769.368
25706,25706,5640.872
25707,25707,0.0
25708,25708,16976.861
25709,25709,1011.07263
25710,25710,32578.178
25711,25711,7702.9663
25712,25712,9909.105
25713,25713,55737.523
25714,25714,88258.29
25715,25715,1.082841e+06
25716,25716,1648.8466
25717,25717,11919.51
25718,25718,13043.638
25719,25719,97278.65
25720,25720,36681.863
25721,25721,0.0
25722,25722,0.0
25723,25723,94470.22
25724,25724,36243.523
25725,25725,0.0
25726,25726,18443.598
25727,25727,22930.27
25728,25728,212522.45
25729,25729,12203.758
25730,25730,8233.437
25731,25731,0.0
25732,25732,0.0
25733,25733,15151.189
25734,25734,27035.838
25735,25735,23960.902
25736,25736,550.02374
25737,25737,133266.05
25738,25738,41075.324
25739,25739,61263.902
25740,25740,82208.23
25741,25741,41398.035
25742,25742,66380.48
25743,25743,19486.898
25744,25744,16996.36
25745,25745,0.0
25746,25746,12050.176
25747,25747,892.5205
25748,25748,9880.464
25749,25749,0.0
25750,25750,29734.814
25751,25751,0.0
25752,25752,23580.076
25753,25753,86596.0
25754,25754,5517.679
25755,25755,0.0
25756,25756,6601.88
25757,25757,0.0
25758,25758,99558.55
25759,25759,3174.2188
25760,25760,6968.9404
25761,25761,9058.071
25762,25762,10086.838
25763,25763,17945.832
25764,25764,5627.012
25765,25765,0.0
25766,25766,208326.44
25767,25767,961.10516
25768,25768,12274.975
25769,25769,12097.978
25770,25770,9001.635
25771,25771,220892.0
25772,25772,18752.053
25773,25773,45915.53
25774,25774,6352.9814
25775,25775,38677.223
25776,25776,4349.278
25777,25777,0.0
25778,25778,2282.2046
25779,25779,4551.493
25780,25780,36449.902
25781,25781,0.0
25782,25782,19952.275
25783,25783,0.0
25784,25784,51299.996
25785,25785,7690.053
25786,25786,0.0
25787,25787,0.0
25788,25788,70370.12
25789,25789,8052.4614
25790,25790,0.0
25791,25791,0.0
25792,25792,34922.895
25793,25793,11494.009
25794,25794,2084.5293
25795,25795,32552.508
25796,25796,43329.156
25797,25797,0.0
25798,25798,41546.336
25799,25799,73091.34
25800,25800,9097.607
25801,25801,149539.5
25802,25802,9547.698
25803,25803,0.0
25804,25804,22537.09
25805,25805,0.0
25806,25806,7697.992
25807,25807,0.0
25808,25808,0.0
25809,25809,56317.12
25810,25810,85689.414
25811,25811,28821.541
25812,25812,70871.81
25813,25813,55792.93
25814,25814,94765.2
25815,25815,126442.805
25816,25816,68635.914
25817,25817,9707.49
25818,25818,31437.791
25819,25819,33117.754
25820,25820,82917.2
25821,25821,4034.8455
25822,25822,30619.951
25823,25823,73721.016
25824,25824,0.0
25825,25825,3345.9346
25826,25826,55467.695
25827,25827,25190.75
25828,25828,25911.984
25829,25829,182532.1
25830,25830,8269.006
25831,25831,41451.28
25832,25832,2890.3635
25833,25833,0.0
25834,25834,0.0
25835,25835,12882.529
25836,25836,29957.771
25837,25837,8.3643755e+06
25838,25838,124690.16
25839,25839,64690.754
25840,25840,133727.55
25841,25841,55691.605
25842,25842,127554.43
25843,25843,9276.783
25844,25844,0.0
25845,25845,0.0
25846,25846,19703.684
25847,25847,18433.627
25848,25848,1.5977871e+06
25849,25849,0.0
25850,25850,139441.02
25851,25851,9796.657
25852,25852,0.0
25853,25853,86211.79
25854,25854,5121.6074
25855,25855,0.0
25856,25856,65463.383
25857,25857,3943.3188
25858,25858,12138.209
25859,25859,10123.24
25860,25860,126799.74
25861,25861,7133.439
25862,25862,442.46732
25863,25863,7715.8057
25864,25864,34248.273
25865,25865,22884.719
25866,25866,6749.392
25867,25867,49683.707
25868,25868,35764.38
25869,25869,0.0
25870,25870,0.0
25871,25871,0.0
25872,25872,0.0
25873,25873,5723.953
25874,25874,36867.766
25875,25875,155475.86
25876,25876,80497.75
25877,25877,30401.025
25878,25878,0.0
25879,25879,12378.652
25880,25880,0.0
25881,25881,0.0
25882,25882,790.3181
25883,25883,0.0
25884,25884,3713.7905
25885,25885,606144.75
25886,25886,118365.16
25887,25887,6465.265
25888,25888,0.0
25889,25889,2432.5112
25890,25890,344668.0
25891,25891,1159.1743
25892,25892,141797.14
25893,25893,3949.043
25894,25894,13193.12
25895,25895,201995.75
25896,25896,0.0
25897,25897,0.0
25898,25898,332491.0
25899,25899,0.0
25900,25900,62794.332
25901,25901,28416.771
25902,25902,48536.316
25903,25903,51259.16
25904,25904,5904.9424
25905,25905,26963.643
25906,25906,132473.1
25907,25907,117453.06
25908,25908,3.1346185e+06
25909,25909,0.0
25910,25910,11141.914
25911,25911,31490.479
25912,25912,110906.01
25913,25913,36519.645
25914,25914,7898.9585
25915,25915,333.82156
25916,25916,10736.385
25917,25917,22555.426
25918,25918,45400.64
25919,25919,28292.834
25920,25920,0.0
25921,25921,23532.148
25922,25922,0.0
25923,25923,0.0
25924,25924,5944.6743
25925,25925,39809.707
25926,25926,0.0
25927,25927,103.47974
25928,25928,36728.508
25929,25929,0.0
25930,25930,1780.883
25931,25931,0.0
25932,25932,0.0
25933,25933,0.0
25934,25934,30708.639
25935,25935,128899.26
25936,25936,186066.9
25937,25937,0.0
25938,25938,4605.1807
25939,25939,25735.107
25940,25940,211778.28
25941,25941,0.0
25942,25942,0.0
25943,25943,66859.98
25944,25944,0.0
25945,25945,19031.006
25946,25946,9518.98
25947,25947,36486.348
25948,25948,56429.11
25949,25949,0.0
25950,25950,164401.1
25951,25951,16112.978
25952,25952,513.4693
25953,25953,11360.148
25954,25954,32659.115
25955,25955,7047.279
25956,25956,223467.0
25957,25957,47852.902
25958,25958,17072.727
25959,25959,37647.973
25960,25960,721125.3
25961,25961,53203.76
25962,25962,85802.03
25963,25963,84189.19
25964,25964,12834.465
25965,25965,0.0
25966,25966,49370.734
25967,25967,1662.642
25968,25968,33298.777
25969,25969,500.1491
25970,25970,111194.53
25971,25971,65348.336
25972,25972,9154.021
25973,25973,117714.62
25974,25974,13184.385
25975,25975,5244.1816
25976,25976,2.3799182e+06
25977,25977,40059.05
25978,25978,77398.51
25979,25979,27399.012
25980,25980,4557.846
25981,25981,637.51276
25982,25982,0.0
25983,25983,135520.05
25984,25984,22100.777
25985,25985,3996.2068
25986,25986,4973.2476
25987,25987,75438.36
25988,25988,4567.718
25989,25989,31509.055
25990,25990,32680.223
25991,25991,268414.25
25992,25992,0.0
25993,25993,13492.5
25994,25994,5725.6753
25995,25995,14817.392
25996,25996,37363.316
25997,25997,4991.459
25998,25998,7150.237
25999,25999,25904.38
26000,26000,0.0
26001,26001,3669.236
26002,26002,22351.277
26003,26003,2.9894938e+06
26004,26004,44970.87
26005,26005,648.1956
26006,26006,55605.89
26007,26007,0.0
26008,26008,29499.312
26009,26009,44735.63
26010,26010,7803.2964
26011,26011,0.0
26012,26012,0.0
26013,26013,9949.119
26014,26014,0.0
26015,26015,0.0
26016,26016,35266.016
26017,26017,0.0
26018,26018,0.0
26019,26019,0.0
26020,26020,0.0
26021,26021,48629.086
26022,26022,127422.67
26023,26023,68869.52
26024,26024,42972.973
26025,26025,1584.3104
26026,26026,118456.92
26027,26027,8064.0664
26028,26028,1747.7996
26029,26029,10620.541
26030,26030,177632.73
26031,26031,0.0
26032,26032,78097.05
26033,26033,54799.312
26034,26034,10266.351
26035,26035,96458.06
26036,26036,12985.634
26037,26037,25240.543
26038,26038,0.0
26039,26039,3875.53
26040,26040,0.0
26041,26041,0.0
26042,26042,52124.32
26043,26043,79614.47
26044,26044,0.0
26045,26045,47394.168
26046,26046,6761.8896
26047,26047,96370.625
26048,26048,41108.617
26049,26049,3359.5557
26050,26050,11758.04
26051,26051,80732.805
26052,26052,22703.148
26053,26053,0.0
26054,26054,91717.27
26055,26055,258340.17
26056,26056,0.0
26057,26057,44430.426
26058,26058,65078.08
26059,26059,0.0
26060,26060,1.2742456e+06
26061,26061,1824.4463
26062,26062,42022.996
26063,26063,0.0
26064,26064,0.0
26065,26065,17181.531
26066,26066,99396.164
26067,26067,0.0
26068,26068,0.0
26069,26069,0.0
26070,26070,15759.125
26071,26071,175142.88
26072,26072,3193.8025
26073,26073,0.0
26074,26074,19408.742
26075,26075,40487.645
26076,26076,0.0
26077,26077,12380.947
26078,26078,7878.7266
26079,26079,74896.06
26080,26080,23153.396
26081,26081,3623.5925
26082,26082,36669.637
26083,26083,43267.87
26084,26084,2915.1392
26085,26085,0.0
26086,26086,0.0
26087,26087,148210.75
26088,26088,217378.4
26089,26089,26938.936
26090,26090,0.0
26091,26091,41263.242
26092,26092,29589.584
26093,26093,29098.445
26094,26094,8396.247
26095,26095,9829.994
26096,26096,0.0
26097,26097,60330.117
26098,26098,0.0
26099,26099,45228.707
26100,26100,276294.06
26101,26101,35549.453
26102,26102,16646.379
26103,26103,89827.78
26104,26104,17214.98
26105,26105,447025.1
26106,26106,96355.63
26107,26107,917.98376
26108,26108,0.0
26109,26109,6898.419
26110,26110,0.0
26111,26111,40131.402
26112,26112,0.0
26113,26113,8532.2705
26114,26114,24633.875
26115,26115,0.0
26116,26116,70276.92
26117,26117,6941.4683
26118,26118,12370.34
26119,26119,2321.3552
26120,26120,14135.456
26121,26121,35053.17
26122,26122,0.0
26123,26123,21877.48
26124,26124,6937.194
26125,26125,19305.092
26126,26126,10866.441
26127,26127,42142.473
26128,26128,137929.08
26129,26129,105127.37
26130,26130,9742.646
26131,26131,8278.373
26132,26132,4623.4897
26133,26133,17474.396
26134,26134,0.0
26135,26135,0.0
26136,26136,21662.896
26137,26137,23476.4
26138,26138,0.0
26139,26139,4351.982
26140,26140,0.0
26141,26141,0.0
26142,26142,17181.273
26143,26143,120938.664
26144,26144,174736.73
26145,26145,18467.758
26146,26146,10556.02
26147,26147,0.0
26148,26148,18017.15
26149,26149,41646.676
26150,26150,4546.066
26151,26151,7611.4624
26152,26152,81434.01
26153,26153,100020.69
26154,26154,0.0
26155,26155,0.0
26156,26156,11054.445
26157,26157,20890.299
26158,26158,0.0
26159,26159,10619.903
26160,26160,0.0
26161,26161,28947.727
26162,26162,50548.535
26163,26163,0.0
26164,26164,0.0
26165,26165,0.0
26166,26166,84620.914
26167,26167,0.0
26168,26168,0.0
26169,26169,3977.2263
26170,26170,10975.721
26171,26171,0.0
26172,26172,2992.1672
26173,26173,0.0
26174,26174,10557.39
26175,26175,7106.4497
26176,26176,0.0
26177,26177,11195.058
26178,26178,839.5626
26179,26179,0.0
26180,26180,0.0
26181,26181,72329.1
26182,26182,4375.4956
26183,26183,3233.612
26184,26184,16121.631
26185,26185,4414.6445
26186,26186,4836.6826
26187,26187,17060.896
26188,26188,5180.9863
26189,26189,6400.82
26190,26190,47496.965
26191,26191,0.0
26192,26192,0.0
26193,26193,78233.586
26194,26194,0.0
26195,26195,901.30695
26196,26196,21486.6
26197,26197,0.0
26198,26198,8312.083
26199,26199,13443.547
26200,26200,0.0
26201,26201,121462.87
26202,26202,8445.841
26203,26203,28915.242
26204,26204,49217.242
26205,26205,14400.669
26206,26206,18490.182
26207,26207,17506.062
26208,26208,318105.06
26209,26209,0.0
26210,26210,117419.76
26211,26211,147699.27
26212,26212,16605.314
26213,26213,0.0
26214,26214,8108.029
26215,26215,10394.07
26216,26216,0.0
26217,26217,6813.756
26218,26218,16190.703
26219,26219,125647.63
26220,26220,84563.305
26221,26221,27700.582
26222,26222,36903.15
26223,26223,6503.13
26224,26224,14750.673
26225,26225,47807.26
26226,26226,89491.79
26227,26227,216464.11
26228,26228,0.0
26229,26229,11452.423
26230,26230,27199.209
26231,26231,5646.9194
26232,26232,92374.02
26233,26233,842277.94
26234,26234,0.0
26235,26235,136622.58
26236,26236,0.0
26237,26237,100743.88
26238,26238,5530.999
26239,26239,56182.47
26240,26240,28926.7
26241,26241,0.0
26242,26242,23853.451
26243,26243,0.0
26244,26244,0.0
26245,26245,17378.041
26246,26246,4813.985
26247,26247,0.0
26248,26248,16773.572
26249,26249,82264.8
26250,26250,0.0
26251,26251,41039.062
26252,26252,88628.516
26253,26253,0.0
26254,26254,779832.8
26255,26255,689.29047
26256,26256,496.02756
26257,26257,0.0
26258,26258,28472.861
26259,26259,5378.43
26260,26260,22766.621
26261,26261,1471.6289
26262,26262,169033.62
26263,26263,16582.156
26264,26264,0.0
26265,26265,51291.39
26266,26266,3761.8142
26267,26267,16420.148
26268,26268,6812.409
26269,26269,29582.342
26270,26270,71476.77
26271,26271,6818.6235
26272,26272,7622.724
26273,26273,0.0
26274,26274,6670.529
26275,26275,16848.914
26276,26276,289350.12
26277,26277,0.0
26278,26278,37245.85
26279,26279,11987.059
26280,26280,5616.9253
26281,26281,10624.731
26282,26282,18637.756
26283,26283,8290.822
26284,26284,71607.65
26285,26285,37950.22
26286,26286,6291.1836
26287,26287,7517.3765
26288,26288,208442.6
26289,26289,0.0
26290,26290,68999.67
26291,26291,148279.55
26292,26292,0.0
26293,26293,125781.14
26294,26294,870.5624
26295,26295,27123.604
26296,26296,3602.3787
26297,26297,25729.625
26298,26298,1.0882668e+06
26299,26299,42733.414
26300,26300,75278.17
26301,26301,3304.1775
26302,26302,18658.902
26303,26303,13372.868
26304,26304,185617.42
26305,26305,0.0
26306,26306,210749.34
26307,26307,32005.186
26308,26308,51822.812
26309,26309,41378.562
26310,26310,37744.32
26311,26311,11806.038
26312,26312,7612.627
26313,26313,5495.952
26314,26314,8673.3
26315,26315,16874.945
26316,26316,9862.724
26317,26317,6491.3467
26318,26318,7638.0864
26319,26319,0.0
26320,26320,107111.79
26321,26321,4044.3171
26322,26322,0.0
26323,26323,7907.289
26324,26324,2573.2224
26325,26325,82509.51
26326,26326,0.0
26327,26327,60908.926
26328,26328,0.0
26329,26329,22985.389
26330,26330,7872.275
26331,26331,303348.6
26332,26332,10430.051
26333,26333,0.0
26334,26334,0.0
26335,26335,6166.442
26336,26336,44964.8
26337,26337,122505.44
26338,26338,60842.336
26339,26339,21702.137
26340,26340,2035.0813
26341,26341,17915.365
26342,26342,45099.516
26343,26343,24421.023
26344,26344,9380.285
26345,26345,9098.794
26346,26346,0.0
26347,26347,10762.658
26348,26348,114737.734
26349,26349,14639.039
26350,26350,1026.4514
26351,26351,32389.781
26352,26352,2.8975082e+06
26353,26353,221527.6
26354,26354,25061.293
26355,26355,28502.613
26356,26356,4870.1235
26357,26357,46517.5
26358,26358,0.0
26359,26359,4829.008
26360,26360,12178.653
26361,26361,7501.085
26362,26362,13075.154
26363,26363,2.5084048e+06
26364,26364,7586.899
26365,26365,4856.424
26366,26366,0.0
26367,26367,6251.1494
26368,26368,25259.72
26369,26369,30.74093
26370,26370,0.0
26371,26371,27795.58
26372,26372,15104.575
26373,26373,0.0
26374,26374,0.0
26375,26375,54581.395
26376,26376,41736.61
26377,26377,21669.572
26378,26378,7500.658
26379,26379,15002.317
26380,26380,21785.951
26381,26381,184163.33
26382,26382,95106.336
26383,26383,24574.234
26384,26384,0.0
26385,26385,49674.695
26386,26386,9709.519
26387,26387,6882.8135
26388,26388,2461.4126
26389,26389,21517.71
26390,26390,3170.7292
26391,26391,1697.8453
26392,26392,5568.3037
26393,26393,41363.004
26394,26394,24887.277
26395,26395,39575.54
26396,26396,42053.223
26397,26397,24027.346
26398,26398,31673.451
26399,26399,9773.26
26400,26400,10331.709
26401,26401,9481.533
26402,26402,5968.7827
26403,26403,5776.4575
26404,26404,11747.567
26405,26405,0.0
26406,26406,8163.747
26407,26407,13867.705
26408,26408,7563.2983
26409,26409,136190.23
26410,26410,61107.34
26411,26411,25498.818
26412,26412,0.0
26413,26413,46394.855
26414,26414,115359.5
26415,26415,35614.25
26416,26416,203852.31
26417,26417,150.36693
26418,26418,25168.514
26419,26419,13099.371
26420,26420,23415.947
26421,26421,27110.361
26422,26422,8865.362
26423,26423,845.97614
26424,26424,35623.49
26425,26425,85059.86
26426,26426,84483.984
26427,26427,12038.8545
26428,26428,0.0
26429,26429,0.0
26430,26430,66465.82
26431,26431,130.6904
26432,26432,6339.8057
26433,26433,10892.52
26434,26434,10592.606
26435,26435,12046.511
26436,26436,27507.848
26437,26437,0.0
26438,26438,368969.06
26439,26439,28208.027
26440,26440,47768.824
26441,26441,0.0
26442,26442,34433.617
26443,26443,0.0
26444,26444,34011.777
26445,26445,7288.053
26446,26446,0.0
26447,26447,0.0
26448,26448,4728.429
26449,26449,23892.057
26450,26450,17675.531
26451,26451,7176.7583
26452,26452,103755.67
26453,26453,2497.3425
26454,26454,57031.79
26455,26455,0.0
26456,26456,0.0
26457,26457,87547.8
26458,26458,197850.7
26459,26459,1352.924
26460,26460,0.0
26461,26461,11066.339
26462,26462,53592.75
26463,26463,0.0
26464,26464,12156.95
26465,26465,113180.91
26466,26466,41886.246
26467,26467,0.0
26468,26468,3223.2776
26469,26469,0.0
26470,26470,0.0
26471,26471,100417.516
26472,26472,120712.39
26473,26473,23963.11
26474,26474,20245.941
26475,26475,70110.66
26476,26476,11233.939
26477,26477,16276.669
26478,26478,4184.633
26479,26479,112630.97
26480,26480,131012.195
26481,26481,30210.137
26482,26482,218527.3
26483,26483,87766.64
26484,26484,0.0
26485,26485,24808.102
26486,26486,10274.845
26487,26487,263973.8
26488,26488,25901.424
26489,26489,5144.064
26490,26490,0.0
26491,26491,10246.906
26492,26492,0.0
26493,26493,15544.091
26494,26494,21072.486
26495,26495,9352.701
26496,26496,48296.125
26497,26497,7956.7886
26498,26498,46224.348
26499,26499,11063.609
26500,26500,1411.1547
26501,26501,28403.945
26502,26502,6485.067
26503,26503,10065.7295
26504,26504,24717.541
26505,26505,36080.617
26506,26506,362.4034
26507,26507,0.0
26508,26508,12973.885
26509,26509,6104.133
26510,26510,96512.52
26511,26511,2.5591082e+06
26512,26512,53676.26
26513,26513,0.0
26514,26514,0.0
26515,26515,188055.11
26516,26516,125020.13
26517,26517,232579.03
26518,26518,1139.056
26519,26519,19008.604
26520,26520,18724.271
26521,26521,151549.33
26522,26522,12203.584
26523,26523,4971.7046
26524,26524,11317.446
26525,26525,0.0
26526,26526,43904.105
26527,26527,7189.4736
26528,26528,28638.467
26529,26529,10761.397
26530,26530,34580.82
26531,26531,0.0
26532,26532,96601.195
26533,26533,30642.318
26534,26534,1.8316308e+06
26535,26535,19758.115
26536,26536,15141.871
26537,26537,72690.86
26538,26538,0.0
26539,26539,15397.185
26540,26540,11158.125
26541,26541,7653.6587
26542,26542,0.0
26543,26543,152780.08
26544,26544,0.0
26545,26545,152892.9
26546,26546,7825.357
26547,26547,48349.855
26548,26548,8152.5938
26549,26549,1434.7043
26550,26550,231236.03
26551,26551,15786.345
26552,26552,37236.027
26553,26553,0.0
26554,26554,19843.559
26555,26555,41841.527
26556,26556,22818.055
26557,26557,0.0
26558,26558,9535.075
26559,26559,6405.621
26560,26560,0.0
26561,26561,3029.091
26562,26562,117419.48
26563,26563,152791.34
26564,26564,0.0
26565,26565,1538.2125
26566,26566,11411.929
26567,26567,50887.082
26568,26568,175940.39
26569,26569,16831.979
26570,26570,7139.493
26571,26571,235492.8
26572,26572,141864.02
26573,26573,12695.592
26574,26574,36909.61
26575,26575,7606.7676
26576,26576,27140.104
26577,26577,22239.656
26578,26578,8974.295
26579,26579,0.0
26580,26580,70608.914
26581,26581,3.2672092e+06
26582,26582,348258.66
26583,26583,3493.8704
26584,26584,17841.123
26585,26585,62251.38
26586,26586,24112.234
26587,26587,29089.47
26588,26588,0.0
26589,26589,9990.671
26590,26590,0.0
26591,26591,32765.7
26592,26592,86199.36
26593,26593,111936.07
26594,26594,43312.715
26595,26595,282055.84
26596,26596,146120.81
26597,26597,10724.319
26598,26598,0.0
26599,26599,30864.37
26600,26600,0.0
26601,26601,19103.84
26602,26602,46226.0
26603,26603,977557.4
26604,26604,76464.75
26605,26605,0.0
26606,26606,12212.956
26607,26607,42992.004
26608,26608,0.0
26609,26609,6964.3086
26610,26610,6845.002
26611,26611,106193.18
26612,26612,248411.58
26613,26613,111694.85
26614,26614,3980.8972
26615,26615,16362.042
26616,26616,15129.273
26617,26617,13155.847
26618,26618,29301.842
26619,26619,13306.5205
26620,26620,57573.918
26621,26621,9613.756
26622,26622,2839.5532
26623,26623,6376.587
26624,26624,3326.1409
26625,26625,16739.928
26626,26626,24710.045
26627,26627,4943.1387
26628,26628,49773.113
26629,26629,71137.13
26630,26630,89365.16
26631,26631,17197.836
26632,26632,81492.45
26633,26633,13154.081
26634,26634,13890.328
26635,26635,23814.027
26636,26636,37590.426
26637,26637,33924.77
26638,26638,15281.532
26639,26639,46474.26
26640,26640,2241.1138
26641,26641,0.0
26642,26642,67995.945
26643,26643,706.94366
26644,26644,18017.453
26645,26645,13027.018
26646,26646,11692.539
26647,26647,116455.44
26648,26648,0.0
26649,26649,107428.52
26650,26650,567.0217
26651,26651,0.0
26652,26652,6398.249
26653,26653,0.0
26654,26654,0.0
26655,26655,5324.3276
26656,26656,0.0
26657,26657,0.0
26658,26658,67634.45
26659,26659,91574.92
26660,26660,61215.957
26661,26661,9669.582
26662,26662,7150.248
26663,26663,85063.38
26664,26664,10803.415
26665,26665,0.0
26666,26666,0.0
26667,26667,0.0
26668,26668,0.0
26669,26669,42714.97
26670,26670,21786.605
26671,26671,66462.09
26672,26672,11645.483
26673,26673,42932.652
26674,26674,19128.494
26675,26675,230941.27
26676,26676,13040.715
26677,26677,120125.8
26678,26678,0.0
26679,26679,38102.754
26680,26680,71207.33
26681,26681,5611.865
26682,26682,145943.77
26683,26683,0.0
26684,26684,15395.785
26685,26685,221684.84
26686,26686,11397.508
26687,26687,11744.551
26688,26688,11971.853
26689,26689,18636.945
26690,26690,32204.338
26691,26691,284760.72
26692,26692,0.0
26693,26693,70542.68
26694,26694,0.0
26695,26695,2275.6982
26696,26696,3687.161
26697,26697,1211.8337
26698,26698,0.0
26699,26699,132.69785
26700,26700,497.6744
26701,26701,70986.74
26702,26702,29011.25
26703,26703,2250.343
26704,26704,1065.9513
26705,26705,13473.776
26706,26706,14351.327
26707,26707,17252.164
26708,26708,108134.22
26709,26709,17160.93
26710,26710,43537.543
26711,26711,74067.15
26712,26712,50314.766
26713,26713,44817.734
26714,26714,10628.436
26715,26715,587856.7
26716,26716,224320.03
26717,26717,2113.6418
26718,26718,0.0
26719,26719,15953.431
26720,26720,9217.188
26721,26721,194964.27
26722,26722,0.0
26723,26723,9814.998
26724,26724,12668.42
26725,26725,3006.6843
26726,26726,7802.5166
26727,26727,335.57715
26728,26728,3414.7124
26729,26729,0.0
26730,26730,175247.67
26731,26731,12437.064
26732,26732,0.0
26733,26733,58619.2
26734,26734,0.0
26735,26735,16904.434
26736,26736,69607.97
26737,26737,118482.055
26738,26738,31677.604
26739,26739,31312.922
26740,26740,3864.8801
26741,26741,77861.71
26742,26742,13484.485
26743,26743,0.0
26744,26744,8534.662
26745,26745,165931.2
26746,26746,1200.6843
26747,26747,0.0
26748,26748,17813.793
26749,26749,68185.99
26750,26750,12615.574
26751,26751,34419.3
26752,26752,9828.747
26753,26753,10642.947
26754,26754,24331.637
26755,26755,87459.54
26756,26756,9628.152
26757,26757,17519.443
26758,26758,68500.664
26759,26759,6612.827
26760,26760,11576.25
26761,26761,15739.397
26762,26762,80705.69
26763,26763,0.0
26764,26764,51953.76
26765,26765,8443.866
26766,26766,10664.68
26767,26767,28184.59
26768,26768,46345.33
26769,26769,6645.3843
26770,26770,0.0
26771,26771,2575.526
26772,26772,47438.15
26773,26773,5993.3545
26774,26774,21839.77
26775,26775,73276.625
26776,26776,0.0
26777,26777,1391.4642
26778,26778,0.0
26779,26779,8351.027
26780,26780,71028.32
26781,26781,39089.824
26782,26782,131581.14
26783,26783,271734.66
26784,26784,0.0
26785,26785,37925.28
26786,26786,171208.9
26787,26787,11799.523
26788,26788,0.0
26789,26789,0.0
26790,26790,191006.78
26791,26791,171235.77
26792,26792,98847.02
26793,26793,0.0
26794,26794,3580.7224
26795,26795,0.0
26796,26796,1176.6621
26797,26797,6530.313
26798,26798,0.0
26799,26799,301.27325
26800,26800,41829.504
26801,26801,9532.904
26802,26802,0.0
26803,26803,271701.03
26804,26804,6386.783
26805,26805,0.0
26806,26806,25572.857
26807,26807,0.0
26808,26808,8276.668
26809,26809,52796.395
26810,26810,7594.0684
26811,26811,0.0
26812,26812,33651.53
26813,26813,17718.684
26814,26814,6151.338
26815,26815,11241.518
26816,26816,43823.555
26817,26817,29473.078
26818,26818,0.0
26819,26819,41715.37
26820,26820,11008.348
26821,26821,73106.57
26822,26822,0.0
26823,26823,7030.4746
26824,26824,79608.766
26825,26825,35887.246
26826,26826,87785.375
26827,26827,372557.94
26828,26828,147512.44
26829,26829,0.0
26830,26830,22284.074
26831,26831,9946.574
26832,26832,490527.84
26833,26833,14685.199
26834,26834,43752.203
26835,26835,21105.582
26836,26836,71254.164
26837,26837,4247.573
26838,26838,7842.407
26839,26839,0.0
26840,26840,0.0
26841,26841,113560.82
26842,26842,2648.141
26843,26843,0.0
26844,26844,3986.85
26845,26845,0.0
26846,26846,0.0
26847,26847,116621.54
26848,26848,1912.5748
26849,26849,0.0
26850,26850,23563.719
26851,26851,0.0
26852,26852,0.0
26853,26853,0.0
26854,26854,0.0
26855,26855,13418.751
26856,26856,12677.547
26857,26857,5042.63
26858,26858,78440.6
26859,26859,17169.678
26860,26860,27960.469
26861,26861,2.276141e+06
26862,26862,128502.08
26863,26863,0.0
26864,26864,0.0
26865,26865,11353.746
26866,26866,4275.6733
26867,26867,9283.057
26868,26868,41402.273
26869,26869,0.0
26870,26870,0.0
26871,26871,0.0
26872,26872,23812.152
26873,26873,185976.0
26874,26874,0.0
26875,26875,14864.46
26876,26876,19207.719
26877,26877,39906.723
26878,26878,56646.46
26879,26879,42098.12
26880,26880,30538.785
26881,26881,145096.27
26882,26882,3249.161
26883,26883,3428.6658
26884,26884,208458.23
26885,26885,106363.31
26886,26886,33252.816
26887,26887,56634.17
26888,26888,183281.61
26889,26889,27356.812
26890,26890,29973.137
26891,26891,0.0
26892,26892,20208.463
26893,26893,148765.33
26894,26894,15918.326
26895,26895,49255.75
26896,26896,0.0
26897,26897,0.0
26898,26898,30846.895
26899,26899,0.0
26900,26900,62236.043
26901,26901,79116.39
26902,26902,335242.66
26903,26903,0.0
26904,26904,17881.033
26905,26905,3295.7158
26906,26906,152104.3
26907,26907,5263.9346
26908,26908,30106.43
26909,26909,47730.6
26910,26910,19732.578
26911,26911,16347.436
26912,26912,74539.125
26913,26913,12886.018
26914,26914,10409.301
26915,26915,7190.083
26916,26916,5500.237
26917,26917,16741.49
26918,26918,109356.79
26919,26919,19745.791
26920,26920,15233.747
26921,26921,1865.7522
26922,26922,14529.281
26923,26923,0.0
26924,26924,15599.698
26925,26925,70174.26
26926,26926,0.0
26927,26927,0.0
26928,26928,33778.57
26929,26929,6126.615
26930,26930,40315.562
26931,26931,0.0
26932,26932,22386.197
26933,26933,0.0
26934,26934,3906.987
26935,26935,76240.055
26936,26936,37189.695
26937,26937,0.0
26938,26938,7547.888
26939,26939,62489.375
26940,26940,678.78485
26941,26941,11294.702
26942,26942,0.0
26943,26943,12180.801
26944,26944,20447.74
26945,26945,74174.3
26946,26946,30735.748
26947,26947,61004.438
26948,26948,54997.984
26949,26949,47490.918
26950,26950,17631.287
26951,26951,148478.77
26952,26952,33190.684
26953,26953,16612.422
26954,26954,9100.993
26955,26955,13605.838
26956,26956,0.0
26957,26957,2.4303568e+06
26958,26958,0.0
26959,26959,11108.15
26960,26960,258334.69
26961,26961,64784.094
26962,26962,24454.498
26963,26963,35970.043
26964,26964,177832.88
26965,26965,43878.723
26966,26966,75917.33
26967,26967,18145.24
26968,26968,37531.18
26969,26969,4586.8286
26970,26970,18583.535
26971,26971,84870.91
26972,26972,48526.254
26973,26973,5231.3535
26974,26974,0.0
26975,26975,4764.6357
26976,26976,48925.938
26977,26977,174407.72
26978,26978,11259.799
26979,26979,180773.97
26980,26980,4288.7437
26981,26981,0.0
26982,26982,25335.656
26983,26983,129661.25
26984,26984,0.0
26985,26985,13444.416
26986,26986,12955.604
26987,26987,29944.74
26988,26988,42382.707
26989,26989,0.0
26990,26990,20666.027
26991,26991,18085.857
26992,26992,9946.866
26993,26993,143144.3
26994,26994,982.2633
26995,26995,0.0
26996,26996,34505.79
26997,26997,22951.107
26998,26998,0.0
26999,26999,19338.662
27000,27000,0.0
27001,27001,63477.316
27002,27002,123215.875
27003,27003,0.0
27004,27004,2589.2046
27005,27005,27391.533
27006,27006,32641.209
27007,27007,6773.0176
27008,27008,67550.74
27009,27009,10915.033
27010,27010,10777.479
27011,27011,37875.465
27012,27012,82785.52
27013,27013,16442.6
27014,27014,63708.92
27015,27015,193709.25
27016,27016,9970.575
27017,27017,0.0
27018,27018,51040.406
27019,27019,0.0
27020,27020,2.454444e+06
27021,27021,87475.09
27022,27022,0.0
27023,27023,12491.442
27024,27024,21769.842
27025,27025,83927.414
27026,27026,52372.773
27027,27027,28720.322
27028,27028,24425.604
27029,27029,12097.366
27030,27030,2620.0608
27031,27031,8610.102
27032,27032,0.0
27033,27033,104319.28
27034,27034,5855.453
27035,27035,323.33942
27036,27036,29064.783
27037,27037,23080.646
27038,27038,22251.068
27039,27039,0.0
27040,27040,45031.3
27041,27041,1059.9364
27042,27042,0.0
27043,27043,7805.9165
27044,27044,71562.72
27045,27045,34019.605
27046,27046,13737.532
27047,27047,12042.585
27048,27048,90901.1
27049,27049,23342.586
27050,27050,80915.62
27051,27051,4542.0825
27052,27052,27191.389
27053,27053,216056.58
27054,27054,21109.766
27055,27055,35092.188
27056,27056,7938.015
27057,27057,0.0
27058,27058,5423.721
27059,27059,126152.41
27060,27060,101456.31
27061,27061,2648.3618
27062,27062,57560.84
27063,27063,29203.412
27064,27064,48480.7
27065,27065,14477.52
27066,27066,3540.4795
27067,27067,18606.193
27068,27068,28287.84
27069,27069,33169.707
27070,27070,16344.827
27071,27071,29391.188
27072,27072,5289.206
27073,27073,88507.125
27074,27074,7.786466e+06
27075,27075,21531.746
27076,27076,12109.96
27077,27077,2012.7726
27078,27078,267.9377
27079,27079,8085.2764
27080,27080,7427.9814
27081,27081,119456.625
27082,27082,76876.055
27083,27083,396394.22
27084,27084,0.0
27085,27085,44975.758
27086,27086,60280.543
27087,27087,3012.009
27088,27088,20580.36
27089,27089,0.0
27090,27090,88612.74
27091,27091,58404.25
27092,27092,0.0
27093,27093,3762.3723
27094,27094,8585.605
27095,27095,472854.44
27096,27096,6.052346e+06
27097,27097,26878.48
27098,27098,22698.99
27099,27099,36451.004
27100,27100,9295.62
27101,27101,24094.371
27102,27102,52304.227
27103,27103,6009.802
27104,27104,24500.309
27105,27105,4773.452
27106,27106,0.0
27107,27107,28329.352
27108,27108,117477.67
27109,27109,92113.39
27110,27110,30565.799
27111,27111,17268.113
27112,27112,14689.685
27113,27113,1745.7755
27114,27114,87334.11
27115,27115,23978.492
27116,27116,19567.396
27117,27117,8277.357
27118,27118,25116.084
27119,27119,19020.646
27120,27120,120136.84
27121,27121,29113.148
27122,27122,0.0
27123,27123,3098.2979
27124,27124,23980.959
27125,27125,538516.75
27126,27126,62847.277
27127,27127,12712.993
27128,27128,106070.75
27129,27129,69706.95
27130,27130,116070.12
27131,27131,0.0
27132,27132,11895.232
27133,27133,398.07587
27134,27134,11817.983
27135,27135,2792.5967
27136,27136,14374.653
27137,27137,7659.9683
27138,27138,0.0
27139,27139,4001.7822
27140,27140,13965.848
27141,27141,36267.0
27142,27142,17676.441
27143,27143,26433.35
27144,27144,7625.5693
27145,27145,3789.108
27146,27146,11602.398
27147,27147,23888.7
27148,27148,11677.715
27149,27149,5180.1006
27150,27150,117955.76
27151,27151,21892.941
27152,27152,13365.562
27153,27153,101543.76
27154,27154,0.0
27155,27155,0.0
27156,27156,0.0
27157,27157,44613.66
27158,27158,0.0
27159,27159,30358.719
27160,27160,0.0
27161,27161,0.0
27162,27162,21390.314
27163,27163,2776.7422
27164,27164,22310.43
27165,27165,9180.84
27166,27166,0.0
27167,27167,192611.17
27168,27168,3104.4023
27169,27169,0.0
27170,27170,418203.12
27171,27171,0.0
27172,27172,179.18604
27173,27173,10013.171
27174,27174,6267.7764
27175,27175,109579.03
27176,27176,10058.73
27177,27177,1595.6719
27178,27178,83964.39
27179,27179,15216.724
27180,27180,17381.158
27181,27181,2777.5813
27182,27182,10882.529
27183,27183,0.0
27184,27184,28238.914
27185,27185,0.0
27186,27186,146571.2
27187,27187,6499.8447
27188,27188,32307.957
27189,27189,23857.504
27190,27190,4290.51
27191,27191,83951.83
27192,27192,1680.0347
27193,27193,441.18726
27194,27194,17758.826
27195,27195,106022.42
27196,27196,42602.254
27197,27197,0.0
27198,27198,0.0
27199,27199,344.69907
27200,27200,23107.727
27201,27201,122491.195
27202,27202,19388.15
27203,27203,0.0
27204,27204,32395.436
27205,27205,0.0
27206,27206,5262.0483
27207,27207,63819.625
27208,27208,18836.008
27209,27209,27253.695
27210,27210,14844.641
27211,27211,774700.4
27212,27212,67363.95
27213,27213,6966.056
27214,27214,18216.08
27215,27215,24286.922
27216,27216,76393.445
27217,27217,24018.28
27218,27218,33504.28
27219,27219,0.0
27220,27220,33879.37
27221,27221,10170.607
27222,27222,46823.594
27223,27223,0.0
27224,27224,10503.61
27225,27225,12696.878
27226,27226,38234.625
27227,27227,144884.0
27228,27228,0.0
27229,27229,14051.564
27230,27230,65892.77
27231,27231,0.0
27232,27232,14007.437
27233,27233,122122.98
27234,27234,124993.85
27235,27235,31279.951
27236,27236,72175.84
27237,27237,1085.3851
27238,27238,110462.78
27239,27239,42352.47
27240,27240,65231.953
27241,27241,14673.117
27242,27242,30311.188
27243,27243,9250.578
27244,27244,0.0
27245,27245,64302.008
27246,27246,14435.604
27247,27247,25134.004
27248,27248,80669.65
27249,27249,0.0
27250,27250,21929.604
27251,27251,138175.61
27252,27252,3005.634
27253,27253,15874.932
27254,27254,16896.156
27255,27255,1545.7294
27256,27256,132788.27
27257,27257,4065.7954
27258,27258,16131.271
27259,27259,0.0
27260,27260,99166.516
27261,27261,83437.664
27262,27262,22836.814
27263,27263,10153.165
27264,27264,35858.48
27265,27265,90921.125
27266,27266,108000.86
27267,27267,14034.813
27268,27268,11363.694
27269,27269,6765.0215
27270,27270,15860.8
27271,27271,11718.408
27272,27272,8914.332
27273,27273,11187.313
27274,27274,30580.457
27275,27275,26957.146
27276,27276,21318.738
27277,27277,5641.3467
27278,27278,4382.864
27279,27279,6661.4053
27280,27280,0.0
27281,27281,82784.11
27282,27282,0.0
27283,27283,52126.387
27284,27284,0.0
27285,27285,35093.26
27286,27286,0.0
27287,27287,160703.94
27288,27288,37770.3
27289,27289,3.9592682e+06
27290,27290,47003.406
27291,27291,120185.875
27292,27292,56990.727
27293,27293,45248.547
27294,27294,32619.62
27295,27295,0.0
27296,27296,3.1562385e+06
27297,27297,2060.5308
27298,27298,84647.71
27299,27299,0.0
27300,27300,6623.3975
27301,27301,0.0
27302,27302,4495.8066
27303,27303,5461.937
27304,27304,0.0
27305,27305,11145.503
27306,27306,2552.728
27307,27307,0.0
27308,27308,22750.566
27309,27309,58446.55
27310,27310,81007.16
27311,27311,6779.3276
27312,27312,0.0
27313,27313,0.0
27314,27314,2002.3551
27315,27315,6759.84
27316,27316,1792.5728
27317,27317,6591.0215
27318,27318,121186.31
27319,27319,6816.001
27320,27320,14780.774
27321,27321,9084.018
27322,27322,0.0
27323,27323,227313.69
27324,27324,664332.94
27325,27325,10034.078
27326,27326,284674.4
27327,27327,0.0
27328,27328,878.7028
27329,27329,63526.152
27330,27330,0.0
27331,27331,6640.529
27332,27332,42656.086
27333,27333,34473.336
27334,27334,7091.5947
27335,27335,0.0
27336,27336,58623.7
27337,27337,0.0
27338,27338,19612.064
27339,27339,76986.3
27340,27340,0.0
27341,27341,0.0
27342,27342,0.0
27343,27343,0.0
27344,27344,19919.84
27345,27345,24427.117
27346,27346,32655.123
27347,27347,28829.832
27348,27348,422878.56
27349,27349,21961.164
27350,27350,112485.46
27351,27351,12532.13
27352,27352,0.0
27353,27353,8199.573
27354,27354,0.0
27355,27355,6532.137
27356,27356,59582.047
27357,27357,0.0
27358,27358,705.79694
27359,27359,122060.86
27360,27360,38871.684
27361,27361,238282.33
27362,27362,59832.562
27363,27363,5045.372
27364,27364,191865.84
27365,27365,10523.782
27366,27366,3564.8843
27367,27367,107563.7
27368,27368,0.0
27369,27369,7137.19
27370,27370,25736.086
27371,27371,17705.523
27372,27372,136714.28
27373,27373,36006.13
27374,27374,154003.39
27375,27375,0.0
27376,27376,32682.021
27377,27377,0.0
27378,27378,0.0
27379,27379,0.0
27380,27380,68600.41
27381,27381,70141.65
27382,27382,160030.64
27383,27383,17392.96
27384,27384,33743.777
27385,27385,6603.0107
27386,27386,29236.18
27387,27387,88285.94
27388,27388,418073.9
27389,27389,27648.28
27390,27390,29157.164
27391,27391,46485.805
27392,27392,54312.004
27393,27393,7781.374
27394,27394,27503.01
27395,27395,21077.666
27396,27396,1.426356e+06
27397,27397,58510.445
27398,27398,2651.2583
27399,27399,4965.164
27400,27400,186164.03
27401,27401,98106.36
27402,27402,24958.291
27403,27403,125620.234
27404,27404,12946.635
27405,27405,36538.95
27406,27406,2993.1313
27407,27407,0.0
27408,27408,0.0
27409,27409,4838.5054
27410,27410,23118.225
27411,27411,85624.85
27412,27412,0.0
27413,27413,32411.406
27414,27414,1466.9613
27415,27415,61730.46
27416,27416,69357.7
27417,27417,1773.8726
27418,27418,20854.453
27419,27419,7057.9805
27420,27420,46211.043
27421,27421,0.0
27422,27422,34708.887
27423,27423,27055.375
27424,27424,1210.1205
27425,27425,7699.2397
27426,27426,174400.02
27427,27427,103492.76
27428,27428,87.21703
27429,27429,5522.369
27430,27430,0.0
27431,27431,94118.63
27432,27432,3728.6064
27433,27433,141316.58
27434,27434,40781.7
27435,27435,1.6424784e+06
27436,27436,0.0
27437,27437,30130.986
27438,27438,10984.839
27439,27439,94529.16
27440,27440,45800.324
27441,27441,22943.29
27442,27442,2378.801
27443,27443,12704.942
27444,27444,0.0
27445,27445,0.0
27446,27446,33848.4
27447,27447,0.0
27448,27448,0.0
27449,27449,0.0
27450,27450,15821.759
27451,27451,11688.201
27452,27452,2120.3157
27453,27453,111949.89
27454,27454,2145.1213
27455,27455,120232.08
27456,27456,41012.72
27457,27457,9673.13
27458,27458,6397.7153
27459,27459,24210.225
27460,27460,13201.276
27461,27461,64879.414
27462,27462,40004.0
27463,27463,7864.5435
27464,27464,12906.142
27465,27465,4790.881
27466,27466,27595.37
27467,27467,6385.5586
27468,27468,38566.38
27469,27469,92622.01
27470,27470,12280.294
27471,27471,3615.0205
27472,27472,11895.421
27473,27473,194758.95
27474,27474,0.0
27475,27475,31232.072
27476,27476,60945.36
27477,27477,27176.098
27478,27478,0.0
27479,27479,119054.72
27480,27480,0.0
27481,27481,6892.704
27482,27482,46478.496
27483,27483,75269.9
27484,27484,16734.576
27485,27485,56533.39
27486,27486,0.0
27487,27487,6072.922
27488,27488,39065.52
27489,27489,5070.2266
27490,27490,293211.1
27491,27491,30340.209
27492,27492,45770.574
27493,27493,10059.557
27494,27494,0.0
27495,27495,23634.13
27496,27496,22322.504
27497,27497,54656.707
27498,27498,40284.605
27499,27499,18753.162
27500,27500,63676.59
27501,27501,6331.026
27502,27502,56322.656
27503,27503,14888.092
27504,27504,0.0
27505,27505,6.5195235e+06
27506,27506,20567.014
27507,27507,20807.633
27508,27508,1702.3882
27509,27509,9241.059
27510,27510,36554.527
27511,27511,13755.205
27512,27512,0.0
27513,27513,45081.62
27514,27514,2462.3423
27515,27515,7682.7383
27516,27516,12526.65
27517,27517,14679.16
27518,27518,5979.1113
27519,27519,3901.3079
27520,27520,47286.79
27521,27521,0.0
27522,27522,13591.4
27523,27523,64609.133
27524,27524,0.0
27525,27525,4.4231645e+06
27526,27526,20658.45
27527,27527,78517.9
27528,27528,2.613646e+06
27529,27529,43998.867
27530,27530,21806.416
27531,27531,6361.485
27532,27532,72817.27
27533,27533,78804.805
27534,27534,30847.541
27535,27535,18971.797
27536,27536,1787.5465
27537,27537,26760.352
27538,27538,53887.6
27539,27539,1316.2515
27540,27540,32433.781
27541,27541,34846.527
27542,27542,102526.46
27543,27543,144264.22
27544,27544,35384.902
27545,27545,64481.414
27546,27546,19045.469
27547,27547,12774.381
27548,27548,33107.547
27549,27549,121412.016
27550,27550,0.0
27551,27551,8326.078
27552,27552,36635.445
27553,27553,11891.013
27554,27554,49692.76
27555,27555,3.3911698e+06
27556,27556,8570.498
27557,27557,108342.29
27558,27558,336998.0
27559,27559,113068.555
27560,27560,1803.81
27561,27561,13611.275
27562,27562,11635.749
27563,27563,0.0
27564,27564,0.0
27565,27565,0.0
27566,27566,0.0
27567,27567,2334.181
27568,27568,13252.857
27569,27569,32683.54
27570,27570,0.0
27571,27571,4033.334
27572,27572,16527.803
27573,27573,17750.76
27574,27574,0.0
27575,27575,91876.1
27576,27576,9972.319
27577,27577,5591.1953
27578,27578,18856.924
27579,27579,178877.2
27580,27580,0.0
27581,27581,46625.223
27582,27582,1676.7965
27583,27583,91075.41
27584,27584,0.0
27585,27585,164294.36
27586,27586,19087.045
27587,27587,22132.324
27588,27588,58118.81
27589,27589,45135.836
27590,27590,193505.97
27591,27591,19873.543
27592,27592,3534.072
27593,27593,93897.914
27594,27594,40595.742
27595,27595,54412.38
27596,27596,119824.19
27597,27597,4682.44
27598,27598,5940.9697
27599,27599,0.0
27600,27600,20328.816
27601,27601,203576.58
27602,27602,73545.61
27603,27603,1610.1704
27604,27604,7624.2036
27605,27605,0.0
27606,27606,10816.12
27607,27607,25158.639
27608,27608,35496.047
27609,27609,30197.867
27610,27610,0.0
27611,27611,0.0
27612,27612,6490.373
27613,27613,17051.057
27614,27614,0.0
27615,27615,0.0
27616,27616,4685.4585
27617,27617,0.0
27618,27618,0.0
27619,27619,16669.209
27620,27620,9112.026
27621,27621,6155.5806
27622,27622,0.0
27623,27623,0.0
27624,27624,14797.77
27625,27625,15997.707
27626,27626,115051.69
27627,27627,13256.58
27628,27628,125040.59
27629,27629,0.0
27630,27630,10787.87
27631,27631,132923.25
27632,27632,9257.507
27633,27633,749.2285
27634,27634,9352.463
27635,27635,81530.375
27636,27636,212978.6
27637,27637,27400.906
27638,27638,58.23611
27639,27639,15016.185
27640,27640,4274.625
27641,27641,23123.326
27642,27642,198490.7
27643,27643,0.0
27644,27644,73066.12
27645,27645,0.0
27646,27646,23512.938
27647,27647,31205.07
27648,27648,39074.19
27649,27649,178672.27
27650,27650,16877.975
27651,27651,0.0
27652,27652,50062.08
27653,27653,34902.387
27654,27654,42933.05
27655,27655,0.0
27656,27656,34568.867
27657,27657,12581.189
27658,27658,0.0
27659,27659,28353.098
27660,27660,9250.346
27661,27661,3284.052
27662,27662,12993.728
27663,27663,8611.12
27664,27664,159764.17
27665,27665,19634.002
27666,27666,12030.979
27667,27667,3319.5112
27668,27668,0.0
27669,27669,0.0
27670,27670,75382.89
27671,27671,93085.8
27672,27672,16340.444
27673,27673,38155.47
27674,27674,97960.07
27675,27675,578253.2
27676,27676,0.0
27677,27677,186399.9
27678,27678,101770.12
27679,27679,210560.44
27680,27680,0.0
27681,27681,22773.166
27682,27682,24335.291
27683,27683,134421.56
27684,27684,17378.604
27685,27685,0.0
27686,27686,4215.369
27687,27687,20368.373
27688,27688,0.0
27689,27689,5390.3906
27690,27690,23914.637
27691,27691,154912.86
27692,27692,30506.477
27693,27693,39440.31
27694,27694,15172.2295
27695,27695,17434.44
27696,27696,7013.362
27697,27697,121539.22
27698,27698,123646.77
27699,27699,34178.855
27700,27700,34954.758
27701,27701,0.0
27702,27702,0.0
27703,27703,7714.627
27704,27704,29186.98
27705,27705,19690.406
27706,27706,113583.02
27707,27707,24779.244
27708,27708,0.0
27709,27709,0.0
27710,27710,0.0
27711,27711,70219.06
27712,27712,84088.68
27713,27713,90738.58
27714,27714,77393.56
27715,27715,244542.45
27716,27716,55076.586
27717,27717,11157.047
27718,27718,0.0
27719,27719,10090.023
27720,27720,19007.236
27721,27721,1729.2181
27722,27722,1373.4286
27723,27723,8946.8955
27724,27724,19955.176
27725,27725,61156.38
27726,27726,86051.59
27727,27727,5530.087
27728,27728,29080.355
27729,27729,7380.4624
27730,27730,5973.633
27731,27731,7656.923
27732,27732,0.0
27733,27733,0.0
27734,27734,0.0
27735,27735,0.0
27736,27736,28080.586
27737,27737,9345.565
27738,27738,0.0
27739,27739,82206.625
27740,27740,108396.86
27741,27741,54990.652
27742,27742,12057.3125
27743,27743,13576.667
27744,27744,0.0
27745,27745,0.0
27746,27746,94032.17
27747,27747,396146.94
27748,27748,68593.05
27749,27749,7751.83
27750,27750,2522.0417
27751,27751,0.0
27752,27752,27603.736
27753,27753,11132.493
27754,27754,0.0
27755,27755,7290.209
27756,27756,5538.5923
27757,27757,30616.496
27758,27758,98845.734
27759,27759,254597.06
27760,27760,29190.799
27761,27761,58731.89
27762,27762,89019.29
27763,27763,0.0
27764,27764,0.0
27765,27765,7814.399
27766,27766,19115.508
27767,27767,21724.195
27768,27768,1084.1593
27769,27769,0.0
27770,27770,10793.676
27771,27771,12455.679
27772,27772,1653.62
27773,27773,10933.842
27774,27774,87630.57
27775,27775,126401.555
27776,27776,2211.7554
27777,27777,136319.02
27778,27778,866.82605
27779,27779,57747.152
27780,27780,17927.064
27781,27781,6706.141
27782,27782,0.0
27783,27783,16218.751
27784,27784,93519.23
27785,27785,0.0
27786,27786,9578.793
27787,27787,5089.2036
27788,27788,20487.477
27789,27789,89201.64
27790,27790,0.0
27791,27791,31381.99
27792,27792,16993.775
27793,27793,90870.72
27794,27794,37438.008
27795,27795,6693.1235
27796,27796,107321.15
27797,27797,1.4673558e+06
27798,27798,0.0
27799,27799,4638.348
27800,27800,115829.766
27801,27801,15353.583
27802,27802,0.0
27803,27803,22744.799
27804,27804,12283.361
27805,27805,36321.0
27806,27806,0.0
27807,27807,12173.06
27808,27808,10080.507
27809,27809,0.0
27810,27810,13701.061
27811,27811,0.0
27812,27812,0.0
27813,27813,46444.637
27814,27814,0.0
27815,27815,15183.555
27816,27816,0.0
27817,27817,3998.589
27818,27818,91928.71
27819,27819,33106.28
27820,27820,0.0
27821,27821,11556.818
27822,27822,113214.41
27823,27823,129705.18
27824,27824,3.3369872e+06
27825,27825,56552.523
27826,27826,198262.67
27827,27827,16479.9
27828,27828,38620.28
27829,27829,28660.645
27830,27830,232981.92
27831,27831,0.0
27832,27832,11010.946
27833,27833,3612.2356
27834,27834,69325.305
27835,27835,434495.2
27836,27836,18345.725
27837,27837,11191.65
27838,27838,0.0
27839,27839,0.0
27840,27840,0.0
27841,27841,17499.074
27842,27842,40600.457
27843,27843,0.0
27844,27844,8943.625
27845,27845,9028.184
27846,27846,47649.324
27847,27847,0.0
27848,27848,9798.59
27849,27849,188080.77
27850,27850,172275.03
27851,27851,0.0
27852,27852,0.0
27853,27853,0.0
27854,27854,11852.087
27855,27855,10283.214
27856,27856,36428.465
27857,27857,0.0
27858,27858,0.0
27859,27859,56975.336
27860,27860,103662.7
27861,27861,2015.8218
27862,27862,35727.973
27863,27863,9322.172
27864,27864,18176.738
27865,27865,9808.675
27866,27866,4786.8467
27867,27867,0.0
27868,27868,1420.736
27869,27869,0.0
27870,27870,93665.3
27871,27871,0.0
27872,27872,19491.916
27873,27873,5143.7173
27874,27874,13048.091
27875,27875,6521.31
27876,27876,28322.205
27877,27877,17596.43
27878,27878,50662.4
27879,27879,10873.212
27880,27880,0.0
27881,27881,0.0
27882,27882,0.0
27883,27883,6261.036
27884,27884,0.0
27885,27885,25544.31
27886,27886,43577.312
27887,27887,0.0
27888,27888,23453.908
27889,27889,1948.0963
27890,27890,0.0
27891,27891,110.92067
27892,27892,7573.5454
27893,27893,64321.516
27894,27894,0.0
27895,27895,3051.1746
27896,27896,30102.443
27897,27897,7365.919
27898,27898,6792.525
27899,27899,314260.22
27900,27900,27322.768
27901,27901,2191.7305
27902,27902,0.0
27903,27903,0.0
27904,27904,27682.95
27905,27905,11815.003
27906,27906,122766.42
27907,27907,0.0
27908,27908,16758.223
27909,27909,0.0
27910,27910,195396.52
27911,27911,3936.5728
27912,27912,20216.377
27913,27913,25638.443
27914,27914,20057.637
27915,27915,0.0
27916,27916,7845.825
27917,27917,24509.447
27918,27918,41036.543
27919,27919,9130.795
27920,27920,9182.107
27921,27921,0.0
27922,27922,3655.7905
27923,27923,27088.367
27924,27924,11348.457
27925,27925,2718.4226
27926,27926,232810.86
27927,27927,232831.75
27928,27928,16443.615
27929,27929,27434.736
27930,27930,9953.027
27931,27931,62018.605
27932,27932,39788.438
27933,27933,3143.778
27934,27934,86377.6
27935,27935,5329.19
27936,27936,25760.5
27937,27937,65428.64
27938,27938,160548.56
27939,27939,65300.27
27940,27940,4619.9575
27941,27941,40705.855
27942,27942,10990.217
27943,27943,0.0
27944,27944,0.0
27945,27945,0.0
27946,27946,33110.113
27947,27947,24920.01
27948,27948,118153.53
27949,27949,0.0
27950,27950,8856.148
27951,27951,189968.52
27952,27952,0.0
27953,27953,19407.857
27954,27954,1299.2418
27955,27955,0.0
27956,27956,8418.297
27957,27957,0.0
27958,27958,1127.1805
27959,27959,0.0
27960,27960,65977.88
27961,27961,35864.61
27962,27962,0.0
27963,27963,0.0
27964,27964,151535.55
27965,27965,3123.4556
27966,27966,15078.749
27967,27967,24376.486
27968,27968,148879.1
27969,27969,17431.098
27970,27970,5466.463
27971,27971,10537.485
27972,27972,8487.592
27973,27973,3012.3113
27974,27974,29428.154
27975,27975,29274.676
27976,27976,15738.436
27977,27977,11151.766
27978,27978,5006.576
27979,27979,0.0
27980,27980,3524.8108
27981,27981,45035.816
27982,27982,0.0
27983,27983,0.0
27984,27984,0.0
27985,27985,12944.485
27986,27986,73581.484
27987,27987,15866.197
27988,27988,21348.658
27989,27989,3375.154
27990,27990,22626.02
27991,27991,0.0
27992,27992,9625.426
27993,27993,5185.698
27994,27994,17837.154
27995,27995,21210.867
27996,27996,0.0
27997,27997,0.0
27998,27998,104052.67
27999,27999,0.0
28000,28000,32151.76
28001,28001,380202.0
28002,28002,77326.31
28003,28003,320338.53
28004,28004,77687.48
28005,28005,29726.377
28006,28006,0.0
28007,28007,7080.1606
28008,28008,308063.75
28009,28009,1.1366411e+06
28010,28010,289561.9
28011,28011,80454.914
28012,28012,5440.8096
28013,28013,1450.6847
28014,28014,31236.203
28015,28015,0.0
28016,28016,0.0
28017,28017,0.0
28018,28018,51323.547
28019,28019,2090.6753
28020,28020,30483.596
28021,28021,5389.019
28022,28022,0.0
28023,28023,49969.54
28024,28024,56760.68
28025,28025,0.0
28026,28026,97625.72
28027,28027,0.0
28028,28028,2858.1274
28029,28029,29125.902
28030,28030,3208.1426
28031,28031,0.0
28032,28032,0.0
28033,28033,117252.01
28034,28034,62598.445
28035,28035,3108.9695
28036,28036,37775.457
28037,28037,13920.42
28038,28038,0.0
28039,28039,90285.89
28040,28040,12023.616
28041,28041,21435.357
28042,28042,28413.297
28043,28043,30993.828
28044,28044,6869.8877
28045,28045,155594.64
28046,28046,0.0
28047,28047,23809.027
28048,28048,4137.8457
28049,28049,19215.7
28050,28050,17381.492
28051,28051,336522.56
28052,28052,2.8990315e+06
28053,28053,27624.293
28054,28054,10694.721
28055,28055,153223.72
28056,28056,6673.484
28057,28057,31232.959
28058,28058,113182.945
28059,28059,20338.846
28060,28060,14448.77
28061,28061,1.106851e+06
28062,28062,0.0
28063,28063,0.0
28064,28064,4.381422e+06
28065,28065,45761.656
28066,28066,38747.62
28067,28067,18267.158
28068,28068,25693.957
28069,28069,12771.6045
28070,28070,151471.03
28071,28071,39461.566
28072,28072,35636.133
28073,28073,48142.09
28074,28074,34788.195
28075,28075,0.0
28076,28076,75926.25
28077,28077,113920.14
28078,28078,19374.814
28079,28079,138607.1
28080,28080,38958.64
28081,28081,15110.455
28082,28082,0.0
28083,28083,19387.008
28084,28084,6615.7607
28085,28085,86241.24
28086,28086,41189.137
28087,28087,0.0
28088,28088,55940.492
28089,28089,20202.764
28090,28090,21925.94
28091,28091,0.0
28092,28092,0.0
28093,28093,58092.062
28094,28094,11371.806
28095,28095,0.0
28096,28096,10085.561
28097,28097,77437.31
28098,28098,0.0
28099,28099,41574.133
28100,28100,122567.93
28101,28101,2885.305
28102,28102,1349.9694
28103,28103,75316.945
28104,28104,97196.02
28105,28105,16026.346
28106,28106,17087.193
28107,28107,56548.29
28108,28108,0.0
28109,28109,6884.9507
28110,28110,12191.075
28111,28111,22272.994
28112,28112,48301.348
28113,28113,49623.04
28114,28114,72621.0
28115,28115,69368.51
28116,28116,28228.36
28117,28117,13754.146
28118,28118,30463.326
28119,28119,24035.346
28120,28120,6333.217
28121,28121,119529.305
28122,28122,20286.78
28123,28123,49570.492
28124,28124,30397.006
28125,28125,0.0
28126,28126,35066.703
28127,28127,6683.7124
28128,28128,30011.57
28129,28129,0.0
28130,28130,0.0
28131,28131,80156.125
28132,28132,37346.973
28133,28133,0.0
28134,28134,0.0
28135,28135,13014.762
28136,28136,45332.695
28137,28137,67335.375
28138,28138,149652.62
28139,28139,0.0
28140,28140,79491.13
28141,28141,77256.45
28142,28142,29454.006
28143,28143,46390.574
28144,28144,19501.666
28145,28145,1.0600248e+06
28146,28146,27598.525
28147,28147,486.5843
28148,28148,33397.367
28149,28149,32846.45
28150,28150,61184.145
28151,28151,1347.5793
28152,28152,9767.559
28153,28153,53050.215
28154,28154,0.0
28155,28155,161798.2
28156,28156,0.0
28157,28157,189.48976
28158,28158,6151.118
28159,28159,20334.645
28160,28160,19556.506
28161,28161,22932.648
28162,28162,43404.77
28163,28163,4108.8345
28164,28164,34142.71
28165,28165,0.0
28166,28166,0.0
28167,28167,55369.88
28168,28168,23057.018
28169,28169,20978.7
28170,28170,888.0638
28171,28171,4486.415
28172,28172,10554.632
28173,28173,64893.51
28174,28174,3760.227
28175,28175,15097.129
28176,28176,14422.339
28177,28177,18778.756
28178,28178,36422.527
28179,28179,0.0
28180,28180,11523.097
28181,28181,0.0
28182,28182,56649.73
28183,28183,72864.78
28184,28184,35758.383
28185,28185,29252.934
28186,28186,0.0
28187,28187,0.0
28188,28188,15793.098
28189,28189,151465.48
28190,28190,0.0
28191,28191,1.1257719e+06
28192,28192,13613.936
28193,28193,5267.96
28194,28194,32079.777
28195,28195,5.9358995e+06
28196,28196,154016.86
28197,28197,46027.293
28198,28198,2.62815e+06
28199,28199,52464.098
28200,28200,25955.69
28201,28201,451.1699
28202,28202,36846.324
28203,28203,143259.83
28204,28204,38638.082
28205,28205,18410.004
28206,28206,12990.734
28207,28207,19519.443
28208,28208,23568.244
28209,28209,0.0
28210,28210,116617.04
28211,28211,17126.418
28212,28212,465214.03
28213,28213,0.0
28214,28214,0.0
28215,28215,0.0
28216,28216,63471.152
28217,28217,0.0
28218,28218,297569.66
28219,28219,56675.383
28220,28220,3266.9563
28221,28221,52801.52
28222,28222,0.0
28223,28223,83885.54
28224,28224,0.0
28225,28225,0.0
28226,28226,0.0
28227,28227,258721.75
28228,28228,5603.972
28229,28229,0.0
28230,28230,0.0
28231,28231,11147.333
28232,28232,35206.32
28233,28233,12076.618
28234,28234,54917.61
28235,28235,1427.2031
28236,28236,22941.11
28237,28237,0.0
28238,28238,101651.51
28239,28239,9272.127
28240,28240,0.0
28241,28241,0.0
28242,28242,7125.8667
28243,28243,24839.24
28244,28244,0.0
28245,28245,89510.73
28246,28246,14631.187
28247,28247,3134.979
28248,28248,145797.95
28249,28249,111216.24
28250,28250,21559.123
28251,28251,8241.787
28252,28252,0.0
28253,28253,4686.1445
28254,28254,0.0
28255,28255,105950.914
28256,28256,6588.205
28257,28257,0.0
28258,28258,0.0
28259,28259,22346.697
28260,28260,23836.33
28261,28261,14182.23
28262,28262,78590.73
28263,28263,21056.438
28264,28264,41732.895
28265,28265,9480.908
28266,28266,16115.204
28267,28267,12631.0205
28268,28268,0.0
28269,28269,28124.129
28270,28270,10994.46
28271,28271,29142.762
28272,28272,178923.56
28273,28273,20757.244
28274,28274,29347.432
28275,28275,2414.1313
28276,28276,0.0
28277,28277,206303.88
28278,28278,15921.18
28279,28279,5011.5146
28280,28280,77223.336
28281,28281,0.0
28282,28282,1633.5887
28283,28283,23241.947
28284,28284,25003.836
28285,28285,36696.223
28286,28286,0.0
28287,28287,0.0
28288,28288,73695.24
28289,28289,244653.47
28290,28290,0.0
28291,28291,12474.184
28292,28292,0.0
28293,28293,21251.383
28294,28294,6992.3545
28295,28295,24327.932
28296,28296,12370.754
28297,28297,219876.5
28298,28298,8295.465
28299,28299,0.0
28300,28300,0.0
28301,28301,139464.39
28302,28302,34113.37
28303,28303,12898.633
28304,28304,126189.734
28305,28305,0.0
28306,28306,7771.2085
28307,28307,0.0
28308,28308,34820.188
28309,28309,0.0
28310,28310,0.0
28311,28311,21274.105
28312,28312,77836.234
28313,28313,35964.87
28314,28314,5490.6304
28315,28315,10157.037
28316,28316,30695.383
28317,28317,8006.596
28318,28318,35379.477
28319,28319,0.0
28320,28320,160909.31
28321,28321,3431.4148
28322,28322,100692.98
28323,28323,30429.19
28324,28324,34087.38
28325,28325,135636.28
28326,28326,0.0
28327,28327,70198.82
28328,28328,0.0
28329,28329,6398.266
28330,28330,33035.72
28331,28331,0.0
28332,28332,29582.855
28333,28333,3754.7676
28334,28334,178503.78
28335,28335,81237.26
28336,28336,269640.4
28337,28337,43317.27
28338,28338,0.0
28339,28339,96124.85
28340,28340,243177.7
28341,28341,5145.8916
28342,28342,3531.3684
28343,28343,33100.5
28344,28344,20967.627
28345,28345,3615.1438
28346,28346,39276.355
28347,28347,47069.21
28348,28348,22944.54
28349,28349,25227.074
28350,28350,38040.707
28351,28351,0.0
28352,28352,16871.84
28353,28353,13320.494
28354,28354,36857.086
28355,28355,95875.37
28356,28356,37719.82
28357,28357,9145.348
28358,28358,76596.72
28359,28359,142239.39
28360,28360,7195.957
28361,28361,646.614
28362,28362,252461.02
28363,28363,4582.824
28364,28364,36200.29
28365,28365,18900.26
28366,28366,72817.27
28367,28367,72997.945
28368,28368,3381.5713
28369,28369,3.211584e+06
28370,28370,28393.701
28371,28371,30912.633
28372,28372,417561.56
28373,28373,0.0
28374,28374,122875.54
28375,28375,0.0
28376,28376,5924.419
28377,28377,2799.3008
28378,28378,0.0
28379,28379,0.0
28380,28380,206829.88
28381,28381,4020.609
28382,28382,61253.562
28383,28383,7278.411
28384,28384,612013.25
28385,28385,50974.426
28386,28386,170660.25
28387,28387,26348.229
28388,28388,10007.339
28389,28389,43322.543
28390,28390,22032.207
28391,28391,0.0
28392,28392,110497.83
28393,28393,0.0
28394,28394,0.0
28395,28395,46278.12
28396,28396,28794.79
28397,28397,8024.6934
28398,28398,27528.863
28399,28399,37521.027
28400,28400,0.0
28401,28401,0.0
28402,28402,0.0
28403,28403,16032.685
28404,28404,5421.056
28405,28405,9402.515
28406,28406,94535.83
28407,28407,9935.297
28408,28408,22155.35
28409,28409,0.0
28410,28410,3805.9956
28411,28411,6688.1514
28412,28412,162382.69
28413,28413,18905.287
28414,28414,7994.6665
28415,28415,61997.51
28416,28416,20657.836
28417,28417,35758.145
28418,28418,0.0
28419,28419,3.9028355e+06
28420,28420,36817.906
28421,28421,44764.9
28422,28422,89000.72
28423,28423,0.0
28424,28424,0.0
28425,28425,0.0
28426,28426,442915.78
28427,28427,0.0
28428,28428,139905.53
28429,28429,73134.086
28430,28430,35084.1
28431,28431,19618.117
28432,28432,19678.557
28433,28433,21151.203
28434,28434,12212.188
28435,28435,8608.586
28436,28436,19633.133
28437,28437,123693.2
28438,28438,37546.723
28439,28439,93930.625
28440,28440,4235.1323
28441,28441,1516.6854
28442,28442,47350.95
28443,28443,147742.73
28444,28444,92993.47
28445,28445,5552.348
28446,28446,0.0
28447,28447,29355.309
28448,28448,0.0
28449,28449,9108.094
28450,28450,74879.68
28451,28451,39048.82
28452,28452,55102.82
28453,28453,25602.396
28454,28454,18636.72
28455,28455,18539.734
28456,28456,142066.67
28457,28457,5187.5493
28458,28458,0.0
28459,28459,2294.9224
28460,28460,0.0
28461,28461,6630.6577
28462,28462,16853.662
28463,28463,50511.145
28464,28464,8871.963
28465,28465,78085.516
28466,28466,0.0
28467,28467,26942.037
28468,28468,27411.045
28469,28469,36601.336
28470,28470,20674.062
28471,28471,29676.812
28472,28472,23490.322
28473,28473,3563.8667
28474,28474,65209.453
28475,28475,0.0
28476,28476,1862.8418
28477,28477,37517.223
28478,28478,0.0
28479,28479,23797.85
28480,28480,35634.58
28481,28481,50331.285
28482,28482,13386.166
28483,28483,184638.23
28484,28484,3617.6602
28485,28485,9893.438
28486,28486,20238.592
28487,28487,11623.599
28488,28488,36200.824
28489,28489,20344.682
28490,28490,3.1488085e+06
28491,28491,4846.559
28492,28492,0.0
28493,28493,6056.296
28494,28494,0.0
28495,28495,26881.48
28496,28496,12553.596
28497,28497,11757.672
28498,28498,590215.06
28499,28499,0.0
28500,28500,46150.844
28501,28501,0.0
28502,28502,14573.565
28503,28503,16268.201
28504,28504,50751.664
28505,28505,3760.0142
28506,28506,52091.832
28507,28507,95349.82
28508,28508,0.0
28509,28509,8047.8022
28510,28510,53037.48
28511,28511,31786.074
28512,28512,0.0
28513,28513,0.0
28514,28514,151720.02
28515,28515,38789.215
28516,28516,26022.309
28517,28517,20380.914
28518,28518,3877.1003
28519,28519,34235.25
28520,28520,82979.28
28521,28521,72671.516
28522,28522,3562.6853
28523,28523,32108.246
28524,28524,0.0
28525,28525,8702.34
28526,28526,5327.2944
28527,28527,125656.586
28528,28528,0.0
28529,28529,22403.115
28530,28530,2551.9143
28531,28531,146597.89
28532,28532,15119.198
28533,28533,0.0
28534,28534,3.0550192e+06
28535,28535,20153.66
28536,28536,0.0
28537,28537,0.0
28538,28538,0.0
28539,28539,5752.058
28540,28540,182008.36
28541,28541,64313.34
28542,28542,12078.958
28543,28543,0.0
28544,28544,11902.816
28545,28545,0.0
28546,28546,0.0
28547,28547,45669.434
28548,28548,4047.035
28549,28549,38354.324
28550,28550,29483.504
28551,28551,53471.523
28552,28552,60778.566
28553,28553,113731.016
28554,28554,10423.314
28555,28555,15545.388
28556,28556,37911.824
28557,28557,0.0
28558,28558,107008.83
28559,28559,29560.318
28560,28560,11660.539
28561,28561,148070.16
28562,28562,21586.625
28563,28563,0.0
28564,28564,53704.242
28565,28565,27841.91
28566,28566,0.0
28567,28567,0.0
28568,28568,0.0
28569,28569,6341.095
28570,28570,120029.46
28571,28571,0.0
28572,28572,3695.087
28573,28573,0.0
28574,28574,0.0
28575,28575,0.0
28576,28576,5026.318
28577,28577,65741.36
28578,28578,14266.89
28579,28579,45537.625
28580,28580,17999.754
28581,28581,24508.79
28582,28582,2448.6582
28583,28583,19646.34
28584,28584,1854.0721
28585,28585,114860.21
28586,28586,30235.154
28587,28587,77201.09
28588,28588,37145.418
28589,28589,0.0
28590,28590,210782.14
28591,28591,19327.55
28592,28592,46028.766
28593,28593,65887.44
28594,28594,2613.2344
28595,28595,0.0
28596,28596,33575.688
28597,28597,26380.14
28598,28598,136553.45
28599,28599,1690.6937
28600,28600,3929.86
28601,28601,12359.772
28602,28602,279525.75
28603,28603,0.0
28604,28604,32502.848
28605,28605,0.0
28606,28606,135438.58
28607,28607,6686.6704
28608,28608,13203.486
28609,28609,7607.9243
28610,28610,6535.9785
28611,28611,33930.96
28612,28612,0.0
28613,28613,42944.27
28614,28614,21074.85
28615,28615,0.0
28616,28616,11450.917
28617,28617,15755.354
28618,28618,31503.312
28619,28619,0.0
28620,28620,16009.149
28621,28621,44634.625
28622,28622,56497.613
28623,28623,45107.758
28624,28624,17214.49
28625,28625,0.0
28626,28626,2234.0884
28627,28627,14476.98
28628,28628,20062.387
28629,28629,26010.271
28630,28630,14276.242
28631,28631,11969.576
28632,28632,147509.92
28633,28633,7956.807
28634,28634,0.0
28635,28635,7413.5483
28636,28636,20161.879
28637,28637,14978.242
28638,28638,31611.455
28639,28639,77759.164
28640,28640,45888.21
28641,28641,1722.4714
28642,28642,145604.2
28643,28643,30753.607
28644,28644,0.0
28645,28645,2658.8867
28646,28646,709.1065
28647,28647,0.0
28648,28648,141356.83
28649,28649,0.0
28650,28650,203870.39
28651,28651,13794.439
28652,28652,32693.502
28653,28653,5114.583
28654,28654,65095.492
28655,28655,0.0
28656,28656,228002.27
28657,28657,44226.727
28658,28658,29099.207
28659,28659,7581.4204
28660,28660,856.5021
28661,28661,26118.709
28662,28662,70977.77
28663,28663,53074.766
28664,28664,2560.8276
28665,28665,29763.291
28666,28666,118718.73
28667,28667,2546.4175
28668,28668,9115.389
28669,28669,0.0
28670,28670,9578.294
28671,28671,31978.146
28672,28672,8483.639
28673,28673,218516.9
28674,28674,50349.52
28675,28675,0.0
28676,28676,30395.021
28677,28677,4509.009
28678,28678,37118.27
28679,28679,9439.112
28680,28680,32650.574
28681,28681,5286.5044
28682,28682,77097.99
28683,28683,18393.957
28684,28684,0.0
28685,28685,21072.87
28686,28686,9901.033
28687,28687,35540.89
28688,28688,117944.23
28689,28689,974.4913
28690,28690,46227.074
28691,28691,91.05113
28692,28692,0.0
28693,28693,102305.62
28694,28694,186441.25
28695,28695,6012.783
28696,28696,59476.85
28697,28697,0.0
28698,28698,0.0
28699,28699,53111.996
28700,28700,3904.6501
28701,28701,47207.207
28702,28702,90850.805
28703,28703,0.0
28704,28704,488974.34
28705,28705,11594.122
28706,28706,24126.215
28707,28707,6333.9453
28708,28708,64519.402
28709,28709,82898.31
28710,28710,149121.02
28711,28711,49547.98
28712,28712,101795.1
28713,28713,33476.883
28714,28714,0.0
28715,28715,20187.396
28716,28716,22955.969
28717,28717,2467.12
28718,28718,37856.332
28719,28719,0.0
28720,28720,7297.1904
28721,28721,7834.137
28722,28722,0.0
28723,28723,12908.303
28724,28724,368527.2
28725,28725,0.0
28726,28726,6772.6904
28727,28727,274461.53
28728,28728,0.0
28729,28729,4762.9683
28730,28730,14854.292
28731,28731,111234.64
28732,28732,0.0
28733,28733,48452.605
28734,28734,8096.9155
28735,28735,7204.17
28736,28736,354845.1
28737,28737,43562.48
28738,28738,26156.803
28739,28739,11445.142
28740,28740,207618.14
28741,28741,13728.335
28742,28742,41783.246
28743,28743,1270.7964
28744,28744,51730.17
28745,28745,3.4258742e+06
28746,28746,0.0
28747,28747,31929.22
28748,28748,0.0
28749,28749,7473.7397
28750,28750,17047.117
28751,28751,22684.441
28752,28752,39840.59
28753,28753,26500.473
28754,28754,45617.105
28755,28755,8706.109
28756,28756,45319.78
28757,28757,106121.16
28758,28758,1905.9153
28759,28759,18281.252
28760,28760,0.0
28761,28761,0.0
28762,28762,20421.602
28763,28763,11378.46
28764,28764,56384.4
28765,28765,159980.52
28766,28766,6441.745
28767,28767,348862.1
28768,28768,35576.96
28769,28769,14162.714
28770,28770,0.0
28771,28771,183424.4
28772,28772,42647.223
28773,28773,568.0298
28774,28774,34821.348
28775,28775,191467.08
28776,28776,0.0
28777,28777,3965.8997
28778,28778,0.0
28779,28779,6510.0503
28780,28780,0.0
28781,28781,0.0
28782,28782,250046.86
28783,28783,25952.145
28784,28784,0.0
28785,28785,11399.16
28786,28786,191467.08
28787,28787,87758.23
28788,28788,121648.69
28789,28789,43332.465
28790,28790,121437.836
28791,28791,0.0
28792,28792,44737.6
28793,28793,100483.41
28794,28794,0.0
28795,28795,25397.145
28796,28796,4002.258
28797,28797,11611.518
28798,28798,6645.45
28799,28799,96984.85
28800,28800,0.0
28801,28801,29286.49
28802,28802,9090.397
28803,28803,13540.487
28804,28804,67561.07
28805,28805,76097.02
28806,28806,6996.697
28807,28807,17605.533
28808,28808,0.0
28809,28809,24865.299
28810,28810,222414.3
28811,28811,0.0
28812,28812,101081.61
28813,28813,23665.73
28814,28814,0.0
28815,28815,0.0
28816,28816,0.0
28817,28817,150232.3
28818,28818,3780.4976
28819,28819,46635.996
28820,28820,151529.31
28821,28821,231458.66
28822,28822,39317.43
28823,28823,0.0
28824,28824,13493.599
28825,28825,206.85518
28826,28826,5665.3267
28827,28827,57284.117
28828,28828,0.0
28829,28829,131218.84
28830,28830,0.0
28831,28831,0.0
28832,28832,213738.33
28833,28833,51104.09
28834,28834,23089.451
28835,28835,20356.79
28836,28836,7636.29
28837,28837,5634.9805
28838,28838,21270.895
28839,28839,9885.665
28840,28840,78337.32
28841,28841,3873.333
28842,28842,0.0
28843,28843,14904.409
28844,28844,27676.43
28845,28845,11378.841
28846,28846,16554.178
28847,28847,0.0
28848,28848,9814.968
28849,28849,289.1641
28850,28850,37133.227
28851,28851,18878.324
28852,28852,8210.125
28853,28853,107273.18
28854,28854,30757.037
28855,28855,116725.445
28856,28856,32991.02
28857,28857,0.0
28858,28858,3283.687
28859,28859,13228.63
28860,28860,0.0
28861,28861,0.0
28862,28862,5416.1807
28863,28863,49368.29
28864,28864,20055.27
28865,28865,1381.0856
28866,28866,4544.2505
28867,28867,34849.074
28868,28868,8621.929
28869,28869,22057.127
28870,28870,41858.33
28871,28871,0.0
28872,28872,2254.4631
28873,28873,0.0
28874,28874,14299.166
28875,28875,57193.227
28876,28876,0.0
28877,28877,28622.754
28878,28878,27483.219
28879,28879,0.0
28880,28880,39244.29
28881,28881,94775.38
28882,28882,0.0
28883,28883,105720.95
28884,28884,13309.93
28885,28885,4385.68
28886,28886,34961.598
28887,28887,84491.49
28888,28888,10499.626
28889,28889,0.0
28890,28890,0.0
28891,28891,0.0
28892,28892,34308.76
28893,28893,0.0
28894,28894,95816.46
28895,28895,169356.12
28896,28896,11207.297
28897,28897,22337.78
28898,28898,26675.479
28899,28899,31134.674
28900,28900,250231.9
28901,28901,0.0
28902,28902,27163.309
28903,28903,0.0
28904,28904,70524.805
28905,28905,0.0
28906,28906,16625.78
28907,28907,25835.742
28908,28908,2234.8328
28909,28909,2484.9875
28910,28910,76170.63
28911,28911,20042.463
28912,28912,7180.2964
28913,28913,0.0
28914,28914,22011.104
28915,28915,8371.27
28916,28916,0.0
28917,28917,11793.2
28918,28918,14012.495
28919,28919,0.0
28920,28920,40160.543
28921,28921,53320.426
28922,28922,27257.445
28923,28923,10117.314
28924,28924,9402.734
28925,28925,42994.77
28926,28926,7289.588
28927,28927,146216.58
28928,28928,173938.28
28929,28929,7092.671
28930,28930,4437.687
28931,28931,67415.56
28932,28932,31001.26
28933,28933,75619.63
28934,28934,21322.328
28935,28935,12070.118
28936,28936,30303.928
28937,28937,3929.4795
28938,28938,11297.361
28939,28939,0.0
28940,28940,22861.3
28941,28941,181811.0
28942,28942,9466.315
28943,28943,5676.0947
28944,28944,0.0
28945,28945,26933.639
28946,28946,1.4357286e+06
28947,28947,7132.717
28948,28948,6204.9336
28949,28949,5206.6104
28950,28950,25375.127
28951,28951,30069.291
28952,28952,20706.531
28953,28953,0.0
28954,28954,21349.178
28955,28955,0.0
28956,28956,0.0
28957,28957,99898.75
28958,28958,6666.62
28959,28959,12345.006
28960,28960,0.0
28961,28961,512159.4
28962,28962,0.0
28963,28963,68631.97
28964,28964,21572.55
28965,28965,152286.4
28966,28966,0.0
28967,28967,2955.9287
28968,28968,57606.25
28969,28969,111309.914
28970,28970,59439.9
28971,28971,5145.8057
28972,28972,91139.555
28973,28973,4401.4873
28974,28974,17172.424
28975,28975,135151.48
28976,28976,28838.191
28977,28977,32184.855
28978,28978,21011.846
28979,28979,1857.348
28980,28980,28358.408
28981,28981,40451.58
28982,28982,5878.5767
28983,28983,19764.018
28984,28984,9393.862
28985,28985,77703.125
28986,28986,16540.77
28987,28987,151740.53
28988,28988,20340.271
28989,28989,16120.992
28990,28990,53490.297
28991,28991,2682.1824
28992,28992,13872.877
28993,28993,17605.562
28994,28994,17597.146
28995,28995,41072.17
28996,28996,15608.309
28997,28997,8655.503
28998,28998,10109.202
28999,28999,1691.354
29000,29000,95971.83
29001,29001,139.16708
29002,29002,19388.457
29003,29003,5532.515
29004,29004,0.0
29005,29005,35824.465
29006,29006,7439.5156
29007,29007,7626.3555
29008,29008,133152.47
29009,29009,6144.022
29010,29010,60057.832
29011,29011,20518.758
29012,29012,65067.875
29013,29013,9705.653
29014,29014,144023.42
29015,29015,0.0
29016,29016,0.0
29017,29017,171325.56
29018,29018,9152.879
29019,29019,68961.16
29020,29020,0.0
29021,29021,122956.02
29022,29022,0.0
29023,29023,0.0
29024,29024,0.0
29025,29025,0.0
29026,29026,0.0
29027,29027,5.373301e+06
29028,29028,5321.5347
29029,29029,12445.453
29030,29030,10927.685
29031,29031,0.0
29032,29032,26129.928
29033,29033,2159.9521
29034,29034,24562.205
29035,29035,260250.45
29036,29036,58056.375
29037,29037,200.50548
29038,29038,24887.799
29039,29039,1487.8292
29040,29040,19055.893
29041,29041,221236.77
29042,29042,31814.041
29043,29043,50221.387
29044,29044,0.0
29045,29045,192570.73
29046,29046,0.0
29047,29047,0.0
29048,29048,13812.317
29049,29049,51482.676
29050,29050,29130.822
29051,29051,111337.54
29052,29052,140160.45
29053,29053,0.0
29054,29054,16159.97
29055,29055,88844.52
29056,29056,27750.291
29057,29057,0.0
29058,29058,7441.946
29059,29059,4887.711
29060,29060,0.0
29061,29061,0.0
29062,29062,0.0
29063,29063,8966.24
29064,29064,50071.508
29065,29065,14149.857
29066,29066,62119.25
29067,29067,0.0
29068,29068,11874.896
29069,29069,10576.582
29070,29070,35147.383
29071,29071,12716.701
29072,29072,13736.111
29073,29073,8835.487
29074,29074,1450.3174
29075,29075,138707.45
29076,29076,0.0
29077,29077,34966.793
29078,29078,9251.071
29079,29079,28843.707
29080,29080,11722.873
29081,29081,3.9038198e+06
29082,29082,366935.28
29083,29083,13843.185
29084,29084,17979.62
29085,29085,27472.328
29086,29086,7603.374
29087,29087,0.0
29088,29088,17771.934
29089,29089,96457.72
29090,29090,169769.61
29091,29091,48060.094
29092,29092,19790.895
29093,29093,0.0
29094,29094,10717.039
29095,29095,18436.139
29096,29096,141967.05
29097,29097,991.42975
29098,29098,0.0
29099,29099,17221.393
29100,29100,0.0
29101,29101,162045.14
29102,29102,3012.4543
29103,29103,10770.788
29104,29104,39189.49
29105,29105,35969.81
29106,29106,10583.811
29107,29107,32593.555
29108,29108,18984.178
29109,29109,118282.23
29110,29110,7905.8833
29111,29111,28747.912
29112,29112,26012.475
29113,29113,109437.21
29114,29114,44144.69
29115,29115,40752.723
29116,29116,9861.264
29117,29117,18669.191
29118,29118,80346.7
29119,29119,167736.14
29120,29120,61893.36
29121,29121,9013.213
29122,29122,0.0
29123,29123,12215.645
29124,29124,44168.938
29125,29125,0.0
29126,29126,290386.97
29127,29127,92460.25
29128,29128,26565.06
29129,29129,166375.55
29130,29130,0.0
29131,29131,7952.3687
29132,29132,3942.725
29133,29133,56208.258
29134,29134,0.0
29135,29135,114934.03
29136,29136,105842.23
29137,29137,62952.215
29138,29138,7963.114
29139,29139,93808.305
29140,29140,56893.75
29141,29141,0.0
29142,29142,0.0
29143,29143,25569.2
29144,29144,9668.528
29145,29145,7731.555
29146,29146,231452.14
29147,29147,46693.63
29148,29148,117237.484
29149,29149,902.7064
29150,29150,0.0
29151,29151,79502.52
29152,29152,7317.8247
29153,29153,12396.846
29154,29154,14558.842
29155,29155,30902.977
29156,29156,51305.387
29157,29157,0.0
29158,29158,21252.234
29159,29159,59587.523
29160,29160,9048.173
29161,29161,0.0
29162,29162,22244.5
29163,29163,157563.58
29164,29164,5839.517
29165,29165,40888.754
29166,29166,2845.1353
29167,29167,14464.042
29168,29168,3607.0396
29169,29169,10310.328
29170,29170,0.0
29171,29171,64484.66
29172,29172,2421.4895
29173,29173,22464.86
29174,29174,877.3099
29175,29175,456.00616
29176,29176,29047.328
29177,29177,0.0
29178,29178,0.0
29179,29179,28798.38
29180,29180,2.4198515e+06
29181,29181,6932.1953
29182,29182,12019.009
29183,29183,2.2856995e+06
29184,29184,144069.4
29185,29185,10107.156
29186,29186,9590.401
29187,29187,12188.175
29188,29188,3641.832
29189,29189,137445.56
29190,29190,45509.47
29191,29191,14496.196
29192,29192,60688.277
29193,29193,83015.26
29194,29194,0.0
29195,29195,36329.86
29196,29196,869519.9
29197,29197,1147.9362
29198,29198,7661.7217
29199,29199,5307.332
29200,29200,9870.859
29201,29201,7734.376
29202,29202,9726.643
29203,29203,4099.9634
29204,29204,2516.4636
29205,29205,39428.11
29206,29206,342179.78
29207,29207,172928.77
29208,29208,0.0
29209,29209,10205.722
29210,29210,1405.4677
29211,29211,6727.3076
29212,29212,35238.863
29213,29213,4719.198
29214,29214,0.0
29215,29215,13463.289
29216,29216,0.0
29217,29217,131237.03
29218,29218,12096.076
29219,29219,45149.97
29220,29220,0.0
29221,29221,591.92285
29222,29222,157965.64
29223,29223,1381.3723
29224,29224,8588.564
29225,29225,3336.666
29226,29226,25800.584
29227,29227,109697.664
29228,29228,15282.414
29229,29229,0.0
29230,29230,0.0
29231,29231,13984.963
29232,29232,12518.461
29233,29233,46636.016
29234,29234,3157.4268
29235,29235,19574.324
29236,29236,323908.34
29237,29237,13975.227
29238,29238,5891.4985
29239,29239,51288.105
29240,29240,107239.09
29241,29241,3227.0374
29242,29242,56553.586
29243,29243,1.4401075e+06
29244,29244,140622.5
29245,29245,5055.626
29246,29246,34126.43
29247,29247,0.0
29248,29248,0.0
29249,29249,0.0
29250,29250,0.0
29251,29251,1089.2316
29252,29252,0.0
29253,29253,0.0
29254,29254,16922.904
29255,29255,0.0
29256,29256,35474.055
29257,29257,5204.351
29258,29258,20581.008
29259,29259,0.0
29260,29260,86945.49
29261,29261,8694.903
29262,29262,23749.072
29263,29263,38237.35
29264,29264,1202.0834
29265,29265,14953.925
29266,29266,0.0
29267,29267,70798.72
29268,29268,64621.09
29269,29269,3768.943
29270,29270,158952.53
29271,29271,13788.016
29272,29272,2512.1343
29273,29273,0.0
29274,29274,37773.984
29275,29275,0.0
29276,29276,84560.83
29277,29277,65503.918
29278,29278,0.0
29279,29279,14278.453
29280,29280,60770.98
29281,29281,0.0
29282,29282,8466.802
29283,29283,71503.43
29284,29284,49134.48
29285,29285,0.0
29286,29286,0.0
29287,29287,76965.25
29288,29288,0.0
29289,29289,0.0
29290,29290,3.055342e+06
29291,29291,1404.409
29292,29292,30080.355
29293,29293,4586.4004
29294,29294,19871.736
29295,29295,143.20036
29296,29296,204802.12
29297,29297,51949.203
29298,29298,0.0
29299,29299,100245.98
29300,29300,7971.6616
29301,29301,4915.858
29302,29302,2175.1084
29303,29303,70485.71
29304,29304,0.0
29305,29305,0.0
29306,29306,11093.593
29307,29307,0.0
29308,29308,2312.393
29309,29309,6034.174
29310,29310,0.0
29311,29311,165018.28
29312,29312,120914.695
29313,29313,0.0
29314,29314,73523.45
29315,29315,5838.1465
29316,29316,223464.8
29317,29317,39265.258
29318,29318,58362.633
29319,29319,48677.688
29320,29320,55967.723
29321,29321,62666.816
29322,29322,0.0
29323,29323,54884.727
29324,29324,15938.139
29325,29325,27340.844
29326,29326,1672.8184
29327,29327,853.63617
29328,29328,0.0
29329,29329,8065.7246
29330,29330,2372.9946
29331,29331,15543.071
29332,29332,34079.273
29333,29333,30331.184
29334,29334,67699.484
29335,29335,7083.809
29336,29336,34667.62
29337,29337,69680.83
29338,29338,82963.02
29339,29339,12311.924
29340,29340,31491.559
29341,29341,0.0
29342,29342,0.0
29343,29343,9370.624
29344,29344,8629.663
29345,29345,22221.406
29346,29346,101812.29
29347,29347,6385.0737
29348,29348,104165.31
29349,29349,56247.93
29350,29350,72902.38
29351,29351,0.0
29352,29352,0.0
29353,29353,5678.657
29354,29354,0.0
29355,29355,65829.19
29356,29356,8241.322
29357,29357,48666.383
29358,29358,2.080648e+06
29359,29359,154623.36
29360,29360,0.0
29361,29361,0.0
29362,29362,32307.63
29363,29363,16654.807
29364,29364,0.0
29365,29365,21483.748
29366,29366,30668.209
29367,29367,33907.668
29368,29368,0.0
29369,29369,55873.07
29370,29370,0.0
29371,29371,30359.1
29372,29372,0.0
29373,29373,1157.242
29374,29374,2735.2532
29375,29375,44540.47
29376,29376,218.48013
29377,29377,27267.434
29378,29378,3856.0637
29379,29379,1699.9329
29380,29380,90197.445
29381,29381,0.0
29382,29382,8441.462
29383,29383,52806.53
29384,29384,42059.06
29385,29385,14946.847
29386,29386,53440.1
29387,29387,2.006811e+06
29388,29388,8163.988
29389,29389,0.0
29390,29390,81313.0
29391,29391,5770.7017
29392,29392,0.0
29393,29393,2.5857088e+06
29394,29394,41051.1
29395,29395,0.0
29396,29396,0.0
29397,29397,0.0
29398,29398,21150.84
29399,29399,296.1529
29400,29400,38605.61
29401,29401,0.0
29402,29402,437.4211
29403,29403,2721.2444
29404,29404,25504.883
29405,29405,24303.203
29406,29406,24211.201
29407,29407,18304.586
29408,29408,1272.5217
29409,29409,8057.6587
29410,29410,9290.516
29411,29411,0.0
29412,29412,17424.355
29413,29413,3970.7246
29414,29414,97.454185
29415,29415,0.0
29416,29416,1130.8821
29417,29417,188922.03
29418,29418,144857.14
29419,29419,67363.95
29420,29420,4840.3076
29421,29421,0.0
29422,29422,417389.7
29423,29423,15343.108
29424,29424,0.0
29425,29425,0.0
29426,29426,9280.68
29427,29427,0.0
29428,29428,8132.523
29429,29429,7428.3354
29430,29430,14905.315
29431,29431,18140.814
29432,29432,18707.918
29433,29433,0.0
29434,29434,120327.62
29435,29435,70311.28
29436,29436,161756.52
29437,29437,0.0
29438,29438,68344.83
29439,29439,0.0
29440,29440,0.0
29441,29441,67254.22
29442,29442,3829.5374
29443,29443,0.0
29444,29444,39337.793
29445,29445,6149.966
29446,29446,0.0
29447,29447,59644.156
29448,29448,31445.31
29449,29449,28892.709
29450,29450,0.0
29451,29451,415.376
29452,29452,0.0
29453,29453,1332.1008
29454,29454,157290.11
29455,29455,4148.424
29456,29456,0.0
29457,29457,0.0
29458,29458,15938.849
29459,29459,9468.885
29460,29460,119552.38
29461,29461,33449.68
29462,29462,18512.893
29463,29463,7107.6167
29464,29464,2930.3035
29465,29465,363.6215
29466,29466,81762.85
29467,29467,32038.77
29468,29468,221580.86
29469,29469,69408.984
29470,29470,59863.1
29471,29471,7224.541
29472,29472,15926.374
29473,29473,0.0
29474,29474,33659.508
29475,29475,8733.437
29476,29476,9971.555
29477,29477,7293.414
29478,29478,46190.03
29479,29479,180581.16
29480,29480,81595.13
29481,29481,28425.45
29482,29482,49352.75
29483,29483,0.0
29484,29484,128124.016
29485,29485,8849.925
29486,29486,0.0
29487,29487,0.0
29488,29488,5044.919
29489,29489,5235.9214
29490,29490,0.0
29491,29491,127297.22
29492,29492,0.0
29493,29493,3401.623
29494,29494,86661.31
29495,29495,8129.2803
29496,29496,10673.204
29497,29497,29937.465
29498,29498,9165.288
29499,29499,579.50555
29500,29500,126519.336
29501,29501,183245.23
29502,29502,0.0
29503,29503,1053.5397
29504,29504,0.0
29505,29505,41349.176
29506,29506,33323.65
29507,29507,14864.5
29508,29508,0.0
29509,29509,66109.016
29510,29510,25675.414
29511,29511,56272.03
29512,29512,39504.605
29513,29513,0.0
29514,29514,8732.748
29515,29515,0.0
29516,29516,134640.92
29517,29517,5701.8066
29518,29518,570288.8
29519,29519,22360.365
29520,29520,28568.578
29521,29521,5120.299
29522,29522,0.0
29523,29523,124239.06
29524,29524,15172.4
29525,29525,23316.275
29526,29526,1454.5435
29527,29527,10269.453
29528,29528,29030.408
29529,29529,4351.7344
29530,29530,101973.29
29531,29531,136027.84
29532,29532,158090.5
29533,29533,419261.1
29534,29534,8738.951
29535,29535,0.0
29536,29536,0.0
29537,29537,94322.42
29538,29538,28597.834
29539,29539,1375.7208
29540,29540,97236.14
29541,29541,0.0
29542,29542,0.0
29543,29543,8577.541
29544,29544,290.28772
29545,29545,10433.558
29546,29546,0.0
29547,29547,64098.035
29548,29548,34099.516
29549,29549,75113.63
29550,29550,33515.832
29551,29551,0.0
29552,29552,205337.94
29553,29553,5673.632
29554,29554,118.5502
29555,29555,0.0
29556,29556,0.0
29557,29557,32727.418
29558,29558,18076.67
29559,29559,17796.725
29560,29560,8970.588
29561,29561,40886.188
29562,29562,44252.92
29563,29563,2602.97
29564,29564,54892.05
29565,29565,146867.25
29566,29566,204581.42
29567,29567,85909.91
29568,29568,0.0
29569,29569,4922.6978
29570,29570,0.0
29571,29571,2649.7024
29572,29572,1531.8365
29573,29573,0.0
29574,29574,21581.137
29575,29575,0.0
29576,29576,64151.023
29577,29577,1386.2657
29578,29578,0.0
29579,29579,5624.515
29580,29580,13355.895
29581,29581,36694.387
29582,29582,0.0
29583,29583,25472.22
29584,29584,18158.7
29585,29585,10568.542
29586,29586,38062.99
29587,29587,12570.326
29588,29588,0.0
29589,29589,36683.62
29590,29590,59335.035
29591,29591,51580.453
29592,29592,33427.77
29593,29593,18105.02
29594,29594,1521.8518
29595,29595,29392.293
29596,29596,3084.6335
29597,29597,37167.215
29598,29598,0.0
29599,29599,21728.975
29600,29600,734.1588
29601,29601,32203.186
29602,29602,416587.38
29603,29603,4951.9004
29604,29604,0.0
29605,29605,9833.099
29606,29606,0.0
29607,29607,13794.775
29608,29608,10129.625
29609,29609,11170.476
29610,29610,16533.281
29611,29611,54226.0
29612,29612,74.47711
29613,29613,14021.691
29614,29614,0.0
29615,29615,5867.6616
29616,29616,76402.41
29617,29617,19356.256
29618,29618,53605.03
29619,29619,32198.365
29620,29620,0.0
29621,29621,38510.18
29622,29622,0.0
29623,29623,76764.195
29624,29624,51349.867
29625,29625,57574.266
29626,29626,1591.4261
29627,29627,312693.94
29628,29628,0.0
29629,29629,2938.183
29630,29630,17279.324
29631,29631,13133.376
29632,29632,39801.016
29633,29633,38715.086
29634,29634,3.4637755e+06
29635,29635,25566.484
29636,29636,6702.6777
29637,29637,79172.71
29638,29638,2360.1357
29639,29639,13550.046
29640,29640,39496.96
29641,29641,18109.678
29642,29642,49623.215
29643,29643,13802.528
29644,29644,39377.957
29645,29645,153342.42
29646,29646,1714.6443
29647,29647,1732.638
29648,29648,89108.31
29649,29649,44633.168
29650,29650,45323.535
29651,29651,10554.209
29652,29652,18955.074
29653,29653,18552.902
29654,29654,107988.53
29655,29655,103965.42
29656,29656,3270.2026
29657,29657,13425.456
29658,29658,211917.34
29659,29659,15384.601
29660,29660,24076.164
29661,29661,3203.4001
29662,29662,3275.113
29663,29663,17489.135
29664,29664,2382.7021
29665,29665,15193.924
29666,29666,0.0
29667,29667,646415.25
29668,29668,1182.4092
29669,29669,0.0
29670,29670,2496.5168
29671,29671,14076.54
29672,29672,0.0
29673,29673,14456.476
29674,29674,63084.984
29675,29675,0.0
29676,29676,0.0
29677,29677,92195.87
29678,29678,0.0
29679,29679,113960.74
29680,29680,0.0
29681,29681,7953.73
29682,29682,102417.16
29683,29683,2847.696
29684,29684,42865.79
29685,29685,28461.879
29686,29686,3425.5813
29687,29687,243240.47
29688,29688,2673.5745
29689,29689,44868.496
29690,29690,18025.82
29691,29691,22026.143
29692,29692,4186.709
29693,29693,5192.6816
29694,29694,0.0
29695,29695,282371.5
29696,29696,34265.6
29697,29697,2637.3914
29698,29698,4111.1147
29699,29699,0.0
29700,29700,20343.232
29701,29701,8124.0615
29702,29702,649.63416
29703,29703,6547.5864
29704,29704,103926.195
29705,29705,1807.6306
29706,29706,36723.516
29707,29707,11732.748
29708,29708,0.0
29709,29709,560.3145
29710,29710,5809.575
29711,29711,31079.531
29712,29712,7255.292
29713,29713,0.0
29714,29714,44675.457
29715,29715,23370.643
29716,29716,40179.457
29717,29717,7059.394
29718,29718,9019.186
29719,29719,17375.957
29720,29720,24298.553
29721,29721,0.0
29722,29722,20149.764
29723,29723,40211.69
29724,29724,10096.747
29725,29725,11325.765
29726,29726,39247.066
29727,29727,10844.507
29728,29728,103211.7
29729,29729,0.0
29730,29730,0.0
29731,29731,21045.926
29732,29732,13059.102
29733,29733,34504.887
29734,29734,29694.662
29735,29735,5809.637
29736,29736,54566.18
29737,29737,35629.652
29738,29738,12206.864
29739,29739,45053.203
29740,29740,6991.6636
29741,29741,51281.215
29742,29742,0.0
29743,29743,26550.316
29744,29744,2093.2053
29745,29745,0.0
29746,29746,4847.886
29747,29747,9176.051
29748,29748,11498.862
29749,29749,21935.45
29750,29750,74189.57
29751,29751,6202.371
29752,29752,0.0
29753,29753,68858.25
29754,29754,65127.27
29755,29755,21378.566
29756,29756,0.0
29757,29757,4833.751
29758,29758,197089.34
29759,29759,20386.605
29760,29760,21013.672
29761,29761,0.0
29762,29762,54911.98
29763,29763,102151.484
29764,29764,5714.7495
29765,29765,21346.125
29766,29766,23167.3
29767,29767,0.0
29768,29768,13324.173
29769,29769,4307.7793
29770,29770,0.0
29771,29771,21183.863
29772,29772,0.0
29773,29773,17826.281
29774,29774,0.0
29775,29775,342429.94
29776,29776,0.0
29777,29777,44060.59
29778,29778,0.0
29779,29779,82654.53
29780,29780,13440.278
29781,29781,16134.184
29782,29782,9598.074
29783,29783,1795.4501
29784,29784,59888.332
29785,29785,0.0
29786,29786,3968.2446
29787,29787,13734.647
29788,29788,18353.633
29789,29789,28927.527
29790,29790,176460.69
29791,29791,6395.3223
29792,29792,16842.639
29793,29793,0.0
29794,29794,1780.883
29795,29795,0.0
29796,29796,49980.992
29797,29797,10898.017
29798,29798,140949.22
29799,29799,0.0
29800,29800,0.0
29801,29801,0.0
29802,29802,27080.16
29803,29803,14741.57
29804,29804,67310.33
29805,29805,2249.399
29806,29806,27078.193
29807,29807,0.0
29808,29808,94283.23
29809,29809,6890.8105
29810,29810,24794.488
29811,29811,0.0
29812,29812,6849.94
29813,29813,16619.781
29814,29814,51297.562
29815,29815,3729.2559
29816,29816,36043.754
29817,29817,28204.205
29818,29818,5350.4956
29819,29819,3692.014
29820,29820,7663.6763
29821,29821,114021.086
29822,29822,26288.09
29823,29823,30533.459
29824,29824,55770.105
29825,29825,9163.144
29826,29826,177.60573
29827,29827,31540.324
29828,29828,0.0
29829,29829,0.0
29830,29830,138341.1
29831,29831,25878.793
29832,29832,45153.06
29833,29833,0.0
29834,29834,18523.201
29835,29835,0.0
29836,29836,28960.58
29837,29837,28019.752
29838,29838,45454.027
29839,29839,87087.875
29840,29840,20432.324
29841,29841,173396.92
29842,29842,15099.573
29843,29843,2248.4165
29844,29844,23394.365
29845,29845,33138.137
29846,29846,0.0
29847,29847,58185.027
29848,29848,36500.12
29849,29849,50414.023
29850,29850,863.52344
29851,29851,0.0
29852,29852,6926.7134
29853,29853,98323.16
29854,29854,0.0
29855,29855,0.0
29856,29856,0.0
29857,29857,3944.5947
29858,29858,24721.947
29859,29859,3523.69
29860,29860,33308.605
29861,29861,18270.836
29862,29862,3731.4573
29863,29863,8949.894
29864,29864,1994.5778
29865,29865,7804.979
29866,29866,84530.68
29867,29867,25531.604
29868,29868,0.0
29869,29869,71698.8
29870,29870,7.740902
29871,29871,27776.295
29872,29872,18875.588
29873,29873,76428.266
29874,29874,106971.14
29875,29875,220394.23
29876,29876,33311.258
29877,29877,82017.89
29878,29878,126830.125
29879,29879,2852.289
29880,29880,0.0
29881,29881,0.0
29882,29882,16143.237
29883,29883,21968.646
29884,29884,93902.04
29885,29885,0.0
29886,29886,203331.64
29887,29887,19549.326
29888,29888,50466.08
29889,29889,514.06384
29890,29890,0.0
29891,29891,33390.96
29892,29892,23019.26
29893,29893,6666.5776
29894,29894,12026.363
29895,29895,4038.4768
29896,29896,10605.034
29897,29897,0.0
29898,29898,397.84
29899,29899,15938.251
29900,29900,225416.55
29901,29901,29193.84
29902,29902,28487.33
29903,29903,65897.36
29904,29904,0.0
29905,29905,0.0
29906,29906,132275.78
29907,29907,63689.977
29908,29908,17026.125
29909,29909,95026.74
29910,29910,7102.3096
29911,29911,35264.797
29912,29912,0.0
29913,29913,19168.348
29914,29914,0.0
29915,29915,8255.651
29916,29916,0.0
29917,29917,0.0
29918,29918,188058.72
29919,29919,25758.574
29920,29920,7723.5874
29921,29921,3281.8699
29922,29922,0.0
29923,29923,99627.19
29924,29924,14883.739
29925,29925,38255.016
29926,29926,383.52985
29927,29927,544.8166
29928,29928,6025.0264
29929,29929,39446.246
29930,29930,14440.398
29931,29931,0.0
29932,29932,0.0
29933,29933,0.0
29934,29934,1418.5167
29935,29935,31895.654
29936,29936,0.0
29937,29937,12868.302
29938,29938,185709.3
29939,29939,20358.773
29940,29940,76656.81
29941,29941,29584.625
29942,29942,7299.724
29943,29943,13377.132
29944,29944,16784.924
29945,29945,3171.23
29946,29946,33794.758
29947,29947,7157.672
29948,29948,158412.03
29949,29949,152238.69
29950,29950,9929.226
29951,29951,1607.7196
29952,29952,0.0
29953,29953,83855.02
29954,29954,1370.417
29955,29955,277377.53
29956,29956,54468.332
29957,29957,177515.61
29958,29958,11776.294
29959,29959,19727.27
29960,29960,0.0
29961,29961,66012.06
29962,29962,54040.277
29963,29963,45383.83
29964,29964,0.0
29965,29965,25571.918
29966,29966,71535.97
29967,29967,52239.445
29968,29968,10993.528
29969,29969,0.0
29970,29970,38668.45
29971,29971,24207.047
29972,29972,0.0
29973,29973,47930.574
29974,29974,36405.793
29975,29975,4446.4683
29976,29976,38568.344
29977,29977,219490.95
29978,29978,91567.45
29979,29979,26389.588
29980,29980,69270.664
29981,29981,0.0
29982,29982,18517.637
29983,29983,13667.85
29984,29984,0.0
29985,29985,0.0
29986,29986,5752.44
29987,29987,0.0
29988,29988,8206.769
29989,29989,0.0
29990,29990,0.0
29991,29991,5834.4893
29992,29992,0.0
29993,29993,1497.0475
29994,29994,1911.841
29995,29995,2800.8826
29996,29996,11058.664
29997,29997,26999.307
29998,29998,0.0
29999,29999,7623.443
30000,30000,26273.025
30001,30001,27434.4
30002,30002,17545.441
30003,30003,14905.852
30004,30004,12755.391
30005,30005,172995.11
30006,30006,18234.248
30007,30007,0.0
30008,30008,175054.36
30009,30009,41781.805
30010,30010,35432.14
30011,30011,88769.93
30012,30012,13087.45
30013,30013,2697.0608
30014,30014,0.0
30015,30015,7263.056
30016,30016,0.0
30017,30017,20067.404
30018,30018,45930.25
30019,30019,192930.42
30020,30020,39241.824
30021,30021,52755.895
30022,30022,8531.613
30023,30023,3606.9016
30024,30024,9784.032
30025,30025,0.0
30026,30026,12804.713
30027,30027,25446.44
30028,30028,131684.12
30029,30029,0.0
30030,30030,0.0
30031,30031,33153.7
30032,30032,36054.39
30033,30033,23357.654
30034,30034,26492.96
30035,30035,18608.848
30036,30036,0.0
30037,30037,12451.775
30038,30038,17858.406
30039,30039,5004.4004
30040,30040,14433.3545
30041,30041,0.0
30042,30042,26634.781
30043,30043,488.64407
30044,30044,66810.78
30045,30045,103796.52
30046,30046,35578.047
30047,30047,79693.15
30048,30048,25106.51
30049,30049,0.0
30050,30050,0.0
30051,30051,0.0
30052,30052,0.0
30053,30053,23775.406
30054,30054,13721.508
30055,30055,5093.7163
30056,30056,1705.0657
30057,30057,21415.43
30058,30058,11859.9375
30059,30059,31773.607
30060,30060,0.0
30061,30061,153493.58
30062,30062,9787.017
30063,30063,0.0
30064,30064,15816.858
30065,30065,168170.17
30066,30066,0.0
30067,30067,0.0
30068,30068,26229.918
30069,30069,0.0
30070,30070,143134.42
30071,30071,183.15324
30072,30072,0.0
30073,30073,1165.4719
30074,30074,20843.484
30075,30075,0.0
30076,30076,11588.513
30077,30077,11335.834
30078,30078,38284.684
30079,30079,81377.73
30080,30080,92321.78
30081,30081,4708.653
30082,30082,7729.797
30083,30083,91228.21
30084,30084,416.92242
30085,30085,834.9856
30086,30086,33878.93
30087,30087,31897.14
30088,30088,23651.947
30089,30089,0.0
30090,30090,3416.0337
30091,30091,19909.234
30092,30092,24548.062
30093,30093,35873.156
30094,30094,34203.867
30095,30095,425424.6
30096,30096,0.0
30097,30097,112497.05
30098,30098,0.0
30099,30099,9604.627
30100,30100,72147.28
30101,30101,78504.45
30102,30102,102378.24
30103,30103,0.0
30104,30104,103049.85
30105,30105,45813.023
30106,30106,3279.273
30107,30107,53897.668
30108,30108,30565.42
30109,30109,0.0
30110,30110,2015.7406
30111,30111,1.3041005e+06
30112,30112,86360.23
30113,30113,3948.4263
30114,30114,83095.07
30115,30115,95462.47
30116,30116,125114.6
30117,30117,46619.082
30118,30118,3083.8376
30119,30119,54500.48
30120,30120,0.0
30121,30121,137473.62
30122,30122,13756.633
30123,30123,30974.586
30124,30124,5789.246
30125,30125,0.0
30126,30126,29330.79
30127,30127,1732.3173
30128,30128,68654.5
30129,30129,15429.876
30130,30130,0.0
30131,30131,164977.75
30132,30132,9017.872
30133,30133,12137.1045
30134,30134,29536.547
30135,30135,12638.352
30136,30136,18787.32
30137,30137,148580.12
30138,30138,60508.76
30139,30139,45035.656
30140,30140,101785.98
30141,30141,0.0
30142,30142,15201.911
30143,30143,1637.134
30144,30144,32811.508
30145,30145,0.0
30146,30146,42977.63
30147,30147,64293.926
30148,30148,0.0
30149,30149,11664.87
30150,30150,12357.386
30151,30151,0.0
30152,30152,21581.242
30153,30153,0.0
30154,30154,0.0
30155,30155,938.45184
30156,30156,41541.07
30157,30157,53640.273
30158,30158,5121.126
30159,30159,67516.76
30160,30160,0.0
30161,30161,0.0
30162,30162,0.0
30163,30163,6123.889
30164,30164,15177.076
30165,30165,11917.749
30166,30166,26368.121
30167,30167,38398.98
30168,30168,57581.855
30169,30169,0.0
30170,30170,14035.362
30171,30171,0.0
30172,30172,118591.52
30173,30173,5353.171
30174,30174,0.0
30175,30175,14116.236
30176,30176,13570.005
30177,30177,4.956538e+06
30178,30178,28914.879
30179,30179,864474.06
30180,30180,48696.848
30181,30181,3506.8174
30182,30182,35467.902
30183,30183,103233.14
30184,30184,16803.209
30185,30185,6245.4575
30186,30186,38366.027
30187,30187,63746.633
30188,30188,7294.534
30189,30189,58919.844
30190,30190,25277.496
30191,30191,0.0
30192,30192,120613.95
30193,30193,22937.18
30194,30194,54270.598
30195,30195,40485.773
30196,30196,48336.008
30197,30197,0.0
30198,30198,357736.34
30199,30199,0.0
30200,30200,0.0
30201,30201,45049.992
30202,30202,9911.72
30203,30203,0.0
30204,30204,8108.4497
30205,30205,50923.402
30206,30206,23064.36
30207,30207,33491.81
30208,30208,82487.125
30209,30209,402474.6
30210,30210,0.0
30211,30211,60368.4
30212,30212,74312.016
30213,30213,142499.48
30214,30214,329892.1
30215,30215,35690.207
30216,30216,12437.29
30217,30217,74273.34
30218,30218,0.0
30219,30219,56037.926
30220,30220,23505.48
30221,30221,1973.2705
30222,30222,0.0
30223,30223,26117.71
30224,30224,12477.325
30225,30225,0.0
30226,30226,42433.992
30227,30227,3738.9417
30228,30228,0.0
30229,30229,88790.89
30230,30230,2285.3696
30231,30231,23786.84
30232,30232,75597.33
30233,30233,7657.774
30234,30234,62423.85
30235,30235,88797.05
30236,30236,2667.9856
30237,30237,41946.332
30238,30238,11161.781
30239,30239,11126.325
30240,30240,3098.0916
30241,30241,57936.082
30242,30242,0.0
30243,30243,91799.96
30244,30244,0.0
30245,30245,0.0
30246,30246,20615.193
30247,30247,68062.29
30248,30248,32259.805
30249,30249,18455.258
30250,30250,0.0
30251,30251,0.0
30252,30252,0.0
30253,30253,0.0
30254,30254,61304.473
30255,30255,12537.641
30256,30256,42646.05
30257,30257,18320.518
30258,30258,0.0
30259,30259,18819.375
30260,30260,0.0
30261,30261,86315.555
30262,30262,2867.741
30263,30263,28112.227
30264,30264,0.0
30265,30265,3804.4377
30266,30266,0.0
30267,30267,0.0
30268,30268,24082.625
30269,30269,43994.87
30270,30270,28068.543
30271,30271,11320.716
30272,30272,8617.085
30273,30273,32342.678
30274,30274,0.0
30275,30275,0.0
30276,30276,0.0
30277,30277,13802.086
30278,30278,889.6146
30279,30279,9129.274
30280,30280,616560.3
30281,30281,0.0
30282,30282,33131.36
30283,30283,15076.657
30284,30284,24408.832
30285,30285,0.0
30286,30286,10795.106
30287,30287,0.0
30288,30288,0.0
30289,30289,260485.48
30290,30290,76131.66
30291,30291,15095.901
30292,30292,36932.934
30293,30293,17997.752
30294,30294,58973.703
30295,30295,14266.981
30296,30296,9356.787
30297,30297,7425.9297
30298,30298,17035.488
30299,30299,53543.934
30300,30300,122847.266
30301,30301,33974.008
30302,30302,27320.742
30303,30303,37449.83
30304,30304,0.0
30305,30305,0.0
30306,30306,894.90564
30307,30307,20526.086
30308,30308,48363.938
30309,30309,0.0
30310,30310,0.0
30311,30311,0.0
30312,30312,208628.97
30313,30313,0.0
30314,30314,8345.347
30315,30315,0.0
30316,30316,0.0
30317,30317,71021.89
30318,30318,24864.404
30319,30319,0.0
30320,30320,46964.062
30321,30321,22195.912
30322,30322,119257.7
30323,30323,11743.083
30324,30324,19285.105
30325,30325,2425.252
30326,30326,133901.56
30327,30327,50847.844
30328,30328,0.0
30329,30329,4679.6753
30330,30330,40771.297
30331,30331,12423.257
30332,30332,9233.984
30333,30333,23405.021
30334,30334,5780.911
30335,30335,133002.47
30336,30336,0.0
30337,30337,47765.293
30338,30338,7809.5747
30339,30339,65731.76
30340,30340,20055.223
30341,30341,4316.0566
30342,30342,0.0
30343,30343,40214.562
30344,30344,21955.258
30345,30345,2159.7507
30346,30346,150370.6
30347,30347,265928.2
30348,30348,24399.482
30349,30349,4554.524
30350,30350,70218.42
30351,30351,0.0
30352,30352,151569.56
30353,30353,0.0
30354,30354,115130.07
30355,30355,39547.02
30356,30356,134794.97
30357,30357,0.0
30358,30358,20259.902
30359,30359,6994.1196
30360,30360,190801.81
30361,30361,0.0
30362,30362,2769.8054
30363,30363,16046.885
30364,30364,11996.475
30365,30365,0.0
30366,30366,24018.076
30367,30367,68741.76
30368,30368,0.0
30369,30369,0.0
30370,30370,0.0
30371,30371,9792.095
30372,30372,16636.443
30373,30373,3.2361202e+06
30374,30374,5865.177
30375,30375,11484.817
30376,30376,26389.443
30377,30377,69237.32
30378,30378,2.6437025e+06
30379,30379,19638.74
30380,30380,348920.1
30381,30381,316442.75
30382,30382,2929.819
30383,30383,11120.242
30384,30384,0.0
30385,30385,0.0
30386,30386,1999.7808
30387,30387,83467.5
30388,30388,0.0
30389,30389,101617.94
30390,30390,0.0
30391,30391,74360.79
30392,30392,8321.771
30393,30393,4825.277
30394,30394,0.0
30395,30395,8726.215
30396,30396,0.0
30397,30397,1460.0454
30398,30398,372.07852
30399,30399,78121.086
30400,30400,15303.999
30401,30401,31213.682
30402,30402,23660.137
30403,30403,1636.7256
30404,30404,12245.312
30405,30405,0.0
30406,30406,20390.094
30407,30407,21111.19
30408,30408,28128.283
30409,30409,66594.18
30410,30410,9334.581
30411,30411,3565.3025
30412,30412,193324.98
30413,30413,64902.043
30414,30414,3627.996
30415,30415,84340.375
30416,30416,118145.164
30417,30417,63021.37
30418,30418,19210.877
30419,30419,8496.605
30420,30420,199.07281
30421,30421,1.3978249e+06
30422,30422,39252.023
30423,30423,3217.1074
30424,30424,3157.7058
30425,30425,0.0
30426,30426,14778.73
30427,30427,51839.2
30428,30428,20992.03
30429,30429,60667.887
30430,30430,12291.62
30431,30431,26162.645
30432,30432,489.6712
30433,30433,89847.89
30434,30434,110950.9
30435,30435,15579.174
30436,30436,9574.534
30437,30437,1323.344
30438,30438,352746.25
30439,30439,91916.055
30440,30440,0.0
30441,30441,0.0
30442,30442,9831.6045
30443,30443,24090.695
30444,30444,33259.64
30445,30445,0.0
30446,30446,31976.533
30447,30447,176836.5
30448,30448,95136.164
30449,30449,7673.4077
30450,30450,36141.348
30451,30451,84992.13
30452,30452,48092.953
30453,30453,19196.63
30454,30454,0.0
30455,30455,76499.73
30456,30456,6007.159
30457,30457,8462.706
30458,30458,4190.4277
30459,30459,10194.344
30460,30460,2929.1338
30461,30461,16633.855
30462,30462,6845.6943
30463,30463,4753.733
30464,30464,17375.164
30465,30465,0.0
30466,30466,7736.9053
30467,30467,0.0
30468,30468,23489.502
30469,30469,236059.75
30470,30470,47120.918
30471,30471,6284.4746
30472,30472,15705.524
30473,30473,135384.39
30474,30474,0.0
30475,30475,70360.57
30476,30476,30962.17
30477,30477,0.0
30478,30478,15914.838
30479,30479,14717.931
30480,30480,23788.707
30481,30481,6011.564
30482,30482,267271.22
30483,30483,67064.95
30484,30484,24983.033
30485,30485,11361.821
30486,30486,12088.247
30487,30487,0.0
30488,30488,32154.732
30489,30489,23822.627
30490,30490,10737.096
30491,30491,0.0
30492,30492,0.0
30493,30493,0.0
30494,30494,12283.023
30495,30495,0.0
30496,30496,155935.98
30497,30497,22697.643
30498,30498,0.0
30499,30499,118870.13
30500,30500,0.0
30501,30501,47861.98
30502,30502,9921.746
30503,30503,0.0
30504,30504,6273.3223
30505,30505,88063.05
30506,30506,62483.44
30507,30507,8496.17
30508,30508,23664.707
30509,30509,0.0
30510,30510,257973.52
30511,30511,30455.803
30512,30512,62947.22
30513,30513,0.0
30514,30514,0.0
30515,30515,115778.98
30516,30516,0.0
30517,30517,0.0
30518,30518,0.0
30519,30519,0.0
30520,30520,92683.56
30521,30521,26882.943
30522,30522,7093.8975
30523,30523,5650.378
30524,30524,17559.166
30525,30525,212813.1
30526,30526,15167.752
30527,30527,5603.6504
30528,30528,34786.836
30529,30529,77362.71
30530,30530,1614.6313
30531,30531,22245.213
30532,30532,13032.326
30533,30533,60549.766
30534,30534,40199.625
30535,30535,4064.7717
30536,30536,210272.33
30537,30537,14337.326
30538,30538,0.0
30539,30539,8734.859
30540,30540,88233.695
30541,30541,66790.95
30542,30542,0.0
30543,30543,416111.22
30544,30544,154.28792
30545,30545,13383.289
30546,30546,0.0
30547,30547,0.0
30548,30548,19303.047
30549,30549,11389.907
30550,30550,0.0
30551,30551,9033.756
30552,30552,0.0
30553,30553,0.0
30554,30554,3.1302932e+06
30555,30555,6117.957
30556,30556,16579.766
30557,30557,1.1463932e+06
30558,30558,46895.188
30559,30559,0.0
30560,30560,129720.72
30561,30561,18404.254
30562,30562,0.0
30563,30563,53665.375
30564,30564,0.0
30565,30565,58675.266
30566,30566,14289.28
30567,30567,9889.146
30568,30568,100134.305
30569,30569,32476.535
30570,30570,122807.4
30571,30571,6517.7427
30572,30572,11583.454
30573,30573,2259.1304
30574,30574,28325.562
30575,30575,211865.67
30576,30576,38282.746
30577,30577,4923.7197
30578,30578,64302.38
30579,30579,400251.7
30580,30580,5772.13
30581,30581,7398.212
30582,30582,21927.408
30583,30583,0.0
30584,30584,25184.514
30585,30585,12131.154
30586,30586,209137.39
30587,30587,6405.621
30588,30588,0.0
30589,30589,2457.2275
30590,30590,252420.05
30591,30591,34465.934
30592,30592,10997.502
30593,30593,24986.576
30594,30594,1.04625606e+06
30595,30595,7232.7783
30596,30596,21196.51
30597,30597,0.0
30598,30598,9823.147
30599,30599,8765.61
30600,30600,10272.182
30601,30601,1616.6581
30602,30602,0.0
30603,30603,14270.338
30604,30604,25903.549
30605,30605,8877.149
30606,30606,1005.30927
30607,30607,60762.46
30608,30608,75121.62
30609,30609,8306.059
30610,30610,4.21985e+06
30611,30611,33652.684
30612,30612,44306.41
30613,30613,3286.2573
30614,30614,15995.581
30615,30615,24506.922
30616,30616,34335.57
30617,30617,0.0
30618,30618,10244.245
30619,30619,88345.32
30620,30620,678.5459
30621,30621,16197.538
30622,30622,1806.8225
30623,30623,21294.193
30624,30624,15657.553
30625,30625,18827.072
30626,30626,0.0
30627,30627,1.45633e+06
30628,30628,30090.941
30629,30629,0.0
30630,30630,1747.8271
30631,30631,15360.254
30632,30632,44648.395
30633,30633,0.0
30634,30634,8095.846
30635,30635,24142.514
30636,30636,0.0
30637,30637,0.0
30638,30638,0.0
30639,30639,35368.113
30640,30640,0.0
30641,30641,0.0
30642,30642,21926.283
30643,30643,0.0
30644,30644,10554.149
30645,30645,10303.286
30646,30646,71838.23
30647,30647,0.0
30648,30648,1.5707836e+06
30649,30649,25550.516
30650,30650,0.0
30651,30651,0.0
30652,30652,67221.38
30653,30653,16780.31
30654,30654,16669.455
30655,30655,10864.7
30656,30656,4661.4937
30657,30657,237143.92
30658,30658,0.0
30659,30659,347937.38
30660,30660,0.0
30661,30661,0.0
30662,30662,50680.77
30663,30663,57817.438
30664,30664,0.0
30665,30665,0.0
30666,30666,152125.25
30667,30667,87793.125
30668,30668,567.196
30669,30669,0.0
30670,30670,9906.589
30671,30671,13696.541
30672,30672,0.0
30673,30673,12668.872
30674,30674,8481.595
30675,30675,30251.307
30676,30676,929.7272
30677,30677,24152.367
30678,30678,21744.945
30679,30679,2647.8013
30680,30680,0.0
30681,30681,248658.55
30682,30682,83020.805
30683,30683,32514.156
30684,30684,116360.805
30685,30685,0.0
30686,30686,0.0
30687,30687,113810.45
30688,30688,105000.4
30689,30689,0.0
30690,30690,219152.84
30691,30691,24232.254
30692,30692,3797.2263
30693,30693,6224.236
30694,30694,32863.387
30695,30695,0.0
30696,30696,16026.221
30697,30697,0.0
30698,30698,11413.466
30699,30699,20320.336
30700,30700,8304.099
30701,30701,122213.695
30702,30702,0.0
30703,30703,107473.99
30704,30704,0.0
30705,30705,31391.12
30706,30706,63327.82
30707,30707,20105.828
30708,30708,0.0
30709,30709,28120.16
30710,30710,111219.26
30711,30711,212560.36
30712,30712,24904.691
30713,30713,16537.992
30714,30714,31183.145
30715,30715,56613.86
30716,30716,142275.94
30717,30717,245696.17
30718,30718,64456.344
30719,30719,0.0
30720,30720,0.0
30721,30721,0.0
30722,30722,27486.236
30723,30723,19041.338
30724,30724,5661.2983
30725,30725,5372.113
30726,30726,37495.85
30727,30727,18447.193
30728,30728,10997.771
30729,30729,0.0
30730,30730,7703.031
30731,30731,12592.475
30732,30732,39400.88
30733,30733,3928.6672
30734,30734,6517.41
30735,30735,110726.125
30736,30736,14264.783
30737,30737,7484.474
30738,30738,6429.3267
30739,30739,7858.812
30740,30740,0.0
30741,30741,8862.886
30742,30742,153351.45
30743,30743,65189.875
30744,30744,53241.293
30745,30745,98263.41
30746,30746,2811.362
30747,30747,920289.2
30748,30748,8328.95
30749,30749,28400.06
30750,30750,0.0
30751,30751,128301.305
30752,30752,0.0
30753,30753,16606.92
30754,30754,29273.1
30755,30755,18339.709
30756,30756,32164.588
30757,30757,19234.924
30758,30758,88682.96
30759,30759,0.0
30760,30760,14605.912
30761,30761,199420.62
30762,30762,0.0
30763,30763,2937.2148
30764,30764,24962.994
30765,30765,0.0
30766,30766,0.0
30767,30767,52419.7
30768,30768,27265.57
30769,30769,36594.418
30770,30770,159016.2
30771,30771,7047.075
30772,30772,14751.226
30773,30773,0.0
30774,30774,3045.4475
30775,30775,10004.958
30776,30776,12987.156
30777,30777,165335.64
30778,30778,173490.19
30779,30779,15301.338
30780,30780,227485.6
30781,30781,0.0
30782,30782,110582.81
30783,30783,0.0
30784,30784,0.0
30785,30785,56766.04
30786,30786,207149.14
30787,30787,123543.086
30788,30788,0.0
30789,30789,10913.102
30790,30790,77790.83
30791,30791,8430.804
30792,30792,0.0
30793,30793,159200.86
30794,30794,0.0
30795,30795,16071.14
30796,30796,33425.176
30797,30797,0.0
30798,30798,191000.94
30799,30799,38224.69
30800,30800,22291.422
30801,30801,19040.572
30802,30802,38617.17
30803,30803,19255.652
30804,30804,7684.1997
30805,30805,22851.258
30806,30806,117101.61
30807,30807,73245.54
30808,30808,8962.744
30809,30809,8316.859
30810,30810,26209.814
30811,30811,66969.766
30812,30812,70277.375
30813,30813,5835.707
30814,30814,0.0
30815,30815,0.0
30816,30816,51540.438
30817,30817,135764.2
30818,30818,13212.67
30819,30819,43941.094
30820,30820,32570.344
30821,30821,8839.284
30822,30822,13559.63
30823,30823,1.0452201e+06
30824,30824,20886.727
30825,30825,0.0
30826,30826,30559.969
30827,30827,110563.65
30828,30828,2338.3257
30829,30829,12283.711
30830,30830,15235.038
30831,30831,11009.068
30832,30832,14805.056
30833,30833,16645.76
30834,30834,34869.258
30835,30835,30885.45
30836,30836,0.0
30837,30837,2073.4043
30838,30838,94630.39
30839,30839,117971.07
30840,30840,197761.73
30841,30841,25036.535
30842,30842,17418.334
30843,30843,45142.65
30844,30844,63348.63
30845,30845,152949.84
30846,30846,86689.25
30847,30847,5.185032e+06
30848,30848,8907.621
30849,30849,10579.4
30850,30850,222375.66
30851,30851,0.0
30852,30852,23742.777
30853,30853,0.0
30854,30854,20176.086
30855,30855,14113.701
30856,30856,101595.195
30857,30857,86325.03
30858,30858,33969.402
30859,30859,9076.82
30860,30860,167803.52
30861,30861,0.0
30862,30862,0.0
30863,30863,74840.35
30864,30864,10412.836
30865,30865,0.0
30866,30866,1378.6448
30867,30867,0.0
30868,30868,21973.885
30869,30869,16564.674
30870,30870,0.0
30871,30871,0.0
30872,30872,83788.62
30873,30873,12199.729
30874,30874,70337.055
30875,30875,6386.4653
30876,30876,22838.178
30877,30877,835.2791
30878,30878,34463.434
30879,30879,0.0
30880,30880,0.0
30881,30881,61479.23
30882,30882,32375.943
30883,30883,115137.89
30884,30884,48367.887
30885,30885,29459.55
30886,30886,0.0
30887,30887,10343.224
30888,30888,21861.432
30889,30889,5300.7095
30890,30890,17435.477
30891,30891,7725.208
30892,30892,849.844
30893,30893,0.0
30894,30894,130701.516
30895,30895,81434.945
30896,30896,41837.41
30897,30897,14370.424
30898,30898,74998.984
30899,30899,2292.3276
30900,30900,78404.29
30901,30901,24210.531
30902,30902,135811.72
30903,30903,28425.832
30904,30904,31496.135
30905,30905,99900.91
30906,30906,72158.56
30907,30907,698.3627
30908,30908,18220.422
30909,30909,21344.748
30910,30910,23981.441
30911,30911,0.0
30912,30912,25756.176
30913,30913,161138.03
30914,30914,0.0
30915,30915,43555.047
30916,30916,186868.5
30917,30917,114618.84
30918,30918,6651.0415
30919,30919,7880.017
30920,30920,23354.16
30921,30921,44756.727
30922,30922,52633.61
30923,30923,0.0
30924,30924,55971.492
30925,30925,17737.824
30926,30926,14985.505
30927,30927,128072.41
30928,30928,128070.27
30929,30929,14492.01
30930,30930,12983.998
30931,30931,48191.094
30932,30932,66065.64
30933,30933,30841.836
30934,30934,29830.977
30935,30935,833.54736
30936,30936,15173.051
30937,30937,7924.197
30938,30938,2015.7621
30939,30939,14049.688
30940,30940,22481.35
30941,30941,0.0
30942,30942,75118.46
30943,30943,24593.6
30944,30944,4032.2861
30945,30945,0.0
30946,30946,31295.871
30947,30947,92318.24
30948,30948,235724.58
30949,30949,35751.992
30950,30950,117481.05
30951,30951,0.0
30952,30952,0.0
30953,30953,34289.39
30954,30954,19823.064
30955,30955,0.0
30956,30956,3455.376
30957,30957,0.0
30958,30958,11993.546
30959,30959,208780.06
30960,30960,31924.531
30961,30961,574.16254
30962,30962,47393.44
30963,30963,21580.297
30964,30964,6852.752
30965,30965,8797.333
30966,30966,35757.99
30967,30967,0.0
30968,30968,0.0
30969,30969,6893.7603
