,id,predicted_price
0,0,8075.60009765625
1,1,6805.69140625
2,2,17417.740234375
3,3,7101.74462890625
4,4,9188.302734375
5,5,13420.4970703125
6,6,7673.9013671875
7,7,3799.38623046875
8,8,12162.87109375
9,9,3609.726318359375
10,10,4079.207763671875
11,11,5465.81591796875
12,12,14870.8037109375
13,13,11843.3603515625
14,14,6780.48388671875
15,15,10066.8701171875
16,16,8803.7900390625
17,17,10072.2099609375
18,18,37913.47265625
19,19,7152.466796875
20,20,7379.4833984375
21,21,14739.1826171875
22,22,13405.4140625
23,23,14271.3134765625
24,24,7424.6240234375
25,25,6196.693359375
26,26,9157.341796875
27,27,6573.4853515625
28,28,9004.435546875
29,29,10243.7333984375
30,30,10834.802734375
31,31,13482.4697265625
32,32,13574.505859375
33,33,42038.0390625
34,34,8096.51416015625
35,35,4746.728515625
36,36,10682.8525390625
37,37,8282.333984375
38,38,6595.24560546875
39,39,4573.10693359375
40,40,4251.61962890625
41,41,11504.8173828125
42,42,2643.87109375
43,43,7036.81689453125
44,44,10175.3837890625
45,45,6049.42578125
46,46,11660.8505859375
47,47,21169.046875
48,48,13597.5859375
49,49,5664.2724609375
50,50,5122.70263671875
51,51,14298.44140625
52,52,13436.4541015625
53,53,9533.197265625
54,54,7911.39453125
55,55,6955.59765625
56,56,13649.9765625
57,57,7343.21484375
58,58,19481.65625
59,59,6460.12841796875
60,60,5392.93603515625
61,61,7742.67919921875
62,62,5237.90966796875
63,63,46024.19140625
64,64,10169.927734375
65,65,6606.6337890625
66,66,148013.296875
67,67,5658.5322265625
68,68,5205.189453125
69,69,9149.23046875
70,70,17380.134765625
71,71,11657.0009765625
72,72,10564.20703125
73,73,8840.0126953125
74,74,7268.16650390625
75,75,6553.923828125
76,76,20829.931640625
77,77,16978.923828125
78,78,10951.5439453125
79,79,5949.453125
80,80,4960.853515625
81,81,11487.2783203125
82,82,8551.9580078125
83,83,108081.84375
84,84,9259.732421875
85,85,30273.892578125
86,86,7377.42138671875
87,87,280355.875
88,88,9518.6123046875
89,89,8142.5322265625
90,90,9281.609375
91,91,11646.2216796875
92,92,7874.32861328125
93,93,20504.76953125
94,94,6870.640625
95,95,223068.921875
96,96,70580.6875
97,97,40592.64453125
98,98,8542.78125
99,99,5881.9150390625
100,100,10987.8173828125
101,101,13193.4921875
102,102,5604.28076171875
103,103,16780.6328125
104,104,5599.02734375
105,105,9578.435546875
106,106,2631.625
107,107,5150.5068359375
108,108,7563.14013671875
109,109,8377.765625
110,110,7292.2080078125
111,111,7499.67919921875
112,112,43211.484375
113,113,6214.068359375
114,114,47499.50390625
115,115,16476.267578125
116,116,7795.52099609375
117,117,29763.80078125
118,118,31351.333984375
119,119,8959.8603515625
120,120,5235.38427734375
121,121,9342.0166015625
122,122,9086.9873046875
123,123,7020.55029296875
124,124,7268.125
125,125,93794.8515625
126,126,86873.8203125
127,127,68513.890625
128,128,12740.4169921875
129,129,46922.3125
130,130,6527.2265625
131,131,15717.8857421875
132,132,114515.2890625
133,133,9695.0537109375
134,134,9182.6884765625
135,135,7527.05810546875
136,136,12364.9013671875
137,137,3216.653076171875
138,138,6561.06787109375
139,139,18540.404296875
140,140,42631.3828125
141,141,7263.7294921875
142,142,8215.146484375
143,143,9316.228515625
144,144,6784.37646484375
145,145,6514.0634765625
146,146,5775.8876953125
147,147,9578.212890625
148,148,133825.53125
149,149,13104.193359375
150,150,8619.666015625
151,151,133967.09375
152,152,23969.2265625
153,153,13484.69140625
154,154,37542.80859375
155,155,10680.7275390625
156,156,11802.7080078125
157,157,7100.16064453125
158,158,16567.455078125
159,159,8125.392578125
160,160,44385.43359375
161,161,8860.044921875
162,162,8390.267578125
163,163,7262.369140625
164,164,5937.2431640625
165,165,105522.8671875
166,166,13915.73046875
167,167,11232.7646484375
168,168,7561.40380859375
169,169,6927.85302734375
170,170,6147.33447265625
171,171,10586.2490234375
172,172,10862.203125
173,173,9395.306640625
174,174,6814.5908203125
175,175,13443.2275390625
176,176,4936.29296875
177,177,217508.609375
178,178,7699.083984375
179,179,7476.5625
180,180,7297.8447265625
181,181,57101.19921875
182,182,168541.265625
183,183,7538.05859375
184,184,10132.0283203125
185,185,8872.240234375
186,186,3884.290283203125
187,187,3518.70068359375
188,188,6569.5537109375
189,189,6901.18896484375
190,190,149562.28125
191,191,31409.3125
192,192,16076.1484375
193,193,14299.849609375
194,194,3546.47021484375
195,195,1803332.625
196,196,19803.447265625
197,197,8463.71484375
198,198,104844.578125
199,199,29201.958984375
200,200,18069.4453125
201,201,5213.6650390625
202,202,9172.52734375
203,203,9909.19921875
204,204,5184.36083984375
205,205,6988.353515625
206,206,5551.68994140625
207,207,7492.3251953125
208,208,38334.09765625
209,209,10556.16015625
210,210,20765.923828125
211,211,8478.9208984375
212,212,6571.263671875
213,213,4428.14501953125
214,214,54694.4921875
215,215,175032.4375
216,216,8525.380859375
217,217,14728.4853515625
218,218,11256.0439453125
219,219,6392.591796875
220,220,53046.48828125
221,221,4162.73095703125
222,222,7610.1494140625
223,223,6891.56005859375
224,224,8240.451171875
225,225,23384.03125
226,226,10801.8330078125
227,227,17170.755859375
228,228,11162.470703125
229,229,17432.708984375
230,230,34147.09765625
231,231,7040.703125
232,232,8168.8837890625
233,233,2389003.0
234,234,80472.7578125
235,235,7624.2568359375
236,236,107450.078125
237,237,7109.248046875
238,238,6675.216796875
239,239,36599.125
240,240,11551.5205078125
241,241,11385.1142578125
242,242,6508.0380859375
243,243,7740.98291015625
244,244,6869.25634765625
245,245,7981.24267578125
246,246,8147.3330078125
247,247,14525.5
248,248,48248.57421875
249,249,152209.046875
250,250,8099.3046875
251,251,6531.1982421875
252,252,15627.9521484375
253,253,10878.634765625
254,254,8791.771484375
255,255,111262.0390625
256,256,5868.2578125
257,257,24119.447265625
258,258,3364.901611328125
259,259,7227.52197265625
260,260,8733.576171875
261,261,5514.4365234375
262,262,7212.09814453125
263,263,103928.8984375
264,264,6006.00927734375
265,265,20717.3125
266,266,37633.65234375
267,267,7966.43115234375
268,268,7492.03662109375
269,269,6178.79296875
270,270,11195.0595703125
271,271,13890.6552734375
272,272,2215902.5
273,273,7081.44482421875
274,274,41317.796875
275,275,57121.9921875
276,276,133514.5625
277,277,10153.5849609375
278,278,6754.4404296875
279,279,8490.7412109375
280,280,4841.82958984375
281,281,5133.271484375
282,282,5838.8134765625
283,283,6199.54248046875
284,284,22673.388671875
285,285,8221.5556640625
286,286,34043.21484375
287,287,20184.810546875
288,288,9511.3076171875
289,289,7341.8916015625
290,290,15161.1416015625
291,291,15525.193359375
292,292,4476.51025390625
293,293,11358.064453125
294,294,5471.513671875
295,295,16095.4443359375
296,296,4943.57275390625
297,297,63201.2421875
298,298,8782.66796875
299,299,12469.6318359375
300,300,9169.62890625
301,301,4311.18408203125
302,302,5724.7421875
303,303,4124.33837890625
304,304,13215.9111328125
305,305,10369.1025390625
306,306,8404.0
307,307,7524.93359375
308,308,5918.30908203125
309,309,14676.8203125
310,310,6725.2490234375
311,311,126926.9375
312,312,7421.82568359375
313,313,80979.71875
314,314,7360.16845703125
315,315,10591.41796875
316,316,10976.53125
317,317,7123.53466796875
318,318,6288.10400390625
319,319,11009.4638671875
320,320,14909.9150390625
321,321,11251.6005859375
322,322,7955.1708984375
323,323,36856.921875
324,324,8507.5048828125
325,325,9027.7578125
326,326,11776.8857421875
327,327,3181.72021484375
328,328,6357.48779296875
329,329,3834.054443359375
330,330,18683.716796875
331,331,14037.3681640625
332,332,7821.30859375
333,333,109081.4765625
334,334,4073.437744140625
335,335,8096.431640625
336,336,8716.291015625
337,337,10770.8896484375
338,338,12253.2470703125
339,339,6068.845703125
340,340,8119.44482421875
341,341,21457.634765625
342,342,11588.0283203125
343,343,16988.32421875
344,344,156734.765625
345,345,8685.7978515625
346,346,132119.171875
347,347,129390.859375
348,348,76381.265625
349,349,8228.8759765625
350,350,57874.6328125
351,351,7752.025390625
352,352,10332.58984375
353,353,8091.919921875
354,354,11892.2666015625
355,355,5917.87939453125
356,356,7717.51416015625
357,357,9656.1796875
358,358,4775.63916015625
359,359,49559.14453125
360,360,5478.91650390625
361,361,7976.66357421875
362,362,22783.412109375
363,363,4707.30908203125
364,364,13587.9052734375
365,365,10304.4326171875
366,366,12574.44921875
367,367,15287.095703125
368,368,6659.81982421875
369,369,27861.88671875
370,370,60023.8828125
371,371,7297.48046875
372,372,13422.57421875
373,373,19135.55859375
374,374,8053.62841796875
375,375,10284.6123046875
376,376,7010.1123046875
377,377,6479.9404296875
378,378,4911.59326171875
379,379,8887.17578125
380,380,85584.75
381,381,7901.029296875
382,382,8313.5439453125
383,383,8637.4609375
384,384,8683.556640625
385,385,307788.4375
386,386,6980.36767578125
387,387,10237.7822265625
388,388,137279.859375
389,389,7976.6884765625
390,390,15399.576171875
391,391,4223.71044921875
392,392,8771.7529296875
393,393,8037.71875
394,394,9682.6728515625
395,395,7575.57861328125
396,396,5692.94189453125
397,397,7392.38525390625
398,398,26816.43359375
399,399,10261.6826171875
400,400,11750.5947265625
401,401,8610.1728515625
402,402,5841.8759765625
403,403,14350.48828125
404,404,36305.97265625
405,405,18881.123046875
406,406,4867.37353515625
407,407,40407.09765625
408,408,5787.71923828125
409,409,4974.31201171875
410,410,8971.8076171875
411,411,3970.02783203125
412,412,120874.296875
413,413,14684.8193359375
414,414,37668.078125
415,415,10080.89453125
416,416,14572.1005859375
417,417,6601.7119140625
418,418,17188.65625
419,419,6518.63232421875
420,420,6742.8349609375
421,421,16850.27734375
422,422,90367.5859375
423,423,62332.859375
424,424,14798.3193359375
425,425,8266.5234375
426,426,49428.44921875
427,427,6404.86865234375
428,428,8129.98388671875
429,429,9834.28125
430,430,10481.345703125
431,431,7524.05810546875
432,432,21407.671875
433,433,5334.73486328125
434,434,10775.7548828125
435,435,238440.890625
436,436,5498.65478515625
437,437,21303.345703125
438,438,6428.216796875
439,439,18502.72265625
440,440,4767.21435546875
441,441,29562.189453125
442,442,23204.994140625
443,443,10181.15234375
444,444,6625.08984375
445,445,7161.95068359375
446,446,5336108.5
447,447,14509.2802734375
448,448,6957.4736328125
449,449,12889.109375
450,450,7027.57861328125
451,451,159802.015625
452,452,144419.8125
453,453,6223.19384765625
454,454,11319.8369140625
455,455,47993.27734375
456,456,8454.0
457,457,6926.39111328125
458,458,104347.1328125
459,459,10008.828125
460,460,4223.41259765625
461,461,14963.12109375
462,462,8607.1318359375
463,463,80727.8046875
464,464,8065.71044921875
465,465,6908.208984375
466,466,253095.234375
467,467,6408.42919921875
468,468,4921.88671875
469,469,4134.95068359375
470,470,5506.02587890625
471,471,7027.97607421875
472,472,19635.16796875
473,473,10077.6123046875
474,474,9601.720703125
475,475,9081.4306640625
476,476,4149.02099609375
477,477,6594.3046875
478,478,86435.96875
479,479,16368.58203125
480,480,11754.0966796875
481,481,17216.58984375
482,482,4860.85400390625
483,483,15857.05078125
484,484,7965.3046875
485,485,119532.671875
486,486,34415.30078125
487,487,14649.916015625
488,488,8443.2900390625
489,489,5994.6728515625
490,490,3659.931640625
491,491,7801.35888671875
492,492,34152.1171875
493,493,4774.8173828125
494,494,29979.900390625
495,495,11266.7724609375
496,496,12517.5107421875
497,497,11468.453125
498,498,5746.2265625
499,499,16568.0078125
500,500,12454.66796875
501,501,8217.3349609375
502,502,26365.24609375
503,503,9404.53125
504,504,4719.8056640625
505,505,8948.9873046875
506,506,5853.47265625
507,507,8455.3837890625
508,508,25818.37890625
509,509,21038.587890625
510,510,11128.7490234375
511,511,7146.7744140625
512,512,7683.3623046875
513,513,153978.453125
514,514,5976.830078125
515,515,91067.3828125
516,516,10404.5205078125
517,517,7089.5986328125
518,518,23035.537109375
519,519,5020.41357421875
520,520,18626.013671875
521,521,13405.6845703125
522,522,47057.953125
523,523,5229.7333984375
524,524,3709.569580078125
525,525,144262.71875
526,526,50921.4296875
527,527,158493.40625
528,528,6701.76025390625
529,529,8675.849609375
530,530,126599.0234375
531,531,4449.59912109375
532,532,5093.23486328125
533,533,25960.22265625
534,534,11325.6259765625
535,535,5367.5439453125
536,536,9274.9560546875
537,537,5433.77685546875
538,538,10391.31640625
539,539,101608.8671875
540,540,216131.234375
541,541,6483.20458984375
542,542,7556.66064453125
543,543,10408.3427734375
544,544,8085.6650390625
545,545,8177.1826171875
546,546,7733.0205078125
547,547,148252.453125
548,548,65057.97265625
549,549,7979.07763671875
550,550,13835.4482421875
551,551,4002.650146484375
552,552,12381.2626953125
553,553,5967.8681640625
554,554,6788.93701171875
555,555,29368.255859375
556,556,4417.3623046875
557,557,148586.515625
558,558,4967.13916015625
559,559,6340.52978515625
560,560,6524.03515625
561,561,287862.1875
562,562,22502.5546875
563,563,4248.4384765625
564,564,3071671.25
565,565,28866.34375
566,566,7178.47216796875
567,567,6861.28125
568,568,6190.69580078125
569,569,48397.38671875
570,570,9103.9375
571,571,11039.87890625
572,572,3582.75537109375
573,573,12510.994140625
574,574,7318.87109375
575,575,12043.232421875
576,576,7444.076171875
577,577,5465.19580078125
578,578,6956.28955078125
579,579,4034.4931640625
580,580,36687.265625
581,581,13354.3466796875
582,582,10564.0654296875
583,583,7288.27880859375
584,584,68254.71875
585,585,6093.72607421875
586,586,77265.3671875
587,587,54327.6875
588,588,9419.7001953125
589,589,11021.55078125
590,590,40235.8359375
591,591,10598.0927734375
592,592,7181.02001953125
593,593,6638.62109375
594,594,6652.37060546875
595,595,18312.26171875
596,596,22747.025390625
597,597,5801.67724609375
598,598,11086.8212890625
599,599,9546.8310546875
600,600,10087.4345703125
601,601,6084.9619140625
602,602,7139.873046875
603,603,4909.81591796875
604,604,12196.9140625
605,605,7668.89697265625
606,606,6757.3076171875
607,607,6350.970703125
608,608,12832.08203125
609,609,11166.50390625
610,610,6242.876953125
611,611,155832.671875
612,612,5787.0419921875
613,613,6251.46826171875
614,614,14885.513671875
615,615,87113.6484375
616,616,51552.2109375
617,617,13192.6474609375
618,618,11287.259765625
619,619,214124.328125
620,620,15158.150390625
621,621,23803.884765625
622,622,152386.0
623,623,48623.5234375
624,624,8146.947265625
625,625,8063.416015625
626,626,52073.5234375
627,627,9443.3173828125
628,628,8347.7783203125
629,629,11297.2080078125
630,630,7723.0927734375
631,631,4929.76806640625
632,632,12877.0302734375
633,633,5838.7568359375
634,634,6993.830078125
635,635,207698.53125
636,636,9765.154296875
637,637,32129.431640625
638,638,5962.587890625
639,639,6722.15869140625
640,640,31660.515625
641,641,7061709.5
642,642,14334.9833984375
643,643,21642.224609375
644,644,5431.5087890625
645,645,469740.1875
646,646,6731.55615234375
647,647,1723629.5
648,648,8132.8994140625
649,649,9081.75
650,650,12419.8427734375
651,651,4923.4287109375
652,652,3781.37109375
653,653,22913.93359375
654,654,37943.41015625
655,655,11166.484375
656,656,9442.4833984375
657,657,6451.5107421875
658,658,7369.22021484375
659,659,10759.2490234375
660,660,14408.05859375
661,661,6628.2294921875
662,662,4475.31787109375
663,663,29329.55078125
664,664,5885.92431640625
665,665,7500.43505859375
666,666,19583.056640625
667,667,7257.50732421875
668,668,9327.7900390625
669,669,7505.1435546875
670,670,71238.8046875
671,671,9006.384765625
672,672,4945.09765625
673,673,10808.794921875
674,674,5128.0859375
675,675,22394.34375
676,676,5577.2666015625
677,677,39965.09375
678,678,5133.12451171875
679,679,8760.8310546875
680,680,7003.7177734375
681,681,6777.40869140625
682,682,4127.89892578125
683,683,55798.04296875
684,684,7788.162109375
685,685,4865.1376953125
686,686,8062.04833984375
687,687,12908.0927734375
688,688,125439.984375
689,689,5571.70068359375
690,690,6505.10009765625
691,691,9575.6875
692,692,5845.39794921875
693,693,6286.15869140625
694,694,26124.259765625
695,695,22930.513671875
696,696,6755.6767578125
697,697,10403.6572265625
698,698,5290.81494140625
699,699,7116.18017578125
700,700,8466.5361328125
701,701,110537.1953125
702,702,130167.3359375
703,703,5773.337890625
704,704,38534.4140625
705,705,7957.11767578125
706,706,15210.0673828125
707,707,5754.2109375
708,708,7193.09326171875
709,709,6138.99658203125
710,710,5058.98486328125
711,711,78714.9296875
712,712,5383.32421875
713,713,8258.759765625
714,714,11292.89453125
715,715,12498.890625
716,716,3820.740478515625
717,717,10575.916015625
718,718,11703.2919921875
719,719,8782.2734375
720,720,6098.66845703125
721,721,5715.42822265625
722,722,6302.06591796875
723,723,105124.7578125
724,724,5584.75439453125
725,725,6041.21630859375
726,726,9135.5712890625
727,727,57463.55078125
728,728,7262.43310546875
729,729,8106.62890625
730,730,222998.53125
731,731,20290.15625
732,732,8716.5751953125
733,733,6778.1044921875
734,734,7789.59228515625
735,735,6268.916015625
736,736,5236.7197265625
737,737,5704.67041015625
738,738,7824.95703125
739,739,7086.1240234375
740,740,3092.5791015625
741,741,7038.47314453125
742,742,10865.1044921875
743,743,61046.8515625
744,744,5060.107421875
745,745,8553.0283203125
746,746,93355.4375
747,747,9754.1875
748,748,14352.8037109375
749,749,1266074.625
750,750,4655022.0
751,751,6318.087890625
752,752,6173.65771484375
753,753,30455.005859375
754,754,14099.244140625
755,755,12521.802734375
756,756,8793.939453125
757,757,6494.583984375
758,758,7999.9150390625
759,759,4851.43505859375
760,760,32161.703125
761,761,8137.94482421875
762,762,7989.671875
763,763,9283.3046875
764,764,7397.05029296875
765,765,11613.111328125
766,766,12789.978515625
767,767,13294.3388671875
768,768,16147.5126953125
769,769,4973895.0
770,770,19763.8125
771,771,7856.5419921875
772,772,12583.9296875
773,773,7508.572265625
774,774,7288.71826171875
775,775,8677.7177734375
776,776,8012.54150390625
777,777,7804.74609375
778,778,13625.783203125
779,779,155734.53125
780,780,6251.1591796875
781,781,13709.716796875
782,782,52984.703125
783,783,6982.55615234375
784,784,6243.70361328125
785,785,9043.2314453125
786,786,5741.61572265625
787,787,16104.7744140625
788,788,6579.43408203125
789,789,5539.12109375
790,790,8480.96875
791,791,67904.171875
792,792,7298.7216796875
793,793,7715.08447265625
794,794,4658.1162109375
795,795,7552.91357421875
796,796,9255.771484375
797,797,197791.1875
798,798,9750.48828125
799,799,14387.9052734375
800,800,6055.15380859375
801,801,20033.625
802,802,11466.8544921875
803,803,10359.4111328125
804,804,14155.9287109375
805,805,8310.4052734375
806,806,7017.16845703125
807,807,7799.03662109375
808,808,6261.0517578125
809,809,72089.59375
810,810,154990.09375
811,811,11056.5615234375
812,812,7044.525390625
813,813,9703.671875
814,814,11231.6982421875
815,815,1747955.0
816,816,3824.045166015625
817,817,9031.4482421875
818,818,16664.318359375
819,819,88344.921875
820,820,3980.495849609375
821,821,7051.0498046875
822,822,12521.6455078125
823,823,10152.517578125
824,824,13607.142578125
825,825,12147.1904296875
826,826,6958.0546875
827,827,8535.01953125
828,828,14133.7724609375
829,829,20604.130859375
830,830,13442.0380859375
831,831,4281403.0
832,832,12237.50390625
833,833,8492.845703125
834,834,3524.394287109375
835,835,34090.953125
836,836,24477.576171875
837,837,1186308.375
838,838,6234.541015625
839,839,16462.87890625
840,840,12006.259765625
841,841,6559.60595703125
842,842,11734.2138671875
843,843,7746.869140625
844,844,10823.986328125
845,845,11312.6650390625
846,846,4673.69091796875
847,847,53021.21875
848,848,11294.1826171875
849,849,10062.029296875
850,850,10854.18359375
851,851,1646290.0
852,852,9663.720703125
853,853,6815.890625
854,854,6232.29052734375
855,855,25138.69921875
856,856,5278.9580078125
857,857,12358.681640625
858,858,6344.56103515625
859,859,115762.6484375
860,860,15754.6884765625
861,861,11896.1865234375
862,862,6868.8017578125
863,863,8735.56640625
864,864,52234.734375
865,865,6796.2509765625
866,866,60635.953125
867,867,179328.0625
868,868,8210.6796875
869,869,8515.708984375
870,870,18714.59765625
871,871,7115.66845703125
872,872,7838.787109375
873,873,28239.361328125
874,874,15865.373046875
875,875,4709.0087890625
876,876,8719.2333984375
877,877,10398.6826171875
878,878,206655.375
879,879,79508.09375
880,880,23403.46484375
881,881,9738.998046875
882,882,8094.1748046875
883,883,6000.341796875
884,884,42044.10546875
885,885,12300.0888671875
886,886,11692.0
887,887,10076.951171875
888,888,8423.5908203125
889,889,6619.2880859375
890,890,10034.92578125
891,891,7188.9423828125
892,892,10546.5283203125
893,893,13583.16796875
894,894,51964.4453125
895,895,158943.5
896,896,7071.1474609375
897,897,55420.0078125
898,898,1245.7950439453125
899,899,199472.0
900,900,6340.7431640625
901,901,5556.9921875
902,902,46034.546875
903,903,9518.58203125
904,904,6669.1630859375
905,905,3558.5146484375
906,906,11906.337890625
907,907,13929.9873046875
908,908,7763.20263671875
909,909,15295.3369140625
910,910,6027287.5
911,911,8907.2255859375
912,912,8605.7763671875
913,913,6640.603515625
914,914,6127.04931640625
915,915,22970.373046875
916,916,93574.84375
917,917,530950.25
918,918,3473.86865234375
919,919,25886.345703125
920,920,7356.35693359375
921,921,11166.783203125
922,922,12026.0361328125
923,923,5275.6845703125
924,924,7660.3359375
925,925,7739.916015625
926,926,6277.67822265625
927,927,16493.291015625
928,928,13736.318359375
929,929,31518.7734375
930,930,6731.88134765625
931,931,9283.150390625
932,932,9783.7626953125
933,933,8601.8623046875
934,934,28953.45703125
935,935,9097.9169921875
936,936,7502.37255859375
937,937,8162.9130859375
938,938,14460.193359375
939,939,17132.81640625
940,940,19614.091796875
941,941,58387.2578125
942,942,2152.470947265625
943,943,7671.06201171875
944,944,7684.16552734375
945,945,19459.28125
946,946,5650.2783203125
947,947,8633.171875
948,948,11523.4443359375
949,949,8908.7744140625
950,950,5865.00537109375
951,951,6214.9814453125
952,952,4874.1494140625
953,953,24438.337890625
954,954,9016.8564453125
955,955,21006.056640625
956,956,8094.92529296875
957,957,102344.703125
958,958,3819.91357421875
959,959,17828.828125
960,960,23761.275390625
961,961,7124.30419921875
962,962,6878.90771484375
963,963,5556.33349609375
964,964,8519.373046875
965,965,15065.525390625
966,966,9527.708984375
967,967,6881.75244140625
968,968,15018.0048828125
969,969,7299.826171875
970,970,7360.77392578125
971,971,64353.21875
972,972,11850.9892578125
973,973,5077.90966796875
974,974,11015.7265625
975,975,7285.09326171875
976,976,80630.6875
977,977,5408.41748046875
978,978,7026.79296875
979,979,102323.28125
980,980,7123.0244140625
981,981,8007.33544921875
982,982,9517.072265625
983,983,8402.2451171875
984,984,74805.234375
985,985,6884.728515625
986,986,22515.634765625
987,987,136974.171875
988,988,5108.82177734375
989,989,181775.015625
990,990,127164.46875
991,991,6581.3876953125
992,992,5773.55517578125
993,993,6733.4306640625
994,994,9013.7333984375
995,995,5860.1787109375
996,996,5949.2041015625
997,997,7018.3037109375
998,998,10077.1787109375
999,999,14092.7421875
1000,1000,7256.7548828125
1001,1001,6566.69091796875
1002,1002,19754.708984375
1003,1003,8267.3583984375
1004,1004,2698.50537109375
1005,1005,5507.55810546875
1006,1006,7210.97314453125
1007,1007,8241.8486328125
1008,1008,6495.64892578125
1009,1009,8438.6435546875
1010,1010,8786.65625
1011,1011,7820.998046875
1012,1012,5244.38330078125
1013,1013,268666.25
1014,1014,90570.8671875
1015,1015,6639.73095703125
1016,1016,7151.0380859375
1017,1017,4510.32958984375
1018,1018,6631.8544921875
1019,1019,4773.8779296875
1020,1020,9351.7294921875
1021,1021,9486.2109375
1022,1022,16570.572265625
1023,1023,36992.05078125
1024,1024,9244.6904296875
1025,1025,49406.33984375
1026,1026,100690.3125
1027,1027,6238.48681640625
1028,1028,8637.267578125
1029,1029,27354.80078125
1030,1030,3483.600830078125
1031,1031,6491.56591796875
1032,1032,11912.9345703125
1033,1033,39346.3515625
1034,1034,7367.37353515625
1035,1035,8169.4697265625
1036,1036,7062.8212890625
1037,1037,8265.3056640625
1038,1038,6936.76220703125
1039,1039,17650.525390625
1040,1040,9506.7412109375
1041,1041,9378.7353515625
1042,1042,3820.927734375
1043,1043,6212.234375
1044,1044,79116.1015625
1045,1045,4881.2333984375
1046,1046,5816.12353515625
1047,1047,57716.05859375
1048,1048,5780.8955078125
1049,1049,8814.845703125
1050,1050,58192.5234375
1051,1051,9273.6240234375
1052,1052,10820.935546875
1053,1053,7988.587890625
1054,1054,27371.345703125
1055,1055,9964.76953125
1056,1056,9133.5537109375
1057,1057,12714.16015625
1058,1058,10413.64453125
1059,1059,11066.51953125
1060,1060,3960.831298828125
1061,1061,31599.85546875
1062,1062,7459.60205078125
1063,1063,6666.6943359375
1064,1064,19192.77734375
1065,1065,7493.369140625
1066,1066,14334.220703125
1067,1067,30204.10546875
1068,1068,16307.595703125
1069,1069,53285.98046875
1070,1070,12716.4580078125
1071,1071,7402.4716796875
1072,1072,8082.16162109375
1073,1073,4845.65380859375
1074,1074,6570.05322265625
1075,1075,12053.2373046875
1076,1076,9375.158203125
1077,1077,45569.76953125
1078,1078,5716.27197265625
1079,1079,129145.671875
1080,1080,6458.9404296875
1081,1081,74938.203125
1082,1082,10628.4853515625
1083,1083,36482.03125
1084,1084,13914.57421875
1085,1085,5677.2080078125
1086,1086,7369.01708984375
1087,1087,16093.6923828125
1088,1088,6317.36279296875
1089,1089,14713.8642578125
1090,1090,25798.171875
1091,1091,15097.861328125
1092,1092,7753.21630859375
1093,1093,7307.5751953125
1094,1094,5808.5322265625
1095,1095,110090.3125
1096,1096,4740256.5
1097,1097,7624.48486328125
1098,1098,16022.4267578125
1099,1099,6472.5810546875
1100,1100,29345.830078125
1101,1101,9660.8837890625
1102,1102,39408.08984375
1103,1103,6287.8662109375
1104,1104,7669.6611328125
1105,1105,8109.6484375
1106,1106,8444.283203125
1107,1107,12032.2607421875
1108,1108,8406.2666015625
1109,1109,214002.734375
1110,1110,7988.9248046875
1111,1111,6984.8720703125
1112,1112,8449.734375
1113,1113,7853.4560546875
1114,1114,5622.55126953125
1115,1115,8572.30859375
1116,1116,5512.47705078125
1117,1117,10830.0537109375
1118,1118,3652023.25
1119,1119,160981.84375
1120,1120,5431.888671875
1121,1121,9097.021484375
1122,1122,10520.013671875
1123,1123,132683.0
1124,1124,5193.85400390625
1125,1125,6503.21533203125
1126,1126,125137.953125
1127,1127,10052.5400390625
1128,1128,96385.390625
1129,1129,8599.3212890625
1130,1130,5421.48974609375
1131,1131,262012.859375
1132,1132,8782.6630859375
1133,1133,3165.015625
1134,1134,3897.837890625
1135,1135,12263.7421875
1136,1136,26531.421875
1137,1137,10079.7958984375
1138,1138,7495.96337890625
1139,1139,9265.2939453125
1140,1140,5482.7626953125
1141,1141,4916.94482421875
1142,1142,11033.4150390625
1143,1143,4688.40771484375
1144,1144,6638.828125
1145,1145,7997.42724609375
1146,1146,4933.60302734375
1147,1147,64041.1171875
1148,1148,7420.5517578125
1149,1149,9546.76953125
1150,1150,28414.578125
1151,1151,44042.8515625
1152,1152,9419.1845703125
1153,1153,3546.583984375
1154,1154,6547.04833984375
1155,1155,8097.376953125
1156,1156,9077.6396484375
1157,1157,6863.4208984375
1158,1158,26126.5390625
1159,1159,7172.81298828125
1160,1160,8157.1259765625
1161,1161,5227.60302734375
1162,1162,5696.93115234375
1163,1163,12902.5380859375
1164,1164,11982.1943359375
1165,1165,21038.09765625
1166,1166,12471.7421875
1167,1167,9142.78515625
1168,1168,22193.34375
1169,1169,8268.779296875
1170,1170,5701.80517578125
1171,1171,2890266.75
1172,1172,6318.43798828125
1173,1173,23315.14453125
1174,1174,12802.4091796875
1175,1175,9894.9619140625
1176,1176,26238.0390625
1177,1177,6878.60498046875
1178,1178,12437.171875
1179,1179,9085.572265625
1180,1180,6050.11474609375
1181,1181,39115.0546875
1182,1182,6689.67724609375
1183,1183,4541238.5
1184,1184,6283.9111328125
1185,1185,10787.376953125
1186,1186,7471.728515625
1187,1187,7311.4814453125
1188,1188,9796.2919921875
1189,1189,24695.90234375
1190,1190,32996.42578125
1191,1191,39790.8359375
1192,1192,7004.28125
1193,1193,9539.39453125
1194,1194,10105.5751953125
1195,1195,10503.5576171875
1196,1196,7455.220703125
1197,1197,37634.00390625
1198,1198,6609.90673828125
1199,1199,47275.51171875
1200,1200,59961.03125
1201,1201,52325.7578125
1202,1202,10441.4404296875
1203,1203,4865.7509765625
1204,1204,9368.9951171875
1205,1205,9137.673828125
1206,1206,7538.57861328125
1207,1207,17122.421875
1208,1208,10271.6845703125
1209,1209,7180.11572265625
1210,1210,13070.5390625
1211,1211,28825.853515625
1212,1212,6366.67333984375
1213,1213,11679.1806640625
1214,1214,69786.109375
1215,1215,53231.8828125
1216,1216,8704.5205078125
1217,1217,9665.7548828125
1218,1218,18399.34765625
1219,1219,6846.69384765625
1220,1220,2790407.75
1221,1221,8336.9150390625
1222,1222,57083.8515625
1223,1223,8224.8251953125
1224,1224,19698.400390625
1225,1225,9282.1826171875
1226,1226,8441.75390625
1227,1227,46843.8203125
1228,1228,9048.6005859375
1229,1229,81193.015625
1230,1230,42487.390625
1231,1231,204225.28125
1232,1232,6935.5419921875
1233,1233,2843.789306640625
1234,1234,59864.0625
1235,1235,6687.42529296875
1236,1236,38252.21875
1237,1237,7544.177734375
1238,1238,3881.318359375
1239,1239,5247.302734375
1240,1240,7155.06396484375
1241,1241,37957.56640625
1242,1242,55328.06640625
1243,1243,9368.1181640625
1244,1244,69483.40625
1245,1245,7209.02294921875
1246,1246,5097.966796875
1247,1247,4876.9921875
1248,1248,9417.755859375
1249,1249,224388.828125
1250,1250,4215.734375
1251,1251,10234.7080078125
1252,1252,12511.9453125
1253,1253,6586.76416015625
1254,1254,9166.3974609375
1255,1255,7753.47412109375
1256,1256,7171.31640625
1257,1257,152397.53125
1258,1258,16079.8466796875
1259,1259,12248.640625
1260,1260,191961.5625
1261,1261,16501.220703125
1262,1262,6966.04052734375
1263,1263,15525.6201171875
1264,1264,103584.21875
1265,1265,24206.76171875
1266,1266,14021.8759765625
1267,1267,28586.99609375
1268,1268,4823.87841796875
1269,1269,7088.41943359375
1270,1270,9250.82421875
1271,1271,6006.3447265625
1272,1272,11332.759765625
1273,1273,85865.03125
1274,1274,27115.62890625
1275,1275,6075.15087890625
1276,1276,12564.951171875
1277,1277,6699.05126953125
1278,1278,44294.4453125
1279,1279,83230.5859375
1280,1280,8387.9306640625
1281,1281,13909.76953125
1282,1282,87873.796875
1283,1283,6858.72607421875
1284,1284,22159.4609375
1285,1285,5967.41796875
1286,1286,9867.7509765625
1287,1287,5371174.0
1288,1288,7499.46240234375
1289,1289,28273.10546875
1290,1290,12190.6796875
1291,1291,5781.724609375
1292,1292,95992.359375
1293,1293,5381.92822265625
1294,1294,54050.1484375
1295,1295,13305.794921875
1296,1296,8548.609375
1297,1297,27495.625
1298,1298,8951.5322265625
1299,1299,6686.95458984375
1300,1300,7578.78662109375
1301,1301,9869.6708984375
1302,1302,21182.228515625
1303,1303,2343070.25
1304,1304,7998.0126953125
1305,1305,24905.48046875
1306,1306,7977.43603515625
1307,1307,107543.3046875
1308,1308,7975.12158203125
1309,1309,7058.0478515625
1310,1310,4507.2392578125
1311,1311,6047.15771484375
1312,1312,4008.060791015625
1313,1313,12452.0986328125
1314,1314,7565.5947265625
1315,1315,65313.68359375
1316,1316,5243.5947265625
1317,1317,7036.3818359375
1318,1318,5967.9599609375
1319,1319,15107.703125
1320,1320,59286.53515625
1321,1321,7481.62255859375
1322,1322,9303.65625
1323,1323,7271.41552734375
1324,1324,6748.11181640625
1325,1325,8437.177734375
1326,1326,131605.859375
1327,1327,20582.994140625
1328,1328,14484.728515625
1329,1329,14968.1943359375
1330,1330,14174.6923828125
1331,1331,11129.0078125
1332,1332,6616.912109375
1333,1333,8506.0712890625
1334,1334,5694.28076171875
1335,1335,57102.05859375
1336,1336,8986.693359375
1337,1337,14080.462890625
1338,1338,9378.06640625
1339,1339,4964.94384765625
1340,1340,293038.3125
1341,1341,8529.1728515625
1342,1342,4664.384765625
1343,1343,37000.86328125
1344,1344,9220.3212890625
1345,1345,64511.2734375
1346,1346,8288.6181640625
1347,1347,3643.637939453125
1348,1348,9203.1611328125
1349,1349,7754.32763671875
1350,1350,13150.5419921875
1351,1351,47084.33984375
1352,1352,2918532.75
1353,1353,5310.22265625
1354,1354,140099.34375
1355,1355,4665.82958984375
1356,1356,30248.896484375
1357,1357,14612.306640625
1358,1358,33748.2109375
1359,1359,251723.96875
1360,1360,7797.6650390625
1361,1361,191879.8125
1362,1362,7716.76708984375
1363,1363,14035.5732421875
1364,1364,7608.9765625
1365,1365,6760.08544921875
1366,1366,6153.85791015625
1367,1367,13009.1943359375
1368,1368,8557.3720703125
1369,1369,5715.4609375
1370,1370,24528.94140625
1371,1371,6280.12353515625
1372,1372,5048.21337890625
1373,1373,12053.5751953125
1374,1374,12794.8125
1375,1375,10268.8955078125
1376,1376,8564.7236328125
1377,1377,19733.06640625
1378,1378,8058.65673828125
1379,1379,10099.3779296875
1380,1380,8139.6494140625
1381,1381,14064.609375
1382,1382,64362.125
1383,1383,1078338.625
1384,1384,7922.228515625
1385,1385,24259.9453125
1386,1386,22319.583984375
1387,1387,5902.76513671875
1388,1388,8359.6181640625
1389,1389,8327.14453125
1390,1390,5428.50341796875
1391,1391,10548.947265625
1392,1392,6473.2734375
1393,1393,6027.91845703125
1394,1394,6396.291015625
1395,1395,5380.77978515625
1396,1396,7285.01806640625
1397,1397,5595.619140625
1398,1398,20984.080078125
1399,1399,7225.93212890625
1400,1400,7444.2314453125
1401,1401,23609.830078125
1402,1402,7874.26123046875
1403,1403,42150.34375
1404,1404,7090.4599609375
1405,1405,11573.8583984375
1406,1406,19624.333984375
1407,1407,7632.73486328125
1408,1408,30902.6875
1409,1409,13606.7294921875
1410,1410,83658.296875
1411,1411,15648.6923828125
1412,1412,5764.45263671875
1413,1413,10161.26953125
1414,1414,7224.78857421875
1415,1415,6370.86328125
1416,1416,6247.47412109375
1417,1417,8222.5556640625
1418,1418,104959.4453125
1419,1419,10147.5546875
1420,1420,7510.57958984375
1421,1421,21924.51171875
1422,1422,5047.8935546875
1423,1423,10682.439453125
1424,1424,39382.04296875
1425,1425,10059.6279296875
1426,1426,35843.1953125
1427,1427,4203.970703125
1428,1428,36120.37890625
1429,1429,12892.1748046875
1430,1430,7010.76708984375
1431,1431,10469.865234375
1432,1432,12900.2841796875
1433,1433,3695.838134765625
1434,1434,8881.3427734375
1435,1435,5960.326171875
1436,1436,10657.7861328125
1437,1437,12775.482421875
1438,1438,15116.890625
1439,1439,7304.63818359375
1440,1440,6867.4990234375
1441,1441,15308.705078125
1442,1442,8305.5302734375
1443,1443,9625.3095703125
1444,1444,8726.453125
1445,1445,6183.1484375
1446,1446,24458.994140625
1447,1447,5204.2265625
1448,1448,3988.32080078125
1449,1449,91221.515625
1450,1450,57512.69140625
1451,1451,8592.63671875
1452,1452,24750.826171875
1453,1453,12371.515625
1454,1454,12714.9326171875
1455,1455,7100.3828125
1456,1456,5826.72412109375
1457,1457,74349.1328125
1458,1458,7225.720703125
1459,1459,4976.66748046875
1460,1460,48752.32421875
1461,1461,16157.5537109375
1462,1462,6910.30126953125
1463,1463,6910.69091796875
1464,1464,4619.26171875
1465,1465,5844.74853515625
1466,1466,12200.24609375
1467,1467,6797.72900390625
1468,1468,5505.7353515625
1469,1469,33588.87109375
1470,1470,6547.560546875
1471,1471,14386.7529296875
1472,1472,4761.712890625
1473,1473,8329.5048828125
1474,1474,48236.265625
1475,1475,11360.6123046875
1476,1476,8522.2451171875
1477,1477,32676.017578125
1478,1478,7231.84912109375
1479,1479,9303.7666015625
1480,1480,236551.65625
1481,1481,46420.52734375
1482,1482,7107.63037109375
1483,1483,6440.60009765625
1484,1484,4832.390625
1485,1485,10129.25390625
1486,1486,14179.509765625
1487,1487,27384.33984375
1488,1488,8454.314453125
1489,1489,6891.46533203125
1490,1490,11926.27734375
1491,1491,7364.20703125
1492,1492,12458.861328125
1493,1493,7641.380859375
1494,1494,7511.3095703125
1495,1495,7234.703125
1496,1496,16712.314453125
1497,1497,5551.1083984375
1498,1498,9302.6103515625
1499,1499,22319.82421875
1500,1500,3767.646484375
1501,1501,16322.26171875
1502,1502,7864.537109375
1503,1503,32441.48046875
1504,1504,12712.5458984375
1505,1505,8266.9521484375
1506,1506,7511.099609375
1507,1507,7599.8271484375
1508,1508,4117.09033203125
1509,1509,21514.455078125
1510,1510,5962.615234375
1511,1511,56827.99609375
1512,1512,145273.921875
1513,1513,27883.177734375
1514,1514,7809.806640625
1515,1515,5807.56201171875
1516,1516,4055.86279296875
1517,1517,58188.9140625
1518,1518,4213.63818359375
1519,1519,6260.4345703125
1520,1520,12851.74609375
1521,1521,6923.18359375
1522,1522,8788.5517578125
1523,1523,33271.05078125
1524,1524,11635.712890625
1525,1525,8202.3173828125
1526,1526,9404.4853515625
1527,1527,71906.375
1528,1528,244235.109375
1529,1529,901.4124145507812
1530,1530,6632.861328125
1531,1531,13202.0166015625
1532,1532,8526.2607421875
1533,1533,104868.71875
1534,1534,69299.3203125
1535,1535,9502.66015625
1536,1536,1757.344482421875
1537,1537,18838.58984375
1538,1538,6417.86181640625
1539,1539,9616.35546875
1540,1540,8950.7880859375
1541,1541,134323.484375
1542,1542,5361.48583984375
1543,1543,6531.349609375
1544,1544,14141.6123046875
1545,1545,6926.26708984375
1546,1546,10684.408203125
1547,1547,6215.8466796875
1548,1548,10818.337890625
1549,1549,8630.1357421875
1550,1550,4839.17138671875
1551,1551,8657.9326171875
1552,1552,15532.4619140625
1553,1553,7733.5830078125
1554,1554,36518.5546875
1555,1555,11337.892578125
1556,1556,8938.7265625
1557,1557,8133.49072265625
1558,1558,4888.58056640625
1559,1559,6387.8271484375
1560,1560,22561.5703125
1561,1561,6797.8662109375
1562,1562,12450.80859375
1563,1563,50391.9375
1564,1564,73946.109375
1565,1565,4411.767578125
1566,1566,12837.8916015625
1567,1567,157562.953125
1568,1568,15574.8623046875
1569,1569,6450.31298828125
1570,1570,166953.75
1571,1571,38943.8203125
1572,1572,5599.541015625
1573,1573,93842.828125
1574,1574,8185.3154296875
1575,1575,9945.623046875
1576,1576,2868956.25
1577,1577,7384.88623046875
1578,1578,9387.2294921875
1579,1579,24903.146484375
1580,1580,5078.0703125
1581,1581,9413.134765625
1582,1582,18093.529296875
1583,1583,5248.509765625
1584,1584,12274.5390625
1585,1585,5786.66650390625
1586,1586,9197.154296875
1587,1587,43630.48046875
1588,1588,7417.33642578125
1589,1589,36446.6171875
1590,1590,10988.0390625
1591,1591,118451.6953125
1592,1592,7224.59814453125
1593,1593,12527.6015625
1594,1594,14500.2451171875
1595,1595,20480.796875
1596,1596,11968.9267578125
1597,1597,7249.1630859375
1598,1598,6511.17578125
1599,1599,9024.39453125
1600,1600,9057.681640625
1601,1601,3163.253173828125
1602,1602,6502.91748046875
1603,1603,4343.23681640625
1604,1604,11102.5126953125
1605,1605,23857.33984375
1606,1606,6340.55126953125
1607,1607,4625.22265625
1608,1608,14094.0986328125
1609,1609,9349.849609375
1610,1610,7267.70263671875
1611,1611,16812.693359375
1612,1612,3406.543701171875
1613,1613,69665.015625
1614,1614,29619.41796875
1615,1615,9621.30078125
1616,1616,7030.83154296875
1617,1617,7528.9853515625
1618,1618,4361.86279296875
1619,1619,25342.45703125
1620,1620,5053.345703125
1621,1621,8270.3486328125
1622,1622,3075.611328125
1623,1623,12783.40625
1624,1624,25074.03125
1625,1625,102973.71875
1626,1626,15150.1259765625
1627,1627,7111.2099609375
1628,1628,5084.95703125
1629,1629,92521.609375
1630,1630,11090.9091796875
1631,1631,12699.2099609375
1632,1632,8460.8427734375
1633,1633,47744.65625
1634,1634,7506.36376953125
1635,1635,33563.88671875
1636,1636,32595.5625
1637,1637,6981.646484375
1638,1638,104372.734375
1639,1639,129960.8359375
1640,1640,7003.7109375
1641,1641,6425.94482421875
1642,1642,8974.828125
1643,1643,8985.1611328125
1644,1644,3956.15478515625
1645,1645,68971.1875
1646,1646,7325.0654296875
1647,1647,12659.3271484375
1648,1648,76913.4609375
1649,1649,7970.572265625
1650,1650,19667.916015625
1651,1651,10801.796875
1652,1652,15332.9775390625
1653,1653,7191.0283203125
1654,1654,16573.771484375
1655,1655,29532.779296875
1656,1656,24056.892578125
1657,1657,9369.4765625
1658,1658,20300.572265625
1659,1659,6272.462890625
1660,1660,25816.71875
1661,1661,10956.73828125
1662,1662,7982.369140625
1663,1663,89067.609375
1664,1664,3997.844970703125
1665,1665,52242.82421875
1666,1666,10374.373046875
1667,1667,9647.3759765625
1668,1668,44546.328125
1669,1669,7105.146484375
1670,1670,102603.7421875
1671,1671,8890.13671875
1672,1672,6788.56201171875
1673,1673,7230.2822265625
1674,1674,7936.46435546875
1675,1675,5268.15087890625
1676,1676,13511.6904296875
1677,1677,2823884.5
1678,1678,6088.76416015625
1679,1679,13191.3642578125
1680,1680,7301.03759765625
1681,1681,8204.8251953125
1682,1682,6855.4150390625
1683,1683,8656.6748046875
1684,1684,14758.078125
1685,1685,14419.8525390625
1686,1686,7492.2890625
1687,1687,3445.9365234375
1688,1688,195366.34375
1689,1689,17470.1484375
1690,1690,5702.55859375
1691,1691,4674.62890625
1692,1692,35912.8046875
1693,1693,5306.6640625
1694,1694,4755.88916015625
1695,1695,13207.822265625
1696,1696,304408.40625
1697,1697,36333.9375
1698,1698,4720.13525390625
1699,1699,10406.146484375
1700,1700,101814.828125
1701,1701,7792.4091796875
1702,1702,5373.4765625
1703,1703,89342.453125
1704,1704,4624.67919921875
1705,1705,163220.125
1706,1706,18525.4765625
1707,1707,75947.4140625
1708,1708,17291.4375
1709,1709,9622.5205078125
1710,1710,75846.546875
1711,1711,25189.232421875
1712,1712,6600.05517578125
1713,1713,8834.83203125
1714,1714,4237.7587890625
1715,1715,1548645.0
1716,1716,20659.47265625
1717,1717,11651.8173828125
1718,1718,7208.1943359375
1719,1719,9419.5107421875
1720,1720,4156.32470703125
1721,1721,15413.5546875
1722,1722,3315.076171875
1723,1723,5173.6435546875
1724,1724,6975.92236328125
1725,1725,9789.6123046875
1726,1726,70209.0859375
1727,1727,2874.731689453125
1728,1728,54210.27734375
1729,1729,18847.9375
1730,1730,8597.19140625
1731,1731,56010.28125
1732,1732,7133.51025390625
1733,1733,10019.57421875
1734,1734,10793.6357421875
1735,1735,28190.33203125
1736,1736,5981.91259765625
1737,1737,5301.740234375
1738,1738,182485.84375
1739,1739,23699.26171875
1740,1740,3881.283447265625
1741,1741,9779.255859375
1742,1742,6075.4658203125
1743,1743,11577.2705078125
1744,1744,4526.5048828125
1745,1745,6641.39013671875
1746,1746,10112.2333984375
1747,1747,8233.2880859375
1748,1748,5041.314453125
1749,1749,9893.1474609375
1750,1750,8930.962890625
1751,1751,11162.7021484375
1752,1752,7025.6982421875
1753,1753,36039.3671875
1754,1754,11930.123046875
1755,1755,101588.0078125
1756,1756,8043.21728515625
1757,1757,16579.328125
1758,1758,7439.87646484375
1759,1759,7407.54443359375
1760,1760,4296.7421875
1761,1761,10284.947265625
1762,1762,11023.03125
1763,1763,200762.015625
1764,1764,22382.306640625
1765,1765,27096.298828125
1766,1766,13996.5615234375
1767,1767,6924.17626953125
1768,1768,19150.55859375
1769,1769,101162.7421875
1770,1770,4230.8125
1771,1771,14221.146484375
1772,1772,8483.30859375
1773,1773,20207.498046875
1774,1774,27891.783203125
1775,1775,4384.1103515625
1776,1776,9521.822265625
1777,1777,18090.716796875
1778,1778,6079.10888671875
1779,1779,159550.203125
1780,1780,680985.8125
1781,1781,8695.150390625
1782,1782,29032.380859375
1783,1783,7996.5078125
1784,1784,10922.376953125
1785,1785,5946.24169921875
1786,1786,9692.2734375
1787,1787,5551.62890625
1788,1788,11346.7939453125
1789,1789,8697.0693359375
1790,1790,73737.0546875
1791,1791,45318.30859375
1792,1792,7922.984375
1793,1793,11728.712890625
1794,1794,7286.32373046875
1795,1795,4562.31689453125
1796,1796,10781.1484375
1797,1797,7416.5751953125
1798,1798,6908.8828125
1799,1799,6683.833984375
1800,1800,28705.33203125
1801,1801,7307.18994140625
1802,1802,7036.71435546875
1803,1803,9154.302734375
1804,1804,6348.5478515625
1805,1805,9862.2890625
1806,1806,5473.796875
1807,1807,10535.904296875
1808,1808,7686.0791015625
1809,1809,8529.078125
1810,1810,22314.576171875
1811,1811,36747.33984375
1812,1812,11006.4453125
1813,1813,10100.2177734375
1814,1814,11121.2138671875
1815,1815,2173.898681640625
1816,1816,43162.0
1817,1817,8348.9404296875
1818,1818,7212.40771484375
1819,1819,9337.537109375
1820,1820,5995.791015625
1821,1821,5678.84130859375
1822,1822,10369.724609375
1823,1823,9973.93359375
1824,1824,25048.322265625
1825,1825,6237.10400390625
1826,1826,6380.53564453125
1827,1827,10455.5361328125
1828,1828,63977.3828125
1829,1829,16307.595703125
1830,1830,5802.251953125
1831,1831,6900.34619140625
1832,1832,7452.9482421875
1833,1833,7009.7529296875
1834,1834,13064.3740234375
1835,1835,9476.8955078125
1836,1836,7089.6103515625
1837,1837,4621.23974609375
1838,1838,7712.48095703125
1839,1839,5655.4736328125
1840,1840,350993.34375
1841,1841,83159.9609375
1842,1842,60237.9453125
1843,1843,6750.837890625
1844,1844,7973.75146484375
1845,1845,8362.037109375
1846,1846,79074.0703125
1847,1847,7039.0986328125
1848,1848,8455.9765625
1849,1849,21536.908203125
1850,1850,5282.62060546875
1851,1851,6118.5498046875
1852,1852,5688.64697265625
1853,1853,7666.5791015625
1854,1854,7296.599609375
1855,1855,7424.42578125
1856,1856,6234.9453125
1857,1857,5473.9541015625
1858,1858,14262.681640625
1859,1859,5432.177734375
1860,1860,21408.505859375
1861,1861,7189.65576171875
1862,1862,6113.6796875
1863,1863,14441.9921875
1864,1864,7260.32470703125
1865,1865,4017.06005859375
1866,1866,46372.83984375
1867,1867,7808.80908203125
1868,1868,10384.23828125
1869,1869,5382.953125
1870,1870,6888.96337890625
1871,1871,5441.24658203125
1872,1872,8359.947265625
1873,1873,4838.97119140625
1874,1874,4743.658203125
1875,1875,4836.42822265625
1876,1876,6269.53466796875
1877,1877,6928.2841796875
1878,1878,5986.57861328125
1879,1879,7354.982421875
1880,1880,10439.5244140625
1881,1881,10076.6123046875
1882,1882,5822.59033203125
1883,1883,8228.85546875
1884,1884,21937.212890625
1885,1885,56270.3125
1886,1886,86916.0
1887,1887,7403.1220703125
1888,1888,11857.3994140625
1889,1889,10491.86328125
1890,1890,9176.328125
1891,1891,17668.330078125
1892,1892,7674.0732421875
1893,1893,5664.29248046875
1894,1894,106131.4375
1895,1895,10091.19140625
1896,1896,13861.830078125
1897,1897,9851.669921875
1898,1898,12816.453125
1899,1899,4762.11328125
1900,1900,18546.185546875
1901,1901,61372.890625
1902,1902,10671.0888671875
1903,1903,31814.111328125
1904,1904,7024.98974609375
1905,1905,6493.95166015625
1906,1906,284988.375
1907,1907,20850.40625
1908,1908,8901.4169921875
1909,1909,6863.4716796875
1910,1910,7041.3310546875
1911,1911,4695.05810546875
1912,1912,7499.42822265625
1913,1913,6526.71728515625
1914,1914,8413.673828125
1915,1915,121.23684692382812
1916,1916,6419.32958984375
1917,1917,7195.8955078125
1918,1918,13027.1953125
1919,1919,7145.8994140625
1920,1920,9972.9375
1921,1921,8120.34521484375
1922,1922,8750.8544921875
1923,1923,18714.3828125
1924,1924,6070.58203125
1925,1925,7138.08251953125
1926,1926,4467.69482421875
1927,1927,11302.2451171875
1928,1928,68857.7265625
1929,1929,5968.38427734375
1930,1930,4764.3037109375
1931,1931,7988599.0
1932,1932,22115.58203125
1933,1933,14779.966796875
1934,1934,20189.7734375
1935,1935,9668.3701171875
1936,1936,13449.9384765625
1937,1937,11800.013671875
1938,1938,332338.65625
1939,1939,5081.90625
1940,1940,10214.5361328125
1941,1941,8865.1748046875
1942,1942,15520.85546875
1943,1943,10418.837890625
1944,1944,72758.0390625
1945,1945,18943.103515625
1946,1946,14708.2783203125
1947,1947,17123.0390625
1948,1948,71489.15625
1949,1949,91870.6953125
1950,1950,6801.60400390625
1951,1951,8092.96044921875
1952,1952,12797.625
1953,1953,4652.38232421875
1954,1954,6393.5712890625
1955,1955,30864.568359375
1956,1956,9474.6103515625
1957,1957,11706.7138671875
1958,1958,8945.181640625
1959,1959,47467.5703125
1960,1960,8906.828125
1961,1961,7976.24853515625
1962,1962,10896.12109375
1963,1963,6739.513671875
1964,1964,3640.1083984375
1965,1965,40915.59765625
1966,1966,81381.7734375
1967,1967,6208.49267578125
1968,1968,10143.5751953125
1969,1969,13020.8798828125
1970,1970,8088.3271484375
1971,1971,90905.125
1972,1972,4022.66064453125
1973,1973,8307.6767578125
1974,1974,8554.640625
1975,1975,99702.7421875
1976,1976,6038.69189453125
1977,1977,10731.845703125
1978,1978,5878.28173828125
1979,1979,6800.984375
1980,1980,10677.2919921875
1981,1981,10152.6201171875
1982,1982,1784917.25
1983,1983,5180.763671875
1984,1984,5361.453125
1985,1985,6243.37939453125
1986,1986,9279.8876953125
1987,1987,129639.421875
1988,1988,8753.4951171875
1989,1989,5706.43310546875
1990,1990,9128.0458984375
1991,1991,7599.14892578125
1992,1992,7672.7109375
1993,1993,8672.8974609375
1994,1994,5224.017578125
1995,1995,11361.6171875
1996,1996,4636.7607421875
1997,1997,15963.2724609375
1998,1998,8899.021484375
1999,1999,91537.03125
2000,2000,62217.91015625
2001,2001,7840.10107421875
2002,2002,12148.4814453125
2003,2003,16872.21484375
2004,2004,38669.6328125
2005,2005,51276.33203125
2006,2006,9042.568359375
2007,2007,6374.96533203125
2008,2008,20855.107421875
2009,2009,9551.1533203125
2010,2010,5916.44287109375
2011,2011,38585.109375
2012,2012,9000.9248046875
2013,2013,1572494.125
2014,2014,18456.466796875
2015,2015,6819.80859375
2016,2016,175556.3125
2017,2017,4695.66796875
2018,2018,9327.623046875
2019,2019,19867.4140625
2020,2020,10944.3720703125
2021,2021,6701.15380859375
2022,2022,7408.880859375
2023,2023,10005.7646484375
2024,2024,5463.1533203125
2025,2025,12296.859375
2026,2026,7562.97509765625
2027,2027,8624.1806640625
2028,2028,7628.77734375
2029,2029,7755.98046875
2030,2030,17570.716796875
2031,2031,6597.21923828125
2032,2032,39520.671875
2033,2033,44583.06640625
2034,2034,12112.9990234375
2035,2035,9346.4423828125
2036,2036,5132.2041015625
2037,2037,8886.4921875
2038,2038,151230.234375
2039,2039,6855.1298828125
2040,2040,6935.67333984375
2041,2041,11318.9697265625
2042,2042,159951.65625
2043,2043,11482.1533203125
2044,2044,171249.046875
2045,2045,6448.81396484375
2046,2046,54784.03125
2047,2047,87517.453125
2048,2048,6593.44287109375
2049,2049,13996.9375
2050,2050,7299.6767578125
2051,2051,3407.93115234375
2052,2052,11398.3837890625
2053,2053,6608.66552734375
2054,2054,234647.65625
2055,2055,7828.33544921875
2056,2056,8187.5859375
2057,2057,5285.1708984375
2058,2058,3516.45068359375
2059,2059,4056.438232421875
2060,2060,55989.8828125
2061,2061,7652.39501953125
2062,2062,5842.0517578125
2063,2063,8418.6171875
2064,2064,22182.546875
2065,2065,4913.013671875
2066,2066,8483.63671875
2067,2067,31986.814453125
2068,2068,28244.931640625
2069,2069,5268.697265625
2070,2070,14570.69140625
2071,2071,5233.31201171875
2072,2072,54239.71484375
2073,2073,7993.3154296875
2074,2074,6902.21728515625
2075,2075,16969.568359375
2076,2076,5681.1142578125
2077,2077,13610.4306640625
2078,2078,5913.09912109375
2079,2079,3266.380859375
2080,2080,10234.7802734375
2081,2081,10206.0322265625
2082,2082,20979.73828125
2083,2083,8772.3681640625
2084,2084,6765.89794921875
2085,2085,10483.208984375
2086,2086,4220.20458984375
2087,2087,11865.40625
2088,2088,8622.8876953125
2089,2089,6824.27197265625
2090,2090,24809.09375
2091,2091,6823.81494140625
2092,2092,10980.759765625
2093,2093,20032.146484375
2094,2094,1623540.375
2095,2095,7325.212890625
2096,2096,10290.279296875
2097,2097,26881.96484375
2098,2098,48851.9296875
2099,2099,64705.36328125
2100,2100,9026.05078125
2101,2101,8231.9208984375
2102,2102,10258.984375
2103,2103,6423.5009765625
2104,2104,14093.0947265625
2105,2105,6301.365234375
2106,2106,6688.5341796875
2107,2107,8164.30029296875
2108,2108,5134.8671875
2109,2109,14452.7412109375
2110,2110,14059.5703125
2111,2111,35767.18359375
2112,2112,13930.1533203125
2113,2113,6473.29931640625
2114,2114,19420.068359375
2115,2115,3795.98193359375
2116,2116,7146.1533203125
2117,2117,70262.4609375
2118,2118,7714.8544921875
2119,2119,6299.73193359375
2120,2120,5558.5751953125
2121,2121,26254.650390625
2122,2122,4236.22900390625
2123,2123,5198.876953125
2124,2124,9595.31640625
2125,2125,12616.0048828125
2126,2126,7605.5947265625
2127,2127,10633.6494140625
2128,2128,9468.701171875
2129,2129,33513.2265625
2130,2130,8914.7236328125
2131,2131,6607.7763671875
2132,2132,7585.05859375
2133,2133,6146.06884765625
2134,2134,8089.26953125
2135,2135,4090.42529296875
2136,2136,19598.24609375
2137,2137,6346.6142578125
2138,2138,7546.66650390625
2139,2139,7364.1318359375
2140,2140,10575.7919921875
2141,2141,10815.0068359375
2142,2142,54248.72265625
2143,2143,6492.5615234375
2144,2144,9355.83203125
2145,2145,7878.1083984375
2146,2146,29208.185546875
2147,2147,5688.890625
2148,2148,11687.822265625
2149,2149,4147.96044921875
2150,2150,132596.171875
2151,2151,5034.3046875
2152,2152,11618.06640625
2153,2153,67593.625
2154,2154,9939.67578125
2155,2155,2044552.875
2156,2156,131615.296875
2157,2157,7733.03857421875
2158,2158,10989.8046875
2159,2159,10278.5224609375
2160,2160,9139.083984375
2161,2161,7302.04638671875
2162,2162,7431.34912109375
2163,2163,6456.12109375
2164,2164,18236.59375
2165,2165,11145.935546875
2166,2166,16251.189453125
2167,2167,35001.0625
2168,2168,16201.681640625
2169,2169,12142.421875
2170,2170,3754.5185546875
2171,2171,166348.3125
2172,2172,7903.13916015625
2173,2173,14730.2236328125
2174,2174,5383.0732421875
2175,2175,14739.55859375
2176,2176,9114.1708984375
2177,2177,8067.53271484375
2178,2178,18816.15234375
2179,2179,35657.73828125
2180,2180,28469.623046875
2181,2181,9941.3291015625
2182,2182,108943.4140625
2183,2183,9706.123046875
2184,2184,16269.6298828125
2185,2185,4422.7216796875
2186,2186,6979.3056640625
2187,2187,65397.55078125
2188,2188,5774.23974609375
2189,2189,42936.875
2190,2190,177526.765625
2191,2191,6887.83544921875
2192,2192,16478.5625
2193,2193,32602.87109375
2194,2194,11893.189453125
2195,2195,8158.3720703125
2196,2196,13076.955078125
2197,2197,10224.9970703125
2198,2198,7187.18896484375
2199,2199,10174.5869140625
2200,2200,5232.95947265625
2201,2201,5923.20703125
2202,2202,11328.390625
2203,2203,4501.16162109375
2204,2204,5609.6181640625
2205,2205,8484.1103515625
2206,2206,7276.57861328125
2207,2207,6739.45947265625
2208,2208,6504.1162109375
2209,2209,5365.3564453125
2210,2210,10703.755859375
2211,2211,21249.3515625
2212,2212,7131.95703125
2213,2213,148536.53125
2214,2214,17680.7265625
2215,2215,8049.3857421875
2216,2216,21952.109375
2217,2217,12472.9619140625
2218,2218,76787.109375
2219,2219,7925.833984375
2220,2220,16851.810546875
2221,2221,47724.62890625
2222,2222,160501.15625
2223,2223,12961.94140625
2224,2224,9268.4638671875
2225,2225,9887.7021484375
2226,2226,4448.9013671875
2227,2227,10309.7138671875
2228,2228,8953.9697265625
2229,2229,8087.89794921875
2230,2230,5256.916015625
2231,2231,102994.953125
2232,2232,10654.7001953125
2233,2233,5825.93603515625
2234,2234,5853.14990234375
2235,2235,429834.59375
2236,2236,7837.541015625
2237,2237,8680.7685546875
2238,2238,7476.4482421875
2239,2239,11490.2353515625
2240,2240,7464.9814453125
2241,2241,11882.01953125
2242,2242,8464.1865234375
2243,2243,9894.80078125
2244,2244,75028.9140625
2245,2245,5785.94677734375
2246,2246,7850.98828125
2247,2247,33266.68359375
2248,2248,7985.3056640625
2249,2249,3561.69287109375
2250,2250,85027.8984375
2251,2251,11864.54296875
2252,2252,7846.1181640625
2253,2253,15681.130859375
2254,2254,45742.734375
2255,2255,8502.1064453125
2256,2256,71378.8828125
2257,2257,21204.353515625
2258,2258,115258.1796875
2259,2259,99034.5546875
2260,2260,6869.02197265625
2261,2261,2690.066162109375
2262,2262,7508.84130859375
2263,2263,4202.0029296875
2264,2264,7381.26416015625
2265,2265,8632.2216796875
2266,2266,6951.78271484375
2267,2267,7332.93310546875
2268,2268,71755.5234375
2269,2269,9815.0380859375
2270,2270,11387.9453125
2271,2271,6209.37744140625
2272,2272,18095.853515625
2273,2273,11211.9765625
2274,2274,27317.8203125
2275,2275,6787.76220703125
2276,2276,5762.142578125
2277,2277,10588.6806640625
2278,2278,6965.80078125
2279,2279,8041.39892578125
2280,2280,27273.9453125
2281,2281,7022.072265625
2282,2282,9762.5283203125
2283,2283,8279.23046875
2284,2284,3807.089599609375
2285,2285,6804.515625
2286,2286,609391.625
2287,2287,54579.40625
2288,2288,13961.451171875
2289,2289,10187.3037109375
2290,2290,13490.6240234375
2291,2291,11295.8193359375
2292,2292,37706.54296875
2293,2293,137602.90625
2294,2294,5412.30810546875
2295,2295,8835.6845703125
2296,2296,3236.7783203125
2297,2297,130291.5
2298,2298,11835.3251953125
2299,2299,10662.384765625
2300,2300,7818.53271484375
2301,2301,41561.63671875
2302,2302,10344.68359375
2303,2303,50009.375
2304,2304,29212.2109375
2305,2305,5088.16796875
2306,2306,5785.22998046875
2307,2307,17279.525390625
2308,2308,7365.82421875
2309,2309,8637.798828125
2310,2310,14596.115234375
2311,2311,5914.69677734375
2312,2312,105063.3984375
2313,2313,6466.58203125
2314,2314,4028.064697265625
2315,2315,5017.68359375
2316,2316,31938.654296875
2317,2317,12873.6767578125
2318,2318,16941.697265625
2319,2319,8684.2568359375
2320,2320,8351.8203125
2321,2321,13086.19140625
2322,2322,7955.1376953125
2323,2323,49498.68359375
2324,2324,5408.50146484375
2325,2325,5812.771484375
2326,2326,8868.4970703125
2327,2327,6899.8154296875
2328,2328,6868.0234375
2329,2329,8374.373046875
2330,2330,6478.6923828125
2331,2331,3682.904541015625
2332,2332,10757.734375
2333,2333,20733.412109375
2334,2334,22987.318359375
2335,2335,8427.4736328125
2336,2336,7153.6748046875
2337,2337,58575.27734375
2338,2338,11866.2197265625
2339,2339,5308.37548828125
2340,2340,9629.1708984375
2341,2341,6977.759765625
2342,2342,3861.406005859375
2343,2343,3857.865234375
2344,2344,5381.35009765625
2345,2345,3093177.5
2346,2346,16908.64453125
2347,2347,8952.716796875
2348,2348,24927.63671875
2349,2349,11125.7822265625
2350,2350,8838.2431640625
2351,2351,10041.7353515625
2352,2352,11596.1962890625
2353,2353,11625.45703125
2354,2354,6115.6904296875
2355,2355,8794.7529296875
2356,2356,8100.869140625
2357,2357,2777880.75
2358,2358,8141.13525390625
2359,2359,7158.3544921875
2360,2360,55328.1640625
2361,2361,5127.03857421875
2362,2362,19008.70703125
2363,2363,12226.3134765625
2364,2364,4284.4560546875
2365,2365,14903.3720703125
2366,2366,8218.66796875
2367,2367,8051.728515625
2368,2368,37204.984375
2369,2369,7399.99951171875
2370,2370,6879.27685546875
2371,2371,10199.8662109375
2372,2372,5939.17041015625
2373,2373,58206.484375
2374,2374,151572.296875
2375,2375,19820.001953125
2376,2376,10289.162109375
2377,2377,6748.68017578125
2378,2378,7785.4375
2379,2379,7664.8876953125
2380,2380,90125.4453125
2381,2381,11962.3955078125
2382,2382,9082.640625
2383,2383,6426.52783203125
2384,2384,184935.71875
2385,2385,12394.8759765625
2386,2386,9536.203125
2387,2387,14395.0673828125
2388,2388,7295.27685546875
2389,2389,7219.29833984375
2390,2390,23682.412109375
2391,2391,4746.2958984375
2392,2392,7845.59375
2393,2393,60640.7734375
2394,2394,9727.9501953125
2395,2395,6310.00927734375
2396,2396,142382.671875
2397,2397,8614.201171875
2398,2398,7512.6845703125
2399,2399,7050.51611328125
2400,2400,13183.3984375
2401,2401,35456.984375
2402,2402,5326.51611328125
2403,2403,2472.260498046875
2404,2404,9573.796875
2405,2405,79673.3671875
2406,2406,9980.0556640625
2407,2407,4707.73388671875
2408,2408,4887.0146484375
2409,2409,2819.342041015625
2410,2410,5987.1005859375
2411,2411,32800.79296875
2412,2412,72089.59375
2413,2413,8901.478515625
2414,2414,6943.1220703125
2415,2415,5707.32470703125
2416,2416,8418.419921875
2417,2417,139633.28125
2418,2418,5443.71435546875
2419,2419,11822.013671875
2420,2420,7723.9775390625
2421,2421,8995.91796875
2422,2422,6728.2666015625
2423,2423,13958.5361328125
2424,2424,20481.513671875
2425,2425,6897.74951171875
2426,2426,11398.830078125
2427,2427,11039.8896484375
2428,2428,53646.859375
2429,2429,52723.42578125
2430,2430,6405.6494140625
2431,2431,5259.9501953125
2432,2432,6223.68359375
2433,2433,7125.52099609375
2434,2434,30821.39453125
2435,2435,19510.171875
2436,2436,11118.8212890625
2437,2437,2909.58984375
2438,2438,10805.50390625
2439,2439,6379.30859375
2440,2440,7299.6767578125
2441,2441,6869.68798828125
2442,2442,9893.849609375
2443,2443,5912.7080078125
2444,2444,2339.095947265625
2445,2445,10074.5712890625
2446,2446,10363.23828125
2447,2447,8289.68359375
2448,2448,7312.22705078125
2449,2449,9816.3369140625
2450,2450,6388.26611328125
2451,2451,7973.20556640625
2452,2452,9249.642578125
2453,2453,8860.962890625
2454,2454,61146.95703125
2455,2455,6242.349609375
2456,2456,6409.2451171875
2457,2457,128371.296875
2458,2458,83451.359375
2459,2459,98845.5390625
2460,2460,5122.59521484375
2461,2461,5635.49169921875
2462,2462,11997.2431640625
2463,2463,11613.0009765625
2464,2464,4154.06005859375
2465,2465,14990.7646484375
2466,2466,12835.3603515625
2467,2467,37213.43359375
2468,2468,7592.40771484375
2469,2469,12513.8740234375
2470,2470,6382.685546875
2471,2471,6870.953125
2472,2472,7440.86181640625
2473,2473,18960.291015625
2474,2474,6592.85791015625
2475,2475,10045.3583984375
2476,2476,222168.734375
2477,2477,11986.521484375
2478,2478,67848.0390625
2479,2479,92342.4375
2480,2480,157134.265625
2481,2481,73864.8046875
2482,2482,43358.49609375
2483,2483,8453.5537109375
2484,2484,72005.9375
2485,2485,86314.265625
2486,2486,6827.68994140625
2487,2487,4109.748046875
2488,2488,6526.443359375
2489,2489,5817.1650390625
2490,2490,9310.6357421875
2491,2491,6453.41748046875
2492,2492,5797.22900390625
2493,2493,10366.818359375
2494,2494,20733.560546875
2495,2495,40883.5
2496,2496,14432.6611328125
2497,2497,9337.05859375
2498,2498,22830.015625
2499,2499,5365.65625
2500,2500,7520.517578125
2501,2501,12812.5185546875
2502,2502,75695.9375
2503,2503,6730.546875
2504,2504,5879.888671875
2505,2505,6969.61474609375
2506,2506,19311.29296875
2507,2507,6696.5771484375
2508,2508,6260.7998046875
2509,2509,9968.69140625
2510,2510,17619.544921875
2511,2511,11310.751953125
2512,2512,41287.0625
2513,2513,7575.14501953125
2514,2514,7959.01708984375
2515,2515,11462.6982421875
2516,2516,72895.578125
2517,2517,7004.89892578125
2518,2518,4582.4111328125
2519,2519,20950.806640625
2520,2520,7196.6748046875
2521,2521,8556.376953125
2522,2522,10992.05859375
2523,2523,196875.140625
2524,2524,7063.0625
2525,2525,5473.9169921875
2526,2526,64090.14453125
2527,2527,4967.36279296875
2528,2528,6870.55029296875
2529,2529,5111.92138671875
2530,2530,8720.5458984375
2531,2531,4528.12841796875
2532,2532,11478.796875
2533,2533,3149240.75
2534,2534,12048.888671875
2535,2535,32003.458984375
2536,2536,6589.46630859375
2537,2537,5695.81689453125
2538,2538,4128.2568359375
2539,2539,8772.9189453125
2540,2540,5601.62255859375
2541,2541,121260.5703125
2542,2542,6628.53564453125
2543,2543,9876.9111328125
2544,2544,56127.85546875
2545,2545,7337.22119140625
2546,2546,6637.8310546875
2547,2547,9196.583984375
2548,2548,135935.359375
2549,2549,5489.80712890625
2550,2550,7124.98681640625
2551,2551,5290.34326171875
2552,2552,18046.974609375
2553,2553,71419.3203125
2554,2554,20461.146484375
2555,2555,66873.1328125
2556,2556,6540.9267578125
2557,2557,10926.0810546875
2558,2558,11819.294921875
2559,2559,4694.6240234375
2560,2560,19015.923828125
2561,2561,13717.9912109375
2562,2562,30045.8203125
2563,2563,6147.013671875
2564,2564,4951.24365234375
2565,2565,4585.609375
2566,2566,49746.8984375
2567,2567,20500.416015625
2568,2568,242144.390625
2569,2569,60132.03125
2570,2570,8861.771484375
2571,2571,18453.052734375
2572,2572,6616.44189453125
2573,2573,14019.986328125
2574,2574,124368.8671875
2575,2575,29671.755859375
2576,2576,15335.171875
2577,2577,5150.2529296875
2578,2578,6704.212890625
2579,2579,139348.046875
2580,2580,9803.8115234375
2581,2581,19991.751953125
2582,2582,8604.9267578125
2583,2583,6674246.5
2584,2584,10126.271484375
2585,2585,11852.2822265625
2586,2586,7259.91748046875
2587,2587,30649.4296875
2588,2588,6105.88720703125
2589,2589,6802.396484375
2590,2590,16239.3759765625
2591,2591,16020.84375
2592,2592,20351.212890625
2593,2593,9677.14453125
2594,2594,16383.2294921875
2595,2595,28176.80078125
2596,2596,19505.47265625
2597,2597,6298.2431640625
2598,2598,5096.59716796875
2599,2599,8864.7373046875
2600,2600,6790.8232421875
2601,2601,7083.1103515625
2602,2602,11627.2822265625
2603,2603,11556.4580078125
2604,2604,37511.98046875
2605,2605,11117.287109375
2606,2606,32416.478515625
2607,2607,4953.50244140625
2608,2608,44848.40625
2609,2609,10537.052734375
2610,2610,8656.0205078125
2611,2611,5523.24267578125
2612,2612,10838.814453125
2613,2613,15527.8525390625
2614,2614,8030.9111328125
2615,2615,5090.06787109375
2616,2616,5882.67919921875
2617,2617,10944.9931640625
2618,2618,5981.73583984375
2619,2619,69956.703125
2620,2620,94916.0703125
2621,2621,6214.5595703125
2622,2622,26224.43359375
2623,2623,9117.3564453125
2624,2624,27681.525390625
2625,2625,5763.7568359375
2626,2626,8703.0966796875
2627,2627,7132.4921875
2628,2628,16998.349609375
2629,2629,163595.75
2630,2630,18469.53125
2631,2631,7448.69287109375
2632,2632,7661.24267578125
2633,2633,4712.35205078125
2634,2634,40387.5703125
2635,2635,5157.228515625
2636,2636,12058.7158203125
2637,2637,7921.12109375
2638,2638,70955.203125
2639,2639,47907.33984375
2640,2640,10938.5537109375
2641,2641,142901.28125
2642,2642,8234.7568359375
2643,2643,18576.02734375
2644,2644,41768.2109375
2645,2645,3367919.75
2646,2646,10438.7490234375
2647,2647,159814.375
2648,2648,12001.0830078125
2649,2649,6233.48291015625
2650,2650,7488.6279296875
2651,2651,25831.001953125
2652,2652,118246.1328125
2653,2653,18271.060546875
2654,2654,6217.4853515625
2655,2655,6560.8134765625
2656,2656,255809.6875
2657,2657,8139.810546875
2658,2658,5303.64306640625
2659,2659,5282.38916015625
2660,2660,12396.462890625
2661,2661,5210.7265625
2662,2662,11109.5966796875
2663,2663,23390.857421875
2664,2664,7122.498046875
2665,2665,5335.11962890625
2666,2666,9061.697265625
2667,2667,13809.8525390625
2668,2668,7777.46240234375
2669,2669,13328.244140625
2670,2670,7590.3134765625
2671,2671,10243.8798828125
2672,2672,9886.2509765625
2673,2673,7038.89453125
2674,2674,7378.9091796875
2675,2675,4968.82666015625
2676,2676,8943.775390625
2677,2677,6032.07373046875
2678,2678,7334.9189453125
2679,2679,8243.9814453125
2680,2680,14909.6494140625
2681,2681,5827.48193359375
2682,2682,125110.6953125
2683,2683,8028.068359375
2684,2684,5285.5830078125
2685,2685,7744.56787109375
2686,2686,12623.9208984375
2687,2687,17756.7109375
2688,2688,8737.849609375
2689,2689,163158.03125
2690,2690,9387.640625
2691,2691,15216.21875
2692,2692,6306.80126953125
2693,2693,82815.6640625
2694,2694,10045.3203125
2695,2695,9902.427734375
2696,2696,8892.4609375
2697,2697,7623.0087890625
2698,2698,16626.9921875
2699,2699,18379.708984375
2700,2700,5564.1748046875
2701,2701,10618.9453125
2702,2702,6934.74072265625
2703,2703,1361969.375
2704,2704,7576.55322265625
2705,2705,6549.2744140625
2706,2706,5003.150390625
2707,2707,12866.689453125
2708,2708,9226.509765625
2709,2709,14710.7158203125
2710,2710,12819.271484375
2711,2711,29351.0859375
2712,2712,11593.6279296875
2713,2713,9991.041015625
2714,2714,5004.75146484375
2715,2715,7295.13232421875
2716,2716,8397.609375
2717,2717,6744.85302734375
2718,2718,9504.4541015625
2719,2719,28703.265625
2720,2720,7511.5966796875
2721,2721,6612.95849609375
2722,2722,21338.63671875
2723,2723,8316.8583984375
2724,2724,5835.822265625
2725,2725,40368.2265625
2726,2726,7124.5712890625
2727,2727,6079.50732421875
2728,2728,8083.52099609375
2729,2729,6366.31005859375
2730,2730,5185.62646484375
2731,2731,6602.70361328125
2732,2732,4765.19873046875
2733,2733,5666.25439453125
2734,2734,2185471.25
2735,2735,14810.1318359375
2736,2736,5721.982421875
2737,2737,22635.236328125
2738,2738,19452.275390625
2739,2739,8310.4267578125
2740,2740,12608.349609375
2741,2741,41800.23828125
2742,2742,7086.97998046875
2743,2743,5762.7607421875
2744,2744,12093.7587890625
2745,2745,19765.7421875
2746,2746,3966.760986328125
2747,2747,40607.421875
2748,2748,6332.25341796875
2749,2749,8175.31982421875
2750,2750,36299.51953125
2751,2751,5654.29296875
2752,2752,4877.427734375
2753,2753,199966.390625
2754,2754,38444.25
2755,2755,7054.251953125
2756,2756,7286.19580078125
2757,2757,22199.22265625
2758,2758,177492.71875
2759,2759,23075.787109375
2760,2760,6790.931640625
2761,2761,8067.1533203125
2762,2762,9766.412109375
2763,2763,7433.607421875
2764,2764,82373.5234375
2765,2765,7350.8818359375
2766,2766,5925.88818359375
2767,2767,10999.7509765625
2768,2768,35886.46484375
2769,2769,6285.43603515625
2770,2770,8666.884765625
2771,2771,7635.21142578125
2772,2772,177946.9375
2773,2773,28498.974609375
2774,2774,87028.6953125
2775,2775,9668.68359375
2776,2776,4803.81103515625
2777,2777,6911.80126953125
2778,2778,6715.068359375
2779,2779,5952.80810546875
2780,2780,7537.380859375
2781,2781,19143.6484375
2782,2782,8883.951171875
2783,2783,6773.50732421875
2784,2784,15467.431640625
2785,2785,100103.84375
2786,2786,6371.94384765625
2787,2787,7338.400390625
2788,2788,14489.2607421875
2789,2789,2692.407470703125
2790,2790,5352.474609375
2791,2791,5790.4677734375
2792,2792,12349.7529296875
2793,2793,5744.2197265625
2794,2794,5173.5263671875
2795,2795,11069.328125
2796,2796,6350.83837890625
2797,2797,23088.79296875
2798,2798,20167.998046875
2799,2799,5617.587890625
2800,2800,5852.61328125
2801,2801,12025.830078125
2802,2802,5578.78857421875
2803,2803,6228.89111328125
2804,2804,6513.11962890625
2805,2805,6394.14501953125
2806,2806,7259.55126953125
2807,2807,11183.8642578125
2808,2808,5507.3583984375
2809,2809,11422.98046875
2810,2810,11272.7373046875
2811,2811,6677.98388671875
2812,2812,10748.9130859375
2813,2813,9521.1201171875
2814,2814,47353.296875
2815,2815,6063.3349609375
2816,2816,118078.8515625
2817,2817,25809.64453125
2818,2818,7391.5947265625
2819,2819,4549.1875
2820,2820,8696.333984375
2821,2821,335155.09375
2822,2822,30737.59375
2823,2823,6093.09326171875
2824,2824,11741.2666015625
2825,2825,11094.572265625
2826,2826,8909.3037109375
2827,2827,104857.203125
2828,2828,5906.15576171875
2829,2829,10428.830078125
2830,2830,7232.33642578125
2831,2831,9309.5224609375
2832,2832,6808.4560546875
2833,2833,6721.4345703125
2834,2834,18044.615234375
2835,2835,5974.982421875
2836,2836,5612.32958984375
2837,2837,5362.09326171875
2838,2838,42330.78125
2839,2839,8694.6123046875
2840,2840,18085.67578125
2841,2841,7688.09033203125
2842,2842,9141.341796875
2843,2843,5844.3916015625
2844,2844,15714.7900390625
2845,2845,6839.89306640625
2846,2846,11320.998046875
2847,2847,8909.0634765625
2848,2848,8899.25390625
2849,2849,7483.35498046875
2850,2850,41812.11328125
2851,2851,155774.4375
2852,2852,29569.38671875
2853,2853,7231.2236328125
2854,2854,47256.58203125
2855,2855,9730.29296875
2856,2856,8281.5693359375
2857,2857,8838.8408203125
2858,2858,12611.1357421875
2859,2859,7306.7490234375
2860,2860,8141.8271484375
2861,2861,428527.6875
2862,2862,208370.8125
2863,2863,5228.017578125
2864,2864,23675.36328125
2865,2865,20981.0625
2866,2866,5142.65478515625
2867,2867,6272.78564453125
2868,2868,8507.7607421875
2869,2869,7202.21875
2870,2870,5127.28271484375
2871,2871,30690.71875
2872,2872,13453.4296875
2873,2873,21141.65234375
2874,2874,6173.67138671875
2875,2875,7387.802734375
2876,2876,110145.5390625
2877,2877,8638.6494140625
2878,2878,20694.044921875
2879,2879,8555.9716796875
2880,2880,32632.998046875
2881,2881,9031.71875
2882,2882,71779.0546875
2883,2883,4485.5390625
2884,2884,8549.6376953125
2885,2885,8399.935546875
2886,2886,5494.0615234375
2887,2887,227732.515625
2888,2888,120391.6796875
2889,2889,6842.736328125
2890,2890,23822.099609375
2891,2891,31272.068359375
2892,2892,5383.2392578125
2893,2893,59145.23046875
2894,2894,13049.2998046875
2895,2895,15090.861328125
2896,2896,7770.06396484375
2897,2897,7535.2822265625
2898,2898,14290.640625
2899,2899,80576.015625
2900,2900,19236.849609375
2901,2901,5958.88623046875
2902,2902,5031.162109375
2903,2903,24251.001953125
2904,2904,8703.1025390625
2905,2905,5432.5185546875
2906,2906,9286.814453125
2907,2907,4025.477294921875
2908,2908,5371.5029296875
2909,2909,5334.115234375
2910,2910,17937.244140625
2911,2911,51357.99609375
2912,2912,4149.44677734375
2913,2913,9318.9404296875
2914,2914,6879.79150390625
2915,2915,6427.23388671875
2916,2916,9079.90234375
2917,2917,6226.94677734375
2918,2918,25607.185546875
2919,2919,7815.98681640625
2920,2920,6592.56787109375
2921,2921,8348.1240234375
2922,2922,9552.7265625
2923,2923,6860.474609375
2924,2924,6004.00390625
2925,2925,4705.5400390625
2926,2926,8687.900390625
2927,2927,13222.5390625
2928,2928,6871.06884765625
2929,2929,10881.1162109375
2930,2930,13148.66015625
2931,2931,5824.22265625
2932,2932,6874.11279296875
2933,2933,6216.486328125
2934,2934,27001.28515625
2935,2935,4123.650390625
2936,2936,7515.125
2937,2937,14679.98828125
2938,2938,2553.63232421875
2939,2939,7637.63671875
2940,2940,4253.15087890625
2941,2941,6906.7109375
2942,2942,7390.63916015625
2943,2943,5873.54736328125
2944,2944,6129.15966796875
2945,2945,13313.8447265625
2946,2946,5453.23388671875
2947,2947,8820.36328125
2948,2948,8733.37109375
2949,2949,14983.62109375
2950,2950,17460.103515625
2951,2951,11119.806640625
2952,2952,77169.0703125
2953,2953,5786.8740234375
2954,2954,6772.3173828125
2955,2955,106347.546875
2956,2956,5640.55419921875
2957,2957,7050.44140625
2958,2958,7851.9296875
2959,2959,14541.984375
2960,2960,102342.6875
2961,2961,18983.1640625
2962,2962,176232.515625
2963,2963,255128.421875
2964,2964,7767.57177734375
2965,2965,25397.486328125
2966,2966,36129.96875
2967,2967,9169.2587890625
2968,2968,4029.78564453125
2969,2969,71143.2734375
2970,2970,15858.9365234375
2971,2971,190562.8125
2972,2972,6093.40380859375
2973,2973,38892.05078125
2974,2974,6870.89599609375
2975,2975,5461.24462890625
2976,2976,4484528.0
2977,2977,6676.13916015625
2978,2978,7460.822265625
2979,2979,1545573.125
2980,2980,16715.00390625
2981,2981,7546.7509765625
2982,2982,5699.9794921875
2983,2983,40148.9140625
2984,2984,103871.078125
2985,2985,36264.71484375
2986,2986,10282.0634765625
2987,2987,6460.90283203125
2988,2988,30896.96875
2989,2989,7274.28759765625
2990,2990,7841.490234375
2991,2991,18160.861328125
2992,2992,6813.78857421875
2993,2993,11884.380859375
2994,2994,6467.89697265625
2995,2995,8366.85546875
2996,2996,5993.39697265625
2997,2997,22730.919921875
2998,2998,17333.6328125
2999,2999,6622.5966796875
3000,3000,43728.4453125
3001,3001,6743.857421875
3002,3002,33761.48828125
3003,3003,149415.921875
3004,3004,6632.15283203125
3005,3005,7174.79150390625
3006,3006,3509.79638671875
3007,3007,42495.76953125
3008,3008,17542.017578125
3009,3009,10676.5986328125
3010,3010,46935.77734375
3011,3011,24932.21875
3012,3012,6052.38232421875
3013,3013,9241.9052734375
3014,3014,20203.369140625
3015,3015,7183.46533203125
3016,3016,10217.0
3017,3017,10892.52734375
3018,3018,8148.2841796875
3019,3019,9088.4453125
3020,3020,19165.638671875
3021,3021,4780.01025390625
3022,3022,15366.603515625
3023,3023,5526.14794921875
3024,3024,36008.08984375
3025,3025,34585.7265625
3026,3026,969677.125
3027,3027,15849.50390625
3028,3028,13233.994140625
3029,3029,23499.810546875
3030,3030,9117.79296875
3031,3031,13700.3076171875
3032,3032,6203.78466796875
3033,3033,6198.66162109375
3034,3034,21267.107421875
3035,3035,8223.744140625
3036,3036,14485.201171875
3037,3037,4716.96142578125
3038,3038,5800.44189453125
3039,3039,12156.896484375
3040,3040,9007.666015625
3041,3041,155748.96875
3042,3042,14480.72265625
3043,3043,15688.6181640625
3044,3044,10095.359375
3045,3045,68590.2265625
3046,3046,7493.9736328125
3047,3047,6004.8779296875
3048,3048,6043.47607421875
3049,3049,4178.451171875
3050,3050,6624.4326171875
3051,3051,157001.15625
3052,3052,23406.130859375
3053,3053,31214.572265625
3054,3054,122259.3203125
3055,3055,4401.54345703125
3056,3056,7365.6474609375
3057,3057,11730.46484375
3058,3058,8160.203125
3059,3059,6874.52978515625
3060,3060,5976.0146484375
3061,3061,1978023.375
3062,3062,5205.71923828125
3063,3063,28269.08203125
3064,3064,11798.2900390625
3065,3065,88821.046875
3066,3066,16804.5625
3067,3067,4762.4169921875
3068,3068,7156.1337890625
3069,3069,7004.2685546875
3070,3070,16018.3955078125
3071,3071,8292.767578125
3072,3072,5585.6728515625
3073,3073,7720.279296875
3074,3074,7586.5458984375
3075,3075,4534.51611328125
3076,3076,7593.107421875
3077,3077,189141.265625
3078,3078,30570.25
3079,3079,57015.79296875
3080,3080,101351.875
3081,3081,66819.453125
3082,3082,13054.9638671875
3083,3083,141185.109375
3084,3084,20170.263671875
3085,3085,64728.8828125
3086,3086,10594.240234375
3087,3087,9944.00390625
3088,3088,34389.79296875
3089,3089,8403.9677734375
3090,3090,46903.453125
3091,3091,20173.087890625
3092,3092,4367.33203125
3093,3093,7473.15869140625
3094,3094,28169.427734375
3095,3095,24735.142578125
3096,3096,9456.369140625
3097,3097,10168.9208984375
3098,3098,39477.8125
3099,3099,11608.4833984375
3100,3100,14702.7939453125
3101,3101,6937.96826171875
3102,3102,8366.5947265625
3103,3103,30720.01171875
3104,3104,192418.796875
3105,3105,9649.275390625
3106,3106,6847.1806640625
3107,3107,4711.00390625
3108,3108,9152.259765625
3109,3109,8915.0693359375
3110,3110,10005.2666015625
3111,3111,9348.7890625
3112,3112,12027.4501953125
3113,3113,8331.23046875
3114,3114,36133.1796875
3115,3115,6042.04052734375
3116,3116,9756.572265625
3117,3117,22674.16796875
3118,3118,13111.876953125
3119,3119,5925.70654296875
3120,3120,9079.982421875
3121,3121,24116.8359375
3122,3122,7656.57763671875
3123,3123,8383.435546875
3124,3124,9346.30859375
3125,3125,8032.90478515625
3126,3126,5458.15185546875
3127,3127,101828.796875
3128,3128,31881.552734375
3129,3129,9231.7060546875
3130,3130,4272.22900390625
3131,3131,57453.02734375
3132,3132,5999.63818359375
3133,3133,5451.07861328125
3134,3134,59206.9296875
3135,3135,4294.74853515625
3136,3136,1834360.25
3137,3137,5072.86962890625
3138,3138,10141.8759765625
3139,3139,9738.703125
3140,3140,7333.189453125
3141,3141,4647.77001953125
3142,3142,242043.90625
3143,3143,6559.24560546875
3144,3144,7471.35009765625
3145,3145,13869.6396484375
3146,3146,7584.63720703125
3147,3147,10459.7412109375
3148,3148,9298.15625
3149,3149,22529.888671875
3150,3150,38969.390625
3151,3151,3828.86865234375
3152,3152,1712074.875
3153,3153,8517.50390625
3154,3154,69313.796875
3155,3155,7729.82421875
3156,3156,40789.03515625
3157,3157,7093.607421875
3158,3158,6549.7353515625
3159,3159,10114.744140625
3160,3160,50051.6640625
3161,3161,28493.90625
3162,3162,9595.4833984375
3163,3163,7373.81005859375
3164,3164,42254.578125
3165,3165,41587.77734375
3166,3166,6542.30224609375
3167,3167,6736.9638671875
3168,3168,7341.42529296875
3169,3169,7826.24609375
3170,3170,7605.935546875
3171,3171,8517.3486328125
3172,3172,11905.8515625
3173,3173,34163.15625
3174,3174,56470.5
3175,3175,9767.14453125
3176,3176,15447.4521484375
3177,3177,13803.7529296875
3178,3178,27983.03125
3179,3179,6568.58935546875
3180,3180,7563.11962890625
3181,3181,11583.732421875
3182,3182,11930.61328125
3183,3183,36706.01171875
3184,3184,5377.88818359375
3185,3185,18670.685546875
3186,3186,1560.61376953125
3187,3187,4238.71484375
3188,3188,8213.755859375
3189,3189,13132.0068359375
3190,3190,5279.7548828125
3191,3191,267436.03125
3192,3192,7426.60693359375
3193,3193,4454.3662109375
3194,3194,6233.48583984375
3195,3195,7811.5654296875
3196,3196,6790.4267578125
3197,3197,9284.0625
3198,3198,7080.14892578125
3199,3199,5925.953125
3200,3200,39168.8984375
3201,3201,194948.953125
3202,3202,3180.822265625
3203,3203,10668.8115234375
3204,3204,2827.693115234375
3205,3205,11586.4267578125
3206,3206,16280.287109375
3207,3207,6319.12841796875
3208,3208,29162.40625
3209,3209,8278.7001953125
3210,3210,20145.001953125
3211,3211,156471.171875
3212,3212,7406.87255859375
3213,3213,5734.67578125
3214,3214,13236.9462890625
3215,3215,6660.09814453125
3216,3216,5873.69482421875
3217,3217,6600.4755859375
3218,3218,10321.2578125
3219,3219,10548.0830078125
3220,3220,239165.375
3221,3221,5757.09033203125
3222,3222,250217.125
3223,3223,125614.890625
3224,3224,9058.86328125
3225,3225,11151.0703125
3226,3226,7560.47802734375
3227,3227,153540.640625
3228,3228,14885.8681640625
3229,3229,126947.1953125
3230,3230,4507.8154296875
3231,3231,23145.560546875
3232,3232,48155.17578125
3233,3233,8674.5498046875
3234,3234,9375.927734375
3235,3235,98705.1171875
3236,3236,221491.125
3237,3237,108711.7890625
3238,3238,15067.5029296875
3239,3239,34919.6484375
3240,3240,157028.53125
3241,3241,7169.43896484375
3242,3242,76764.6015625
3243,3243,4378.318359375
3244,3244,69701.25
3245,3245,8675.5302734375
3246,3246,10417.279296875
3247,3247,7073.39013671875
3248,3248,76778.921875
3249,3249,5179.3720703125
3250,3250,7089.32421875
3251,3251,14585.2685546875
3252,3252,6307.92529296875
3253,3253,87170.828125
3254,3254,8875.140625
3255,3255,8080.4501953125
3256,3256,5672.64453125
3257,3257,26385.77734375
3258,3258,11819.5869140625
3259,3259,7109.75146484375
3260,3260,8033.68896484375
3261,3261,8200.4990234375
3262,3262,7996.79833984375
3263,3263,11830.5224609375
3264,3264,200806.109375
3265,3265,6277.166015625
3266,3266,19164.6171875
3267,3267,8590.205078125
3268,3268,29579.640625
3269,3269,4313.57763671875
3270,3270,3324.28466796875
3271,3271,73138.234375
3272,3272,11779.6728515625
3273,3273,9414.2744140625
3274,3274,5718.1103515625
3275,3275,6946.84912109375
3276,3276,5445.41455078125
3277,3277,198090.71875
3278,3278,6963.60009765625
3279,3279,5510.6298828125
3280,3280,720550.375
3281,3281,25702.123046875
3282,3282,94956.3671875
3283,3283,12319.4052734375
3284,3284,14912.0458984375
3285,3285,27582.197265625
3286,3286,12356.52734375
3287,3287,13622.076171875
3288,3288,8006.44384765625
3289,3289,161351.015625
3290,3290,14666.302734375
3291,3291,146080.125
3292,3292,129849.9140625
3293,3293,11140.9619140625
3294,3294,49746.8984375
3295,3295,209939.3125
3296,3296,5776.71728515625
3297,3297,48052.2265625
3298,3298,17805.83203125
3299,3299,7960.19970703125
3300,3300,8973.099609375
3301,3301,10220.1572265625
3302,3302,9070.138671875
3303,3303,16830.6484375
3304,3304,71424.46875
3305,3305,2766752.5
3306,3306,8056.28076171875
3307,3307,19530.08203125
3308,3308,4765.99462890625
3309,3309,15604.623046875
3310,3310,8206.8037109375
3311,3311,10514.2216796875
3312,3312,80430.2109375
3313,3313,14388.0029296875
3314,3314,10735.9384765625
3315,3315,6072.72265625
3316,3316,4583.2587890625
3317,3317,2391756.75
3318,3318,9773.318359375
3319,3319,11186.1533203125
3320,3320,12493.2001953125
3321,3321,31979.96875
3322,3322,7144.55419921875
3323,3323,7756.67431640625
3324,3324,8487.17578125
3325,3325,8714.357421875
3326,3326,8450.9111328125
3327,3327,12148.658203125
3328,3328,16423.978515625
3329,3329,23787.033203125
3330,3330,16881.38671875
3331,3331,44575.30859375
3332,3332,7240.92138671875
3333,3333,318115.90625
3334,3334,145145.75
3335,3335,6696.12060546875
3336,3336,7460.84765625
3337,3337,7582.28466796875
3338,3338,8620.8134765625
3339,3339,35744.1953125
3340,3340,11264.7021484375
3341,3341,5621.404296875
3342,3342,41149.98046875
3343,3343,7843.13720703125
3344,3344,5482.27685546875
3345,3345,97085.9921875
3346,3346,8513.8056640625
3347,3347,6650.99462890625
3348,3348,24695.82421875
3349,3349,5347.59033203125
3350,3350,31821.5546875
3351,3351,10842.5810546875
3352,3352,15539.84765625
3353,3353,9033.2939453125
3354,3354,13589.5869140625
3355,3355,9533.6376953125
3356,3356,7795.0302734375
3357,3357,91185.8359375
3358,3358,5617.18212890625
3359,3359,6433.25048828125
3360,3360,9608.57421875
3361,3361,9201.779296875
3362,3362,6821.828125
3363,3363,9473.658203125
3364,3364,48458.8515625
3365,3365,134281.46875
3366,3366,10023.7646484375
3367,3367,11292.314453125
3368,3368,8020.61376953125
3369,3369,146138.78125
3370,3370,13268.732421875
3371,3371,11408.8994140625
3372,3372,9326.4208984375
3373,3373,6562.2978515625
3374,3374,6987.75146484375
3375,3375,7181.47119140625
3376,3376,7190.1044921875
3377,3377,15121.640625
3378,3378,29313.966796875
3379,3379,36273.1328125
3380,3380,24561.138671875
3381,3381,33409.98046875
3382,3382,12534.1943359375
3383,3383,14743.8818359375
3384,3384,13940.787109375
3385,3385,34223.32421875
3386,3386,4016.119873046875
3387,3387,4421.60693359375
3388,3388,9462.001953125
3389,3389,7895.3505859375
3390,3390,8801.84765625
3391,3391,7694.646484375
3392,3392,6681.54296875
3393,3393,43777.96875
3394,3394,7333.6650390625
3395,3395,31109.173828125
3396,3396,36553.90625
3397,3397,13731.5771484375
3398,3398,13140.6767578125
3399,3399,49768.66015625
3400,3400,85450.9765625
3401,3401,5491.03564453125
3402,3402,5130.31640625
3403,3403,10157.404296875
3404,3404,7864.85302734375
3405,3405,7040.9306640625
3406,3406,15776.275390625
3407,3407,21722.873046875
3408,3408,154612.125
3409,3409,83122.09375
3410,3410,15988.0986328125
3411,3411,7579.11474609375
3412,3412,15413.2353515625
3413,3413,12909.662109375
3414,3414,5513.4453125
3415,3415,9163.9443359375
3416,3416,9013.111328125
3417,3417,84352.6875
3418,3418,7939.7119140625
3419,3419,13070.3544921875
3420,3420,15707.0537109375
3421,3421,58710.65625
3422,3422,6137.85302734375
3423,3423,11170.08203125
3424,3424,12552.2109375
3425,3425,6776.484375
3426,3426,52876.98828125
3427,3427,10788.1923828125
3428,3428,6706.73046875
3429,3429,59597.52734375
3430,3430,7126.99560546875
3431,3431,13735.587890625
3432,3432,5400.05712890625
3433,3433,4911.107421875
3434,3434,160799.578125
3435,3435,15296.044921875
3436,3436,49926.73828125
3437,3437,11737.765625
3438,3438,36536.828125
3439,3439,7314.84423828125
3440,3440,7853.75927734375
3441,3441,10728.4775390625
3442,3442,1870709.25
3443,3443,7221.69140625
3444,3444,143296.796875
3445,3445,9010.4775390625
3446,3446,11179.4716796875
3447,3447,8032.5146484375
3448,3448,12477.443359375
3449,3449,5638.06982421875
3450,3450,5476.74609375
3451,3451,18981.412109375
3452,3452,11106.67578125
3453,3453,6884.68505859375
3454,3454,3473007.0
3455,3455,5358.8671875
3456,3456,9095.9111328125
3457,3457,7864.474609375
3458,3458,96411.3046875
3459,3459,6338.6259765625
3460,3460,6890.34814453125
3461,3461,6236.0087890625
3462,3462,33257.83203125
3463,3463,9246.388671875
3464,3464,29617.044921875
3465,3465,4571.03662109375
3466,3466,7377.1025390625
3467,3467,12243.291015625
3468,3468,12061.9716796875
3469,3469,6717.7333984375
3470,3470,18751.22265625
3471,3471,9469.1298828125
3472,3472,4975.24169921875
3473,3473,8689.306640625
3474,3474,6128.14697265625
3475,3475,18610.287109375
3476,3476,8603.2626953125
3477,3477,6484.88623046875
3478,3478,10551.3359375
3479,3479,4127.4208984375
3480,3480,10241.4111328125
3481,3481,7024.8798828125
3482,3482,9469.1357421875
3483,3483,9980.2177734375
3484,3484,97246.28125
3485,3485,19526.42578125
3486,3486,8979.4599609375
3487,3487,6599.359375
3488,3488,6411.10546875
3489,3489,9088.2197265625
3490,3490,6815.6044921875
3491,3491,5072.34765625
3492,3492,4151.35986328125
3493,3493,5726.662109375
3494,3494,9511.5341796875
3495,3495,10154.5419921875
3496,3496,41972.93359375
3497,3497,6461.359375
3498,3498,20923.58203125
3499,3499,5650.865234375
3500,3500,38354.26171875
3501,3501,8078.48046875
3502,3502,69162.3203125
3503,3503,6167073.5
3504,3504,59901.41015625
3505,3505,5737.97021484375
3506,3506,7517.62548828125
3507,3507,5631.78173828125
3508,3508,39314.23046875
3509,3509,4830.3427734375
3510,3510,10665.8427734375
3511,3511,5119.48583984375
3512,3512,11894.2109375
3513,3513,6983.4111328125
3514,3514,32657.587890625
3515,3515,10280.7373046875
3516,3516,6304.57958984375
3517,3517,6190.66748046875
3518,3518,9887.5029296875
3519,3519,11986.57421875
3520,3520,5840.17041015625
3521,3521,7257.4052734375
3522,3522,19317.66796875
3523,3523,4999.66064453125
3524,3524,35290.453125
3525,3525,18307.888671875
3526,3526,6194.44091796875
3527,3527,9623.486328125
3528,3528,6820.5205078125
3529,3529,7693.27587890625
3530,3530,7811.65576171875
3531,3531,13206.6611328125
3532,3532,8040.48583984375
3533,3533,8600.7998046875
3534,3534,5919.61962890625
3535,3535,92969.171875
3536,3536,8244.3759765625
3537,3537,11437.458984375
3538,3538,13057.2626953125
3539,3539,27256.478515625
3540,3540,61263.375
3541,3541,6370.765625
3542,3542,6180.5322265625
3543,3543,5824.88720703125
3544,3544,12418.943359375
3545,3545,5463.54296875
3546,3546,39539.875
3547,3547,12334.8359375
3548,3548,6877.44189453125
3549,3549,6957.9560546875
3550,3550,27179.1640625
3551,3551,7903.45166015625
3552,3552,8494.923828125
3553,3553,7642.65625
3554,3554,6596.62255859375
3555,3555,19836.435546875
3556,3556,26818.951171875
3557,3557,75245.046875
3558,3558,8264.720703125
3559,3559,3541.985595703125
3560,3560,7757.58984375
3561,3561,9979.9619140625
3562,3562,8191.43994140625
3563,3563,11787.91015625
3564,3564,8206.1220703125
3565,3565,173395.671875
3566,3566,8815.0947265625
3567,3567,31704.904296875
3568,3568,45961.1171875
3569,3569,30608.462890625
3570,3570,329687.21875
3571,3571,5817.44873046875
3572,3572,6504.4404296875
3573,3573,6345.119140625
3574,3574,10719.369140625
3575,3575,80689.34375
3576,3576,6027.8701171875
3577,3577,7938.45654296875
3578,3578,11423.017578125
3579,3579,28635.17578125
3580,3580,28407.671875
3581,3581,160092.765625
3582,3582,5809.0029296875
3583,3583,26601.54296875
3584,3584,74556.8671875
3585,3585,6651.58447265625
3586,3586,7499.60595703125
3587,3587,13420.404296875
3588,3588,16628.3125
3589,3589,12833.427734375
3590,3590,11816.1875
3591,3591,19572.3203125
3592,3592,31917.076171875
3593,3593,8482.439453125
3594,3594,52256.80078125
3595,3595,17296.93359375
3596,3596,23210.205078125
3597,3597,19618.525390625
3598,3598,5103.56103515625
3599,3599,7064.8056640625
3600,3600,14546.2412109375
3601,3601,45568.15625
3602,3602,6094.634765625
3603,3603,7932.52587890625
3604,3604,9904.8603515625
3605,3605,12188.9443359375
3606,3606,13724.0712890625
3607,3607,7875.3759765625
3608,3608,9108.9619140625
3609,3609,4532.88525390625
3610,3610,6470.37451171875
3611,3611,12911.673828125
3612,3612,8357.4345703125
3613,3613,19385.732421875
3614,3614,35548.71484375
3615,3615,9015.8408203125
3616,3616,10544.35546875
3617,3617,22572.31640625
3618,3618,8514.5703125
3619,3619,9414.8525390625
3620,3620,14203.3095703125
3621,3621,40141.34375
3622,3622,5883.0068359375
3623,3623,6028.85791015625
3624,3624,10842.2900390625
3625,3625,14785.0546875
3626,3626,14438.3642578125
3627,3627,8507.3974609375
3628,3628,8196.0068359375
3629,3629,5231.59033203125
3630,3630,6235.52099609375
3631,3631,9738.41796875
3632,3632,5028.203125
3633,3633,7552.6376953125
3634,3634,10700.248046875
3635,3635,13624.490234375
3636,3636,48162.10546875
3637,3637,9313.826171875
3638,3638,4974.07763671875
3639,3639,14065.90234375
3640,3640,22478.169921875
3641,3641,8760.0322265625
3642,3642,12563.7109375
3643,3643,14393.7724609375
3644,3644,5938.25439453125
3645,3645,13798.1884765625
3646,3646,16654.802734375
3647,3647,6007.0185546875
3648,3648,7609.4248046875
3649,3649,9393.19140625
3650,3650,8915.9873046875
3651,3651,16353.171875
3652,3652,7647.46630859375
3653,3653,398176.03125
3654,3654,7839.9111328125
3655,3655,6894.2197265625
3656,3656,5814.8193359375
3657,3657,5476.931640625
3658,3658,68603.625
3659,3659,6936.38720703125
3660,3660,8193.255859375
3661,3661,24572.21875
3662,3662,5974.8818359375
3663,3663,7715.30224609375
3664,3664,41705.26171875
3665,3665,7738.31298828125
3666,3666,15805.6123046875
3667,3667,6687.29345703125
3668,3668,4620.98779296875
3669,3669,8099.833984375
3670,3670,7051.5888671875
3671,3671,8277.990234375
3672,3672,6027.26123046875
3673,3673,97716.5703125
3674,3674,4865.31884765625
3675,3675,245642.5
3676,3676,7472.98095703125
3677,3677,13564.99609375
3678,3678,8154.72509765625
3679,3679,7356.63671875
3680,3680,64577.50390625
3681,3681,6181.302734375
3682,3682,9428.09765625
3683,3683,110502.6953125
3684,3684,9950.2353515625
3685,3685,17067.404296875
3686,3686,7864.3037109375
3687,3687,6971.28173828125
3688,3688,8256.7890625
3689,3689,10171.041015625
3690,3690,13991.4287109375
3691,3691,9275.1044921875
3692,3692,4820.6796875
3693,3693,6974.38720703125
3694,3694,7696.0830078125
3695,3695,5331.81298828125
3696,3696,12981.513671875
3697,3697,6877.787109375
3698,3698,13185.2744140625
3699,3699,11740.2666015625
3700,3700,6383423.0
3701,3701,5447.5205078125
3702,3702,5764.93212890625
3703,3703,11249.322265625
3704,3704,4718.20361328125
3705,3705,1849396.25
3706,3706,20239.015625
3707,3707,7600.61474609375
3708,3708,8236.62109375
3709,3709,61623.37109375
3710,3710,7233.1875
3711,3711,4301.69677734375
3712,3712,26357.74609375
3713,3713,75391.203125
3714,3714,42345.97265625
3715,3715,6736.9130859375
3716,3716,9349.4970703125
3717,3717,9182.4228515625
3718,3718,45468.296875
3719,3719,83525.7890625
3720,3720,12271.3564453125
3721,3721,6131.41845703125
3722,3722,168926.75
3723,3723,5383.63818359375
3724,3724,5125.2744140625
3725,3725,34907.5234375
3726,3726,5549.8564453125
3727,3727,8548.4189453125
3728,3728,6543.376953125
3729,3729,126129.453125
3730,3730,9919.5634765625
3731,3731,4007.195556640625
3732,3732,16154.7080078125
3733,3733,10051.0166015625
3734,3734,38373.74609375
3735,3735,5745.197265625
3736,3736,5784.80078125
3737,3737,10976.384765625
3738,3738,9950.076171875
3739,3739,12563.09765625
3740,3740,9521.6044921875
3741,3741,7770.267578125
3742,3742,7523.20068359375
3743,3743,13019.9267578125
3744,3744,125833.203125
3745,3745,6932.74169921875
3746,3746,40391.58203125
3747,3747,13649.8994140625
3748,3748,5729.1396484375
3749,3749,5337.54248046875
3750,3750,15121.2236328125
3751,3751,8199.0439453125
3752,3752,33144.8203125
3753,3753,16335.384765625
3754,3754,26373.6953125
3755,3755,27054.2109375
3756,3756,25745.1875
3757,3757,6164.35498046875
3758,3758,15531.0263671875
3759,3759,7909.1328125
3760,3760,7715.94873046875
3761,3761,8955.9833984375
3762,3762,11225.5908203125
3763,3763,19137.890625
3764,3764,7077.95556640625
3765,3765,10182.2001953125
3766,3766,9871.03515625
3767,3767,64268.10546875
3768,3768,11381.33984375
3769,3769,9217.5927734375
3770,3770,8411.8662109375
3771,3771,79478.8671875
3772,3772,106192.75
3773,3773,6821.591796875
3774,3774,10077.9716796875
3775,3775,94078.2578125
3776,3776,9985.5263671875
3777,3777,13226.2607421875
3778,3778,7068.46435546875
3779,3779,9813.814453125
3780,3780,8527.5478515625
3781,3781,5952.55029296875
3782,3782,16102.3662109375
3783,3783,15382.3828125
3784,3784,2873.18603515625
3785,3785,10261.86328125
3786,3786,12433.4541015625
3787,3787,8121.61279296875
3788,3788,9934.275390625
3789,3789,8564.6123046875
3790,3790,7950.71630859375
3791,3791,6264.650390625
3792,3792,6869.90478515625
3793,3793,7482.5947265625
3794,3794,4402606.5
3795,3795,9254.6123046875
3796,3796,8901.154296875
3797,3797,7300.734375
3798,3798,10427.8330078125
3799,3799,29464.173828125
3800,3800,9024.8515625
3801,3801,27048.037109375
3802,3802,7045.79150390625
3803,3803,4904.1728515625
3804,3804,45461.45703125
3805,3805,7626.09423828125
3806,3806,5211.916015625
3807,3807,284411.84375
3808,3808,8372.23046875
3809,3809,88612.2890625
3810,3810,27051.734375
3811,3811,8294.048828125
3812,3812,6367.1328125
3813,3813,7045.89697265625
3814,3814,27842.283203125
3815,3815,6854.98583984375
3816,3816,4001.475341796875
3817,3817,46832.8515625
3818,3818,7131.22265625
3819,3819,8143.7119140625
3820,3820,8968.12109375
3821,3821,16952.1328125
3822,3822,7943.08251953125
3823,3823,10644.419921875
3824,3824,9782.921875
3825,3825,7443.65673828125
3826,3826,108270.625
3827,3827,438365.5625
3828,3828,134075.78125
3829,3829,68684.5390625
3830,3830,10822.3173828125
3831,3831,154889.03125
3832,3832,4431.69384765625
3833,3833,21915.376953125
3834,3834,48396.21875
3835,3835,19729.396484375
3836,3836,27017.240234375
3837,3837,20418.361328125
3838,3838,6408.275390625
3839,3839,8382.0625
3840,3840,6893.0693359375
3841,3841,7286.02685546875
3842,3842,5121.486328125
3843,3843,6525.68408203125
3844,3844,6272.029296875
3845,3845,12176.0576171875
3846,3846,5485.95751953125
3847,3847,19176.205078125
3848,3848,4819.28564453125
3849,3849,4518.9365234375
3850,3850,10244.033203125
3851,3851,5623.51025390625
3852,3852,33748.3203125
3853,3853,145009.125
3854,3854,6068.681640625
3855,3855,10374.2958984375
3856,3856,6225.4619140625
3857,3857,60760.734375
3858,3858,5126.310546875
3859,3859,8806.751953125
3860,3860,9772.609375
3861,3861,33748.5078125
3862,3862,6695.5
3863,3863,41127.015625
3864,3864,7064.8701171875
3865,3865,7636.80908203125
3866,3866,6000.2470703125
3867,3867,8797.3515625
3868,3868,8711.87109375
3869,3869,20315.220703125
3870,3870,17738.861328125
3871,3871,5179.6015625
3872,3872,4214.9267578125
3873,3873,41633.09765625
3874,3874,6557.4931640625
3875,3875,47873.890625
3876,3876,72201.015625
3877,3877,16278.48046875
3878,3878,7953.3779296875
3879,3879,7100.7080078125
3880,3880,5663.00439453125
3881,3881,4866.70556640625
3882,3882,15479.5830078125
3883,3883,7434.0986328125
3884,3884,5604.75146484375
3885,3885,10113.1376953125
3886,3886,1035969.4375
3887,3887,115564.9296875
3888,3888,100223.765625
3889,3889,9084.2978515625
3890,3890,5529.61669921875
3891,3891,24301.962890625
3892,3892,10646.9677734375
3893,3893,7446.7314453125
3894,3894,174309.015625
3895,3895,161413.625
3896,3896,5419.08203125
3897,3897,5309534.5
3898,3898,5953.26904296875
3899,3899,7706.0625
3900,3900,9501.9873046875
3901,3901,14373.5087890625
3902,3902,6475.6669921875
3903,3903,3332.89599609375
3904,3904,7698.09716796875
3905,3905,7052.8994140625
3906,3906,17511.998046875
3907,3907,180088.75
3908,3908,10667.54296875
3909,3909,26730.373046875
3910,3910,5998.89697265625
3911,3911,8049.8798828125
3912,3912,8104.9580078125
3913,3913,13339.2109375
3914,3914,9752.10546875
3915,3915,6865.27294921875
3916,3916,11341.2255859375
3917,3917,15526.498046875
3918,3918,4996.43798828125
3919,3919,77500.59375
3920,3920,6984.60400390625
3921,3921,13989.5986328125
3922,3922,6133.986328125
3923,3923,16731.068359375
3924,3924,11350.8447265625
3925,3925,26782.783203125
3926,3926,8712.3203125
3927,3927,5719.619140625
3928,3928,21313.623046875
3929,3929,81191.9296875
3930,3930,7198.06591796875
3931,3931,6812.271484375
3932,3932,9967.1748046875
3933,3933,65572.3125
3934,3934,6902.5517578125
3935,3935,5741.86279296875
3936,3936,53728.55859375
3937,3937,5382.5859375
3938,3938,6118.90869140625
3939,3939,7424.41650390625
3940,3940,11442.3798828125
3941,3941,6252.79931640625
3942,3942,7912.08642578125
3943,3943,12135.9267578125
3944,3944,6499.490234375
3945,3945,10900.03515625
3946,3946,8133.83642578125
3947,3947,6218.23291015625
3948,3948,4924.3544921875
3949,3949,15888.2783203125
3950,3950,26043.173828125
3951,3951,64173.453125
3952,3952,26348.400390625
3953,3953,38353.453125
3954,3954,14350.8740234375
3955,3955,18787.02734375
3956,3956,12585.1953125
3957,3957,29031.1796875
3958,3958,91799.6796875
3959,3959,7893.4228515625
3960,3960,12720.9150390625
3961,3961,8329.66015625
3962,3962,5306.56005859375
3963,3963,64524.62109375
3964,3964,9347.8291015625
3965,3965,336553.28125
3966,3966,19943.375
3967,3967,5314.8173828125
3968,3968,197235.515625
3969,3969,8632.9501953125
3970,3970,8112.6962890625
3971,3971,6288.92919921875
3972,3972,10205.1650390625
3973,3973,8736.197265625
3974,3974,47243.25
3975,3975,11965.3125
3976,3976,26404.615234375
3977,3977,6903.21240234375
3978,3978,10378.6748046875
3979,3979,14277.2490234375
3980,3980,9736.390625
3981,3981,116805.34375
3982,3982,4696.60546875
3983,3983,40946.43359375
3984,3984,5735.4921875
3985,3985,7586.93017578125
3986,3986,20149.216796875
3987,3987,60534.08203125
3988,3988,6596.9638671875
3989,3989,19186.642578125
3990,3990,13385.2392578125
3991,3991,15469.8466796875
3992,3992,63852.33984375
3993,3993,14394.0185546875
3994,3994,6699.05126953125
3995,3995,9420.4697265625
3996,3996,5996.39013671875
3997,3997,5278.44677734375
3998,3998,6980.8896484375
3999,3999,7491.693359375
4000,4000,3728.942626953125
4001,4001,9227.0830078125
4002,4002,13097.080078125
4003,4003,109653.765625
4004,4004,7549.18017578125
4005,4005,6868.3046875
4006,4006,6407.21630859375
4007,4007,5904.6259765625
4008,4008,6200.6201171875
4009,4009,5970.78125
4010,4010,12356.8740234375
4011,4011,10481.2880859375
4012,4012,7760.2001953125
4013,4013,12906.1611328125
4014,4014,7631.31591796875
4015,4015,23525.537109375
4016,4016,10462.5908203125
4017,4017,6849.37158203125
4018,4018,35734.64453125
4019,4019,5649.748046875
4020,4020,23522.990234375
4021,4021,7185.52734375
4022,4022,14873.736328125
4023,4023,10007.8544921875
4024,4024,6978.54248046875
4025,4025,8233.5458984375
4026,4026,8353.087890625
4027,4027,27285.427734375
4028,4028,16212630.0
4029,4029,7636.34814453125
4030,4030,126704.171875
4031,4031,7680.81005859375
4032,4032,32627.556640625
4033,4033,6783.552734375
4034,4034,10594.783203125
4035,4035,47410.359375
4036,4036,4127.31591796875
4037,4037,41764.94921875
4038,4038,5301.44140625
4039,4039,6772.505859375
4040,4040,7665.44482421875
4041,4041,7688.517578125
4042,4042,23487.671875
4043,4043,9649.1123046875
4044,4044,4866.7275390625
4045,4045,7587.490234375
4046,4046,5734.8544921875
4047,4047,48615.40625
4048,4048,11143.9697265625
4049,4049,5236.525390625
4050,4050,10285.5986328125
4051,4051,8694.6201171875
4052,4052,12641.4697265625
4053,4053,32192.162109375
4054,4054,10497.091796875
4055,4055,130827.390625
4056,4056,5158.1142578125
4057,4057,19121.375
4058,4058,261078.359375
4059,4059,11505.7568359375
4060,4060,9522.75390625
4061,4061,5975.25146484375
4062,4062,19059.142578125
4063,4063,5674.37060546875
4064,4064,49829.65625
4065,4065,5328.86572265625
4066,4066,8511.7236328125
4067,4067,37303.421875
4068,4068,99149.890625
4069,4069,12874.3203125
4070,4070,57848.40234375
4071,4071,7802.6083984375
4072,4072,11551.248046875
4073,4073,7101.13232421875
4074,4074,6706.75390625
4075,4075,13367.0947265625
4076,4076,79587.5234375
4077,4077,10717.0986328125
4078,4078,4863.123046875
4079,4079,9748.611328125
4080,4080,160018.875
4081,4081,10620.5302734375
4082,4082,24256.884765625
4083,4083,14514.5126953125
4084,4084,7620.0908203125
4085,4085,8182.0654296875
4086,4086,65939.0703125
4087,4087,7727.61474609375
4088,4088,3855.206787109375
4089,4089,13664.8310546875
4090,4090,29707.93359375
4091,4091,10858.6123046875
4092,4092,3667.775390625
4093,4093,6338.0693359375
4094,4094,38042.9921875
4095,4095,37608.43359375
4096,4096,26908.66015625
4097,4097,8735.017578125
4098,4098,9771.59765625
4099,4099,93262.4140625
4100,4100,5824.5380859375
4101,4101,13700.3759765625
4102,4102,74062.4453125
4103,4103,64127.66015625
4104,4104,34571.94921875
4105,4105,7928.59521484375
4106,4106,7353.15478515625
4107,4107,9430.0478515625
4108,4108,4618.1767578125
4109,4109,7232.04541015625
4110,4110,10180.0400390625
4111,4111,10577.9482421875
4112,4112,11532.322265625
4113,4113,13202.083984375
4114,4114,8575.2548828125
4115,4115,5700.38525390625
4116,4116,5699.37548828125
4117,4117,27483.7109375
4118,4118,4713.17822265625
4119,4119,16549.728515625
4120,4120,10809.88671875
4121,4121,7326.7724609375
4122,4122,9333.6630859375
4123,4123,7746.552734375
4124,4124,199127.953125
4125,4125,8558.0751953125
4126,4126,20840.486328125
4127,4127,125083.390625
4128,4128,24600.77734375
4129,4129,9320.2587890625
4130,4130,8156.7421875
4131,4131,41217.80078125
4132,4132,12499.9921875
4133,4133,4580.5439453125
4134,4134,7925.46337890625
4135,4135,7503.681640625
4136,4136,34740.71875
4137,4137,28963.693359375
4138,4138,13670.6318359375
4139,4139,39866.59765625
4140,4140,7759.3369140625
4141,4141,7330.80517578125
4142,4142,10087.5859375
4143,4143,14502.9150390625
4144,4144,43876.11328125
4145,4145,12940.248046875
4146,4146,33055.23046875
4147,4147,13847.1025390625
4148,4148,7197.22607421875
4149,4149,9709.490234375
4150,4150,8041.79052734375
4151,4151,16754.21484375
4152,4152,7894.60888671875
4153,4153,8717.775390625
4154,4154,5803.52490234375
4155,4155,19203.7578125
4156,4156,14941.7802734375
4157,4157,11172.3173828125
4158,4158,5820.6474609375
4159,4159,8148.24365234375
4160,4160,4675.32861328125
4161,4161,9165.0986328125
4162,4162,5647.23828125
4163,4163,8509.8779296875
4164,4164,25124.4375
4165,4165,11488.0517578125
4166,4166,154270.5
4167,4167,12599.470703125
4168,4168,10214.1376953125
4169,4169,39852.73828125
4170,4170,7723.1640625
4171,4171,5256.48486328125
4172,4172,6168.98193359375
4173,4173,7815.041015625
4174,4174,7269.55859375
4175,4175,12904.3447265625
4176,4176,17588.443359375
4177,4177,6355.63330078125
4178,4178,13839.115234375
4179,4179,105137.9375
4180,4180,9204.4912109375
4181,4181,42080.44140625
4182,4182,4981.73095703125
4183,4183,54505.84765625
4184,4184,25392.91796875
4185,4185,3732.486083984375
4186,4186,8982.189453125
4187,4187,130982.4453125
4188,4188,7975.46728515625
4189,4189,19768.087890625
4190,4190,7512.11474609375
4191,4191,8454.9677734375
4192,4192,6808.15234375
4193,4193,8243.7607421875
4194,4194,5067.6845703125
4195,4195,6773.5703125
4196,4196,11336.0185546875
4197,4197,2781.341552734375
4198,4198,16866.65234375
4199,4199,5292.52734375
4200,4200,16636.75390625
4201,4201,40778.6015625
4202,4202,26246.4375
4203,4203,7116.07080078125
4204,4204,52935.25
4205,4205,10687.3349609375
4206,4206,183070.0625
4207,4207,6389.552734375
4208,4208,319742.65625
4209,4209,15908.85546875
4210,4210,156512.75
4211,4211,89826.28125
4212,4212,6537.69970703125
4213,4213,12327.7470703125
4214,4214,7305.31103515625
4215,4215,5426.9345703125
4216,4216,32397.0546875
4217,4217,11861.876953125
4218,4218,7745.08251953125
4219,4219,154517.4375
4220,4220,13672.3701171875
4221,4221,7106.400390625
4222,4222,5469.66552734375
4223,4223,7967.62939453125
4224,4224,4970.73779296875
4225,4225,10906.95703125
4226,4226,65945.8203125
4227,4227,4676.98974609375
4228,4228,238666.640625
4229,4229,12165.787109375
4230,4230,7104.13134765625
4231,4231,17935.2734375
4232,4232,5025.9267578125
4233,4233,6434.0546875
4234,4234,94596.75
4235,4235,10304.1943359375
4236,4236,12219.57421875
4237,4237,9459.1640625
4238,4238,7383.4765625
4239,4239,10415.853515625
4240,4240,5693.31494140625
4241,4241,25212.748046875
4242,4242,95863.9453125
4243,4243,29930.357421875
4244,4244,12309.4052734375
4245,4245,9331.9033203125
4246,4246,9140.2373046875
4247,4247,10355.6142578125
4248,4248,6857.0205078125
4249,4249,25606.515625
4250,4250,6675.2138671875
4251,4251,34438.6015625
4252,4252,9684.857421875
4253,4253,6015.27392578125
4254,4254,10151.30078125
4255,4255,3325.6474609375
4256,4256,11751.2763671875
4257,4257,6745.84326171875
4258,4258,8179.6416015625
4259,4259,43776.0546875
4260,4260,10408.7890625
4261,4261,24077.341796875
4262,4262,6460.1591796875
4263,4263,6997.57275390625
4264,4264,8757.9150390625
4265,4265,7218.544921875
4266,4266,4809.865234375
4267,4267,21037.57421875
4268,4268,6549.80029296875
4269,4269,5775.30712890625
4270,4270,5692.74365234375
4271,4271,84859.8828125
4272,4272,9655.1650390625
4273,4273,51473.0703125
4274,4274,6515.83642578125
4275,4275,6192.98974609375
4276,4276,31911.515625
4277,4277,7757.8486328125
4278,4278,18739.638671875
4279,4279,25286.23828125
4280,4280,16621.595703125
4281,4281,28900.6328125
4282,4282,78047.828125
4283,4283,9907.154296875
4284,4284,6297.71240234375
4285,4285,9320.1748046875
4286,4286,63141.78125
4287,4287,7067.78759765625
4288,4288,7678.45654296875
4289,4289,47995.0
4290,4290,5692.83837890625
4291,4291,159710.078125
4292,4292,36603.5625
4293,4293,110943.4453125
4294,4294,5781.29345703125
4295,4295,7505.60791015625
4296,4296,4954.26318359375
4297,4297,7305.1416015625
4298,4298,545675.0
4299,4299,6819.8876953125
4300,4300,1601007.375
4301,4301,10883.271484375
4302,4302,47005.6171875
4303,4303,12500.279296875
4304,4304,27378.427734375
4305,4305,11606.7890625
4306,4306,5238.3759765625
4307,4307,5305.33251953125
4308,4308,5348.38525390625
4309,4309,16405.4296875
4310,4310,5555.6865234375
4311,4311,3024.772705078125
4312,4312,5689.482421875
4313,4313,14290.896484375
4314,4314,5397.3759765625
4315,4315,6748.58740234375
4316,4316,5107.37890625
4317,4317,9688.6435546875
4318,4318,23493.58984375
4319,4319,77874.1640625
4320,4320,95822.9921875
4321,4321,26637.73046875
4322,4322,4980.6962890625
4323,4323,8864.9248046875
4324,4324,107816.34375
4325,4325,5174.67333984375
4326,4326,11124.3330078125
4327,4327,5752.3330078125
4328,4328,164927.53125
4329,4329,7774.03759765625
4330,4330,3916.890869140625
4331,4331,9895.4248046875
4332,4332,35447.0390625
4333,4333,9966.71484375
4334,4334,4205.50146484375
4335,4335,7411.45166015625
4336,4336,6776.10009765625
4337,4337,6274.13427734375
4338,4338,5264.6162109375
4339,4339,8413.44140625
4340,4340,107730.4375
4341,4341,26960.556640625
4342,4342,6386.35595703125
4343,4343,7033.583984375
4344,4344,22487.099609375
4345,4345,9978.234375
4346,4346,9671.2939453125
4347,4347,10935.0830078125
4348,4348,6707.1640625
4349,4349,21093.55859375
4350,4350,5660.01318359375
4351,4351,7703.73486328125
4352,4352,147091.0625
4353,4353,10226.09765625
4354,4354,22894.73828125
4355,4355,6965.32958984375
4356,4356,28472.642578125
4357,4357,5920.314453125
4358,4358,6126.6572265625
4359,4359,5105.83056640625
4360,4360,6238.5400390625
4361,4361,7877.43798828125
4362,4362,130601.953125
4363,4363,7701.431640625
4364,4364,8588.9697265625
4365,4365,78748.21875
4366,4366,7168.70458984375
4367,4367,8595.4384765625
4368,4368,8481.5810546875
4369,4369,55421.0703125
4370,4370,26922.28125
4371,4371,5300.06640625
4372,4372,6715.74755859375
4373,4373,5844.388671875
4374,4374,10871.8486328125
4375,4375,13124.75390625
4376,4376,6950.416015625
4377,4377,51185.171875
4378,4378,24734.861328125
4379,4379,6974.86865234375
4380,4380,18073.048828125
4381,4381,5473.81494140625
4382,4382,12948.267578125
4383,4383,11683.0078125
4384,4384,4717.19677734375
4385,4385,44113.54296875
4386,4386,34273.38671875
4387,4387,74011.0546875
4388,4388,63735.6875
4389,4389,8699.41015625
4390,4390,14897.78515625
4391,4391,8133.94970703125
4392,4392,6469.84130859375
4393,4393,9284.513671875
4394,4394,2808.862060546875
4395,4395,75580.4921875
4396,4396,8372.3984375
4397,4397,8542.7578125
4398,4398,6827.73291015625
4399,4399,6648.76806640625
4400,4400,14947.03515625
4401,4401,6149.03515625
4402,4402,5606.1591796875
4403,4403,19283.216796875
4404,4404,6725.86181640625
4405,4405,7894.67041015625
4406,4406,38751.171875
4407,4407,5668.9228515625
4408,4408,55973.41796875
4409,4409,6104.22216796875
4410,4410,11083.091796875
4411,4411,7700.09375
4412,4412,6844.69091796875
4413,4413,18006.498046875
4414,4414,9797.2412109375
4415,4415,9348.671875
4416,4416,6993.4482421875
4417,4417,4282.7998046875
4418,4418,8234.5830078125
4419,4419,30573.443359375
4420,4420,10937.3994140625
4421,4421,6770.13623046875
4422,4422,31714.38671875
4423,4423,70779.734375
4424,4424,9158.2353515625
4425,4425,57154.09765625
4426,4426,38645.31640625
4427,4427,8970.537109375
4428,4428,7563.3828125
4429,4429,7370.361328125
4430,4430,19029.4140625
4431,4431,6046.84228515625
4432,4432,6623.2666015625
4433,4433,8822.4609375
4434,4434,4458.21533203125
4435,4435,10289.2138671875
4436,4436,5192.09619140625
4437,4437,4440.44873046875
4438,4438,41814.3359375
4439,4439,20825.984375
4440,4440,5415.845703125
4441,4441,11631.0224609375
4442,4442,8056.0732421875
4443,4443,18499.359375
4444,4444,12070.9189453125
4445,4445,7232.95703125
4446,4446,75001.9609375
4447,4447,7502.75732421875
4448,4448,2644443.25
4449,4449,7764.05859375
4450,4450,13464.271484375
4451,4451,53949.51171875
4452,4452,3988.546630859375
4453,4453,4208.6005859375
4454,4454,5866.15087890625
4455,4455,48911.7734375
4456,4456,267305.53125
4457,4457,6700.97265625
4458,4458,6289.00048828125
4459,4459,9653.94140625
4460,4460,6144.94775390625
4461,4461,51419.8203125
4462,4462,9192.796875
4463,4463,12556.611328125
4464,4464,27081.2734375
4465,4465,9303.505859375
4466,4466,43872.828125
4467,4467,7065.025390625
4468,4468,14881.658203125
4469,4469,75814.7109375
4470,4470,58699.94140625
4471,4471,10844.3310546875
4472,4472,20946.498046875
4473,4473,12347.34375
4474,4474,22931.376953125
4475,4475,6193.2451171875
4476,4476,62673.5390625
4477,4477,15634.3486328125
4478,4478,15325.4609375
4479,4479,31996.26171875
4480,4480,21993.45703125
4481,4481,6161.947265625
4482,4482,5507695.0
4483,4483,5074.63427734375
4484,4484,15834.6044921875
4485,4485,9187.0615234375
4486,4486,8408.1865234375
4487,4487,44375.20703125
4488,4488,16559.46875
4489,4489,8344.36328125
4490,4490,10462.1103515625
4491,4491,7055.12109375
4492,4492,10312.875
4493,4493,14543.0673828125
4494,4494,82993.0390625
4495,4495,39161.421875
4496,4496,79656.7109375
4497,4497,8116.89599609375
4498,4498,5660.69287109375
4499,4499,36787.8671875
4500,4500,7254.14111328125
4501,4501,7470.43017578125
4502,4502,9550.017578125
4503,4503,5959.98681640625
4504,4504,12899.759765625
4505,4505,7795.5537109375
4506,4506,5495.06787109375
4507,4507,18167.984375
4508,4508,3812.337890625
4509,4509,16173.388671875
4510,4510,6418.6962890625
4511,4511,7268.5625
4512,4512,2980.302490234375
4513,4513,14389.0400390625
4514,4514,8599.2109375
4515,4515,39198.32421875
4516,4516,13300.6455078125
4517,4517,12253.1240234375
4518,4518,15862.9013671875
4519,4519,23273.673828125
4520,4520,13893.4306640625
4521,4521,3912.715087890625
4522,4522,3676.952392578125
4523,4523,8227.28515625
4524,4524,6725.95166015625
4525,4525,11780.2470703125
4526,4526,7343.421875
4527,4527,11948.2001953125
4528,4528,11707.021484375
4529,4529,8743.32421875
4530,4530,39355.17578125
4531,4531,8784.365234375
4532,4532,9161.787109375
4533,4533,6493.08349609375
4534,4534,384910.5
4535,4535,7947.50537109375
4536,4536,12659.6572265625
4537,4537,9337.3271484375
4538,4538,4515.4013671875
4539,4539,11253.8232421875
4540,4540,237386.53125
4541,4541,5991.13427734375
4542,4542,10425.447265625
4543,4543,25121.177734375
4544,4544,30872.083984375
4545,4545,74413.5
4546,4546,6322.87255859375
4547,4547,19242.20703125
4548,4548,80706.34375
4549,4549,4071873.5
4550,4550,8397.8720703125
4551,4551,7202.6201171875
4552,4552,7339.697265625
4553,4553,7240.5283203125
4554,4554,22979.841796875
4555,4555,21012.96484375
4556,4556,5852.8046875
4557,4557,6426.345703125
4558,4558,1332191.875
4559,4559,10450.4619140625
4560,4560,4967.96337890625
4561,4561,9674.810546875
4562,4562,10789.357421875
4563,4563,41901.171875
4564,4564,8227.779296875
4565,4565,71419.8046875
4566,4566,8967.6142578125
4567,4567,36781.57421875
4568,4568,71091.296875
4569,4569,5989.83056640625
4570,4570,120613.640625
4571,4571,6834.978515625
4572,4572,15890.0576171875
4573,4573,4400.7685546875
4574,4574,7660.56103515625
4575,4575,65563.234375
4576,4576,7983.4345703125
4577,4577,21069.279296875
4578,4578,7619.79052734375
4579,4579,6618.376953125
4580,4580,5394.37939453125
4581,4581,5941.0986328125
4582,4582,4092.878173828125
4583,4583,11588.5
4584,4584,8436.162109375
4585,4585,5691.150390625
4586,4586,8952.0859375
4587,4587,8701.28515625
4588,4588,8802.9296875
4589,4589,7647.52001953125
4590,4590,6490.1435546875
4591,4591,13645.947265625
4592,4592,14307.96484375
4593,4593,8016.05810546875
4594,4594,6307.18017578125
4595,4595,12216.873046875
4596,4596,5951.2119140625
4597,4597,8466.4873046875
4598,4598,22111.181640625
4599,4599,11886.8701171875
4600,4600,8859.21484375
4601,4601,11798.361328125
4602,4602,78279.5703125
4603,4603,40847.5625
4604,4604,101373.8671875
4605,4605,7218.52783203125
4606,4606,9378.4873046875
4607,4607,9192.263671875
4608,4608,10125.263671875
4609,4609,8542.8154296875
4610,4610,5571.32861328125
4611,4611,21793.849609375
4612,4612,3663.3955078125
4613,4613,7666.64501953125
4614,4614,26337.666015625
4615,4615,6394.21337890625
4616,4616,11370.6728515625
4617,4617,5883.55078125
4618,4618,94693.7109375
4619,4619,8146.01318359375
4620,4620,5389.70751953125
4621,4621,9924.697265625
4622,4622,7343.06982421875
4623,4623,8225.255859375
4624,4624,9783.6962890625
4625,4625,55796.39453125
4626,4626,4950.38671875
4627,4627,16043.4423828125
4628,4628,7355.97509765625
4629,4629,8836.2109375
4630,4630,5790.68896484375
4631,4631,100842.609375
4632,4632,5199.10205078125
4633,4633,7740.490234375
4634,4634,44310.8046875
4635,4635,5979.306640625
4636,4636,22745.03515625
4637,4637,29336.361328125
4638,4638,6614.873046875
4639,4639,286870.09375
4640,4640,6592.19189453125
4641,4641,18218.740234375
4642,4642,10041.125
4643,4643,8700.72265625
4644,4644,148994.09375
4645,4645,7282.43408203125
4646,4646,6238.375
4647,4647,10368.65625
4648,4648,5891.9208984375
4649,4649,28213.96875
4650,4650,361355.9375
4651,4651,4706.91748046875
4652,4652,28309.517578125
4653,4653,6209.5400390625
4654,4654,7418.35302734375
4655,4655,7767.98291015625
4656,4656,5318.07275390625
4657,4657,7745.53076171875
4658,4658,7593.837890625
4659,4659,63282.9140625
4660,4660,10642.197265625
4661,4661,3669759.0
4662,4662,9769.7197265625
4663,4663,10569.1259765625
4664,4664,7478.68115234375
4665,4665,43695.94921875
4666,4666,6299.64794921875
4667,4667,16146.052734375
4668,4668,4879.77490234375
4669,4669,80099.390625
4670,4670,9440.6640625
4671,4671,5908.330078125
4672,4672,7720.373046875
4673,4673,5822.97607421875
4674,4674,11468.509765625
4675,4675,7371.38623046875
4676,4676,60225.13671875
4677,4677,7798.439453125
4678,4678,9809.59765625
4679,4679,7062.927734375
4680,4680,7040.45068359375
4681,4681,11820.1865234375
4682,4682,4523.10546875
4683,4683,7686.728515625
4684,4684,9301.8046875
4685,4685,5873.62158203125
4686,4686,4584.8486328125
4687,4687,9964.177734375
4688,4688,9559.15234375
4689,4689,42251.40234375
4690,4690,10298.06640625
4691,4691,11846.57421875
4692,4692,8167.55859375
4693,4693,10983.7109375
4694,4694,5867.7080078125
4695,4695,7309.31103515625
4696,4696,31422.8515625
4697,4697,17249.140625
4698,4698,4201.076171875
4699,4699,13532.041015625
4700,4700,7705.5087890625
4701,4701,6703.40087890625
4702,4702,48787.77734375
4703,4703,17827.375
4704,4704,12172.5048828125
4705,4705,5234.95947265625
4706,4706,7520.3828125
4707,4707,7092.09814453125
4708,4708,13063.6982421875
4709,4709,158189.265625
4710,4710,7951.05615234375
4711,4711,7608.51416015625
4712,4712,32463.06640625
4713,4713,42878.37109375
4714,4714,23326.421875
4715,4715,10366.330078125
4716,4716,30689.162109375
4717,4717,8234.705078125
4718,4718,77361.484375
4719,4719,20277.037109375
4720,4720,4219.6064453125
4721,4721,92486.578125
4722,4722,7739.986328125
4723,4723,8109.6806640625
4724,4724,5711.42529296875
4725,4725,17736.4921875
4726,4726,6020.82666015625
4727,4727,6367.5888671875
4728,4728,7482.26953125
4729,4729,11771.873046875
4730,4730,4512.21875
4731,4731,6942.7412109375
4732,4732,12518.3701171875
4733,4733,7858.33349609375
4734,4734,152246.53125
4735,4735,134209.28125
4736,4736,3203.171875
4737,4737,29675.9453125
4738,4738,4476.767578125
4739,4739,6496.900390625
4740,4740,8116.89013671875
4741,4741,140407.90625
4742,4742,13695.2509765625
4743,4743,11991.525390625
4744,4744,7382.73681640625
4745,4745,7348.22216796875
4746,4746,5606.87353515625
4747,4747,10014.41796875
4748,4748,7046.087890625
4749,4749,8624.1806640625
4750,4750,28091.51171875
4751,4751,4760.78173828125
4752,4752,7251.599609375
4753,4753,23418.072265625
4754,4754,7719.4130859375
4755,4755,7715.16552734375
4756,4756,37501.3359375
4757,4757,8268.208984375
4758,4758,10861.7314453125
4759,4759,13138.76953125
4760,4760,3804.270751953125
4761,4761,7687.3759765625
4762,4762,6134.43359375
4763,4763,6856.548828125
4764,4764,11863.4921875
4765,4765,16051.0615234375
4766,4766,7144.03564453125
4767,4767,169041.640625
4768,4768,7415.23681640625
4769,4769,9703.9970703125
4770,4770,3533.7802734375
4771,4771,1860997.25
4772,4772,52402.203125
4773,4773,5180.033203125
4774,4774,9123.1201171875
4775,4775,12922.611328125
4776,4776,7333.32421875
4777,4777,8357.25
4778,4778,12830.3349609375
4779,4779,335588.46875
4780,4780,8798.767578125
4781,4781,147725.09375
4782,4782,5872.56494140625
4783,4783,16905.939453125
4784,4784,9129.2099609375
4785,4785,8139.90380859375
4786,4786,6628.3291015625
4787,4787,2954.079345703125
4788,4788,14046.3720703125
4789,4789,31038.78125
4790,4790,11275.3349609375
4791,4791,6817.63818359375
4792,4792,7656.05908203125
4793,4793,127718.1953125
4794,4794,8921.8056640625
4795,4795,77697.7421875
4796,4796,7093.40283203125
4797,4797,9867.251953125
4798,4798,4560.35888671875
4799,4799,5637.32666015625
4800,4800,21631.88671875
4801,4801,15079.3486328125
4802,4802,4630.05126953125
4803,4803,9856.9248046875
4804,4804,5170.03759765625
4805,4805,9162.3330078125
4806,4806,12044.646484375
4807,4807,5236.02587890625
4808,4808,15222.603515625
4809,4809,8007.6455078125
4810,4810,3871.60400390625
4811,4811,6757.78955078125
4812,4812,16853.595703125
4813,4813,7004.70263671875
4814,4814,41463.94140625
4815,4815,8817.54296875
4816,4816,6361.873046875
4817,4817,3945.29833984375
4818,4818,6271.2900390625
4819,4819,22781.67578125
4820,4820,3692.75732421875
4821,4821,75018.2578125
4822,4822,16911.79296875
4823,4823,9260.8828125
4824,4824,48713.77734375
4825,4825,10503.73828125
4826,4826,5619.07275390625
4827,4827,48330.1796875
4828,4828,6725.220703125
4829,4829,12810.7041015625
4830,4830,6742.4111328125
4831,4831,4510.64111328125
4832,4832,4130.93994140625
4833,4833,5907.72607421875
4834,4834,6590.19873046875
4835,4835,7416.0703125
4836,4836,4899.2529296875
4837,4837,5670.72314453125
4838,4838,7005.689453125
4839,4839,12916.087890625
4840,4840,124925.1640625
4841,4841,23011.984375
4842,4842,3216.673095703125
4843,4843,4802.12841796875
4844,4844,4381.07763671875
4845,4845,10437.431640625
4846,4846,5774.15185546875
4847,4847,4217.58447265625
4848,4848,6169.3642578125
4849,4849,10391.005859375
4850,4850,47853.0390625
4851,4851,6139.341796875
4852,4852,23392.208984375
4853,4853,106749.484375
4854,4854,6138.4326171875
4855,4855,8244.138671875
4856,4856,4294.232421875
4857,4857,28761.166015625
4858,4858,13717.7763671875
4859,4859,5852.22705078125
4860,4860,17848.591796875
4861,4861,7793.12109375
4862,4862,11371.3896484375
4863,4863,24865.275390625
4864,4864,13924.267578125
4865,4865,10609.69140625
4866,4866,60723.5
4867,4867,6269.56689453125
4868,4868,15298.3994140625
4869,4869,4838.1806640625
4870,4870,12236.3603515625
4871,4871,33459.13671875
4872,4872,9077.0458984375
4873,4873,3370.646240234375
4874,4874,10868.5029296875
4875,4875,11437.1416015625
4876,4876,6120.150390625
4877,4877,24795.73828125
4878,4878,19850.40625
4879,4879,9115.9931640625
4880,4880,7252.85400390625
4881,4881,26397.767578125
4882,4882,4861.95556640625
4883,4883,18971.51953125
4884,4884,7952.44384765625
4885,4885,10013.8603515625
4886,4886,8920.7001953125
4887,4887,9507.7900390625
4888,4888,4056.26708984375
4889,4889,8192.1748046875
4890,4890,8309.7783203125
4891,4891,7421.32958984375
4892,4892,4300.74755859375
4893,4893,9077.876953125
4894,4894,11333.205078125
4895,4895,5983.0986328125
4896,4896,120254.953125
4897,4897,6421.13330078125
4898,4898,7100.64404296875
4899,4899,6564.23583984375
4900,4900,6147.4814453125
4901,4901,93293.2421875
4902,4902,6023.7861328125
4903,4903,8527.30078125
4904,4904,152250.65625
4905,4905,8187.42041015625
4906,4906,6520.43212890625
4907,4907,6333.53466796875
4908,4908,5422.94677734375
4909,4909,19503.00390625
4910,4910,13899.9306640625
4911,4911,27702.673828125
4912,4912,19823.208984375
4913,4913,7171.9794921875
4914,4914,32002.197265625
4915,4915,10833.904296875
4916,4916,4187.369140625
4917,4917,2458504.0
4918,4918,4619.4619140625
4919,4919,12086.494140625
4920,4920,7293.66015625
4921,4921,12527.9853515625
4922,4922,121301.515625
4923,4923,18167.79296875
4924,4924,23041.8046875
4925,4925,33421.5859375
4926,4926,7014.34912109375
4927,4927,310276.6875
4928,4928,99414.96875
4929,4929,15061.1005859375
4930,4930,7392.947265625
4931,4931,8188.29443359375
4932,4932,6420.95166015625
4933,4933,88405.0234375
4934,4934,5215.32568359375
4935,4935,8989.2998046875
4936,4936,6777.59619140625
4937,4937,111731.9375
4938,4938,90856.390625
4939,4939,52230.6015625
4940,4940,6871.3515625
4941,4941,6569.26416015625
4942,4942,10187.033203125
4943,4943,14214.0634765625
4944,4944,18302.474609375
4945,4945,13554.439453125
4946,4946,79301.453125
4947,4947,78172.1328125
4948,4948,9426.3525390625
4949,4949,6897.400390625
4950,4950,7770.67236328125
4951,4951,17729.611328125
4952,4952,7055.49072265625
4953,4953,4707.00830078125
4954,4954,7647.5791015625
4955,4955,5793.8857421875
4956,4956,29030.37109375
4957,4957,6817.73876953125
4958,4958,12816.501953125
4959,4959,3786.125
4960,4960,4252.41015625
4961,4961,7808.22265625
4962,4962,6388.73779296875
4963,4963,37085.83203125
4964,4964,20596.55859375
4965,4965,12678.3740234375
4966,4966,82530.5859375
4967,4967,57644.90234375
4968,4968,7615.75537109375
4969,4969,89198.78125
4970,4970,18283.24609375
4971,4971,92637.921875
4972,4972,6861.55615234375
4973,4973,7088.3232421875
4974,4974,9188.7119140625
4975,4975,11301.62109375
4976,4976,16960.265625
4977,4977,7361.46240234375
4978,4978,3902.85302734375
4979,4979,17874.025390625
4980,4980,5569.58837890625
4981,4981,6441.98486328125
4982,4982,11607.86328125
4983,4983,40566.6796875
4984,4984,6217.2900390625
4985,4985,4574.3154296875
4986,4986,12134.283203125
4987,4987,6976.85107421875
4988,4988,11347.5537109375
4989,4989,7307.08642578125
4990,4990,3464574.5
4991,4991,125802.4296875
4992,4992,8618.4365234375
4993,4993,6423.43505859375
4994,4994,14719.0400390625
4995,4995,6751.7060546875
4996,4996,5417.78662109375
4997,4997,5662.36865234375
4998,4998,42248.578125
4999,4999,31464.31640625
5000,5000,6979.0751953125
5001,5001,9317.20703125
5002,5002,2922.172119140625
5003,5003,8485.728515625
5004,5004,9245.31640625
5005,5005,14111.416015625
5006,5006,9050.1806640625
5007,5007,6823.8974609375
5008,5008,6342.43798828125
5009,5009,100704.5078125
5010,5010,9052.4541015625
5011,5011,6583.822265625
5012,5012,8022.76953125
5013,5013,12013.728515625
5014,5014,51634.1328125
5015,5015,17080.71484375
5016,5016,15951.9619140625
5017,5017,74628.0859375
5018,5018,5852.37451171875
5019,5019,5760.3046875
5020,5020,8623.0166015625
5021,5021,5569.39697265625
5022,5022,5827035.5
5023,5023,3807.08447265625
5024,5024,8780.123046875
5025,5025,182654.953125
5026,5026,69331.75
5027,5027,10946.3623046875
5028,5028,4414.93896484375
5029,5029,5122.0908203125
5030,5030,15764.6611328125
5031,5031,4320.02880859375
5032,5032,5802.4765625
5033,5033,6157.38818359375
5034,5034,18369.67578125
5035,5035,5188.708984375
5036,5036,62087.66796875
5037,5037,6581.4873046875
5038,5038,11371.8720703125
5039,5039,8650.38671875
5040,5040,22721.078125
5041,5041,7230.015625
5042,5042,11875.294921875
5043,5043,6216.76611328125
5044,5044,8884.69140625
5045,5045,8313.6943359375
5046,5046,8453.80078125
5047,5047,21076.955078125
5048,5048,12971.5126953125
5049,5049,21803.53515625
5050,5050,8562.08203125
5051,5051,9302.9521484375
5052,5052,128268.0234375
5053,5053,7606.19921875
5054,5054,6910.9033203125
5055,5055,6725.4658203125
5056,5056,8302.0732421875
5057,5057,7165.5869140625
5058,5058,7075.02197265625
5059,5059,9714.1708984375
5060,5060,5905.2275390625
5061,5061,11046.865234375
5062,5062,5237.4375
5063,5063,17938.177734375
5064,5064,6445.501953125
5065,5065,5140.111328125
5066,5066,97948.0234375
5067,5067,13423.662109375
5068,5068,4224.0537109375
5069,5069,5685.88623046875
5070,5070,6350.8798828125
5071,5071,9641.5146484375
5072,5072,6338.61474609375
5073,5073,18875.60546875
5074,5074,43807.109375
5075,5075,12340.2060546875
5076,5076,6938.73046875
5077,5077,6881.83251953125
5078,5078,7340.9501953125
5079,5079,60373.17578125
5080,5080,53725.2109375
5081,5081,8562.9931640625
5082,5082,7755.42919921875
5083,5083,9690.134765625
5084,5084,12833.9873046875
5085,5085,9842.1591796875
5086,5086,7559.12744140625
5087,5087,5370.60693359375
5088,5088,13098.0703125
5089,5089,16618.1875
5090,5090,9069.0615234375
5091,5091,150083.046875
5092,5092,7537.244140625
5093,5093,39049.41796875
5094,5094,7053.908203125
5095,5095,74705.296875
5096,5096,7492.94091796875
5097,5097,4457.46533203125
5098,5098,8937.23046875
5099,5099,9694.3671875
5100,5100,7289.77783203125
5101,5101,12650.1005859375
5102,5102,5815.6357421875
5103,5103,9395.7880859375
5104,5104,22799.26171875
5105,5105,26964.107421875
5106,5106,16357.06640625
5107,5107,5624.142578125
5108,5108,7131.224609375
5109,5109,10187.337890625
5110,5110,8368.3349609375
5111,5111,14170.5693359375
5112,5112,12129.24609375
5113,5113,10544.9716796875
5114,5114,41815.1484375
5115,5115,14216.1708984375
5116,5116,18343.357421875
5117,5117,9469.4384765625
5118,5118,94512.8515625
5119,5119,10965.6884765625
5120,5120,4789.0068359375
5121,5121,13727.830078125
5122,5122,7988.26123046875
5123,5123,39784.0625
5124,5124,9593.00390625
5125,5125,6603.60107421875
5126,5126,7944.486328125
5127,5127,6792.60595703125
5128,5128,33331.6796875
5129,5129,13078.841796875
5130,5130,53727.21875
5131,5131,6437.7314453125
5132,5132,159067.59375
5133,5133,68545.0
5134,5134,16271.5556640625
5135,5135,7521.99169921875
5136,5136,16218.0244140625
5137,5137,95287.0390625
5138,5138,55316.47265625
5139,5139,59880.921875
5140,5140,70919.4609375
5141,5141,195365.171875
5142,5142,10278.62890625
5143,5143,7760.07470703125
5144,5144,3086.164306640625
5145,5145,8276.2509765625
5146,5146,94884.7265625
5147,5147,6600.39306640625
5148,5148,141031.921875
5149,5149,10440.3095703125
5150,5150,8413.1533203125
5151,5151,4847.2255859375
5152,5152,13426.58984375
5153,5153,26275.78125
5154,5154,9414.4833984375
5155,5155,7268.3095703125
5156,5156,8195.7255859375
5157,5157,5869.83642578125
5158,5158,12550.3984375
5159,5159,5738.27490234375
5160,5160,45331.47265625
5161,5161,11764.24609375
5162,5162,6121.9248046875
5163,5163,56194.7578125
5164,5164,4477.1591796875
5165,5165,52884.7265625
5166,5166,38099.91015625
5167,5167,7531.98388671875
5168,5168,9726.1025390625
5169,5169,14105.248046875
5170,5170,12137118.0
5171,5171,103117.078125
5172,5172,13482.4873046875
5173,5173,11361.9443359375
5174,5174,7519.93408203125
5175,5175,7327.79736328125
5176,5176,25517.341796875
5177,5177,9845.458984375
5178,5178,6587.5830078125
5179,5179,7696.8916015625
5180,5180,48348.921875
5181,5181,44948.48828125
5182,5182,45621.6484375
5183,5183,8015.03125
5184,5184,5700.11328125
5185,5185,9205.220703125
5186,5186,4471.818359375
5187,5187,7790.06591796875
5188,5188,11150.8759765625
5189,5189,8490.16015625
5190,5190,6402.52880859375
5191,5191,14134.68359375
5192,5192,7238.64404296875
5193,5193,6913.50244140625
5194,5194,8320.89453125
5195,5195,61836.71875
5196,5196,12552.30078125
5197,5197,66340.71875
5198,5198,5797.22900390625
5199,5199,11212.40234375
5200,5200,5632.73583984375
5201,5201,12176.0791015625
5202,5202,71304.9765625
5203,5203,133521.15625
5204,5204,8362.90625
5205,5205,7991.81103515625
5206,5206,8675.9228515625
5207,5207,9901.455078125
5208,5208,7442.85107421875
5209,5209,9545.7724609375
5210,5210,9473.6396484375
5211,5211,9959.98046875
5212,5212,10959.8740234375
5213,5213,4447.72900390625
5214,5214,6176.66162109375
5215,5215,12518.755859375
5216,5216,6619.830078125
5217,5217,11808.4560546875
5218,5218,5441.84326171875
5219,5219,6881.47021484375
5220,5220,107408.609375
5221,5221,89875.1328125
5222,5222,6106.8896484375
5223,5223,5316.6787109375
5224,5224,89164.2109375
5225,5225,6664.0234375
5226,5226,4901.05224609375
5227,5227,158974.421875
5228,5228,5688.06005859375
5229,5229,7045.6484375
5230,5230,40239.99609375
5231,5231,18750.3515625
5232,5232,8371.103515625
5233,5233,5522.5517578125
5234,5234,31976.54296875
5235,5235,4134.53125
5236,5236,14042.078125
5237,5237,51138.921875
5238,5238,7209.08056640625
5239,5239,8915.3857421875
5240,5240,128707.25
5241,5241,4092.975830078125
5242,5242,17076.154296875
5243,5243,7951.8193359375
5244,5244,7089.16552734375
5245,5245,5242.546875
5246,5246,98732.3828125
5247,5247,6916.5546875
5248,5248,8979.3115234375
5249,5249,215649.046875
5250,5250,6968.3671875
5251,5251,21923.884765625
5252,5252,4645.49072265625
5253,5253,32906.02734375
5254,5254,37576.80078125
5255,5255,7242.1435546875
5256,5256,6226.94384765625
5257,5257,641424.625
5258,5258,6441.94873046875
5259,5259,6327.26513671875
5260,5260,17340.58984375
5261,5261,19172.46875
5262,5262,8540.8583984375
5263,5263,34746.01171875
5264,5264,5337.76611328125
5265,5265,49945.65625
5266,5266,2907969.75
5267,5267,63345.3828125
5268,5268,51024.39453125
5269,5269,5860.09326171875
5270,5270,7086.86767578125
5271,5271,7269.94580078125
5272,5272,34977.46875
5273,5273,4462.6708984375
5274,5274,8255.056640625
5275,5275,175252.4375
5276,5276,11414.9541015625
5277,5277,6754.8779296875
5278,5278,4786.794921875
5279,5279,6602.90771484375
5280,5280,15426.5546875
5281,5281,5559.322265625
5282,5282,5661.017578125
5283,5283,7991.0419921875
5284,5284,24419.615234375
5285,5285,12243.7138671875
5286,5286,4139.7626953125
5287,5287,6915.32177734375
5288,5288,16221.26953125
5289,5289,12231.4296875
5290,5290,78105.953125
5291,5291,7709.919921875
5292,5292,9593.6708984375
5293,5293,10616.345703125
5294,5294,5634.6845703125
5295,5295,421693.15625
5296,5296,7402.75634765625
5297,5297,19034.896484375
5298,5298,85640.765625
5299,5299,10277.9814453125
5300,5300,9543.2744140625
5301,5301,4543.76953125
5302,5302,9004.6474609375
5303,5303,10855.1806640625
5304,5304,7206.7587890625
5305,5305,8355.0185546875
5306,5306,6754.2109375
5307,5307,77004.5625
5308,5308,7909.3583984375
5309,5309,6519.02587890625
5310,5310,4695.2568359375
5311,5311,8550.23828125
5312,5312,69331.78125
5313,5313,6677.21826171875
5314,5314,4595.0673828125
5315,5315,6849.11279296875
5316,5316,23144.37109375
5317,5317,6335.4658203125
5318,5318,29831.66015625
5319,5319,35207.08984375
5320,5320,6043.26220703125
5321,5321,11259.126953125
5322,5322,7178.7294921875
5323,5323,8016.3056640625
5324,5324,2259913.25
5325,5325,7538.73193359375
5326,5326,14597.2001953125
5327,5327,4213.916015625
5328,5328,10472.3974609375
5329,5329,46465.98046875
5330,5330,18081.4609375
5331,5331,1685346.75
5332,5332,16898.529296875
5333,5333,11636.5146484375
5334,5334,6362.560546875
5335,5335,47016.3515625
5336,5336,8365.1796875
5337,5337,10028.4814453125
5338,5338,8464.12890625
5339,5339,15085.369140625
5340,5340,8174.12060546875
5341,5341,9902.533203125
5342,5342,49826.1796875
5343,5343,10423.583984375
5344,5344,9709.2841796875
5345,5345,7428.46630859375
5346,5346,4648.71044921875
5347,5347,37911.6796875
5348,5348,2340528.75
5349,5349,69793.5234375
5350,5350,41958.51171875
5351,5351,7186.80859375
5352,5352,6274.3212890625
5353,5353,41036.87109375
5354,5354,7070.0244140625
5355,5355,37006.67578125
5356,5356,12363.8681640625
5357,5357,8169.091796875
5358,5358,6028.125
5359,5359,5151.41064453125
5360,5360,7280.95947265625
5361,5361,26234.423828125
5362,5362,6815.27392578125
5363,5363,20879.021484375
5364,5364,5633.3017578125
5365,5365,39946.765625
5366,5366,24020.4921875
5367,5367,7767.66845703125
5368,5368,9677.1474609375
5369,5369,13932.345703125
5370,5370,6393.72119140625
5371,5371,151084.21875
5372,5372,12269.486328125
5373,5373,7554.9765625
5374,5374,232832.34375
5375,5375,15590.6279296875
5376,5376,9517.9716796875
5377,5377,6029.86767578125
5378,5378,10327.8486328125
5379,5379,10988.0771484375
5380,5380,37726.76953125
5381,5381,25227.6640625
5382,5382,7274.51708984375
5383,5383,6297.50390625
5384,5384,1742836.5
5385,5385,11778.8349609375
5386,5386,8478.234375
5387,5387,8956.01171875
5388,5388,7920.99951171875
5389,5389,42499.78125
5390,5390,25148.400390625
5391,5391,7051.62744140625
5392,5392,5892243.5
5393,5393,2211749.5
5394,5394,7589.95751953125
5395,5395,20989.912109375
5396,5396,6171.97900390625
5397,5397,41863.4296875
5398,5398,13888.87109375
5399,5399,10871.4609375
5400,5400,7108.9208984375
5401,5401,169914.3125
5402,5402,11858.1611328125
5403,5403,226098.296875
5404,5404,9970.2216796875
5405,5405,19041.025390625
5406,5406,9564.2763671875
5407,5407,7393.91552734375
5408,5408,31156.98046875
5409,5409,7848.1015625
5410,5410,58221.96875
5411,5411,9517.9375
5412,5412,5766.8564453125
5413,5413,4462.55859375
5414,5414,8313145.0
5415,5415,10155.1962890625
5416,5416,50671.05078125
5417,5417,3595.092041015625
5418,5418,133246.0625
5419,5419,8224.169921875
5420,5420,6253.6328125
5421,5421,12195.623046875
5422,5422,8714.3857421875
5423,5423,51057.26953125
5424,5424,4857.81591796875
5425,5425,5778.5986328125
5426,5426,32892.80078125
5427,5427,67118.2734375
5428,5428,7928.1826171875
5429,5429,9344.1259765625
5430,5430,92950.1953125
5431,5431,105755.953125
5432,5432,4006.63671875
5433,5433,6687.47216796875
5434,5434,6998.3134765625
5435,5435,3603.503173828125
5436,5436,46851.2578125
5437,5437,8641.328125
5438,5438,4241.27490234375
5439,5439,8568.5986328125
5440,5440,10688.021484375
5441,5441,7135.986328125
5442,5442,7593.77001953125
5443,5443,56608.69140625
5444,5444,27503.28125
5445,5445,6363.5361328125
5446,5446,29495.115234375
5447,5447,110511.0234375
5448,5448,43903.859375
5449,5449,39417.77734375
5450,5450,8695.1357421875
5451,5451,13746.052734375
5452,5452,27399.376953125
5453,5453,7520.00146484375
5454,5454,7484.232421875
5455,5455,5633.3427734375
5456,5456,5710.5107421875
5457,5457,6289.2724609375
5458,5458,124960.40625
5459,5459,70603.3515625
5460,5460,139178.09375
5461,5461,6603.87939453125
5462,5462,59063.71484375
5463,5463,9243.28515625
5464,5464,1284346.75
5465,5465,8907.0283203125
5466,5466,3837.55810546875
5467,5467,22563.392578125
5468,5468,4969.24462890625
5469,5469,3746.88671875
5470,5470,6843.2060546875
5471,5471,7612.30078125
5472,5472,13574.3349609375
5473,5473,8294.146484375
5474,5474,10086.0341796875
5475,5475,6677.04541015625
5476,5476,5838.7255859375
5477,5477,19661.845703125
5478,5478,16886.94921875
5479,5479,139752.09375
5480,5480,6683.65283203125
5481,5481,15791.076171875
5482,5482,6989.44140625
5483,5483,39651.09375
5484,5484,10001.5361328125
5485,5485,7820.03125
5486,5486,8453.107421875
5487,5487,14131.708984375
5488,5488,132943.625
5489,5489,5912.9287109375
5490,5490,144072.984375
5491,5491,23460.59375
5492,5492,8507.638671875
5493,5493,83828.0625
5494,5494,17915.90625
5495,5495,6916.5771484375
5496,5496,6366.3798828125
5497,5497,10560.400390625
5498,5498,6714.82421875
5499,5499,168319.109375
5500,5500,6066.06640625
5501,5501,8249.8212890625
5502,5502,38739.65625
5503,5503,19860.46875
5504,5504,13287.787109375
5505,5505,7675.01806640625
5506,5506,7776.08984375
5507,5507,7146.201171875
5508,5508,13527.4453125
5509,5509,147220.5
5510,5510,204654.96875
5511,5511,18887.38671875
5512,5512,4129831.75
5513,5513,50645.0859375
5514,5514,7056.96630859375
5515,5515,8066.76123046875
5516,5516,10428.546875
5517,5517,8743.1689453125
5518,5518,4686.22021484375
5519,5519,13667.8984375
5520,5520,51460.125
5521,5521,7592.34326171875
5522,5522,9620.28125
5523,5523,6402.9716796875
5524,5524,5215.2255859375
5525,5525,12875.884765625
5526,5526,3489194.5
5527,5527,11126.4326171875
5528,5528,5159.25732421875
5529,5529,7414.576171875
5530,5530,7994.65673828125
5531,5531,36550.95703125
5532,5532,5794.7216796875
5533,5533,5371.1337890625
5534,5534,5591.58740234375
5535,5535,6038.4541015625
5536,5536,5358.0556640625
5537,5537,9844.6806640625
5538,5538,13359.005859375
5539,5539,6133.53466796875
5540,5540,24047.0859375
5541,5541,9248.8515625
5542,5542,6078.51708984375
5543,5543,8142.71240234375
5544,5544,7358.771484375
5545,5545,87607.3125
5546,5546,5752.90966796875
5547,5547,5821.5419921875
5548,5548,24757.52734375
5549,5549,119457.3671875
5550,5550,15580.099609375
5551,5551,9829.6865234375
5552,5552,14204.29296875
5553,5553,5310.9375
5554,5554,27066.072265625
5555,5555,8052.68603515625
5556,5556,82358.953125
5557,5557,7592.16796875
5558,5558,8330.7607421875
5559,5559,20050.109375
5560,5560,5970.48486328125
5561,5561,7002.060546875
5562,5562,6700.015625
5563,5563,7980.20556640625
5564,5564,11281.8115234375
5565,5565,1965856.0
5566,5566,15339.306640625
5567,5567,30355.048828125
5568,5568,50248.484375
5569,5569,9564.0517578125
5570,5570,20038.353515625
5571,5571,6181.66162109375
5572,5572,8995.0283203125
5573,5573,7913.671875
5574,5574,7216.71533203125
5575,5575,201212.328125
5576,5576,5816.40771484375
5577,5577,4093.59130859375
5578,5578,53363.34375
5579,5579,25648.544921875
5580,5580,11304.23828125
5581,5581,6836.18017578125
5582,5582,16872.583984375
5583,5583,8271.2705078125
5584,5584,11332.9990234375
5585,5585,3383.0673828125
5586,5586,8108.99365234375
5587,5587,9960.8291015625
5588,5588,10261.8486328125
5589,5589,9105.4580078125
5590,5590,6580.001953125
5591,5591,16911.650390625
5592,5592,18181.31640625
5593,5593,28705.4765625
5594,5594,34041.55078125
5595,5595,6427.3701171875
5596,5596,9222.333984375
5597,5597,7228.92041015625
5598,5598,8997.3046875
5599,5599,11709.2060546875
5600,5600,5548.1591796875
5601,5601,8454.0087890625
5602,5602,7046.06201171875
5603,5603,4244.73388671875
5604,5604,10487.8330078125
5605,5605,24194.7265625
5606,5606,74096.203125
5607,5607,44499.66015625
5608,5608,68616.8671875
5609,5609,5650.33251953125
5610,5610,140606.703125
5611,5611,6547.9130859375
5612,5612,9618.5087890625
5613,5613,4859.583984375
5614,5614,4707.4921875
5615,5615,15071.8779296875
5616,5616,9121.6806640625
5617,5617,10276.7919921875
5618,5618,19481.125
5619,5619,3485.93603515625
5620,5620,6735.630859375
5621,5621,109673.3359375
5622,5622,9468.9326171875
5623,5623,7209.5654296875
5624,5624,5934.2392578125
5625,5625,6668.76220703125
5626,5626,5982.6435546875
5627,5627,10508.3837890625
5628,5628,6583.48583984375
5629,5629,9797.5771484375
5630,5630,9241.71484375
5631,5631,7349.02734375
5632,5632,14237.8974609375
5633,5633,7041.623046875
5634,5634,6873.453125
5635,5635,183674.09375
5636,5636,12833.4423828125
5637,5637,8521.0556640625
5638,5638,31145.349609375
5639,5639,13030.5947265625
5640,5640,6790.01318359375
5641,5641,32850.44921875
5642,5642,6677.16796875
5643,5643,8956.8427734375
5644,5644,65322.2890625
5645,5645,112358.8203125
5646,5646,10475.138671875
5647,5647,16961.287109375
5648,5648,6735.083984375
5649,5649,5062.73828125
5650,5650,4574.75341796875
5651,5651,14892.513671875
5652,5652,16787.916015625
5653,5653,4930.54833984375
5654,5654,4965.30029296875
5655,5655,8304.9462890625
5656,5656,7128.3837890625
5657,5657,14555.2001953125
5658,5658,16023.994140625
5659,5659,11378.96875
5660,5660,6751.76220703125
5661,5661,21257.3046875
5662,5662,5278.13671875
5663,5663,5112.88720703125
5664,5664,7820.11669921875
5665,5665,4723.28759765625
5666,5666,3806.893310546875
5667,5667,51686.203125
5668,5668,49737.421875
5669,5669,7923.28857421875
5670,5670,4210.80908203125
5671,5671,5238.36669921875
5672,5672,7081.21826171875
5673,5673,19099.408203125
5674,5674,7317.44482421875
5675,5675,8308.96875
5676,5676,9507.3544921875
5677,5677,38513.5234375
5678,5678,5453.7802734375
5679,5679,7289.10205078125
5680,5680,6001.8388671875
5681,5681,13134.4072265625
5682,5682,86626.84375
5683,5683,8950.2900390625
5684,5684,44674.16015625
5685,5685,6204.35107421875
5686,5686,6259.00390625
5687,5687,5412.60498046875
5688,5688,4913.8369140625
5689,5689,186102.90625
5690,5690,15124.83203125
5691,5691,5536.63037109375
5692,5692,7267.4775390625
5693,5693,15549.1953125
5694,5694,33422.640625
5695,5695,8362.1650390625
5696,5696,5367.5302734375
5697,5697,25352.89453125
5698,5698,6316.58056640625
5699,5699,29442.84375
5700,5700,5329.67431640625
5701,5701,13479.115234375
5702,5702,8122.07568359375
5703,5703,6280.595703125
5704,5704,6588.3681640625
5705,5705,6825.61279296875
5706,5706,14654.4248046875
5707,5707,9045.369140625
5708,5708,7762.97705078125
5709,5709,5422559.5
5710,5710,4901.55908203125
5711,5711,69395.1875
5712,5712,20433.30078125
5713,5713,10618.755859375
5714,5714,12603.2568359375
5715,5715,7159.7255859375
5716,5716,7036.68115234375
5717,5717,9396.8173828125
5718,5718,5831.0908203125
5719,5719,11649.8369140625
5720,5720,7943.7109375
5721,5721,9865.2431640625
5722,5722,83482.65625
5723,5723,6289.8349609375
5724,5724,5209.30078125
5725,5725,6454.23095703125
5726,5726,6850.16796875
5727,5727,60952.25390625
5728,5728,194534.96875
5729,5729,9979.58984375
5730,5730,4694.27294921875
5731,5731,7472.54150390625
5732,5732,8445.6279296875
5733,5733,8292.4306640625
5734,5734,9485.1201171875
5735,5735,6310.10693359375
5736,5736,9035.77734375
5737,5737,5474.771484375
5738,5738,7852.94921875
5739,5739,11743.853515625
5740,5740,10658.9814453125
5741,5741,14317.2255859375
5742,5742,8492.0166015625
5743,5743,8084.45947265625
5744,5744,5438.8427734375
5745,5745,11636.330078125
5746,5746,28523.564453125
5747,5747,3044888.25
5748,5748,15180.6455078125
5749,5749,42611.4921875
5750,5750,6515.93310546875
5751,5751,8507.203125
5752,5752,35791.203125
5753,5753,3274433.0
5754,5754,8358.615234375
5755,5755,3992.6962890625
5756,5756,34457.99609375
5757,5757,25716.232421875
5758,5758,30063.259765625
5759,5759,10480.0068359375
5760,5760,55026.37890625
5761,5761,17907.009765625
5762,5762,10626.390625
5763,5763,4669.47412109375
5764,5764,5917.88720703125
5765,5765,11098.482421875
5766,5766,9161.7353515625
5767,5767,40789.6328125
5768,5768,8045.76416015625
5769,5769,29373.849609375
5770,5770,25995.171875
5771,5771,20615.134765625
5772,5772,14217.1416015625
5773,5773,198784.65625
5774,5774,21315.666015625
5775,5775,6542.09765625
5776,5776,9243.2421875
5777,5777,4791.63720703125
5778,5778,12656.21484375
5779,5779,7503.6259765625
5780,5780,19351.015625
5781,5781,33189.57421875
5782,5782,12452.763671875
5783,5783,18490.84765625
5784,5784,12624.2216796875
5785,5785,11127.5107421875
5786,5786,7219.72216796875
5787,5787,7805.72509765625
5788,5788,5385.2412109375
5789,5789,9480.6630859375
5790,5790,3448.231201171875
5791,5791,44836.94921875
5792,5792,6328.181640625
5793,5793,27689.9765625
5794,5794,12750.7021484375
5795,5795,4705.4462890625
5796,5796,6117.8984375
5797,5797,9188.361328125
5798,5798,19178.095703125
5799,5799,9804.47265625
5800,5800,8955.5
5801,5801,11828.3486328125
5802,5802,9583.474609375
5803,5803,9829.126953125
5804,5804,4827.91064453125
5805,5805,107196.2578125
5806,5806,14268.546875
5807,5807,6076.85205078125
5808,5808,7702.21630859375
5809,5809,16744.39453125
5810,5810,5721.75
5811,5811,41741.49609375
5812,5812,4452.48583984375
5813,5813,15348.7568359375
5814,5814,8149.68603515625
5815,5815,23724.923828125
5816,5816,6117.71240234375
5817,5817,8726.8232421875
5818,5818,8451.9052734375
5819,5819,16067.7568359375
5820,5820,6424.8056640625
5821,5821,4594.1083984375
5822,5822,7640.591796875
5823,5823,4236.2998046875
5824,5824,27381.0625
5825,5825,5559.62158203125
5826,5826,69410.1953125
5827,5827,30382.537109375
5828,5828,4332.29833984375
5829,5829,5904.767578125
5830,5830,12158.4501953125
5831,5831,54980.6484375
5832,5832,30889.56640625
5833,5833,10038.228515625
5834,5834,9579.57421875
5835,5835,11025.1904296875
5836,5836,9278.369140625
5837,5837,15798.060546875
5838,5838,16014.64453125
5839,5839,8223.6806640625
5840,5840,78662.5625
5841,5841,121490.3828125
5842,5842,307888.84375
5843,5843,2619.493896484375
5844,5844,5541.61279296875
5845,5845,6451.64111328125
5846,5846,63173.359375
5847,5847,9371.34375
5848,5848,22306.6015625
5849,5849,9584.1640625
5850,5850,26020.619140625
5851,5851,43650.640625
5852,5852,66720.53125
5853,5853,4567.36767578125
5854,5854,6721.751953125
5855,5855,8706.12890625
5856,5856,7090.08251953125
5857,5857,35928.23828125
5858,5858,10129.6953125
5859,5859,7630.50830078125
5860,5860,19049.31640625
5861,5861,5438.052734375
5862,5862,8065.58447265625
5863,5863,8569.0791015625
5864,5864,4931.4072265625
5865,5865,28043.720703125
5866,5866,12981.4951171875
5867,5867,12579.2353515625
5868,5868,48814.31640625
5869,5869,12243.00390625
5870,5870,11609.1298828125
5871,5871,17985.84375
5872,5872,9990.931640625
5873,5873,5220.12255859375
5874,5874,16673.658203125
5875,5875,15555.66796875
5876,5876,17117.736328125
5877,5877,9853.6826171875
5878,5878,21340.505859375
5879,5879,13883.291015625
5880,5880,7393.23974609375
5881,5881,4902.86865234375
5882,5882,165330.125
5883,5883,29172.7734375
5884,5884,9544.5908203125
5885,5885,46528.796875
5886,5886,55121.4609375
5887,5887,30625.01953125
5888,5888,6933.40966796875
5889,5889,12140.8251953125
5890,5890,94866.25
5891,5891,81231.9921875
5892,5892,56636.02734375
5893,5893,38491.91015625
5894,5894,7770.205078125
5895,5895,19949.359375
5896,5896,4715.65234375
5897,5897,7513.3662109375
5898,5898,18648.85546875
5899,5899,10739.734375
5900,5900,14028.154296875
5901,5901,8331.931640625
5902,5902,36320.08203125
5903,5903,0.0
5904,5904,13087.9541015625
5905,5905,8406.7373046875
5906,5906,5048.6142578125
5907,5907,5927.77734375
5908,5908,195398.65625
5909,5909,23969.208984375
5910,5910,10598.4775390625
5911,5911,5984.0068359375
5912,5912,19851.90234375
5913,5913,7083.31591796875
5914,5914,8495.5009765625
5915,5915,13459.783203125
5916,5916,20309.349609375
5917,5917,8457.734375
5918,5918,7542.01171875
5919,5919,13560.33984375
5920,5920,8521.111328125
5921,5921,7832.14208984375
5922,5922,28536.67578125
5923,5923,67499.5234375
5924,5924,52933.671875
5925,5925,7520.775390625
5926,5926,14311.0478515625
5927,5927,24350.73046875
5928,5928,115662.3203125
5929,5929,12506.0166015625
5930,5930,10001.3193359375
5931,5931,48110.39453125
5932,5932,4648.45068359375
5933,5933,7311.443359375
5934,5934,49744.02734375
5935,5935,8791.59375
5936,5936,7648.11865234375
5937,5937,33067.1171875
5938,5938,12566.375
5939,5939,11158.6611328125
5940,5940,3539.98486328125
5941,5941,36433.625
5942,5942,6406.16162109375
5943,5943,7155.12255859375
5944,5944,7800.4501953125
5945,5945,129283.6640625
5946,5946,7599.96923828125
5947,5947,34772.453125
5948,5948,57133.8515625
5949,5949,14223.111328125
5950,5950,7266.10986328125
5951,5951,10961.2802734375
5952,5952,5777.4052734375
5953,5953,5491.70947265625
5954,5954,12873.875
5955,5955,5733.126953125
5956,5956,6106.9755859375
5957,5957,25219.83203125
5958,5958,11431.158203125
5959,5959,9943.8447265625
5960,5960,5830.24072265625
5961,5961,12998.8662109375
5962,5962,107816.984375
5963,5963,144956.375
5964,5964,5047.32470703125
5965,5965,13062.85546875
5966,5966,67647.203125
5967,5967,19045.3828125
5968,5968,10142.3828125
5969,5969,9109.412109375
5970,5970,8479.35546875
5971,5971,6691.0830078125
5972,5972,72261.4609375
5973,5973,214965.828125
5974,5974,46303.62890625
5975,5975,5658.3134765625
5976,5976,9000.06640625
5977,5977,6798.28662109375
5978,5978,9295.998046875
5979,5979,14779.876953125
5980,5980,10094.5693359375
5981,5981,7523.07470703125
5982,5982,7398.29248046875
5983,5983,57860.52734375
5984,5984,5761.09326171875
5985,5985,11335.923828125
5986,5986,6385.5615234375
5987,5987,37721.05078125
5988,5988,12101.7421875
5989,5989,181699.46875
5990,5990,4278.5029296875
5991,5991,54136.4140625
5992,5992,8705.6396484375
5993,5993,11874.6689453125
5994,5994,10876.36328125
5995,5995,4881.14990234375
5996,5996,5048.7265625
5997,5997,18544.55078125
5998,5998,13223.822265625
5999,5999,7726.1943359375
6000,6000,12857.0361328125
6001,6001,9120.1728515625
6002,6002,15453.5400390625
6003,6003,7744.43994140625
6004,6004,16456.384765625
6005,6005,6001.9091796875
6006,6006,17514.81640625
6007,6007,6348.1044921875
6008,6008,19631.57421875
6009,6009,77854.4296875
6010,6010,6893.94287109375
6011,6011,58862.88671875
6012,6012,6803.84228515625
6013,6013,7911.9697265625
6014,6014,18581.94921875
6015,6015,9310.248046875
6016,6016,6212.8916015625
6017,6017,59301.57421875
6018,6018,8354.076171875
6019,6019,10337.599609375
6020,6020,7220.43017578125
6021,6021,7052.71923828125
6022,6022,6026.576171875
6023,6023,8765.9521484375
6024,6024,7212.123046875
6025,6025,7798.04931640625
6026,6026,5795.2548828125
6027,6027,10077.9130859375
6028,6028,11819.53515625
6029,6029,6340.01123046875
6030,6030,8628.4716796875
6031,6031,4710.7802734375
6032,6032,6011.80810546875
6033,6033,5543.873046875
6034,6034,7032.69580078125
6035,6035,7782.1259765625
6036,6036,7159.43896484375
6037,6037,10347.568359375
6038,6038,13354.4267578125
6039,6039,6116.93359375
6040,6040,8536.3212890625
6041,6041,8552.4716796875
6042,6042,10719.4501953125
6043,6043,7255.76513671875
6044,6044,9227.3427734375
6045,6045,9128.43359375
6046,6046,9031.1806640625
6047,6047,6865.62158203125
6048,6048,8819.712890625
6049,6049,10449.310546875
6050,6050,7351.04541015625
6051,6051,27325.583984375
6052,6052,75281.1875
6053,6053,9240.49609375
6054,6054,8191.07177734375
6055,6055,6611.544921875
6056,6056,7533.01953125
6057,6057,4267.66845703125
6058,6058,5601.48876953125
6059,6059,5596.1982421875
6060,6060,6924.44580078125
6061,6061,7184.96875
6062,6062,4873.6748046875
6063,6063,7617.93310546875
6064,6064,83157.890625
6065,6065,16011.0693359375
6066,6066,36339.96484375
6067,6067,14337.607421875
6068,6068,23326.755859375
6069,6069,5606.0771484375
6070,6070,6622.09716796875
6071,6071,6551.00732421875
6072,6072,4782.625
6073,6073,5645.46435546875
6074,6074,53201.98828125
6075,6075,10139.80078125
6076,6076,4714.072265625
6077,6077,19937.751953125
6078,6078,55180.6015625
6079,6079,7207.43310546875
6080,6080,53840.3828125
6081,6081,18713.9609375
6082,6082,12434.8984375
6083,6083,4946.92138671875
6084,6084,8152.45849609375
6085,6085,5216.5615234375
6086,6086,6917.04736328125
6087,6087,9161.2548828125
6088,6088,7235.45458984375
6089,6089,7380.2548828125
6090,6090,9363.6552734375
6091,6091,10144.80078125
6092,6092,6646.73388671875
6093,6093,7979.17529296875
6094,6094,11882.4521484375
6095,6095,4595.86181640625
6096,6096,9779607.0
6097,6097,6591.79345703125
6098,6098,7615.33544921875
6099,6099,8258.8212890625
6100,6100,5379.060546875
6101,6101,8861.939453125
6102,6102,6806.99169921875
6103,6103,7767.998046875
6104,6104,37360.2734375
6105,6105,8119.03759765625
6106,6106,17568.76953125
6107,6107,8066.89892578125
6108,6108,10446.37890625
6109,6109,7049.8271484375
6110,6110,6499.0068359375
6111,6111,6370.68408203125
6112,6112,13762.5986328125
6113,6113,6155.09912109375
6114,6114,14849.3046875
6115,6115,16483.625
6116,6116,22612.193359375
6117,6117,5344.8076171875
6118,6118,6836.65087890625
6119,6119,24385.83203125
6120,6120,10222.703125
6121,6121,6186.22998046875
6122,6122,5984.6962890625
6123,6123,2007372.5
6124,6124,9315.5205078125
6125,6125,12926.14453125
6126,6126,5166.04638671875
6127,6127,6147.9833984375
6128,6128,7556.2724609375
6129,6129,6198.3232421875
6130,6130,11707.5517578125
6131,6131,11580.7998046875
6132,6132,10577.29296875
6133,6133,32598.064453125
6134,6134,5615.529296875
6135,6135,47733.83984375
6136,6136,5512.34228515625
6137,6137,6859.1767578125
6138,6138,10384.46484375
6139,6139,5754.58056640625
6140,6140,6490.06640625
6141,6141,114226.0
6142,6142,9961.78515625
6143,6143,18905.55859375
6144,6144,172083.921875
6145,6145,5722.43701171875
6146,6146,5197.41064453125
6147,6147,158565.328125
6148,6148,45211.2265625
6149,6149,13531.1787109375
6150,6150,24760.076171875
6151,6151,5349.923828125
6152,6152,9502.0439453125
6153,6153,6298.63818359375
6154,6154,45404.15234375
6155,6155,4635.56787109375
6156,6156,8201.787109375
6157,6157,18209.48046875
6158,6158,7654.16015625
6159,6159,3869.50537109375
6160,6160,25993.767578125
6161,6161,8354.46875
6162,6162,7458.9306640625
6163,6163,4664.18310546875
6164,6164,3623.576904296875
6165,6165,8148.74365234375
6166,6166,12820.7197265625
6167,6167,15481.6826171875
6168,6168,4597.26220703125
6169,6169,7978.83056640625
6170,6170,13926.90625
6171,6171,33609.42578125
6172,6172,19147.625
6173,6173,5652.33984375
6174,6174,7731.22021484375
6175,6175,6503.439453125
6176,6176,7121.03662109375
6177,6177,25293.43359375
6178,6178,111124.640625
6179,6179,6174.39404296875
6180,6180,6552.0654296875
6181,6181,6846.376953125
6182,6182,17692.9140625
6183,6183,5441.33984375
6184,6184,15308.931640625
6185,6185,9928.7724609375
6186,6186,4730718.5
6187,6187,123713.2109375
6188,6188,23556.302734375
6189,6189,9985.7353515625
6190,6190,8051.94384765625
6191,6191,6498.48046875
6192,6192,4937.7109375
6193,6193,4116.1748046875
6194,6194,6399.89208984375
6195,6195,24435.068359375
6196,6196,13711.388671875
6197,6197,5946.1171875
6198,6198,76478.96875
6199,6199,152566.953125
6200,6200,10812.2939453125
6201,6201,11910.123046875
6202,6202,12009.6279296875
6203,6203,12093.822265625
6204,6204,13905.73828125
6205,6205,7563.947265625
6206,6206,19537.59375
6207,6207,8344.384765625
6208,6208,8947.40234375
6209,6209,5242.34130859375
6210,6210,22316.03125
6211,6211,7588.19482421875
6212,6212,7072.85791015625
6213,6213,12551.9501953125
6214,6214,15083.234375
6215,6215,7557.79833984375
6216,6216,9699.240234375
6217,6217,8445.7705078125
6218,6218,4158953.0
6219,6219,14734.986328125
6220,6220,20586.873046875
6221,6221,6204.07275390625
6222,6222,45132.3515625
6223,6223,39143.984375
6224,6224,8346.03125
6225,6225,10188.7568359375
6226,6226,5204.24658203125
6227,6227,82338.2578125
6228,6228,24562.501953125
6229,6229,3829.10595703125
6230,6230,5018.47509765625
6231,6231,8081.2001953125
6232,6232,4228.458984375
6233,6233,20701.109375
6234,6234,6212.8310546875
6235,6235,7878.84814453125
6236,6236,4885.4423828125
6237,6237,5687.32275390625
6238,6238,5326.41162109375
6239,6239,14461.6181640625
6240,6240,6838.9794921875
6241,6241,5890.00537109375
6242,6242,119627.46875
6243,6243,3722.3388671875
6244,6244,10788.5224609375
6245,6245,56643.63671875
6246,6246,5473.21337890625
6247,6247,3870.33935546875
6248,6248,31295.60546875
6249,6249,35226.9296875
6250,6250,34723.91015625
6251,6251,7107.978515625
6252,6252,8322.001953125
6253,6253,6947.27587890625
6254,6254,128704.578125
6255,6255,414498.09375
6256,6256,14362.8134765625
6257,6257,12035.654296875
6258,6258,298617.09375
6259,6259,5022.14501953125
6260,6260,7245.89111328125
6261,6261,9007.396484375
6262,6262,4998.794921875
6263,6263,4296.10546875
6264,6264,6906.80029296875
6265,6265,47409.26171875
6266,6266,2518928.5
6267,6267,6613.8349609375
6268,6268,8088.7646484375
6269,6269,6206.55224609375
6270,6270,65850.1640625
6271,6271,7987.0576171875
6272,6272,10998.826171875
6273,6273,7945.1494140625
6274,6274,5392.2744140625
6275,6275,1797042.375
6276,6276,63371.14453125
6277,6277,1278495.5
6278,6278,28105.333984375
6279,6279,9388.1259765625
6280,6280,4999.76513671875
6281,6281,5970.68310546875
6282,6282,94242.375
6283,6283,6079.9609375
6284,6284,5145.361328125
6285,6285,41299.43359375
6286,6286,59626.02734375
6287,6287,17367.587890625
6288,6288,6645.1552734375
6289,6289,3292453.75
6290,6290,6318.02587890625
6291,6291,10211.1357421875
6292,6292,8650.9833984375
6293,6293,8781.375
6294,6294,10517.2724609375
6295,6295,5500.369140625
6296,6296,5295.91552734375
6297,6297,6655.203125
6298,6298,10127.9873046875
6299,6299,7799.43408203125
6300,6300,22662.390625
6301,6301,47514.08203125
6302,6302,84633.3984375
6303,6303,4936.615234375
6304,6304,275917.40625
6305,6305,25280.884765625
6306,6306,4432.31640625
6307,6307,6975.3037109375
6308,6308,25542.2578125
6309,6309,15101.802734375
6310,6310,90232.796875
6311,6311,5625.83984375
6312,6312,8918.416015625
6313,6313,4599.85546875
6314,6314,17254.056640625
6315,6315,5493.13037109375
6316,6316,56109.85546875
6317,6317,70061.1328125
6318,6318,9565.49609375
6319,6319,7163.7763671875
6320,6320,5930.03955078125
6321,6321,7881.55615234375
6322,6322,7301.3310546875
6323,6323,58214.37109375
6324,6324,21315.271484375
6325,6325,104534.96875
6326,6326,6501.244140625
6327,6327,7834.07421875
6328,6328,8735.7255859375
6329,6329,5937.91845703125
6330,6330,5223.0234375
6331,6331,8499.9189453125
6332,6332,5136.12255859375
6333,6333,72014.859375
6334,6334,59806.16015625
6335,6335,7016.20654296875
6336,6336,6789.88037109375
6337,6337,82611.28125
6338,6338,10446.36328125
6339,6339,5392.08935546875
6340,6340,12973.865234375
6341,6341,5820.54833984375
6342,6342,10664.4716796875
6343,6343,66224.6796875
6344,6344,6067.5849609375
6345,6345,4498.572265625
6346,6346,7143.5869140625
6347,6347,8117.85302734375
6348,6348,7877.83935546875
6349,6349,5688.06005859375
6350,6350,7475.373046875
6351,6351,53512.4296875
6352,6352,60887.5703125
6353,6353,4544.0576171875
6354,6354,6142.53515625
6355,6355,2451812.25
6356,6356,50362.41015625
6357,6357,8289.92578125
6358,6358,6220.30712890625
6359,6359,203797.921875
6360,6360,63649.96484375
6361,6361,27395.03515625
6362,6362,7331.53564453125
6363,6363,5291.0029296875
6364,6364,9751.60546875
6365,6365,9638.7783203125
6366,6366,5909.9326171875
6367,6367,8200.6123046875
6368,6368,16374.814453125
6369,6369,7102.4404296875
6370,6370,10993.703125
6371,6371,3642.514892578125
6372,6372,8441.0478515625
6373,6373,6759.7666015625
6374,6374,21692.89453125
6375,6375,4608.88330078125
6376,6376,7164.7265625
6377,6377,77220.3515625
6378,6378,5410.01025390625
6379,6379,41999.4296875
6380,6380,9826.9091796875
6381,6381,7675.10693359375
6382,6382,7399.09814453125
6383,6383,174584.625
6384,6384,7712.2890625
6385,6385,23486.5
6386,6386,6361.68896484375
6387,6387,18289.69921875
6388,6388,6593.73388671875
6389,6389,13146.7421875
6390,6390,23392.185546875
6391,6391,17087.203125
6392,6392,62328.93359375
6393,6393,76171.984375
6394,6394,10073.302734375
6395,6395,34713.94921875
6396,6396,210503.375
6397,6397,323536.03125
6398,6398,12279.001953125
6399,6399,12821.61328125
6400,6400,48729.0859375
6401,6401,10966.6201171875
6402,6402,11293.583984375
6403,6403,115204.5234375
6404,6404,8244.2158203125
6405,6405,210531.953125
6406,6406,10332.62109375
6407,6407,7002.9951171875
6408,6408,157371.21875
6409,6409,81572.6796875
6410,6410,10279.91015625
6411,6411,23465.587890625
6412,6412,5958.35302734375
6413,6413,26387.125
6414,6414,56679.5390625
6415,6415,10406.6181640625
6416,6416,4717.79931640625
6417,6417,53879.64453125
6418,6418,11321.93359375
6419,6419,7725.8779296875
6420,6420,90987.9375
6421,6421,10528.7255859375
6422,6422,6651.26806640625
6423,6423,7566.0712890625
6424,6424,6624.4951171875
6425,6425,10343.236328125
6426,6426,6094.7578125
6427,6427,4784.232421875
6428,6428,10438.9287109375
6429,6429,15800.203125
6430,6430,129442.3046875
6431,6431,4666.7724609375
6432,6432,5430.8916015625
6433,6433,10016.25
6434,6434,62636.7890625
6435,6435,5996.35888671875
6436,6436,10215.17578125
6437,6437,9604.7841796875
6438,6438,13916.90234375
6439,6439,7933.73583984375
6440,6440,23661.0234375
6441,6441,4440.05810546875
6442,6442,9434.265625
6443,6443,5611.1259765625
6444,6444,10381.6806640625
6445,6445,6104.3857421875
6446,6446,4754.583984375
6447,6447,7259.13623046875
6448,6448,9696.3046875
6449,6449,25393.92578125
6450,6450,32821.87109375
6451,6451,7519.30908203125
6452,6452,11671.9716796875
6453,6453,7442.79736328125
6454,6454,66574.3203125
6455,6455,16822.732421875
6456,6456,53564.984375
6457,6457,52518.55078125
6458,6458,5512.26611328125
6459,6459,4178.3935546875
6460,6460,7490.15576171875
6461,6461,79034.53125
6462,6462,10120.3642578125
6463,6463,14777.8427734375
6464,6464,4216489.5
6465,6465,6070.126953125
6466,6466,9953.388671875
6467,6467,6494.267578125
6468,6468,6517.25244140625
6469,6469,29788.44921875
6470,6470,8737.64453125
6471,6471,7960.0986328125
6472,6472,8197.1689453125
6473,6473,6701.84033203125
6474,6474,4718.55859375
6475,6475,8784.478515625
6476,6476,7845.95166015625
6477,6477,16505.25390625
6478,6478,24650.283203125
6479,6479,11754.7587890625
6480,6480,12969.626953125
6481,6481,6461.5654296875
6482,6482,22377.59375
6483,6483,9988.732421875
6484,6484,17430.796875
6485,6485,7150.7294921875
6486,6486,9395.3583984375
6487,6487,9390.8720703125
6488,6488,10103.3037109375
6489,6489,4397.03759765625
6490,6490,9740.7548828125
6491,6491,17800.482421875
6492,6492,7657.62353515625
6493,6493,10859.9375
6494,6494,1821696.625
6495,6495,11091.0908203125
6496,6496,9658.607421875
6497,6497,21459.544921875
6498,6498,7608.82470703125
6499,6499,5648.6728515625
6500,6500,13688.82421875
6501,6501,6069.04296875
6502,6502,6256.681640625
6503,6503,20959.6953125
6504,6504,5318.93505859375
6505,6505,5988.86328125
6506,6506,128974.109375
6507,6507,3646.10107421875
6508,6508,5995.724609375
6509,6509,7028.07666015625
6510,6510,7552.5517578125
6511,6511,10626.0205078125
6512,6512,106312.7734375
6513,6513,21752.921875
6514,6514,7173.0244140625
6515,6515,9766.3017578125
6516,6516,6260.0478515625
6517,6517,6117.3154296875
6518,6518,4768.79541015625
6519,6519,7483.48388671875
6520,6520,6778.4677734375
6521,6521,25623.447265625
6522,6522,4487.431640625
6523,6523,9338.9189453125
6524,6524,7555.11865234375
6525,6525,9447.9306640625
6526,6526,13440.08984375
6527,6527,10529.564453125
6528,6528,128037.1328125
6529,6529,4677.70458984375
6530,6530,36446.85546875
6531,6531,15198.2802734375
6532,6532,7503.71044921875
6533,6533,6376.3642578125
6534,6534,25627.51171875
6535,6535,12177.2509765625
6536,6536,6202.31103515625
6537,6537,5738.412109375
6538,6538,105963.484375
6539,6539,6737.9384765625
6540,6540,5727.77099609375
6541,6541,15561.2919921875
6542,6542,4555.12744140625
6543,6543,9859.580078125
6544,6544,6299.0244140625
6545,6545,8967.7783203125
6546,6546,438211.21875
6547,6547,5448.642578125
6548,6548,5081.408203125
6549,6549,14013.091796875
6550,6550,73771.9453125
6551,6551,4906.05859375
6552,6552,6508.92138671875
6553,6553,9870.91015625
6554,6554,12107.2060546875
6555,6555,4989.33251953125
6556,6556,4711.15478515625
6557,6557,8155.40478515625
6558,6558,6548.8076171875
6559,6559,11295.1064453125
6560,6560,9186.2958984375
6561,6561,24686.2265625
6562,6562,6712.421875
6563,6563,7656.822265625
6564,6564,7539.5
6565,6565,6399.1357421875
6566,6566,4941.12255859375
6567,6567,5111.92822265625
6568,6568,12664.525390625
6569,6569,4584.0615234375
6570,6570,6699.751953125
6571,6571,8233.796875
6572,6572,12868.6591796875
6573,6573,5337.46630859375
6574,6574,4193.02783203125
6575,6575,107104.9296875
6576,6576,96716.3046875
6577,6577,14665.275390625
6578,6578,44186.265625
6579,6579,5003.537109375
6580,6580,6358.29052734375
6581,6581,9043.5126953125
6582,6582,989097.5
6583,6583,7027.2763671875
6584,6584,5785.53515625
6585,6585,6038.02783203125
6586,6586,4685.42041015625
6587,6587,10423.2861328125
6588,6588,42431.48828125
6589,6589,8297.7744140625
6590,6590,7046.35888671875
6591,6591,7595.7158203125
6592,6592,5792.208984375
6593,6593,14521.271484375
6594,6594,6249.6083984375
6595,6595,85460.421875
6596,6596,6777.181640625
6597,6597,6839.82421875
6598,6598,7769.951171875
6599,6599,7856.142578125
6600,6600,4924.43359375
6601,6601,22767.373046875
6602,6602,16978.623046875
6603,6603,170827.296875
6604,6604,47005.6171875
6605,6605,98997.5
6606,6606,6445.89501953125
6607,6607,7413.56640625
6608,6608,13281.994140625
6609,6609,11218.8740234375
6610,6610,2323.93408203125
6611,6611,130641.6953125
6612,6612,38943.05078125
6613,6613,15142.177734375
6614,6614,3087.719482421875
6615,6615,5652.9951171875
6616,6616,7055.43798828125
6617,6617,5118.4033203125
6618,6618,30353.0859375
6619,6619,14975.0302734375
6620,6620,55980.33203125
6621,6621,3444.467529296875
6622,6622,8699.380859375
6623,6623,55561.1015625
6624,6624,7363.5
6625,6625,14186.255859375
6626,6626,5775.47509765625
6627,6627,36742.328125
6628,6628,6442.978515625
6629,6629,8583.45703125
6630,6630,5915.18701171875
6631,6631,12783.23828125
6632,6632,6769.14306640625
6633,6633,4348.935546875
6634,6634,4514.60791015625
6635,6635,7558.357421875
6636,6636,9149.2587890625
6637,6637,6932.21044921875
6638,6638,7460.90771484375
6639,6639,10639.3740234375
6640,6640,27010.390625
6641,6641,144857.78125
6642,6642,7925.84619140625
6643,6643,11050.5537109375
6644,6644,0.0
6645,6645,6849.435546875
6646,6646,6222.97412109375
6647,6647,39251.2265625
6648,6648,20823.34765625
6649,6649,7614.544921875
6650,6650,8685.953125
6651,6651,7725.36279296875
6652,6652,15303.078125
6653,6653,10815.7666015625
6654,6654,6994.2705078125
6655,6655,8319.2705078125
6656,6656,5459.5703125
6657,6657,8118.0400390625
6658,6658,12111.8701171875
6659,6659,8932.966796875
6660,6660,18292.4375
6661,6661,7404.5234375
6662,6662,6257.1171875
6663,6663,203736.890625
6664,6664,4838.78271484375
6665,6665,46386.12890625
6666,6666,7201.69580078125
6667,6667,44219.80859375
6668,6668,5730.78857421875
6669,6669,6116.40966796875
6670,6670,4944.55419921875
6671,6671,18192.08203125
6672,6672,3253.023681640625
6673,6673,7547.26904296875
6674,6674,5731.46337890625
6675,6675,26544.73828125
6676,6676,8209.4091796875
6677,6677,32945.6640625
6678,6678,4720.4326171875
6679,6679,12815.169921875
6680,6680,9547.916015625
6681,6681,5396.43505859375
6682,6682,9133.888671875
6683,6683,7716.71923828125
6684,6684,58158.01171875
6685,6685,8589.736328125
6686,6686,7712.10205078125
6687,6687,7051.8896484375
6688,6688,11617.787109375
6689,6689,4006.328857421875
6690,6690,8099.3583984375
6691,6691,13354.3115234375
6692,6692,6119.45361328125
6693,6693,54175.71875
6694,6694,6052.38525390625
6695,6695,6747.0244140625
6696,6696,9126.4658203125
6697,6697,5938.236328125
6698,6698,240267.609375
6699,6699,5527.42822265625
6700,6700,8336.12890625
6701,6701,5357.134765625
6702,6702,9187.4443359375
6703,6703,31386.75390625
6704,6704,11839.322265625
6705,6705,12710.8046875
6706,6706,3852.49951171875
6707,6707,4983.345703125
6708,6708,8363.833984375
6709,6709,17960.78515625
6710,6710,6453.50634765625
6711,6711,8041.94775390625
6712,6712,6454.82373046875
6713,6713,6920.25634765625
6714,6714,6900.60791015625
6715,6715,6229.349609375
6716,6716,10939.3759765625
6717,6717,182501.34375
6718,6718,6774.81640625
6719,6719,5542.78369140625
6720,6720,7413.84326171875
6721,6721,6148.771484375
6722,6722,9731.5732421875
6723,6723,7024.84326171875
6724,6724,6495.40283203125
6725,6725,5645.919921875
6726,6726,17345.322265625
6727,6727,11166.7353515625
6728,6728,253585.265625
6729,6729,10512.841796875
6730,6730,11936.7197265625
6731,6731,6512.91845703125
6732,6732,65788.7890625
6733,6733,5284.78857421875
6734,6734,8410.1943359375
6735,6735,6437.9951171875
6736,6736,17624.669921875
6737,6737,14704.580078125
6738,6738,10225.328125
6739,6739,6673.93603515625
6740,6740,6776.33984375
6741,6741,7606.9560546875
6742,6742,6079.50732421875
6743,6743,6235.900390625
6744,6744,6974.16796875
6745,6745,13361.943359375
6746,6746,7998.0244140625
6747,6747,26169.0
6748,6748,313801.8125
6749,6749,28871.126953125
6750,6750,24042.92578125
6751,6751,7661.93896484375
6752,6752,7476.83740234375
6753,6753,12064.638671875
6754,6754,6056.45166015625
6755,6755,7476.9638671875
6756,6756,8388.2607421875
6757,6757,35050.77734375
6758,6758,63616.078125
6759,6759,9004.4189453125
6760,6760,7230.3935546875
6761,6761,14205.255859375
6762,6762,8244.6025390625
6763,6763,10581.8955078125
6764,6764,10390.8359375
6765,6765,10518.0419921875
6766,6766,12849.6787109375
6767,6767,6309.6533203125
6768,6768,4959.48876953125
6769,6769,7646.40673828125
6770,6770,98872.921875
6771,6771,12172.0791015625
6772,6772,10232.86328125
6773,6773,7041.7138671875
6774,6774,7239.9736328125
6775,6775,4849.04052734375
6776,6776,6564.35302734375
6777,6777,15453.5234375
6778,6778,28365.396484375
6779,6779,4650.7314453125
6780,6780,8063.51953125
6781,6781,47937.30859375
6782,6782,8532.689453125
6783,6783,10878.45703125
6784,6784,5002.97265625
6785,6785,12955.0478515625
6786,6786,16320.92578125
6787,6787,5219.85791015625
6788,6788,4428.3642578125
6789,6789,6279.7021484375
6790,6790,3547.56201171875
6791,6791,11596.115234375
6792,6792,84931.0078125
6793,6793,7069.83740234375
6794,6794,7279344.0
6795,6795,8184.041015625
6796,6796,10489.828125
6797,6797,15145.12109375
6798,6798,7889.35107421875
6799,6799,6199.890625
6800,6800,4703439.5
6801,6801,7449.927734375
6802,6802,6277.912109375
6803,6803,47988.4453125
6804,6804,8519.064453125
6805,6805,7034.23779296875
6806,6806,9682.560546875
6807,6807,7348.2900390625
6808,6808,7097.69287109375
6809,6809,5550.16259765625
6810,6810,5003.19921875
6811,6811,4348.61279296875
6812,6812,6020.44921875
6813,6813,24464.15234375
6814,6814,17058.5
6815,6815,17645.310546875
6816,6816,21803.53515625
6817,6817,10392.5234375
6818,6818,47026.40625
6819,6819,10548472.0
6820,6820,21836.443359375
6821,6821,8472.1201171875
6822,6822,5255.80908203125
6823,6823,13063.3759765625
6824,6824,126742.1015625
6825,6825,1158.36083984375
6826,6826,21268.94140625
6827,6827,6107.02978515625
6828,6828,21244.568359375
6829,6829,5220.15625
6830,6830,6419.970703125
6831,6831,9773.9345703125
6832,6832,12073.83203125
6833,6833,17707.9140625
6834,6834,4805.10791015625
6835,6835,6662.75830078125
6836,6836,10206.310546875
6837,6837,35439.12890625
6838,6838,5260.98291015625
6839,6839,98805.921875
6840,6840,9721.71484375
6841,6841,3856.741455078125
6842,6842,8622.7978515625
6843,6843,6292.6025390625
6844,6844,8619.2138671875
6845,6845,8366.1025390625
6846,6846,11362.66796875
6847,6847,6447.08056640625
6848,6848,6349.95068359375
6849,6849,59212.87890625
6850,6850,4128.5029296875
6851,6851,9420.041015625
6852,6852,43987.79296875
6853,6853,10730.7705078125
6854,6854,13482.828125
6855,6855,7027.095703125
6856,6856,6311.0166015625
6857,6857,7315.0380859375
6858,6858,65888.890625
6859,6859,6795.666015625
6860,6860,10910.15234375
6861,6861,4021.072998046875
6862,6862,5964.64892578125
6863,6863,49741.46875
6864,6864,8613.2861328125
6865,6865,8435.14453125
6866,6866,10237.2021484375
6867,6867,8695.54296875
6868,6868,8643.662109375
6869,6869,7092.955078125
6870,6870,11391.2919921875
6871,6871,36974.26171875
6872,6872,3595.563720703125
6873,6873,7333.2236328125
6874,6874,45816.4296875
6875,6875,5266.00341796875
6876,6876,6453.32666015625
6877,6877,51450.734375
6878,6878,35318.4296875
6879,6879,111475.78125
6880,6880,19493.9921875
6881,6881,9003.2177734375
6882,6882,17398.400390625
6883,6883,16347.1044921875
6884,6884,8186.2578125
6885,6885,6691.6435546875
6886,6886,16435.388671875
6887,6887,7666.95068359375
6888,6888,46471.10546875
6889,6889,14551.21875
6890,6890,6614.36767578125
6891,6891,15666.0537109375
6892,6892,3964.839111328125
6893,6893,4033.727783203125
6894,6894,33977.0703125
6895,6895,5253.4541015625
6896,6896,9373.2666015625
6897,6897,9306.978515625
6898,6898,12173.88671875
6899,6899,13343.8642578125
6900,6900,4423.794921875
6901,6901,4490.28759765625
6902,6902,5933.64794921875
6903,6903,9851.6181640625
6904,6904,16120.0244140625
6905,6905,106549.046875
6906,6906,6329.2333984375
6907,6907,13634.74609375
6908,6908,8974.66015625
6909,6909,7723.08056640625
6910,6910,78312.1875
6911,6911,120587.6484375
6912,6912,11478.3291015625
6913,6913,84006.75
6914,6914,21686.783203125
6915,6915,23263.05859375
6916,6916,5617.1337890625
6917,6917,6389.66064453125
6918,6918,7112.53759765625
6919,6919,6943.392578125
6920,6920,9582.2197265625
6921,6921,4658.49365234375
6922,6922,16555.2734375
6923,6923,15151.705078125
6924,6924,5780.57568359375
6925,6925,7165.31884765625
6926,6926,6866.1611328125
6927,6927,30623.896484375
6928,6928,12616.3046875
6929,6929,3496.12060546875
6930,6930,10971.1376953125
6931,6931,10691.5478515625
6932,6932,7160.02001953125
6933,6933,6376.916015625
6934,6934,9990.0703125
6935,6935,32873.69140625
6936,6936,103990.140625
6937,6937,8513.9501953125
6938,6938,14795.568359375
6939,6939,21979.017578125
6940,6940,5801.2998046875
6941,6941,18846.916015625
6942,6942,10242.6162109375
6943,6943,32276.60546875
6944,6944,6810.5224609375
6945,6945,9248.4453125
6946,6946,18751.509765625
6947,6947,8172.4951171875
6948,6948,38299.8828125
6949,6949,34716.98828125
6950,6950,6672.353515625
6951,6951,7339.31201171875
6952,6952,48653.6328125
6953,6953,134646.96875
6954,6954,7185.99609375
6955,6955,13046.494140625
6956,6956,7172.70947265625
6957,6957,18115.58203125
6958,6958,6862.052734375
6959,6959,9978.62109375
6960,6960,24042.349609375
6961,6961,175439.40625
6962,6962,6155.8359375
6963,6963,14427.734375
6964,6964,8004.1650390625
6965,6965,5162.662109375
6966,6966,25584.60546875
6967,6967,9181.123046875
6968,6968,7669.5224609375
6969,6969,15076.966796875
6970,6970,5055.40673828125
6971,6971,51128.25390625
6972,6972,5340.958984375
6973,6973,10730.9970703125
6974,6974,48674.23828125
6975,6975,9262.4248046875
6976,6976,6659.86962890625
6977,6977,9656.443359375
6978,6978,7327.4423828125
6979,6979,9294.837890625
6980,6980,8164.46826171875
6981,6981,12312.982421875
6982,6982,99014.5625
6983,6983,57653.26953125
6984,6984,5716.37841796875
6985,6985,1501343.125
6986,6986,7075.8681640625
6987,6987,6726.0322265625
6988,6988,10641.3642578125
6989,6989,15160.466796875
6990,6990,10390.875
6991,6991,10106.5478515625
6992,6992,7976.3759765625
6993,6993,8546.2724609375
6994,6994,5508.79150390625
6995,6995,52230.6328125
6996,6996,8215.6455078125
6997,6997,6278.0849609375
6998,6998,212484.015625
6999,6999,17071.818359375
7000,7000,7520.06689453125
7001,7001,8733.5712890625
7002,7002,16877.642578125
7003,7003,11710.720703125
7004,7004,109772.015625
7005,7005,11529.970703125
7006,7006,92137.3046875
7007,7007,9804.0400390625
7008,7008,9501.091796875
7009,7009,11828.9267578125
7010,7010,7602.46923828125
7011,7011,63420.6796875
7012,7012,14523.9208984375
7013,7013,44518.49609375
7014,7014,7008.9736328125
7015,7015,10412.2314453125
7016,7016,177634.515625
7017,7017,5150.82177734375
7018,7018,6673.41015625
7019,7019,7163.55126953125
7020,7020,6831.92529296875
7021,7021,12570.1064453125
7022,7022,11207.9140625
7023,7023,7349.50341796875
7024,7024,7720.0244140625
7025,7025,13369.2353515625
7026,7026,7703.63818359375
7027,7027,7359.39599609375
7028,7028,10496.328125
7029,7029,11679.0400390625
7030,7030,10258.4384765625
7031,7031,5115.98291015625
7032,7032,8632.2216796875
7033,7033,5521.91162109375
7034,7034,11688.548828125
7035,7035,8503.0732421875
7036,7036,7369.326171875
7037,7037,7418.09033203125
7038,7038,53963.0
7039,7039,9424.7275390625
7040,7040,152304.203125
7041,7041,6345.9111328125
7042,7042,10633.15234375
7043,7043,5896.599609375
7044,7044,10135.3203125
7045,7045,15722.5869140625
7046,7046,41551.07421875
7047,7047,14274.0693359375
7048,7048,5977.41552734375
7049,7049,9371.44921875
7050,7050,10492.32421875
7051,7051,21266.28515625
7052,7052,37722.7578125
7053,7053,20084.447265625
7054,7054,41916.015625
7055,7055,61164.859375
7056,7056,8264.353515625
7057,7057,5718.681640625
7058,7058,2112927.25
7059,7059,6741.46337890625
7060,7060,7317.6357421875
7061,7061,8347.4443359375
7062,7062,18060.828125
7063,7063,28883.8125
7064,7064,9316.2314453125
7065,7065,8146.5693359375
7066,7066,8511.5263671875
7067,7067,7068.42431640625
7068,7068,6082.6416015625
7069,7069,5743.7080078125
7070,7070,5740056.0
7071,7071,11696.5615234375
7072,7072,4069.534912109375
7073,7073,225683.421875
7074,7074,5642.05615234375
7075,7075,87426.0
7076,7076,11446.2685546875
7077,7077,15096.8291015625
7078,7078,11385.490234375
7079,7079,1338682.0
7080,7080,7436.5966796875
7081,7081,8284.7041015625
7082,7082,5375.8115234375
7083,7083,19348.33984375
7084,7084,40169.765625
7085,7085,46865.7265625
7086,7086,28512.046875
7087,7087,57313.65234375
7088,7088,9442.9189453125
7089,7089,13311.2890625
7090,7090,5099.7724609375
7091,7091,4955.4228515625
7092,7092,6322.5654296875
7093,7093,8868.509765625
7094,7094,14447.0517578125
7095,7095,44657.8515625
7096,7096,11360.14453125
7097,7097,6493.30029296875
7098,7098,2027450.625
7099,7099,5540.2138671875
7100,7100,5263.71875
7101,7101,8440.1328125
7102,7102,5037.560546875
7103,7103,4910.30908203125
7104,7104,17203.60546875
7105,7105,6068.828125
7106,7106,12168.8076171875
7107,7107,12112.744140625
7108,7108,9777.0068359375
7109,7109,8005.1728515625
7110,7110,9308.1767578125
7111,7111,4353.20068359375
7112,7112,11189.861328125
7113,7113,8121.55859375
7114,7114,5189.03369140625
7115,7115,74073.0234375
7116,7116,5257.828125
7117,7117,10296.6015625
7118,7118,33019.453125
7119,7119,65749.6015625
7120,7120,164014.8125
7121,7121,203915.015625
7122,7122,11377.7412109375
7123,7123,132839.625
7124,7124,6714.52099609375
7125,7125,13422.7685546875
7126,7126,65508.89453125
7127,7127,17746.126953125
7128,7128,88076.8359375
7129,7129,15181.091796875
7130,7130,41707.7890625
7131,7131,4190293.0
7132,7132,5600.99072265625
7133,7133,15799.013671875
7134,7134,5221.08203125
7135,7135,3885.66796875
7136,7136,6305.48681640625
7137,7137,7819.26904296875
7138,7138,14236.6318359375
7139,7139,38277.83984375
7140,7140,8658.7021484375
7141,7141,44643.41796875
7142,7142,39118.63671875
7143,7143,10593.3349609375
7144,7144,5787.30712890625
7145,7145,5924.84375
7146,7146,9870.978515625
7147,7147,6486.82421875
7148,7148,26634.05859375
7149,7149,12858.83984375
7150,7150,7803.833984375
7151,7151,3001784.0
7152,7152,15611.298828125
7153,7153,9283.2666015625
7154,7154,8334.77734375
7155,7155,6272.93798828125
7156,7156,20098.548828125
7157,7157,6682.81298828125
7158,7158,32900.15234375
7159,7159,8637.5556640625
7160,7160,23080.826171875
7161,7161,8680.5341796875
7162,7162,12160.173828125
7163,7163,12362.1357421875
7164,7164,7430.73095703125
7165,7165,5057.94091796875
7166,7166,136662.59375
7167,7167,142535.875
7168,7168,9835.033203125
7169,7169,11612.8076171875
7170,7170,8620.017578125
7171,7171,9610.13671875
7172,7172,10647.8671875
7173,7173,7191.013671875
7174,7174,9220.78125
7175,7175,51586.421875
7176,7176,6836.11328125
7177,7177,24955.025390625
7178,7178,5060.7216796875
7179,7179,1338682.0
7180,7180,12722.20703125
7181,7181,13551.9228515625
7182,7182,25885.3046875
7183,7183,7372.15087890625
7184,7184,5721.87890625
7185,7185,7040.38818359375
7186,7186,9874.162109375
7187,7187,90442.53125
7188,7188,8557.2236328125
7189,7189,4823.31103515625
7190,7190,10590.8076171875
7191,7191,13551.373046875
7192,7192,23147.267578125
7193,7193,6010.80712890625
7194,7194,16366.6640625
7195,7195,10690.775390625
7196,7196,6201.3564453125
7197,7197,6735.810546875
7198,7198,8805.1748046875
7199,7199,8693.8662109375
7200,7200,4829.53173828125
7201,7201,66808.15625
7202,7202,5710.14990234375
7203,7203,7010.48779296875
7204,7204,16658.048828125
7205,7205,7215.4638671875
7206,7206,9464.50390625
7207,7207,1874193.125
7208,7208,101107.75
7209,7209,70126.4609375
7210,7210,5383.13134765625
7211,7211,64458.44140625
7212,7212,149648.875
7213,7213,11074.9052734375
7214,7214,66644.8203125
7215,7215,7882.4169921875
7216,7216,345493.53125
7217,7217,11436.9638671875
7218,7218,8051.4775390625
7219,7219,7010.95068359375
7220,7220,6300.63720703125
7221,7221,162685.796875
7222,7222,5802.41455078125
7223,7223,193370.828125
7224,7224,6384.55322265625
7225,7225,5626.53076171875
7226,7226,7418.37353515625
7227,7227,6193.38037109375
7228,7228,7418.5576171875
7229,7229,4659.720703125
7230,7230,8550.9189453125
7231,7231,4115.4287109375
7232,7232,5028.1337890625
7233,7233,135499.203125
7234,7234,10592.4853515625
7235,7235,11166.8505859375
7236,7236,23494.79296875
7237,7237,30643.302734375
7238,7238,21577.82421875
7239,7239,2856.215087890625
7240,7240,8642.13671875
7241,7241,51081.87890625
7242,7242,88864.6328125
7243,7243,13799.6201171875
7244,7244,15875.234375
7245,7245,19242.876953125
7246,7246,5865.27392578125
7247,7247,10953.91015625
7248,7248,11161.732421875
7249,7249,7060.8818359375
7250,7250,7083.5244140625
7251,7251,16094.296875
7252,7252,7037.25634765625
7253,7253,8653.8564453125
7254,7254,11621.177734375
7255,7255,7286.369140625
7256,7256,7293.7109375
7257,7257,6959.220703125
7258,7258,34977.59765625
7259,7259,21344.130859375
7260,7260,14299.818359375
7261,7261,7201.2841796875
7262,7262,4368.3740234375
7263,7263,6379.5546875
7264,7264,140103.65625
7265,7265,15167.345703125
7266,7266,5195.06103515625
7267,7267,7338.08544921875
7268,7268,8141.42822265625
7269,7269,5801.19482421875
7270,7270,7350.9794921875
7271,7271,7418.1748046875
7272,7272,4125.75146484375
7273,7273,115219.296875
7274,7274,105321.7578125
7275,7275,6580.40576171875
7276,7276,19545.03125
7277,7277,7099.048828125
7278,7278,6599.58154296875
7279,7279,12389.349609375
7280,7280,52986.65625
7281,7281,7685.34814453125
7282,7282,15283.37890625
7283,7283,10028.634765625
7284,7284,251427.5
7285,7285,199053.34375
7286,7286,8971.92578125
7287,7287,7202.17138671875
7288,7288,6907.3056640625
7289,7289,35077.66796875
7290,7290,63315.05078125
7291,7291,30540.291015625
7292,7292,6505.0458984375
7293,7293,18781.009765625
7294,7294,8347.58203125
7295,7295,6315.94189453125
7296,7296,13291.1162109375
7297,7297,4500.212890625
7298,7298,5061.4794921875
7299,7299,7678.1513671875
7300,7300,9463.0712890625
7301,7301,17711.98046875
7302,7302,6074.99853515625
7303,7303,3956.62109375
7304,7304,4521.4541015625
7305,7305,6004.88525390625
7306,7306,4877.70458984375
7307,7307,8262.0078125
7308,7308,9497.5029296875
7309,7309,25174.31640625
7310,7310,9454.943359375
7311,7311,5115.9345703125
7312,7312,5698.34033203125
7313,7313,7989.27734375
7314,7314,17191.0546875
7315,7315,7897.31884765625
7316,7316,10197.2685546875
7317,7317,7029.275390625
7318,7318,5149.64697265625
7319,7319,6016.31494140625
7320,7320,8345.9921875
7321,7321,176524.625
7322,7322,11532.107421875
7323,7323,3509.53369140625
7324,7324,13103.6806640625
7325,7325,12845.751953125
7326,7326,9708.826171875
7327,7327,7256.85498046875
7328,7328,20519.876953125
7329,7329,5768.14306640625
7330,7330,8602.3486328125
7331,7331,9546.677734375
7332,7332,97899.5703125
7333,7333,15786.4384765625
7334,7334,6585.43310546875
7335,7335,5455.20703125
7336,7336,9649.3046875
7337,7337,6738.77099609375
7338,7338,4925.23046875
7339,7339,6842.82177734375
7340,7340,162108.125
7341,7341,7242.447265625
7342,7342,56127.66015625
7343,7343,19767.556640625
7344,7344,63732.14453125
7345,7345,14755.7841796875
7346,7346,51738.12890625
7347,7347,5137223.5
7348,7348,6279.326171875
7349,7349,6696.07373046875
7350,7350,11984.3408203125
7351,7351,6338.4755859375
7352,7352,19954.904296875
7353,7353,39591.19921875
7354,7354,7918.31201171875
7355,7355,9169.80859375
7356,7356,6691.6904296875
7357,7357,8285.775390625
7358,7358,6662.83349609375
7359,7359,6638.96240234375
7360,7360,51463.9453125
7361,7361,9227.1298828125
7362,7362,9572.7021484375
7363,7363,10804.2177734375
7364,7364,9696.2314453125
7365,7365,73243.2578125
7366,7366,10697.869140625
7367,7367,19895.14453125
7368,7368,295151.75
7369,7369,5948.87890625
7370,7370,34100.4375
7371,7371,10262.064453125
7372,7372,5869.90283203125
7373,7373,7024.7919921875
7374,7374,81983.8359375
7375,7375,6051460.5
7376,7376,23866.71484375
7377,7377,10394.1845703125
7378,7378,10676.005859375
7379,7379,110462.6640625
7380,7380,50375.34375
7381,7381,6110.6708984375
7382,7382,8499.3271484375
7383,7383,6541.306640625
7384,7384,9142.2158203125
7385,7385,3022827.0
7386,7386,12278.5126953125
7387,7387,5792.72509765625
7388,7388,8571.3427734375
7389,7389,8931.58984375
7390,7390,5331.8779296875
7391,7391,6733.54296875
7392,7392,21535.80859375
7393,7393,7956.65185546875
7394,7394,8187.2080078125
7395,7395,9437.1318359375
7396,7396,11012.2978515625
7397,7397,8023.4462890625
7398,7398,4566.49609375
7399,7399,9057.681640625
7400,7400,24037.0234375
7401,7401,57737.71484375
7402,7402,8284.43359375
7403,7403,5245.28271484375
7404,7404,99426.390625
7405,7405,8630.203125
7406,7406,6682.2255859375
7407,7407,5504.56591796875
7408,7408,32368.88671875
7409,7409,2443311.25
7410,7410,13360.4384765625
7411,7411,8225.353515625
7412,7412,5010.89794921875
7413,7413,35980.1875
7414,7414,3345.806396484375
7415,7415,23800.494140625
7416,7416,85264.5546875
7417,7417,4595.14013671875
7418,7418,5344.595703125
7419,7419,191429.328125
7420,7420,3532.6533203125
7421,7421,6338.4755859375
7422,7422,10158.82421875
7423,7423,11824.8359375
7424,7424,6977.4140625
7425,7425,7565.05126953125
7426,7426,9041.322265625
7427,7427,5924.61669921875
7428,7428,30295.87890625
7429,7429,6238.81298828125
7430,7430,11125.0625
7431,7431,21201.63671875
7432,7432,9526.6005859375
7433,7433,47863.640625
7434,7434,9734.4521484375
7435,7435,6255.9169921875
7436,7436,42885.953125
7437,7437,103762.8125
7438,7438,15169.875
7439,7439,55220.2578125
7440,7440,107594.5546875
7441,7441,12440.28125
7442,7442,8449.99609375
7443,7443,5563.97998046875
7444,7444,18265.857421875
7445,7445,24616.123046875
7446,7446,25932.52734375
7447,7447,41672.7265625
7448,7448,5697.6953125
7449,7449,8971.3408203125
7450,7450,57049.0546875
7451,7451,30856.640625
7452,7452,5228.76123046875
7453,7453,16321.7607421875
7454,7454,7596.4951171875
7455,7455,9253.4033203125
7456,7456,135105.34375
7457,7457,36243.9609375
7458,7458,137001.078125
7459,7459,7624.10498046875
7460,7460,8859.8583984375
7461,7461,224998.078125
7462,7462,18577.560546875
7463,7463,16836.43359375
7464,7464,6726.71435546875
7465,7465,6452.96630859375
7466,7466,40446.15234375
7467,7467,8372.5537109375
7468,7468,8244.3671875
7469,7469,7917.21826171875
7470,7470,11364.5595703125
7471,7471,25278.03515625
7472,7472,7265.5966796875
7473,7473,11708.3798828125
7474,7474,7483.76953125
7475,7475,6818.71142578125
7476,7476,4299.87744140625
7477,7477,6460.74658203125
7478,7478,6058.22998046875
7479,7479,7086.0224609375
7480,7480,18292.4375
7481,7481,176643.734375
7482,7482,14501.916015625
7483,7483,7956.017578125
7484,7484,18870.640625
7485,7485,8452.15234375
7486,7486,6542.51611328125
7487,7487,184246.625
7488,7488,17447.18359375
7489,7489,9155.919921875
7490,7490,9934.4140625
7491,7491,4710.7216796875
7492,7492,10409.9482421875
7493,7493,13939.88671875
7494,7494,9459.0576171875
7495,7495,7149.90478515625
7496,7496,6929.103515625
7497,7497,8606.4345703125
7498,7498,25341.39453125
7499,7499,8505.619140625
7500,7500,8907.7890625
7501,7501,9057.1748046875
7502,7502,6177.70849609375
7503,7503,28917.69921875
7504,7504,5379.2685546875
7505,7505,7106.22314453125
7506,7506,36230.66796875
7507,7507,8296.0244140625
7508,7508,8347.0888671875
7509,7509,11184.96484375
7510,7510,5598.26708984375
7511,7511,7998.6142578125
7512,7512,6533.10302734375
7513,7513,12575.1064453125
7514,7514,140485.484375
7515,7515,10436.818359375
7516,7516,389111.5
7517,7517,4631.22021484375
7518,7518,18364.171875
7519,7519,206001.828125
7520,7520,8104.64794921875
7521,7521,5651.07666015625
7522,7522,4673.09130859375
7523,7523,2312268.25
7524,7524,5356.48974609375
7525,7525,11463.203125
7526,7526,6180.34033203125
7527,7527,17443.14453125
7528,7528,5706.07763671875
7529,7529,7190.107421875
7530,7530,22063.693359375
7531,7531,3441493.5
7532,7532,6529.02734375
7533,7533,11808.0244140625
7534,7534,12033.716796875
7535,7535,182046.234375
7536,7536,16339.1630859375
7537,7537,82790.5703125
7538,7538,16889.0859375
7539,7539,16852.1015625
7540,7540,7916.27099609375
7541,7541,18075.044921875
7542,7542,18560.591796875
7543,7543,6210.79052734375
7544,7544,7839.1396484375
7545,7545,2898893.25
7546,7546,7370.9775390625
7547,7547,72576.1953125
7548,7548,112105.03125
7549,7549,7466.30322265625
7550,7550,11946.1826171875
7551,7551,4970.9345703125
7552,7552,15156.7353515625
7553,7553,6495.611328125
7554,7554,27211.93359375
7555,7555,5330.41455078125
7556,7556,14066.7373046875
7557,7557,24676.384765625
7558,7558,182565.65625
7559,7559,11561.9658203125
7560,7560,9543.0419921875
7561,7561,4316.2529296875
7562,7562,12437.8828125
7563,7563,172821.296875
7564,7564,6571.9931640625
7565,7565,32559.361328125
7566,7566,4673.69091796875
7567,7567,7222.3017578125
7568,7568,14326.3701171875
7569,7569,7855.6005859375
7570,7570,7742.81494140625
7571,7571,8901.7607421875
7572,7572,13540.205078125
7573,7573,7614.7392578125
7574,7574,4600.40771484375
7575,7575,10087.33984375
7576,7576,6824.25
7577,7577,226911.234375
7578,7578,4470.359375
7579,7579,54645.3984375
7580,7580,4046.19873046875
7581,7581,18728.904296875
7582,7582,11675.2841796875
7583,7583,8045.423828125
7584,7584,25661.599609375
7585,7585,7635.9521484375
7586,7586,4698.47607421875
7587,7587,10129.74609375
7588,7588,7451.130859375
7589,7589,7566.05322265625
7590,7590,414736.5625
7591,7591,8833.58984375
7592,7592,4693.16748046875
7593,7593,6917.3466796875
7594,7594,7244.208984375
7595,7595,267546.5625
7596,7596,7856.84765625
7597,7597,7404.890625
7598,7598,481675.1875
7599,7599,6789.2939453125
7600,7600,6230.0390625
7601,7601,8169.45703125
7602,7602,38508.38671875
7603,7603,4150.1005859375
7604,7604,6838.6123046875
7605,7605,10443.453125
7606,7606,26494.318359375
7607,7607,12660.2421875
7608,7608,17872.8515625
7609,7609,11230.3203125
7610,7610,7793.5166015625
7611,7611,8553.130859375
7612,7612,4186.3623046875
7613,7613,14551.0732421875
7614,7614,5252.42822265625
7615,7615,12064.4921875
7616,7616,7109.86669921875
7617,7617,4627.396484375
7618,7618,6140.08447265625
7619,7619,13735.642578125
7620,7620,7523.97509765625
7621,7621,6745.71728515625
7622,7622,51771.21484375
7623,7623,19891.388671875
7624,7624,7966.56982421875
7625,7625,17404.263671875
7626,7626,16509.984375
7627,7627,13343.271484375
7628,7628,17286.990234375
7629,7629,52128.63671875
7630,7630,15113.0048828125
7631,7631,5039.42919921875
7632,7632,6645.35009765625
7633,7633,7103.7861328125
7634,7634,6265.7861328125
7635,7635,83433.671875
7636,7636,7858.22998046875
7637,7637,36501.35546875
7638,7638,8585.736328125
7639,7639,7660.111328125
7640,7640,7234.84912109375
7641,7641,1255074.75
7642,7642,65226.671875
7643,7643,8228.4599609375
7644,7644,16035.6884765625
7645,7645,29471.017578125
7646,7646,18129.763671875
7647,7647,6695.62451171875
7648,7648,42797.2421875
7649,7649,20293.35546875
7650,7650,8192.9541015625
7651,7651,26161.736328125
7652,7652,7034.4609375
7653,7653,10350.8125
7654,7654,7022.478515625
7655,7655,13764.2822265625
7656,7656,4955.375
7657,7657,9155.3173828125
7658,7658,12624.994140625
7659,7659,10088.1748046875
7660,7660,6735.57763671875
7661,7661,8636.73828125
7662,7662,11241.8701171875
7663,7663,11550.1962890625
7664,7664,4578.1455078125
7665,7665,14114.44140625
7666,7666,5087.02490234375
7667,7667,150402.703125
7668,7668,5310.14892578125
7669,7669,11813.7919921875
7670,7670,87554.6953125
7671,7671,5888.28662109375
7672,7672,11804.009765625
7673,7673,7359.77001953125
7674,7674,5103.326171875
7675,7675,139615.984375
7676,7676,5890.3583984375
7677,7677,6276.50634765625
7678,7678,8830.7763671875
7679,7679,11208.341796875
7680,7680,8042.9365234375
7681,7681,5468.31005859375
7682,7682,85086.703125
7683,7683,9932.8642578125
7684,7684,45993.10546875
7685,7685,10494.7412109375
7686,7686,8487.3603515625
7687,7687,6538.20263671875
7688,7688,5428.11767578125
7689,7689,7428.37548828125
7690,7690,15229.0693359375
7691,7691,8933.4208984375
7692,7692,8945.029296875
7693,7693,11826.3759765625
7694,7694,27281.486328125
7695,7695,6087.94677734375
7696,7696,5521.3349609375
7697,7697,5623.18408203125
7698,7698,4185.45166015625
7699,7699,7441.3876953125
7700,7700,6856.45947265625
7701,7701,29746.38671875
7702,7702,12854.92578125
7703,7703,70017.953125
7704,7704,10118.8203125
7705,7705,5428.169921875
7706,7706,5599.15380859375
7707,7707,5246.50537109375
7708,7708,9599.16796875
7709,7709,11392.76953125
7710,7710,7339.47998046875
7711,7711,8836.9658203125
7712,7712,10473.2900390625
7713,7713,7476.6533203125
7714,7714,11286.916015625
7715,7715,7705.3251953125
7716,7716,14552.0302734375
7717,7717,43597.71875
7718,7718,9795.24609375
7719,7719,34454.8203125
7720,7720,16093.4189453125
7721,7721,47302.59765625
7722,7722,23743.736328125
7723,7723,10337.0869140625
7724,7724,2339580.25
7725,7725,7828.29931640625
7726,7726,7316.1064453125
7727,7727,8358.59765625
7728,7728,7611.33837890625
7729,7729,7940.9873046875
7730,7730,7844.7060546875
7731,7731,13116.46875
7732,7732,10131.40625
7733,7733,1991.7100830078125
7734,7734,6809.40966796875
7735,7735,22180.57421875
7736,7736,7686.96044921875
7737,7737,19409.88671875
7738,7738,49379.26171875
7739,7739,23851.6796875
7740,7740,10274.251953125
7741,7741,12994.4443359375
7742,7742,10180.1494140625
7743,7743,15520.953125
7744,7744,10721.3359375
7745,7745,46426.24609375
7746,7746,11560.373046875
7747,7747,7351.56982421875
7748,7748,10307.625
7749,7749,9047.3271484375
7750,7750,12053.6591796875
7751,7751,8786.7041015625
7752,7752,15339.873046875
7753,7753,17597.189453125
7754,7754,19086.162109375
7755,7755,16495.109375
7756,7756,10136.9833984375
7757,7757,7692.013671875
7758,7758,122525.7734375
7759,7759,146744.578125
7760,7760,6126.01904296875
7761,7761,2624837.5
7762,7762,6939.9560546875
7763,7763,7668.71044921875
7764,7764,6193.412109375
7765,7765,53753.6953125
7766,7766,140192.359375
7767,7767,11399.6806640625
7768,7768,8846.78515625
7769,7769,8286.4169921875
7770,7770,6279.4619140625
7771,7771,7041.61767578125
7772,7772,6911.82421875
7773,7773,5945.375
7774,7774,15313.18359375
7775,7775,18938.802734375
7776,7776,5879.5869140625
7777,7777,47880.296875
7778,7778,10380.7509765625
7779,7779,6411.5654296875
7780,7780,20530.3828125
7781,7781,9457.53125
7782,7782,28586.806640625
7783,7783,4521.765625
7784,7784,6976.16357421875
7785,7785,60279.578125
7786,7786,9315.5078125
7787,7787,14705.55859375
7788,7788,4485.75341796875
7789,7789,10767.5400390625
7790,7790,13308.9052734375
7791,7791,25341.578125
7792,7792,6866.87841796875
7793,7793,86556.140625
7794,7794,6433.01708984375
7795,7795,35540.96875
7796,7796,8027.53662109375
7797,7797,11754.66796875
7798,7798,109552.8984375
7799,7799,8976.2646484375
7800,7800,18961.439453125
7801,7801,18076.189453125
7802,7802,9009.5595703125
7803,7803,12769.62109375
7804,7804,21284.142578125
7805,7805,7562.1064453125
7806,7806,7029.9208984375
7807,7807,6611.42626953125
7808,7808,11119.1494140625
7809,7809,18407.77734375
7810,7810,5344.80322265625
7811,7811,9638.388671875
7812,7812,10250.904296875
7813,7813,8298.0673828125
7814,7814,19873.130859375
7815,7815,8356.1865234375
7816,7816,8071.7490234375
7817,7817,3824.8037109375
7818,7818,9230.365234375
7819,7819,7654.5283203125
7820,7820,45683.1484375
7821,7821,5879.44384765625
7822,7822,7062.6259765625
7823,7823,7302.7265625
7824,7824,21927.388671875
7825,7825,121870.5625
7826,7826,46251.9375
7827,7827,22568.02734375
7828,7828,18282.134765625
7829,7829,114607.8671875
7830,7830,4548.326171875
7831,7831,6839.79345703125
7832,7832,114116.8046875
7833,7833,36077.234375
7834,7834,6899.61376953125
7835,7835,6004.19921875
7836,7836,5664.31689453125
7837,7837,6967.68212890625
7838,7838,17383.078125
7839,7839,6753.96484375
7840,7840,8428.9736328125
7841,7841,12721.138671875
7842,7842,19535.1875
7843,7843,7459.92138671875
7844,7844,82717.796875
7845,7845,19888.7578125
7846,7846,4249.39404296875
7847,7847,5959.529296875
7848,7848,40900.27734375
7849,7849,21620.087890625
7850,7850,51464.1015625
7851,7851,21787.732421875
7852,7852,7868.3359375
7853,7853,16398.814453125
7854,7854,30043.765625
7855,7855,10317.2783203125
7856,7856,7096.27392578125
7857,7857,15141.9775390625
7858,7858,14489.1025390625
7859,7859,5717.6298828125
7860,7860,8474.2822265625
7861,7861,16808.37890625
7862,7862,7716.42578125
7863,7863,31514.85546875
7864,7864,4177.39794921875
7865,7865,12442.916015625
7866,7866,75534.0390625
7867,7867,9669.6962890625
7868,7868,4747.64208984375
7869,7869,7625.9052734375
7870,7870,7362.92041015625
7871,7871,6763.74560546875
7872,7872,8630.8896484375
7873,7873,11703.89453125
7874,7874,4322.02294921875
7875,7875,5723.06005859375
7876,7876,103952.3125
7877,7877,141204.234375
7878,7878,11749.3408203125
7879,7879,33054.5234375
7880,7880,10897.3818359375
7881,7881,24474.751953125
7882,7882,4948.1669921875
7883,7883,230042.71875
7884,7884,5553.8662109375
7885,7885,9555.3291015625
7886,7886,38272.39453125
7887,7887,12634.640625
7888,7888,12788.45703125
7889,7889,10332.8125
7890,7890,6262.57958984375
7891,7891,17410.90234375
7892,7892,12548.556640625
7893,7893,7332.32861328125
7894,7894,5619.12890625
7895,7895,32798.046875
7896,7896,9808.927734375
7897,7897,11092.2216796875
7898,7898,4918.78173828125
7899,7899,7077.49853515625
7900,7900,8648.1640625
7901,7901,14704.876953125
7902,7902,8038.63671875
7903,7903,7716.22705078125
7904,7904,18855.486328125
7905,7905,11041.662109375
7906,7906,136676.484375
7907,7907,6786.49169921875
7908,7908,7603.9365234375
7909,7909,7141.98681640625
7910,7910,118149.1328125
7911,7911,5512.6953125
7912,7912,13521.916015625
7913,7913,4383527.5
7914,7914,57836.34375
7915,7915,16016.6591796875
7916,7916,11986.05859375
7917,7917,18453.3515625
7918,7918,11203.166015625
7919,7919,6912929.5
7920,7920,10580.044921875
7921,7921,55254.9609375
7922,7922,7887.6875
7923,7923,10366.623046875
7924,7924,5599.10400390625
7925,7925,6319.478515625
7926,7926,7214.47412109375
7927,7927,10113.9931640625
7928,7928,14977.7041015625
7929,7929,7190.712890625
7930,7930,8315.26953125
7931,7931,73503.125
7932,7932,17196.283203125
7933,7933,10951.9345703125
7934,7934,6079.20068359375
7935,7935,17331.25
7936,7936,5489.03173828125
7937,7937,36246.3671875
7938,7938,8317.4150390625
7939,7939,4331.2626953125
7940,7940,7229.3232421875
7941,7941,19567.794921875
7942,7942,12747.431640625
7943,7943,7927.55078125
7944,7944,7228.521484375
7945,7945,42166.96875
7946,7946,10067.8232421875
7947,7947,9548.3046875
7948,7948,54955.58984375
7949,7949,12960.4658203125
7950,7950,17614.798828125
7951,7951,38055.19140625
7952,7952,46573.51953125
7953,7953,7263.0283203125
7954,7954,77007.765625
7955,7955,5989.71728515625
7956,7956,7374.59716796875
7957,7957,59047.4296875
7958,7958,12051.3583984375
7959,7959,10511.37890625
7960,7960,7669.64111328125
7961,7961,9335.111328125
7962,7962,6142.90234375
7963,7963,14405.056640625
7964,7964,10308.08203125
7965,7965,8280.0078125
7966,7966,13694.869140625
7967,7967,9003.6806640625
7968,7968,21593.447265625
7969,7969,48700.6875
7970,7970,4713.27685546875
7971,7971,7596.12109375
7972,7972,59345.80078125
7973,7973,17495.966796875
7974,7974,12586.7861328125
7975,7975,21596.38671875
7976,7976,9331.2587890625
7977,7977,7653.44287109375
7978,7978,70901.1171875
7979,7979,15474.7646484375
7980,7980,13481.822265625
7981,7981,5551.26513671875
7982,7982,6498.20703125
7983,7983,10815.3828125
7984,7984,111775.8203125
7985,7985,11053.9814453125
7986,7986,3045509.75
7987,7987,8347.1015625
7988,7988,25855.537109375
7989,7989,61015.79296875
7990,7990,9098.3212890625
7991,7991,6527.11181640625
7992,7992,15768.12109375
7993,7993,8646.7587890625
7994,7994,12340.1318359375
7995,7995,70875.5234375
7996,7996,13164.5419921875
7997,7997,7424.87744140625
7998,7998,4902.51708984375
7999,7999,199768.421875
8000,8000,13786.5703125
8001,8001,8229.51953125
8002,8002,5828.9091796875
8003,8003,32540.685546875
8004,8004,6962.66943359375
8005,8005,18137.9609375
8006,8006,55400.9765625
8007,8007,7880.71728515625
8008,8008,5220.56103515625
8009,8009,9706.7314453125
8010,8010,6434.59765625
8011,8011,9339.1533203125
8012,8012,4746.69921875
8013,8013,11676.181640625
8014,8014,8262.44140625
8015,8015,7307.1796875
8016,8016,71549.015625
8017,8017,14869.2431640625
8018,8018,16302.330078125
8019,8019,126734.5703125
8020,8020,7905.41162109375
8021,8021,5847.623046875
8022,8022,40992.9453125
8023,8023,11390.9677734375
8024,8024,22986.033203125
8025,8025,43909.3828125
8026,8026,35341.29296875
8027,8027,6031.72021484375
8028,8028,14432.349609375
8029,8029,6593.984375
8030,8030,12723.6826171875
8031,8031,6329.53173828125
8032,8032,14646.94140625
8033,8033,6555.8544921875
8034,8034,24990.546875
8035,8035,8896.7080078125
8036,8036,9529.654296875
8037,8037,6009.07666015625
8038,8038,19946.259765625
8039,8039,7756.58642578125
8040,8040,7960.38525390625
8041,8041,11589.05859375
8042,8042,8117.73388671875
8043,8043,7010.1923828125
8044,8044,26670.94921875
8045,8045,14192.3759765625
8046,8046,9032.8564453125
8047,8047,9185.16796875
8048,8048,8999.111328125
8049,8049,10191.0048828125
8050,8050,7915.09375
8051,8051,8950.916015625
8052,8052,9148.64453125
8053,8053,9565.6201171875
8054,8054,5482.03857421875
8055,8055,23305.05078125
8056,8056,10634.046875
8057,8057,8871.7783203125
8058,8058,9052.052734375
8059,8059,9478.6396484375
8060,8060,15142.490234375
8061,8061,8395.9052734375
8062,8062,16013.7265625
8063,8063,8602.4794921875
8064,8064,7536.72119140625
8065,8065,5894.7294921875
8066,8066,81469.546875
8067,8067,4464.9130859375
8068,8068,10933.3876953125
8069,8069,11039.0771484375
8070,8070,6017.0947265625
8071,8071,3969.64404296875
8072,8072,11018.3515625
8073,8073,8842.5126953125
8074,8074,11617.771484375
8075,8075,6869.87109375
8076,8076,6856.5888671875
8077,8077,12734.96875
8078,8078,6491.48095703125
8079,8079,24869.224609375
8080,8080,28611.939453125
8081,8081,6910.30126953125
8082,8082,162247.6875
8083,8083,47293.07421875
8084,8084,10202.59375
8085,8085,7885.7392578125
8086,8086,8467.8623046875
8087,8087,10600.74609375
8088,8088,65364.375
8089,8089,7798.8876953125
8090,8090,3632.499267578125
8091,8091,10718.0869140625
8092,8092,6875.52978515625
8093,8093,43755.97265625
8094,8094,11620.5419921875
8095,8095,18115.62890625
8096,8096,87552.1015625
8097,8097,1905476.625
8098,8098,4036.494873046875
8099,8099,22190.083984375
8100,8100,4828.44775390625
8101,8101,8728.0205078125
8102,8102,118108.71875
8103,8103,11635.435546875
8104,8104,112991.90625
8105,8105,22216.353515625
8106,8106,5986.34716796875
8107,8107,6192.28857421875
8108,8108,67724.5390625
8109,8109,62017.4296875
8110,8110,7030.13671875
8111,8111,118839.84375
8112,8112,6766.05810546875
8113,8113,130107.703125
8114,8114,37786.21875
8115,8115,335322.0
8116,8116,6319.14013671875
8117,8117,11179.892578125
8118,8118,11249.3388671875
8119,8119,6255.4296875
8120,8120,5067.78662109375
8121,8121,3683.654052734375
8122,8122,9686.74609375
8123,8123,13377.060546875
8124,8124,5327.466796875
8125,8125,5486.88916015625
8126,8126,6171.05810546875
8127,8127,8883.646484375
8128,8128,11949.2900390625
8129,8129,44011.73046875
8130,8130,11945.89453125
8131,8131,6321.57958984375
8132,8132,17528.775390625
8133,8133,6509.26318359375
8134,8134,6524.904296875
8135,8135,288985.34375
8136,8136,46510.74609375
8137,8137,4555.85302734375
8138,8138,11013.6044921875
8139,8139,5865.97216796875
8140,8140,6617.48583984375
8141,8141,22001.626953125
8142,8142,13126.2177734375
8143,8143,13614.490234375
8144,8144,8404.626953125
8145,8145,50185.78125
8146,8146,10818.8330078125
8147,8147,10168.0966796875
8148,8148,10345.3798828125
8149,8149,9720.2314453125
8150,8150,10781.3125
8151,8151,9824.32421875
8152,8152,18002.4375
8153,8153,4380.17138671875
8154,8154,4375808.5
8155,8155,8140.69384765625
8156,8156,229866.125
8157,8157,17987.80078125
8158,8158,15014.087890625
8159,8159,7502.4091796875
8160,8160,9225.25390625
8161,8161,6412.7548828125
8162,8162,12676.6396484375
8163,8163,8404.767578125
8164,8164,34024.87109375
8165,8165,23706.052734375
8166,8166,11629.3095703125
8167,8167,7349.68408203125
8168,8168,7515.70751953125
8169,8169,13879.2666015625
8170,8170,6163.66552734375
8171,8171,15360.5927734375
8172,8172,6613.1103515625
8173,8173,14682.248046875
8174,8174,8575.0634765625
8175,8175,38161.359375
8176,8176,9397.1240234375
8177,8177,46472.40234375
8178,8178,4747.330078125
8179,8179,11822.041015625
8180,8180,11533.875
8181,8181,7857.49462890625
8182,8182,16041.8603515625
8183,8183,21196.455078125
8184,8184,9949.107421875
8185,8185,99618.234375
8186,8186,7675.806640625
8187,8187,12753.232421875
8188,8188,9751.2236328125
8189,8189,73313.5
8190,8190,4400.3134765625
8191,8191,10786.1064453125
8192,8192,7335.017578125
8193,8193,37723.37109375
8194,8194,39528.921875
8195,8195,4383.0712890625
8196,8196,67915.25
8197,8197,7104.955078125
8198,8198,5176.1494140625
8199,8199,4811.64111328125
8200,8200,7494.333984375
8201,8201,26258.36328125
8202,8202,47472.02734375
8203,8203,27978.3515625
8204,8204,7497.7470703125
8205,8205,39453.1015625
8206,8206,7755.1865234375
8207,8207,7048.83544921875
8208,8208,81622.4453125
8209,8209,4697.32470703125
8210,8210,7980.7197265625
8211,8211,7663.44677734375
8212,8212,10842.3623046875
8213,8213,6068.25537109375
8214,8214,39961.97265625
8215,8215,32972.62109375
8216,8216,14500.10546875
8217,8217,6802.28466796875
8218,8218,17724.568359375
8219,8219,7746.63134765625
8220,8220,7682.70947265625
8221,8221,13273.9658203125
8222,8222,6852.0888671875
8223,8223,85093.453125
8224,8224,6217.05712890625
8225,8225,6708.87353515625
8226,8226,37473.61328125
8227,8227,5617.61376953125
8228,8228,50930.08203125
8229,8229,38423.0859375
8230,8230,6698.23291015625
8231,8231,7552.5517578125
8232,8232,6280.96533203125
8233,8233,75171.15625
8234,8234,33087.8828125
8235,8235,7225.02783203125
8236,8236,35805.5625
8237,8237,8014.07080078125
8238,8238,8384.193359375
8239,8239,7480.20263671875
8240,8240,202452.953125
8241,8241,7115.93310546875
8242,8242,45935.57421875
8243,8243,15741.2080078125
8244,8244,4398.60107421875
8245,8245,7013.48046875
8246,8246,5983.0341796875
8247,8247,29416.015625
8248,8248,23279.328125
8249,8249,7157.63818359375
8250,8250,16674.158203125
8251,8251,8959.7001953125
8252,8252,13816.3759765625
8253,8253,9338.9541015625
8254,8254,9679.6142578125
8255,8255,5423.443359375
8256,8256,12500.7001953125
8257,8257,24770.3046875
8258,8258,7643.033203125
8259,8259,17032.244140625
8260,8260,11416.0478515625
8261,8261,5901.89306640625
8262,8262,1655.24951171875
8263,8263,2328.6005859375
8264,8264,52580.26953125
8265,8265,9109.7890625
8266,8266,14112.234375
8267,8267,6942.0859375
8268,8268,8573.9892578125
8269,8269,27647.421875
8270,8270,3547.51318359375
8271,8271,15137.087890625
8272,8272,7137.5966796875
8273,8273,6895.37548828125
8274,8274,6013.20654296875
8275,8275,2861.71875
8276,8276,8129.71240234375
8277,8277,5765.12939453125
8278,8278,6039.162109375
8279,8279,17587.634765625
8280,8280,15054.1103515625
8281,8281,8198.5908203125
8282,8282,13206.6044921875
8283,8283,6144.0244140625
8284,8284,8203.61328125
8285,8285,10064.4111328125
8286,8286,31593.109375
8287,8287,7144.9677734375
8288,8288,3788.385498046875
8289,8289,11540.7568359375
8290,8290,5094.87109375
8291,8291,9897.3837890625
8292,8292,9518.6181640625
8293,8293,8555.9150390625
8294,8294,88773.7578125
8295,8295,5647.359375
8296,8296,5496.8154296875
8297,8297,8824.9423828125
8298,8298,12788.298828125
8299,8299,14801.515625
8300,8300,120688.0703125
8301,8301,5049.25244140625
8302,8302,14068.4208984375
8303,8303,9293.7509765625
8304,8304,9726.3388671875
8305,8305,5991.322265625
8306,8306,134411.375
8307,8307,16574.3046875
8308,8308,7993.560546875
8309,8309,30710.263671875
8310,8310,9349.8212890625
8311,8311,22998.828125
8312,8312,6104.23046875
8313,8313,16330.787109375
8314,8314,15570.9794921875
8315,8315,3321021.5
8316,8316,17157.19140625
8317,8317,6911.0625
8318,8318,9171.4892578125
8319,8319,3825.87109375
8320,8320,9224.86328125
8321,8321,9619.2373046875
8322,8322,19236.125
8323,8323,130645.3515625
8324,8324,5016.3662109375
8325,8325,5379.5712890625
8326,8326,13258.2607421875
8327,8327,6250.47509765625
8328,8328,9990.953125
8329,8329,13950.0791015625
8330,8330,64827.80859375
8331,8331,7285.3271484375
8332,8332,9014.2236328125
8333,8333,4107.6845703125
8334,8334,14656.9775390625
8335,8335,8055.54638671875
8336,8336,8513.802734375
8337,8337,26749.767578125
8338,8338,82510.9765625
8339,8339,8859.640625
8340,8340,20247.564453125
8341,8341,7455.95654296875
8342,8342,4725.85302734375
8343,8343,83018.6875
8344,8344,5101.01904296875
8345,8345,35811.35546875
8346,8346,6682.32080078125
8347,8347,9217.2939453125
8348,8348,10689.2470703125
8349,8349,42679.86328125
8350,8350,11943.2197265625
8351,8351,13570.8544921875
8352,8352,49233.359375
8353,8353,22013.23046875
8354,8354,7529.0380859375
8355,8355,6782.86669921875
8356,8356,6803.515625
8357,8357,10207.7822265625
8358,8358,43076.72265625
8359,8359,16938.755859375
8360,8360,48370.4609375
8361,8361,12722.9228515625
8362,8362,8160.3193359375
8363,8363,6487.17236328125
8364,8364,7509.2939453125
8365,8365,8417.208984375
8366,8366,7455.95263671875
8367,8367,5463.349609375
8368,8368,32014.84375
8369,8369,5267.25
8370,8370,7647.48681640625
8371,8371,5749.44921875
8372,8372,7530.29638671875
8373,8373,8210.21484375
8374,8374,6224.4296875
8375,8375,8421.6708984375
8376,8376,15935.1240234375
8377,8377,9956.0869140625
8378,8378,24467.84765625
8379,8379,13279.8935546875
8380,8380,7676.033203125
8381,8381,5851.42236328125
8382,8382,7180.06005859375
8383,8383,4852.1201171875
8384,8384,12640361.0
8385,8385,6275.33447265625
8386,8386,6269.42919921875
8387,8387,10458.8095703125
8388,8388,156149.125
8389,8389,29516.46484375
8390,8390,7623.52685546875
8391,8391,4743.87109375
8392,8392,10221.474609375
8393,8393,96516.6875
8394,8394,4259.291015625
8395,8395,6309.88330078125
8396,8396,6683.16650390625
8397,8397,6671.03662109375
8398,8398,10230.69140625
8399,8399,6127788.0
8400,8400,8047.93505859375
8401,8401,7631.8857421875
8402,8402,8266.412109375
8403,8403,7547.2109375
8404,8404,14616.548828125
8405,8405,4027.429931640625
8406,8406,23050.90625
8407,8407,50378.47265625
8408,8408,13721.1513671875
8409,8409,3528.04345703125
8410,8410,9498.9287109375
8411,8411,12023.5419921875
8412,8412,13092.5771484375
8413,8413,77344.765625
8414,8414,7525.9375
8415,8415,9052.4541015625
8416,8416,134899.515625
8417,8417,5426.3251953125
8418,8418,31936.98046875
8419,8419,17975.90234375
8420,8420,8078.31201171875
8421,8421,71874.265625
8422,8422,5008.0009765625
8423,8423,52901.9453125
8424,8424,6191.55712890625
8425,8425,3678.062255859375
8426,8426,123433.90625
8427,8427,7285.25244140625
8428,8428,5907.751953125
8429,8429,121734.1953125
8430,8430,7261.5634765625
8431,8431,8252.732421875
8432,8432,29596.328125
8433,8433,39074.00390625
8434,8434,5481.7822265625
8435,8435,60763.2421875
8436,8436,22741.837890625
8437,8437,5679.41015625
8438,8438,11738.6806640625
8439,8439,5260.40283203125
8440,8440,6438.51318359375
8441,8441,49829.20703125
8442,8442,6236.3125
8443,8443,7405.060546875
8444,8444,193618.421875
8445,8445,5939.64990234375
8446,8446,6711.48095703125
8447,8447,4514.1474609375
8448,8448,55733.6015625
8449,8449,19550.42578125
8450,8450,8088.0419921875
8451,8451,14490.95703125
8452,8452,171717.265625
8453,8453,5324.12646484375
8454,8454,16548.73828125
8455,8455,35580.15234375
8456,8456,22853.265625
8457,8457,7218.8818359375
8458,8458,7687.578125
8459,8459,23429.337890625
8460,8460,104460.1328125
8461,8461,12906.673828125
8462,8462,39588.6640625
8463,8463,9006.712890625
8464,8464,9975.3056640625
8465,8465,20414.181640625
8466,8466,11278.400390625
8467,8467,3260.80859375
8468,8468,6551.86279296875
8469,8469,5526.42919921875
8470,8470,12880.1376953125
8471,8471,10361.673828125
8472,8472,8467.23828125
8473,8473,137637.828125
8474,8474,11613.111328125
8475,8475,8023.8349609375
8476,8476,8600.25390625
8477,8477,11881.1708984375
8478,8478,9582.7587890625
8479,8479,6832.57470703125
8480,8480,101635.40625
8481,8481,11147.10546875
8482,8482,15119.740234375
8483,8483,201527.125
8484,8484,20773.943359375
8485,8485,17487.037109375
8486,8486,5285.5830078125
8487,8487,12279.625
8488,8488,14381.58203125
8489,8489,10644.5546875
8490,8490,5912.87646484375
8491,8491,11919.12890625
8492,8492,5254.734375
8493,8493,7449.23681640625
8494,8494,8756.8154296875
8495,8495,13976.8828125
8496,8496,17126.140625
8497,8497,11652.275390625
8498,8498,23482.513671875
8499,8499,9011.1181640625
8500,8500,16174.849609375
8501,8501,6127.07568359375
8502,8502,9384.263671875
8503,8503,6308.9453125
8504,8504,6580.4375
8505,8505,27481.1640625
8506,8506,14282.3251953125
8507,8507,4941027.5
8508,8508,4678.2861328125
8509,8509,6403.5810546875
8510,8510,6602.05908203125
8511,8511,12215.5947265625
8512,8512,80751.8828125
8513,8513,20043.919921875
8514,8514,6541.4814453125
8515,8515,5299.15283203125
8516,8516,6267.4794921875
8517,8517,12523.876953125
8518,8518,10305.0341796875
8519,8519,10281.392578125
8520,8520,42830.69921875
8521,8521,65681.0859375
8522,8522,12239.8896484375
8523,8523,10155.29296875
8524,8524,83986.859375
8525,8525,5229.33642578125
8526,8526,11905.7802734375
8527,8527,11914.7705078125
8528,8528,31415.173828125
8529,8529,7662.48486328125
8530,8530,6132.98583984375
8531,8531,4379.29931640625
8532,8532,9426.1357421875
8533,8533,6784.1484375
8534,8534,10156.5009765625
8535,8535,8504.7001953125
8536,8536,12632.5380859375
8537,8537,6418.08642578125
8538,8538,7113.017578125
8539,8539,10241.62890625
8540,8540,19368.7265625
8541,8541,12263.90234375
8542,8542,7307.9580078125
8543,8543,14214.2021484375
8544,8544,11909.986328125
8545,8545,142150.6875
8546,8546,6994.73583984375
8547,8547,15562.3837890625
8548,8548,15970.5068359375
8549,8549,6837.1904296875
8550,8550,8448.7001953125
8551,8551,10718.8359375
8552,8552,10837.3525390625
8553,8553,6084.9765625
8554,8554,9654.1337890625
8555,8555,5080.76123046875
8556,8556,4449.40673828125
8557,8557,14776.185546875
8558,8558,9375.9443359375
8559,8559,7751.44482421875
8560,8560,10588.51171875
8561,8561,12324.7880859375
8562,8562,4816.30029296875
8563,8563,4190.791015625
8564,8564,42596.25390625
8565,8565,19834.71875
8566,8566,5519.77392578125
8567,8567,5763.45703125
8568,8568,7145.29150390625
8569,8569,13903.865234375
8570,8570,6368.458984375
8571,8571,5381.240234375
8572,8572,8980.818359375
8573,8573,72987.640625
8574,8574,20028.88671875
8575,8575,7738.36865234375
8576,8576,15391.11328125
8577,8577,17090.79296875
8578,8578,38063.07421875
8579,8579,6642.48193359375
8580,8580,6448.94384765625
8581,8581,8660.48828125
8582,8582,27220.8671875
8583,8583,6796.9814453125
8584,8584,8249.0302734375
8585,8585,4530.22021484375
8586,8586,6241.69921875
8587,8587,6112.81298828125
8588,8588,5014.61328125
8589,8589,6683.76416015625
8590,8590,4957.28564453125
8591,8591,7406.99365234375
8592,8592,4620.89404296875
8593,8593,1635442.5
8594,8594,5510.93212890625
8595,8595,10879.8505859375
8596,8596,5825.1005859375
8597,8597,5322.34521484375
8598,8598,6179.0888671875
8599,8599,82421.2734375
8600,8600,29479.09765625
8601,8601,8720.4072265625
8602,8602,28333.703125
8603,8603,43892.90234375
8604,8604,51732.41015625
8605,8605,12021.7021484375
8606,8606,8775.6044921875
8607,8607,10009.0634765625
8608,8608,6904.275390625
8609,8609,6858.63916015625
8610,8610,9994.76171875
8611,8611,16105.3583984375
8612,8612,12767.7958984375
8613,8613,5660633.5
8614,8614,5227.92041015625
8615,8615,7813.91455078125
8616,8616,4954.4384765625
8617,8617,8745.8505859375
8618,8618,31265.625
8619,8619,7205.67236328125
8620,8620,4422.45458984375
8621,8621,10871.87109375
8622,8622,9610.708984375
8623,8623,7264.7783203125
8624,8624,24052.62890625
8625,8625,6053.03466796875
8626,8626,5640.87451171875
8627,8627,62080.08984375
8628,8628,9331.869140625
8629,8629,8379.818359375
8630,8630,34455.421875
8631,8631,9484.0966796875
8632,8632,8803.857421875
8633,8633,5739.6513671875
8634,8634,6648.06591796875
8635,8635,9151.1181640625
8636,8636,12686.2080078125
8637,8637,6914.9267578125
8638,8638,7481.31103515625
8639,8639,37051.95703125
8640,8640,7675.431640625
8641,8641,4790.19287109375
8642,8642,53687.39453125
8643,8643,6946.76953125
8644,8644,8242.65234375
8645,8645,11291.765625
8646,8646,94486.375
8647,8647,6017.40478515625
8648,8648,7208.119140625
8649,8649,315006.3125
8650,8650,6042.43994140625
8651,8651,10709.5595703125
8652,8652,8646.42578125
8653,8653,13126.451171875
8654,8654,8784.3173828125
8655,8655,9591.91796875
8656,8656,58182.28125
8657,8657,198728.296875
8658,8658,6834.67431640625
8659,8659,5911.6279296875
8660,8660,34085.77734375
8661,8661,6213.86279296875
8662,8662,9613.373046875
8663,8663,12632.7685546875
8664,8664,8632.3544921875
8665,8665,4150.9716796875
8666,8666,5097.72998046875
8667,8667,7157.07275390625
8668,8668,6186.17138671875
8669,8669,14140.6591796875
8670,8670,6808.58203125
8671,8671,6525.63916015625
8672,8672,10874.828125
8673,8673,8151.77197265625
8674,8674,9594.453125
8675,8675,6911.00244140625
8676,8676,136751.0
8677,8677,184738.90625
8678,8678,25516.83203125
8679,8679,5926.43994140625
8680,8680,5976.78173828125
8681,8681,9545.0283203125
8682,8682,5136.7998046875
8683,8683,37414.57421875
8684,8684,8951.861328125
8685,8685,5327.578125
8686,8686,28194.50390625
8687,8687,11817.9873046875
8688,8688,8003.39990234375
8689,8689,101424.9140625
8690,8690,19934.271484375
8691,8691,90030.1328125
8692,8692,77631.140625
8693,8693,35243.19921875
8694,8694,12876.5703125
8695,8695,15442.6171875
8696,8696,6414.30712890625
8697,8697,33997.2421875
8698,8698,19730.818359375
8699,8699,4570.4375
8700,8700,17933.935546875
8701,8701,5027.6162109375
8702,8702,6119.73291015625
8703,8703,7012.23974609375
8704,8704,6889.26953125
8705,8705,8549.326171875
8706,8706,6553.0986328125
8707,8707,8346.6962890625
8708,8708,7497.83837890625
8709,8709,38794.80078125
8710,8710,152037.375
8711,8711,16707.013671875
8712,8712,57007.4453125
8713,8713,9528.025390625
8714,8714,19253.49609375
8715,8715,74821.796875
8716,8716,7056.078125
8717,8717,5727.513671875
8718,8718,16071.705078125
8719,8719,46601.30078125
8720,8720,25615.513671875
8721,8721,34440.29296875
8722,8722,230000.15625
8723,8723,39048.015625
8724,8724,8124.68359375
8725,8725,19255.4296875
8726,8726,7765.98046875
8727,8727,280436.71875
8728,8728,6176.8525390625
8729,8729,11190.623046875
8730,8730,8272.765625
8731,8731,81369.0390625
8732,8732,30025.859375
8733,8733,8080.45166015625
8734,8734,19957.3984375
8735,8735,56452.484375
8736,8736,5059.04833984375
8737,8737,9656.634765625
8738,8738,6817.861328125
8739,8739,8295.3310546875
8740,8740,1476944.0
8741,8741,156395.234375
8742,8742,220264.40625
8743,8743,6481.85888671875
8744,8744,7079.10400390625
8745,8745,86026.3203125
8746,8746,9655.6669921875
8747,8747,7152.20849609375
8748,8748,24917.392578125
8749,8749,7144.369140625
8750,8750,8473.0048828125
8751,8751,29870.365234375
8752,8752,7373.55712890625
8753,8753,6053.4833984375
8754,8754,32525.029296875
8755,8755,4338.18505859375
8756,8756,4885.98974609375
8757,8757,5280.40380859375
8758,8758,11396.677734375
8759,8759,4619.34521484375
8760,8760,32241.216796875
8761,8761,7737.31640625
8762,8762,8478.6396484375
8763,8763,7875.28076171875
8764,8764,5027.25439453125
8765,8765,332138.84375
8766,8766,7266.365234375
8767,8767,14452.8134765625
8768,8768,5524.357421875
8769,8769,16609.474609375
8770,8770,7902.18505859375
8771,8771,6988.2080078125
8772,8772,6879.75341796875
8773,8773,5350.734375
8774,8774,5140.45361328125
8775,8775,6029.796875
8776,8776,10325.994140625
8777,8777,10103.25390625
8778,8778,11225.2587890625
8779,8779,5689.81884765625
8780,8780,8410.3134765625
8781,8781,12535.1640625
8782,8782,16917.125
8783,8783,6073.03515625
8784,8784,32039.54296875
8785,8785,9944.7177734375
8786,8786,10386.0009765625
8787,8787,23280.505859375
8788,8788,14980.9658203125
8789,8789,8261.890625
8790,8790,7528.6083984375
8791,8791,5328.1328125
8792,8792,6623.01220703125
8793,8793,9641.7744140625
8794,8794,7171.814453125
8795,8795,12078.1416015625
8796,8796,4377.4912109375
8797,8797,9112.888671875
8798,8798,7473.5166015625
8799,8799,6035.91357421875
8800,8800,21529.345703125
8801,8801,33826.8671875
8802,8802,13401.4267578125
8803,8803,11085.8857421875
8804,8804,6449.17041015625
8805,8805,12812.0439453125
8806,8806,5815.2490234375
8807,8807,6363.61474609375
8808,8808,8285.1357421875
8809,8809,49829.73046875
8810,8810,9662.103515625
8811,8811,167073.734375
8812,8812,5298.71484375
8813,8813,10095.19140625
8814,8814,16880.34375
8815,8815,68823.375
8816,8816,15010.72265625
8817,8817,7862.85107421875
8818,8818,7177.37939453125
8819,8819,54960.71875
8820,8820,21200.7265625
8821,8821,10744.970703125
8822,8822,10407.7626953125
8823,8823,6144.11572265625
8824,8824,149880.75
8825,8825,5413.4111328125
8826,8826,2477.9267578125
8827,8827,28678.427734375
8828,8828,8918.29296875
8829,8829,20524.533203125
8830,8830,175716.5625
8831,8831,4693.2353515625
8832,8832,89671.171875
8833,8833,10660.6767578125
8834,8834,25410.48046875
8835,8835,4335.31591796875
8836,8836,6148.208984375
8837,8837,7162.087890625
8838,8838,13727.5615234375
8839,8839,13169.369140625
8840,8840,13652.1318359375
8841,8841,12825.1103515625
8842,8842,11149.052734375
8843,8843,6414.03564453125
8844,8844,5399.10693359375
8845,8845,259172.828125
8846,8846,6174.6455078125
8847,8847,7871.97607421875
8848,8848,30750.84765625
8849,8849,42763.7421875
8850,8850,8341.345703125
8851,8851,5896.12841796875
8852,8852,12896.9482421875
8853,8853,7246.5517578125
8854,8854,11475.3115234375
8855,8855,19913.533203125
8856,8856,39075.515625
8857,8857,7683.89599609375
8858,8858,8797.630859375
8859,8859,17016.9453125
8860,8860,6171.77197265625
8861,8861,9288.166015625
8862,8862,4370.8515625
8863,8863,17364.89453125
8864,8864,13936.5458984375
8865,8865,174698.109375
8866,8866,9794.232421875
8867,8867,6519.57861328125
8868,8868,6795.00537109375
8869,8869,11894.57421875
8870,8870,4484.11328125
8871,8871,6969.9736328125
8872,8872,4032.580810546875
8873,8873,32811.4296875
8874,8874,11011.4091796875
8875,8875,11366.173828125
8876,8876,7144.04052734375
8877,8877,6014.1181640625
8878,8878,7472.53857421875
8879,8879,6541.0166015625
8880,8880,4890.86865234375
8881,8881,12270.8017578125
8882,8882,8416.431640625
8883,8883,12843.0654296875
8884,8884,152964.625
8885,8885,9078.8837890625
8886,8886,65267.62890625
8887,8887,108332.59375
8888,8888,86701.5625
8889,8889,6512.6162109375
8890,8890,4319553.0
8891,8891,8384.1357421875
8892,8892,25822.12109375
8893,8893,7609.60888671875
8894,8894,6672.32373046875
8895,8895,7636.853515625
8896,8896,7134.2255859375
8897,8897,7927.45947265625
8898,8898,15575.5439453125
8899,8899,11072.892578125
8900,8900,7728.56884765625
8901,8901,7160.0390625
8902,8902,6163.80517578125
8903,8903,5243.83984375
8904,8904,5577.1806640625
8905,8905,5644.3115234375
8906,8906,16391.4765625
8907,8907,5910.58935546875
8908,8908,6889.375
8909,8909,13210.47265625
8910,8910,7376.4970703125
8911,8911,7889.962890625
8912,8912,7550.15771484375
8913,8913,6668.68896484375
8914,8914,9992.5625
8915,8915,138079.84375
8916,8916,24741.748046875
8917,8917,81173.203125
8918,8918,68644.453125
8919,8919,31640.14453125
8920,8920,11453.783203125
8921,8921,65945.8203125
8922,8922,26949.451171875
8923,8923,5252.041015625
8924,8924,6450.76708984375
8925,8925,6649.89990234375
8926,8926,21957.462890625
8927,8927,7901.70849609375
8928,8928,6533.1982421875
8929,8929,6218.4111328125
8930,8930,9121.1845703125
8931,8931,5773.3603515625
8932,8932,6165.357421875
8933,8933,9901.1923828125
8934,8934,6181.86767578125
8935,8935,17949.58203125
8936,8936,31912.7109375
8937,8937,5713.7236328125
8938,8938,35338.71875
8939,8939,11355.8896484375
8940,8940,57588.828125
8941,8941,9265.7734375
8942,8942,9122.9736328125
8943,8943,7017.693359375
8944,8944,12210.9775390625
8945,8945,20303.998046875
8946,8946,50335.07421875
8947,8947,106512.2578125
8948,8948,5681.78125
8949,8949,2435.540771484375
8950,8950,11763.240234375
8951,8951,16809.12109375
8952,8952,7269.47998046875
8953,8953,245286.984375
8954,8954,8745.263671875
8955,8955,22429.68359375
8956,8956,7324.1240234375
8957,8957,16061.5908203125
8958,8958,11573.5908203125
8959,8959,189574.4375
8960,8960,10333.1767578125
8961,8961,21697.1328125
8962,8962,7574.2353515625
8963,8963,129862.984375
8964,8964,8486.7822265625
8965,8965,5487.70751953125
8966,8966,9973.296875
8967,8967,24389.205078125
8968,8968,14613.8330078125
8969,8969,5942.701171875
8970,8970,7003.384765625
8971,8971,37884.34375
8972,8972,38715.30078125
8973,8973,5382.5029296875
8974,8974,5441.16015625
8975,8975,10200.140625
8976,8976,254307.953125
8977,8977,13141.833984375
8978,8978,6135.5263671875
8979,8979,6137.44287109375
8980,8980,11890.685546875
8981,8981,4833.69140625
8982,8982,8831.9892578125
8983,8983,13924.78125
8984,8984,31812.35546875
8985,8985,10441.5859375
8986,8986,9044.599609375
8987,8987,156833.265625
8988,8988,3858.375732421875
8989,8989,4241.52685546875
8990,8990,7667.60205078125
8991,8991,12253.71875
8992,8992,7507.67333984375
8993,8993,243043.28125
8994,8994,30116.501953125
8995,8995,4562.107421875
8996,8996,11817.2734375
8997,8997,12085.9130859375
8998,8998,6850.9462890625
8999,8999,6838.78759765625
9000,9000,7676.3310546875
9001,9001,147365.328125
9002,9002,6373.09326171875
9003,9003,5228.80517578125
9004,9004,6547.8935546875
9005,9005,7622.5888671875
9006,9006,5505.1279296875
9007,9007,8773.8994140625
9008,9008,107053.5078125
9009,9009,12554.998046875
9010,9010,5594.97802734375
9011,9011,6927.0537109375
9012,9012,5059.64111328125
9013,9013,9615.138671875
9014,9014,7459.80810546875
9015,9015,73493.734375
9016,9016,5755.6083984375
9017,9017,10413.603515625
9018,9018,8993.431640625
9019,9019,139320.828125
9020,9020,14919.6865234375
9021,9021,10074.521484375
9022,9022,3338.128173828125
9023,9023,7372.7158203125
9024,9024,7821.2578125
9025,9025,6537.1767578125
9026,9026,115725.6796875
9027,9027,7734.6669921875
9028,9028,172841.796875
9029,9029,3948.9833984375
9030,9030,70065.09375
9031,9031,7437.20361328125
9032,9032,6372.193359375
9033,9033,9356.2412109375
9034,9034,6946.75732421875
9035,9035,15485.203125
9036,9036,8019.54052734375
9037,9037,5203.77392578125
9038,9038,5900.0693359375
9039,9039,5772.044921875
9040,9040,27931.11328125
9041,9041,7629.67529296875
9042,9042,6171.4140625
9043,9043,6865.2041015625
9044,9044,7948.91162109375
9045,9045,6348.40283203125
9046,9046,9020.9404296875
9047,9047,16457.24609375
9048,9048,132191.640625
9049,9049,35309.55078125
9050,9050,6935.53271484375
9051,9051,16342.4306640625
9052,9052,93925.8671875
9053,9053,13503.12890625
9054,9054,9376.607421875
9055,9055,99471.9140625
9056,9056,10360.2578125
9057,9057,105810.2109375
9058,9058,3034.900146484375
9059,9059,132572.875
9060,9060,9337.564453125
9061,9061,5365.3564453125
9062,9062,4651.82421875
9063,9063,4392956.0
9064,9064,14548.9072265625
9065,9065,6828.21337890625
9066,9066,5160.65283203125
9067,9067,168736.28125
9068,9068,78243.7578125
9069,9069,9060.724609375
9070,9070,9095.6181640625
9071,9071,10855.4208984375
9072,9072,142704.90625
9073,9073,7632.0498046875
9074,9074,8411.498046875
9075,9075,4149.8505859375
9076,9076,11723.9853515625
9077,9077,10763.1181640625
9078,9078,11006.3076171875
9079,9079,6302.33349609375
9080,9080,15978.798828125
9081,9081,17043.375
9082,9082,12785.9765625
9083,9083,6886.806640625
9084,9084,8999.6923828125
9085,9085,9588.28125
9086,9086,27617.75390625
9087,9087,5096.322265625
9088,9088,5937.09423828125
9089,9089,6299.0576171875
9090,9090,87691.3828125
9091,9091,5451.18701171875
9092,9092,5011.8046875
9093,9093,10505.17578125
9094,9094,16389.767578125
9095,9095,7755.92333984375
9096,9096,35918.890625
9097,9097,8877.642578125
9098,9098,7512.79638671875
9099,9099,322166.21875
9100,9100,41703.87109375
9101,9101,9499.1455078125
9102,9102,6920.673828125
9103,9103,26766.515625
9104,9104,7719.0224609375
9105,9105,4743.2451171875
9106,9106,92357.28125
9107,9107,8741.1240234375
9108,9108,6551.39208984375
9109,9109,7914.552734375
9110,9110,13905.5986328125
9111,9111,7301.03271484375
9112,9112,15161.1416015625
9113,9113,5800.5791015625
9114,9114,5331.7421875
9115,9115,3875.167724609375
9116,9116,5375.060546875
9117,9117,17679.541015625
9118,9118,6275.6640625
9119,9119,18497.3984375
9120,9120,39022.49609375
9121,9121,9595.1611328125
9122,9122,31357.986328125
9123,9123,5930.75341796875
9124,9124,5770.4580078125
9125,9125,52624.421875
9126,9126,15185.7021484375
9127,9127,102249.1875
9128,9128,5779.8828125
9129,9129,5929.29931640625
9130,9130,7887.64501953125
9131,9131,7588.79248046875
9132,9132,5014.4501953125
9133,9133,6917.75
9134,9134,177878.671875
9135,9135,6764.384765625
9136,9136,8116.046875
9137,9137,5852.14990234375
9138,9138,4681.2177734375
9139,9139,8547.064453125
9140,9140,108340.21875
9141,9141,45383.55078125
9142,9142,22380.76953125
9143,9143,5868.56982421875
9144,9144,297654.96875
9145,9145,7075.8271484375
9146,9146,6827.24365234375
9147,9147,9144.5654296875
9148,9148,90460.546875
9149,9149,6743.50537109375
9150,9150,31696.265625
9151,9151,14570.4404296875
9152,9152,9122.111328125
9153,9153,5852.28759765625
9154,9154,7965.86279296875
9155,9155,24496.103515625
9156,9156,16038.0048828125
9157,9157,10497.5185546875
9158,9158,31506.150390625
9159,9159,84421.09375
9160,9160,96536.5234375
9161,9161,7256.30810546875
9162,9162,24630.59375
9163,9163,44997.359375
9164,9164,8185.47509765625
9165,9165,9391.697265625
9166,9166,24430.306640625
9167,9167,10151.72265625
9168,9168,148790.28125
9169,9169,35195.9609375
9170,9170,19581.640625
9171,9171,2338094.75
9172,9172,9773.44140625
9173,9173,3895.877685546875
9174,9174,9696.96875
9175,9175,11030.845703125
9176,9176,56680.02734375
9177,9177,7054406.5
9178,9178,7508.142578125
9179,9179,6346.90478515625
9180,9180,26200.166015625
9181,9181,7108.59033203125
9182,9182,42590.7734375
9183,9183,112757.3203125
9184,9184,10904.53125
9185,9185,26702.921875
9186,9186,10773.6162109375
9187,9187,7244.89013671875
9188,9188,6120.26171875
9189,9189,5578.34521484375
9190,9190,8591.9521484375
9191,9191,185409.203125
9192,9192,8767.1376953125
9193,9193,190055.484375
9194,9194,16422.7578125
9195,9195,7546.4560546875
9196,9196,6441.7041015625
9197,9197,6025.1298828125
9198,9198,96277.5546875
9199,9199,3584.559814453125
9200,9200,5083.0029296875
9201,9201,9213.2919921875
9202,9202,10694.794921875
9203,9203,38263.1015625
9204,9204,11493.5087890625
9205,9205,20027.185546875
9206,9206,6280.94189453125
9207,9207,12221.537109375
9208,9208,7961.236328125
9209,9209,15353.125
9210,9210,8367.9853515625
9211,9211,7416.29736328125
9212,9212,7141.12109375
9213,9213,4276.0263671875
9214,9214,9469.0263671875
9215,9215,5924.91064453125
9216,9216,3146.52099609375
9217,9217,64707.21484375
9218,9218,22088.708984375
9219,9219,9139.630859375
9220,9220,14099.408203125
9221,9221,6481.44921875
9222,9222,6996.083984375
9223,9223,7969.92626953125
9224,9224,8013.38427734375
9225,9225,3257.5048828125
9226,9226,5130.8359375
9227,9227,15705.982421875
9228,9228,21826.533203125
9229,9229,3746.7392578125
9230,9230,6750.53125
9231,9231,7332.02978515625
9232,9232,10463.716796875
9233,9233,5197.8515625
9234,9234,7896.07666015625
9235,9235,60349.96484375
9236,9236,7009.98193359375
9237,9237,18268.291015625
9238,9238,5156.41357421875
9239,9239,53691.125
9240,9240,7402.78076171875
9241,9241,7785.8642578125
9242,9242,178656.65625
9243,9243,8120.57275390625
9244,9244,7419.65380859375
9245,9245,12796.962890625
9246,9246,38337.1953125
9247,9247,6997.80712890625
9248,9248,9734.03125
9249,9249,61320.4921875
9250,9250,5859.54541015625
9251,9251,12709.779296875
9252,9252,7982.833984375
9253,9253,8052.7392578125
9254,9254,5234.07373046875
9255,9255,14262.9423828125
9256,9256,6967.48291015625
9257,9257,6881.7431640625
9258,9258,5939.6103515625
9259,9259,87835.015625
9260,9260,7750.03759765625
9261,9261,5972.15771484375
9262,9262,6553.96044921875
9263,9263,290225.875
9264,9264,5212.6484375
9265,9265,8582.84375
9266,9266,9687.1943359375
9267,9267,4296.49267578125
9268,9268,4095.281494140625
9269,9269,4912.0244140625
9270,9270,11955.779296875
9271,9271,9667.2373046875
9272,9272,6450.22607421875
9273,9273,5806.7294921875
9274,9274,5764.33837890625
9275,9275,11572.3798828125
9276,9276,5045279.5
9277,9277,4802.3486328125
9278,9278,8371.01171875
9279,9279,13586.6513671875
9280,9280,10312.435546875
9281,9281,154343.515625
9282,9282,9767.7568359375
9283,9283,7230.4052734375
9284,9284,7113.43896484375
9285,9285,6357.587890625
9286,9286,7329.7294921875
9287,9287,25045.626953125
9288,9288,5708.02587890625
9289,9289,2851784.25
9290,9290,7509.77880859375
9291,9291,8248.0517578125
9292,9292,7083.58740234375
9293,9293,5584.353515625
9294,9294,7372.65185546875
9295,9295,10438.052734375
9296,9296,10713.3740234375
9297,9297,5311.66259765625
9298,9298,63890.66796875
9299,9299,8130.359375
9300,9300,9694.064453125
9301,9301,8025.05517578125
9302,9302,4837.68701171875
9303,9303,83339.3828125
9304,9304,4809.97216796875
9305,9305,9638.193359375
9306,9306,7105.35595703125
9307,9307,4528.748046875
9308,9308,7385.8583984375
9309,9309,50640.00390625
9310,9310,7753.1240234375
9311,9311,11631.861328125
9312,9312,3468.76904296875
9313,9313,5508.2626953125
9314,9314,71812.7890625
9315,9315,41458.49609375
9316,9316,12697.580078125
9317,9317,9162.5927734375
9318,9318,12609.158203125
9319,9319,6487.90869140625
9320,9320,6643.1025390625
9321,9321,6772.72998046875
9322,9322,6190.19677734375
9323,9323,9165.7890625
9324,9324,5949.36669921875
9325,9325,12033.041015625
9326,9326,5092.6728515625
9327,9327,5490.49658203125
9328,9328,8116.73876953125
9329,9329,146341.234375
9330,9330,7079.9091796875
9331,9331,6194.1484375
9332,9332,5697.1513671875
9333,9333,19453.76953125
9334,9334,9440.3994140625
9335,9335,8480.5966796875
9336,9336,7497.5625
9337,9337,16251.3740234375
9338,9338,6094.81396484375
9339,9339,39341.171875
9340,9340,19377.861328125
9341,9341,9813.0751953125
9342,9342,6333.56396484375
9343,9343,5021.7841796875
9344,9344,8839.998046875
9345,9345,13649.19921875
9346,9346,7037.2548828125
9347,9347,12174.4248046875
9348,9348,7331.50537109375
9349,9349,9709.2841796875
9350,9350,0.0
9351,9351,7953.07177734375
9352,9352,37639.22265625
9353,9353,4331.62890625
9354,9354,6131.927734375
9355,9355,7429.94140625
9356,9356,6635.13623046875
9357,9357,10436.1298828125
9358,9358,6387.50537109375
9359,9359,71116.828125
9360,9360,12314.607421875
9361,9361,6114.99609375
9362,9362,10076.7919921875
9363,9363,156437.15625
9364,9364,10904.3935546875
9365,9365,22531.10546875
9366,9366,17170.142578125
9367,9367,11616.4189453125
9368,9368,5052.294921875
9369,9369,5762.0234375
9370,9370,8106.81298828125
9371,9371,7427.70703125
9372,9372,7543.50634765625
9373,9373,4688.234375
9374,9374,75130.1796875
9375,9375,6106.9794921875
9376,9376,10872.97265625
9377,9377,8235.2783203125
9378,9378,3709707.5
9379,9379,7553.1015625
9380,9380,54085.50390625
9381,9381,31826.095703125
9382,9382,7832.52734375
9383,9383,22712.044921875
9384,9384,7135.6630859375
9385,9385,15775.2822265625
9386,9386,8223.2666015625
9387,9387,76735.7265625
9388,9388,10911.0400390625
9389,9389,33054.71484375
9390,9390,7345.49072265625
9391,9391,8490.521484375
9392,9392,10012.0166015625
9393,9393,10261.6083984375
9394,9394,10131.603515625
9395,9395,5307.232421875
9396,9396,50091.05859375
9397,9397,10734.9775390625
9398,9398,10794.83203125
9399,9399,7788.84375
9400,9400,6089.27880859375
9401,9401,10026.28125
9402,9402,6824.716796875
9403,9403,4934.92626953125
9404,9404,11379.966796875
9405,9405,194730.375
9406,9406,9953.5283203125
9407,9407,11222.7900390625
9408,9408,6021.23974609375
9409,9409,6440.36669921875
9410,9410,5327.3447265625
9411,9411,9945.73828125
9412,9412,9868.41796875
9413,9413,9965.3857421875
9414,9414,75902.65625
9415,9415,9203.798828125
9416,9416,10478.99609375
9417,9417,19535.25
9418,9418,8312.30859375
9419,9419,5744.24169921875
9420,9420,9667.2255859375
9421,9421,13411.9365234375
9422,9422,81984.390625
9423,9423,7500.07763671875
9424,9424,7804.36279296875
9425,9425,8121.53271484375
9426,9426,4757.814453125
9427,9427,124160.703125
9428,9428,3641.2294921875
9429,9429,9196.20703125
9430,9430,16889.015625
9431,9431,10380.2958984375
9432,9432,8316.908203125
9433,9433,27368.634765625
9434,9434,8013.640625
9435,9435,9653.09765625
9436,9436,8560.3212890625
9437,9437,125924.8203125
9438,9438,7920.07421875
9439,9439,10799.0830078125
9440,9440,18940.197265625
9441,9441,9088.056640625
9442,9442,10832.6474609375
9443,9443,4794.54931640625
9444,9444,54185.66015625
9445,9445,7363.3779296875
9446,9446,6673.263671875
9447,9447,442653.34375
9448,9448,10326.556640625
9449,9449,19455.205078125
9450,9450,61333.71484375
9451,9451,7186.64306640625
9452,9452,118238.265625
9453,9453,8156.4990234375
9454,9454,11192.6591796875
9455,9455,8492.0703125
9456,9456,2117746.5
9457,9457,5407.44970703125
9458,9458,12449.4912109375
9459,9459,7796.5791015625
9460,9460,499837.3125
9461,9461,4356.052734375
9462,9462,7441.927734375
9463,9463,12329.607421875
9464,9464,68755.9609375
9465,9465,5643.7353515625
9466,9466,11216.8349609375
9467,9467,32139.974609375
9468,9468,43103.09765625
9469,9469,7565.1943359375
9470,9470,5459.56591796875
9471,9471,9061.4443359375
9472,9472,5180.48779296875
9473,9473,12281.7138671875
9474,9474,5899.8486328125
9475,9475,12105.92578125
9476,9476,7496.40087890625
9477,9477,12101.048828125
9478,9478,145941.25
9479,9479,12269.7548828125
9480,9480,46003.46875
9481,9481,7778.244140625
9482,9482,10725.0908203125
9483,9483,7281.55615234375
9484,9484,7920.396484375
9485,9485,10158.7900390625
9486,9486,6384.587890625
9487,9487,12258.4072265625
9488,9488,7444.14501953125
9489,9489,10655.7802734375
9490,9490,13994.3095703125
9491,9491,6264.49072265625
9492,9492,58697.46484375
9493,9493,128402.8828125
9494,9494,12554.681640625
9495,9495,3893.057861328125
9496,9496,85786.9765625
9497,9497,4931.06591796875
9498,9498,12087.1845703125
9499,9499,4565.63623046875
9500,9500,11981.99609375
9501,9501,7695.91796875
9502,9502,8450.5712890625
9503,9503,13562.5947265625
9504,9504,12126.7412109375
9505,9505,9156.337890625
9506,9506,40963.04296875
9507,9507,6547.60888671875
9508,9508,8138.2685546875
9509,9509,6147.94091796875
9510,9510,4626.7744140625
9511,9511,13685.5361328125
9512,9512,26312.861328125
9513,9513,9379.2734375
9514,9514,6900.08642578125
9515,9515,81034.6328125
9516,9516,18608.701171875
9517,9517,218199.53125
9518,9518,8258.310546875
9519,9519,11838.486328125
9520,9520,4974.81689453125
9521,9521,10335.88671875
9522,9522,5643.44970703125
9523,9523,6094.4267578125
9524,9524,19968.373046875
9525,9525,31367.234375
9526,9526,7961.84228515625
9527,9527,6993.1494140625
9528,9528,6202.10302734375
9529,9529,22070.53125
9530,9530,44006.34765625
9531,9531,66216.9765625
9532,9532,9869.7607421875
9533,9533,6990.7890625
9534,9534,5117.46142578125
9535,9535,7841.416015625
9536,9536,5669.68310546875
9537,9537,8438.04296875
9538,9538,11781.38671875
9539,9539,8684.8291015625
9540,9540,4878.52880859375
9541,9541,6450.8134765625
9542,9542,10373.67578125
9543,9543,8109.75244140625
9544,9544,4108.4970703125
9545,9545,6032.75830078125
9546,9546,8486.4482421875
9547,9547,17659.51171875
9548,9548,14918.2373046875
9549,9549,6529.8232421875
9550,9550,7247.6259765625
9551,9551,124115.2265625
9552,9552,13141.833984375
9553,9553,20628.4453125
9554,9554,70225.7265625
9555,9555,17564.3984375
9556,9556,33992.5390625
9557,9557,31285.19140625
9558,9558,8249.5888671875
9559,9559,7823.06884765625
9560,9560,19689.892578125
9561,9561,5140.537109375
9562,9562,9743.2412109375
9563,9563,6728.16943359375
9564,9564,72777.75
9565,9565,18929.447265625
9566,9566,164582.96875
9567,9567,16156.986328125
9568,9568,5368.853515625
9569,9569,9116.8134765625
9570,9570,7691.7705078125
9571,9571,6325.84814453125
9572,9572,18096.80859375
9573,9573,5737.32421875
9574,9574,13332.5869140625
9575,9575,9241.7685546875
9576,9576,17586.77734375
9577,9577,6223.21044921875
9578,9578,4827.20458984375
9579,9579,4717.71533203125
9580,9580,7735.56396484375
9581,9581,37176.37109375
9582,9582,6922.92041015625
9583,9583,8161.47509765625
9584,9584,32343.56640625
9585,9585,61572.9609375
9586,9586,20969.765625
9587,9587,37749.5078125
9588,9588,135971.84375
9589,9589,8452.095703125
9590,9590,12535.923828125
9591,9591,6779.3349609375
9592,9592,8695.8125
9593,9593,11754.0048828125
9594,9594,5506.58544921875
9595,9595,7732.12451171875
9596,9596,4354.7197265625
9597,9597,11242.271484375
9598,9598,90030.5546875
9599,9599,7518.28955078125
9600,9600,9913.7451171875
9601,9601,8892.84375
9602,9602,19953.869140625
9603,9603,10318.146484375
9604,9604,6500.91552734375
9605,9605,108814.8515625
9606,9606,7623.96630859375
9607,9607,23436.76953125
9608,9608,7123.90234375
9609,9609,22634.185546875
9610,9610,16842.24609375
9611,9611,19356.091796875
9612,9612,5489.373046875
9613,9613,6963.54443359375
9614,9614,7793.84033203125
9615,9615,6952.78515625
9616,9616,83139.421875
9617,9617,10796.990234375
9618,9618,15698.55078125
9619,9619,11031.880859375
9620,9620,6239.6806640625
9621,9621,4853.0439453125
9622,9622,29100.26171875
9623,9623,39317.51171875
9624,9624,14131.3349609375
9625,9625,6223.9130859375
9626,9626,9086.7548828125
9627,9627,5717.04443359375
9628,9628,7980.5390625
9629,9629,6905.884765625
9630,9630,12321.005859375
9631,9631,12183.2626953125
9632,9632,7494.830078125
9633,9633,142896.390625
9634,9634,7782.06494140625
9635,9635,5173.142578125
9636,9636,44895.3125
9637,9637,6160.21435546875
9638,9638,5320.716796875
9639,9639,5011.0205078125
9640,9640,10311.244140625
9641,9641,6844.68994140625
9642,9642,6907.13818359375
9643,9643,103057.234375
9644,9644,4004.49365234375
9645,9645,8682.166015625
9646,9646,5969.75
9647,9647,6384.99169921875
9648,9648,10483.6728515625
9649,9649,11179.1474609375
9650,9650,8286.283203125
9651,9651,7466.9658203125
9652,9652,5135.16162109375
9653,9653,22821.34375
9654,9654,38674.359375
9655,9655,4335057.5
9656,9656,14978.5849609375
9657,9657,7420.67138671875
9658,9658,3739.72802734375
9659,9659,3997.598388671875
9660,9660,109667.8046875
9661,9661,58920.265625
9662,9662,7604.72021484375
9663,9663,6672.689453125
9664,9664,6839.63037109375
9665,9665,5781.37890625
9666,9666,7933.14794921875
9667,9667,5284.86181640625
9668,9668,6190.18701171875
9669,9669,6361.5771484375
9670,9670,59104.02734375
9671,9671,7656.48779296875
9672,9672,3654.853515625
9673,9673,10013.015625
9674,9674,12265.34765625
9675,9675,6908.17822265625
9676,9676,6876.57666015625
9677,9677,51564.56640625
9678,9678,6858.0224609375
9679,9679,5672.9169921875
9680,9680,6281.1015625
9681,9681,9338.259765625
9682,9682,52426.7265625
9683,9683,13770.5498046875
9684,9684,23627.642578125
9685,9685,6455.99609375
9686,9686,22304.08984375
9687,9687,8319.3310546875
9688,9688,5616.7158203125
9689,9689,13910.2236328125
9690,9690,18843.482421875
9691,9691,9264.3818359375
9692,9692,13929.685546875
9693,9693,9217.8076171875
9694,9694,6156.38427734375
9695,9695,16024.44921875
9696,9696,4262.54443359375
9697,9697,28718.791015625
9698,9698,14617.5029296875
9699,9699,27749.90234375
9700,9700,8352.33203125
9701,9701,5037.50146484375
9702,9702,16438.01953125
9703,9703,11238.2470703125
9704,9704,101102.4921875
9705,9705,19109.998046875
9706,9706,43702.40234375
9707,9707,7565.74951171875
9708,9708,34958.4609375
9709,9709,7027.83642578125
9710,9710,5770.42333984375
9711,9711,11219.5380859375
9712,9712,6552.4365234375
9713,9713,8695.37109375
9714,9714,7655.8603515625
9715,9715,7675.541015625
9716,9716,270652.40625
9717,9717,9168.1044921875
9718,9718,5146.27978515625
9719,9719,4437.314453125
9720,9720,4325.7431640625
9721,9721,122677.6484375
9722,9722,4586.4091796875
9723,9723,8351.681640625
9724,9724,11972.73046875
9725,9725,13159.6435546875
9726,9726,7964.5751953125
9727,9727,22209.220703125
9728,9728,9566.3515625
9729,9729,37778.41796875
9730,9730,6744.46826171875
9731,9731,9674.3310546875
9732,9732,8908.5263671875
9733,9733,7405.23193359375
9734,9734,7177.24169921875
9735,9735,7784.892578125
9736,9736,4757.9345703125
9737,9737,5236.89208984375
9738,9738,7046.103515625
9739,9739,5442.9658203125
9740,9740,7260.8583984375
9741,9741,5751.166015625
9742,9742,8476.7490234375
9743,9743,5932.482421875
9744,9744,3507.689697265625
9745,9745,6042.2578125
9746,9746,6956.2998046875
9747,9747,9711.095703125
9748,9748,10304.458984375
9749,9749,15033.2470703125
9750,9750,6440.20166015625
9751,9751,6545.3583984375
9752,9752,5984.125
9753,9753,9108.380859375
9754,9754,8449.2158203125
9755,9755,19302.998046875
9756,9756,7226.59326171875
9757,9757,15376.154296875
9758,9758,5827.443359375
9759,9759,9228.412109375
9760,9760,8518.6591796875
9761,9761,9486.4150390625
9762,9762,13872.88671875
9763,9763,5446.13330078125
9764,9764,5531.56396484375
9765,9765,14674.546875
9766,9766,7166.61962890625
9767,9767,15662.548828125
9768,9768,37457.3671875
9769,9769,9068.4365234375
9770,9770,11363.7587890625
9771,9771,7609.83447265625
9772,9772,51379.3671875
9773,9773,5651.27001953125
9774,9774,11252.9189453125
9775,9775,8967.3662109375
9776,9776,8233.1865234375
9777,9777,37197.0234375
9778,9778,6912.65185546875
9779,9779,6643.54541015625
9780,9780,6272.154296875
9781,9781,6763.38623046875
9782,9782,15594.087890625
9783,9783,77452.1484375
9784,9784,10324.6123046875
9785,9785,2838545.75
9786,9786,6967.60693359375
9787,9787,23348.412109375
9788,9788,7071.78173828125
9789,9789,36066.40625
9790,9790,8879.26171875
9791,9791,30672.34765625
9792,9792,6627.86767578125
9793,9793,24348.318359375
9794,9794,74470.6328125
9795,9795,6920.44091796875
9796,9796,5889.0927734375
9797,9797,4161.74560546875
9798,9798,5977.16845703125
9799,9799,6675.6259765625
9800,9800,9738.375
9801,9801,12140.4521484375
9802,9802,16383.837890625
9803,9803,7361.86181640625
9804,9804,11629.4111328125
9805,9805,14268.546875
9806,9806,24094398.0
9807,9807,4953.6513671875
9808,9808,11431.3046875
9809,9809,5405.3896484375
9810,9810,11066.4697265625
9811,9811,6618.96630859375
9812,9812,9043.4189453125
9813,9813,11482.29296875
9814,9814,6254.3740234375
9815,9815,5424.43017578125
9816,9816,226958.703125
9817,9817,9078.9013671875
9818,9818,7263.13427734375
9819,9819,30633.03125
9820,9820,6598.80126953125
9821,9821,7959.5400390625
9822,9822,7618.0625
9823,9823,7982.46337890625
9824,9824,7418.7900390625
9825,9825,77789.046875
9826,9826,6868.6943359375
9827,9827,6887.55859375
9828,9828,12362.712890625
9829,9829,7941.154296875
9830,9830,9047.0029296875
9831,9831,6801.40673828125
9832,9832,6106.4814453125
9833,9833,13961.6396484375
9834,9834,7758.20703125
9835,9835,9487.4951171875
9836,9836,8165.78125
9837,9837,3529.566162109375
9838,9838,7665.095703125
9839,9839,44396.7421875
9840,9840,51906.765625
9841,9841,9658.2080078125
9842,9842,19959.630859375
9843,9843,8272.7587890625
9844,9844,9019.02734375
9845,9845,3113.14013671875
9846,9846,58102.5859375
9847,9847,6421.22607421875
9848,9848,11681.0166015625
9849,9849,16848.150390625
9850,9850,9227.5029296875
9851,9851,7049.83056640625
9852,9852,36833.81640625
9853,9853,5583.72216796875
9854,9854,3372.636474609375
9855,9855,6887.759765625
9856,9856,10116.9228515625
9857,9857,53699.80078125
9858,9858,7709.0498046875
9859,9859,83772.3515625
9860,9860,7386.07373046875
9861,9861,72795.8125
9862,9862,4516.17626953125
9863,9863,6557.17333984375
9864,9864,8477.068359375
9865,9865,7530.09716796875
9866,9866,5909.12109375
9867,9867,109373.21875
9868,9868,2421427.5
9869,9869,11874.439453125
9870,9870,10383.8740234375
9871,9871,6960.70556640625
9872,9872,4874.20654296875
9873,9873,16136.7236328125
9874,9874,7872.4130859375
9875,9875,9344.34765625
9876,9876,37512.38671875
9877,9877,4710.2119140625
9878,9878,13702.076171875
9879,9879,122882.6796875
9880,9880,23173.369140625
9881,9881,8756.2314453125
9882,9882,8174.25830078125
9883,9883,6213.2197265625
9884,9884,52163.01171875
9885,9885,6093.1806640625
9886,9886,12282.1201171875
9887,9887,24340.03515625
9888,9888,7027.22314453125
9889,9889,9269.591796875
9890,9890,20150.998046875
9891,9891,3903.804443359375
9892,9892,8513.6171875
9893,9893,350743.8125
9894,9894,6962.8291015625
9895,9895,8496.8896484375
9896,9896,7537.49560546875
9897,9897,29705.708984375
9898,9898,5651.9111328125
9899,9899,4988.7900390625
9900,9900,17510.677734375
9901,9901,4953.43310546875
9902,9902,12006.087890625
9903,9903,8737.490234375
9904,9904,428702.8125
9905,9905,16390.765625
9906,9906,7852.69970703125
9907,9907,6790.07958984375
9908,9908,5648.7421875
9909,9909,72462.3984375
9910,9910,9639.787109375
9911,9911,117741.0
9912,9912,78169.59375
9913,9913,7059.126953125
9914,9914,16374.54296875
9915,9915,5227.00439453125
9916,9916,3171755.75
9917,9917,53225.75390625
9918,9918,8996.431640625
9919,9919,24086.435546875
9920,9920,4068065.75
9921,9921,8982.6875
9922,9922,19885.046875
9923,9923,7756.7919921875
9924,9924,16637.525390625
9925,9925,38523.77734375
9926,9926,12181.5732421875
9927,9927,4375.677734375
9928,9928,96631.1796875
9929,9929,10359.001953125
9930,9930,20012.533203125
9931,9931,29733.154296875
9932,9932,150202.8125
9933,9933,5268.20654296875
9934,9934,4952.21142578125
9935,9935,12990.849609375
9936,9936,5625.5771484375
9937,9937,18107.126953125
9938,9938,5538.11279296875
9939,9939,7722.521484375
9940,9940,2439.7998046875
9941,9941,5103.68994140625
9942,9942,45321.1171875
9943,9943,9452.3896484375
9944,9944,6951.03173828125
9945,9945,24165.169921875
9946,9946,10396.5224609375
9947,9947,39652.94140625
9948,9948,156859.734375
9949,9949,5450.9541015625
9950,9950,9162.376953125
9951,9951,8322.505859375
9952,9952,5500.24951171875
9953,9953,7195.7646484375
9954,9954,9161.1201171875
9955,9955,2822.347900390625
9956,9956,6495.8828125
9957,9957,10310.7978515625
9958,9958,6275.98046875
9959,9959,7218.65234375
9960,9960,36554.10546875
9961,9961,12330.5947265625
9962,9962,8741.6455078125
9963,9963,15431.9873046875
9964,9964,11552.08984375
9965,9965,8615.93359375
9966,9966,6358.42626953125
9967,9967,6641.09765625
9968,9968,46061.08203125
9969,9969,30101.48046875
9970,9970,2513754.75
9971,9971,6227.47119140625
9972,9972,9039.9970703125
9973,9973,11821.0810546875
9974,9974,78169.9765625
9975,9975,41409.25
9976,9976,6231.96728515625
9977,9977,62874.38671875
9978,9978,116013.5234375
9979,9979,7551.9482421875
9980,9980,4320.05224609375
9981,9981,40181.6875
9982,9982,3859.52587890625
9983,9983,6519.0908203125
9984,9984,12109.060546875
9985,9985,3582.353271484375
9986,9986,4736.26171875
9987,9987,15246.5478515625
9988,9988,8792.7734375
9989,9989,5769.67236328125
9990,9990,4222.24267578125
9991,9991,15288.7490234375
9992,9992,8146.412109375
9993,9993,13373.171875
9994,9994,127704.8125
9995,9995,23055.439453125
9996,9996,13368.2822265625
9997,9997,7052.93603515625
9998,9998,12715.603515625
9999,9999,12043.203125
10000,10000,64923.5546875
10001,10001,15349.755859375
10002,10002,17518.59765625
10003,10003,109639.203125
10004,10004,9545.6708984375
10005,10005,7108.49755859375
10006,10006,11612.8076171875
10007,10007,71126.046875
10008,10008,8429.029296875
10009,10009,7496.2021484375
10010,10010,4447.841796875
10011,10011,7063.89208984375
10012,10012,28595.24609375
10013,10013,10704.20703125
10014,10014,8047.2900390625
10015,10015,105461.5625
10016,10016,7240.52490234375
10017,10017,6115.0419921875
10018,10018,11665.517578125
10019,10019,7893.47265625
10020,10020,72208.65625
10021,10021,5227.44287109375
10022,10022,6190.86376953125
10023,10023,18342.02734375
10024,10024,21164.779296875
10025,10025,6265.86083984375
10026,10026,82792.4609375
10027,10027,7217.13623046875
10028,10028,12919.7333984375
10029,10029,94637.5546875
10030,10030,41644.5
10031,10031,4407.388671875
10032,10032,7243.38916015625
10033,10033,6857.640625
10034,10034,114266.0546875
10035,10035,113559.5625
10036,10036,84203.4375
10037,10037,29448.880859375
10038,10038,13934.8173828125
10039,10039,4876.3935546875
10040,10040,57835.48828125
10041,10041,6139.18798828125
10042,10042,38569.890625
10043,10043,5754.34912109375
10044,10044,8630.70703125
10045,10045,70047.6171875
10046,10046,4476.830078125
10047,10047,8936.9931640625
10048,10048,10301.400390625
10049,10049,5456.794921875
10050,10050,48993.8828125
10051,10051,4899.703125
10052,10052,5869.85205078125
10053,10053,8110.83447265625
10054,10054,9316.6708984375
10055,10055,7987.57080078125
10056,10056,5712.48828125
10057,10057,7276.97412109375
10058,10058,8888.0361328125
10059,10059,5302.01123046875
10060,10060,6411.8740234375
10061,10061,36223.29296875
10062,10062,25061.037109375
10063,10063,8113.43115234375
10064,10064,18113.923828125
10065,10065,63036.19921875
10066,10066,10714.2646484375
10067,10067,8349.8173828125
10068,10068,54913.9921875
10069,10069,9287.8916015625
10070,10070,22082.2265625
10071,10071,7706.47900390625
10072,10072,9071.212890625
10073,10073,4062.80810546875
10074,10074,15872.5185546875
10075,10075,14670.2470703125
10076,10076,9460.6220703125
10077,10077,91910.328125
10078,10078,176957.421875
10079,10079,5344.4091796875
10080,10080,122821.9609375
10081,10081,7542.38232421875
10082,10082,24723.76953125
10083,10083,7903.5732421875
10084,10084,7113.28564453125
10085,10085,29210.728515625
10086,10086,8050.5
10087,10087,11265.39453125
10088,10088,9097.560546875
10089,10089,21335.26953125
10090,10090,7689.14501953125
10091,10091,79336.7265625
10092,10092,8267.7255859375
10093,10093,55944.79296875
10094,10094,15478.2138671875
10095,10095,10924.837890625
10096,10096,7224.18798828125
10097,10097,6512.47021484375
10098,10098,34898.93359375
10099,10099,13318.6806640625
10100,10100,8310.041015625
10101,10101,10157.0224609375
10102,10102,5059.82861328125
10103,10103,7024.67041015625
10104,10104,15996.2294921875
10105,10105,10006.021484375
10106,10106,8118.61767578125
10107,10107,27053.298828125
10108,10108,13200.54296875
10109,10109,8816.8359375
10110,10110,100776.796875
10111,10111,10694.9052734375
10112,10112,214908.984375
10113,10113,127597.2421875
10114,10114,7045.802734375
10115,10115,4844.384765625
10116,10116,4169.74755859375
10117,10117,4487.87158203125
10118,10118,79564.765625
10119,10119,6736.6845703125
10120,10120,8228.0986328125
10121,10121,6298.6181640625
10122,10122,27444.150390625
10123,10123,156640.9375
10124,10124,3332.133544921875
10125,10125,136785.859375
10126,10126,38809.171875
10127,10127,9200.0537109375
10128,10128,16625.82421875
10129,10129,13308.2255859375
10130,10130,6309.4716796875
10131,10131,7844.048828125
10132,10132,15711.2412109375
10133,10133,197050.171875
10134,10134,62005.97265625
10135,10135,14046.6142578125
10136,10136,8616.7958984375
10137,10137,10849.947265625
10138,10138,8060.8671875
10139,10139,5240.23291015625
10140,10140,16159.287109375
10141,10141,10482.96484375
10142,10142,18692.205078125
10143,10143,8325.783203125
10144,10144,31605.802734375
10145,10145,2974.121826171875
10146,10146,6142.0244140625
10147,10147,9730.1943359375
10148,10148,8146.94775390625
10149,10149,62560.3984375
10150,10150,7406.6474609375
10151,10151,8323.6484375
10152,10152,7986.1337890625
10153,10153,5554.04638671875
10154,10154,244090.671875
10155,10155,68086.921875
10156,10156,13309.12109375
10157,10157,8009.796875
10158,10158,30468.66015625
10159,10159,9199.1875
10160,10160,8162.20166015625
10161,10161,8760.2939453125
10162,10162,8836.3603515625
10163,10163,7543.125
10164,10164,5088.595703125
10165,10165,14561.4345703125
10166,10166,23908.5
10167,10167,4081.917724609375
10168,10168,17782.515625
10169,10169,6385.02392578125
10170,10170,27780.357421875
10171,10171,8753.3232421875
10172,10172,6572.908203125
10173,10173,5647.28125
10174,10174,6248.10400390625
10175,10175,130058.4375
10176,10176,4598.9912109375
10177,10177,6134.27783203125
10178,10178,8299.8232421875
10179,10179,52821.94140625
10180,10180,9824.1826171875
10181,10181,14763.287109375
10182,10182,7752.0830078125
10183,10183,20432.5625
10184,10184,12640.6357421875
10185,10185,10939.390625
10186,10186,6681.37109375
10187,10187,70845.3359375
10188,10188,6569.98193359375
10189,10189,6124.732421875
10190,10190,17104.708984375
10191,10191,4818.97802734375
10192,10192,128060.3359375
10193,10193,16529.271484375
10194,10194,7415.4404296875
10195,10195,15711.22265625
10196,10196,13081.78515625
10197,10197,6822.26123046875
10198,10198,8804.2548828125
10199,10199,6279.6591796875
10200,10200,14550.29296875
10201,10201,5098.95166015625
10202,10202,4641.15771484375
10203,10203,8799.8984375
10204,10204,8089.3095703125
10205,10205,10432.9970703125
10206,10206,42740.83203125
10207,10207,177620.046875
10208,10208,56692.9296875
10209,10209,8585.3388671875
10210,10210,9658.4765625
10211,10211,8404.88671875
10212,10212,3604.288330078125
10213,10213,5090.279296875
10214,10214,17430.994140625
10215,10215,194061.984375
10216,10216,7970.0791015625
10217,10217,23328.02734375
10218,10218,10982.916015625
10219,10219,28085.048828125
10220,10220,14564.5224609375
10221,10221,5737.4423828125
10222,10222,17129.26953125
10223,10223,13759.9501953125
10224,10224,12103.919921875
10225,10225,10476.5849609375
10226,10226,8114.9375
10227,10227,5904.08056640625
10228,10228,8503.3505859375
10229,10229,27195.189453125
10230,10230,8898.3330078125
10231,10231,297476.0
10232,10232,8472.87109375
10233,10233,10387.38671875
10234,10234,5634.55322265625
10235,10235,5351.71142578125
10236,10236,4267.8662109375
10237,10237,6578.60888671875
10238,10238,6255.63525390625
10239,10239,5277.0361328125
10240,10240,12416.181640625
10241,10241,7399.4873046875
10242,10242,5381.58837890625
10243,10243,60819.8984375
10244,10244,5422.56640625
10245,10245,7679.9072265625
10246,10246,9574.1240234375
10247,10247,16846.796875
10248,10248,5662.28564453125
10249,10249,7110.76220703125
10250,10250,7510.60498046875
10251,10251,23048.8046875
10252,10252,5702.60400390625
10253,10253,8299.501953125
10254,10254,14183.470703125
10255,10255,52614.796875
10256,10256,4164.138671875
10257,10257,7539.451171875
10258,10258,156030.75
10259,10259,21715.837890625
10260,10260,10980.86328125
10261,10261,7297.609375
10262,10262,8322830.5
10263,10263,10253.3759765625
10264,10264,5074.4140625
10265,10265,3373.811279296875
10266,10266,18908.810546875
10267,10267,4883.25732421875
10268,10268,6131.8544921875
10269,10269,6746.28076171875
10270,10270,15731.4970703125
10271,10271,4637.3662109375
10272,10272,17958.578125
10273,10273,14051.296875
10274,10274,7900.76123046875
10275,10275,12295.35546875
10276,10276,2186390.5
10277,10277,8786.359375
10278,10278,4590.81396484375
10279,10279,17868.310546875
10280,10280,10858.986328125
10281,10281,29606.064453125
10282,10282,9553.3955078125
10283,10283,8383.7529296875
10284,10284,42596.25390625
10285,10285,11633.7060546875
10286,10286,8405.6474609375
10287,10287,10589.46875
10288,10288,5227.859375
10289,10289,45585.1171875
10290,10290,7577.78173828125
10291,10291,2967403.5
10292,10292,27347.044921875
10293,10293,22639.630859375
10294,10294,41339.21484375
10295,10295,14617.4326171875
10296,10296,5536.97119140625
10297,10297,7650.36279296875
10298,10298,16896.412109375
10299,10299,13393.01171875
10300,10300,8514.888671875
10301,10301,7248.04638671875
10302,10302,4135.640625
10303,10303,5623.48046875
10304,10304,35963.28515625
10305,10305,7547.34716796875
10306,10306,28254.51953125
10307,10307,11791.32421875
10308,10308,142417.8125
10309,10309,4173.50634765625
10310,10310,13776.1806640625
10311,10311,11934.1923828125
10312,10312,7935.3154296875
10313,10313,9455.3916015625
10314,10314,168702.203125
10315,10315,37756.046875
10316,10316,39821.40625
10317,10317,142552.765625
10318,10318,5656.0078125
10319,10319,15063.140625
10320,10320,5970.09033203125
10321,10321,30651.0
10322,10322,8033.35693359375
10323,10323,5960.83544921875
10324,10324,5753.80126953125
10325,10325,45193.73828125
10326,10326,7755.31298828125
10327,10327,17882.046875
10328,10328,7954.22021484375
10329,10329,6534.13671875
10330,10330,16883.73828125
10331,10331,8981.3955078125
10332,10332,8212.3203125
10333,10333,22062.28125
10334,10334,20249.599609375
10335,10335,9170.87890625
10336,10336,5917.12841796875
10337,10337,8244.232421875
10338,10338,4658.66455078125
10339,10339,8240.83984375
10340,10340,5122.19970703125
10341,10341,8309.2109375
10342,10342,5826.25390625
10343,10343,5895.908203125
10344,10344,14185.44140625
10345,10345,1442371.5
10346,10346,5538.30859375
10347,10347,8454.3193359375
10348,10348,27765.310546875
10349,10349,6418.59814453125
10350,10350,5570.8896484375
10351,10351,13174.5810546875
10352,10352,13218.5947265625
10353,10353,8111.298828125
10354,10354,5632.73291015625
10355,10355,6840.17626953125
10356,10356,4088.928955078125
10357,10357,8148.97705078125
10358,10358,7469.4521484375
10359,10359,8463.3837890625
10360,10360,17737.11328125
10361,10361,10413.306640625
10362,10362,27797.00390625
10363,10363,10319.92578125
10364,10364,7438.29833984375
10365,10365,3830.31201171875
10366,10366,10602.7109375
10367,10367,479504.46875
10368,10368,5588.39306640625
10369,10369,5168.59619140625
10370,10370,27521.986328125
10371,10371,7682.1025390625
10372,10372,10441.0546875
10373,10373,23842.734375
10374,10374,41705.63671875
10375,10375,6971.9677734375
10376,10376,54820.12109375
10377,10377,7422.1455078125
10378,10378,96104.3046875
10379,10379,6391.87060546875
10380,10380,8098.73095703125
10381,10381,137356.734375
10382,10382,5686.4287109375
10383,10383,6925.69921875
10384,10384,5197.44287109375
10385,10385,124243.8515625
10386,10386,6924.693359375
10387,10387,8088.330078125
10388,10388,5213.00244140625
10389,10389,11972.052734375
10390,10390,157901.3125
10391,10391,6424.8212890625
10392,10392,38445.2265625
10393,10393,5620.77001953125
10394,10394,7305.19384765625
10395,10395,10951.8447265625
10396,10396,6112.294921875
10397,10397,13591.9296875
10398,10398,6276.29931640625
10399,10399,21110.158203125
10400,10400,14308.701171875
10401,10401,8365.7939453125
10402,10402,52225.41796875
10403,10403,5897.890625
10404,10404,5841.828125
10405,10405,8605.7236328125
10406,10406,27718.724609375
10407,10407,29714.568359375
10408,10408,6874.34814453125
10409,10409,11335.1171875
10410,10410,33833.78515625
10411,10411,5678.07958984375
10412,10412,10313.3359375
10413,10413,37695.4375
10414,10414,9788.7265625
10415,10415,6681.2587890625
10416,10416,39175.57421875
10417,10417,3986.83984375
10418,10418,11980.95703125
10419,10419,5199.111328125
10420,10420,6830.5517578125
10421,10421,26984.345703125
10422,10422,7206.4658203125
10423,10423,66466.4765625
10424,10424,84630.2734375
10425,10425,1791199.25
10426,10426,3961.137451171875
10427,10427,13065.6083984375
10428,10428,13890.357421875
10429,10429,69135.203125
10430,10430,6562.64208984375
10431,10431,20984.294921875
10432,10432,17143.65625
10433,10433,6582.8017578125
10434,10434,11533.1474609375
10435,10435,50317.33203125
10436,10436,24273.134765625
10437,10437,5978.0927734375
10438,10438,8383.056640625
10439,10439,4457.92138671875
10440,10440,6885.5048828125
10441,10441,16700.869140625
10442,10442,7685.0078125
10443,10443,7095.68115234375
10444,10444,12797.943359375
10445,10445,21764.38671875
10446,10446,7988.3134765625
10447,10447,4993.59326171875
10448,10448,8280.25
10449,10449,14080.142578125
10450,10450,5047.677734375
10451,10451,3900.261474609375
10452,10452,195147.953125
10453,10453,70416.6796875
10454,10454,9547.9921875
10455,10455,5298.81396484375
10456,10456,7494.671875
10457,10457,4465.80078125
10458,10458,79654.171875
10459,10459,35461.01171875
10460,10460,7948.95703125
10461,10461,7959.4453125
10462,10462,3855.568115234375
10463,10463,9964.9716796875
10464,10464,132075.296875
10465,10465,14966.4560546875
10466,10466,10728.6083984375
10467,10467,6809.30615234375
10468,10468,5650.72998046875
10469,10469,4635.93994140625
10470,10470,27420.740234375
10471,10471,10749.8212890625
10472,10472,11097.9169921875
10473,10473,13833.8857421875
10474,10474,11981.2568359375
10475,10475,15762.5556640625
10476,10476,43860.52734375
10477,10477,8113.708984375
10478,10478,3752.883056640625
10479,10479,47757.859375
10480,10480,7086.84033203125
10481,10481,35882.97265625
10482,10482,6641.095703125
10483,10483,3458.0546875
10484,10484,24183.716796875
10485,10485,60520.76171875
10486,10486,9119.0302734375
10487,10487,57261.57421875
10488,10488,6032.29345703125
10489,10489,12284.6630859375
10490,10490,3765.94287109375
10491,10491,13230.8388671875
10492,10492,9432.677734375
10493,10493,6456.91943359375
10494,10494,49278.3515625
10495,10495,35293.4453125
10496,10496,6408.71337890625
10497,10497,7566.4609375
10498,10498,6814.62841796875
10499,10499,7672.392578125
10500,10500,59129.41796875
10501,10501,9964.1787109375
10502,10502,14043.009765625
10503,10503,10601.5302734375
10504,10504,124544.1796875
10505,10505,7452.517578125
10506,10506,5932.55029296875
10507,10507,9711.689453125
10508,10508,8222.7509765625
10509,10509,4546.9638671875
10510,10510,10192.0390625
10511,10511,7677.06005859375
10512,10512,21739.794921875
10513,10513,212385.953125
10514,10514,6429.89306640625
10515,10515,20030.611328125
10516,10516,7425.64013671875
10517,10517,7479.853515625
10518,10518,7810.939453125
10519,10519,11976.427734375
10520,10520,6001.7275390625
10521,10521,6636.05224609375
10522,10522,6712.697265625
10523,10523,8599.0859375
10524,10524,12954.26171875
10525,10525,49573.71484375
10526,10526,15360.919921875
10527,10527,11799.302734375
10528,10528,24147.263671875
10529,10529,9304.8056640625
10530,10530,8804.0869140625
10531,10531,4225.025390625
10532,10532,4618.4443359375
10533,10533,15979.109375
10534,10534,66421.8203125
10535,10535,7817.6494140625
10536,10536,4453.19091796875
10537,10537,6924.93603515625
10538,10538,16551.609375
10539,10539,135219.234375
10540,10540,9560.05078125
10541,10541,6013.1083984375
10542,10542,7322.91259765625
10543,10543,8416.720703125
10544,10544,16058.8974609375
10545,10545,5295.64013671875
10546,10546,10415.5673828125
10547,10547,61367.921875
10548,10548,12396.2138671875
10549,10549,6788.78466796875
10550,10550,10982.14453125
10551,10551,15574.0634765625
10552,10552,55831.83984375
10553,10553,41974.2890625
10554,10554,7794.396484375
10555,10555,56505.1484375
10556,10556,70815.21875
10557,10557,7449.1357421875
10558,10558,49932.77734375
10559,10559,9125.53515625
10560,10560,11510.2783203125
10561,10561,5508.58056640625
10562,10562,8036.83203125
10563,10563,6529.66064453125
10564,10564,5576.81591796875
10565,10565,51188.5859375
10566,10566,48429.46875
10567,10567,8130.57861328125
10568,10568,10181.7119140625
10569,10569,93699.5390625
10570,10570,12548.9658203125
10571,10571,52190.421875
10572,10572,11794.6298828125
10573,10573,11588.9609375
10574,10574,21059.56640625
10575,10575,6409.3720703125
10576,10576,14221.6162109375
10577,10577,19193.42578125
10578,10578,92218.09375
10579,10579,10568.099609375
10580,10580,21603.701171875
10581,10581,9675.9267578125
10582,10582,10374.30859375
10583,10583,13164.720703125
10584,10584,9544.2109375
10585,10585,9076.52734375
10586,10586,11198.1884765625
10587,10587,9320.3876953125
10588,10588,11259.3955078125
10589,10589,42258.9921875
10590,10590,6214.7568359375
10591,10591,8766.4521484375
10592,10592,11449.6591796875
10593,10593,109747.5
10594,10594,6036.39111328125
10595,10595,10213.591796875
10596,10596,8409.6240234375
10597,10597,8187.41845703125
10598,10598,10951.30078125
10599,10599,18866.947265625
10600,10600,5823.83349609375
10601,10601,39726.4921875
10602,10602,9772.6923828125
10603,10603,6485.5546875
10604,10604,3201690.75
10605,10605,6601.91748046875
10606,10606,9929.587890625
10607,10607,4883.1220703125
10608,10608,7142.361328125
10609,10609,5580.939453125
10610,10610,47756.46484375
10611,10611,6499.8037109375
10612,10612,18229.30859375
10613,10613,18006.453125
10614,10614,5143.8232421875
10615,10615,6391.59619140625
10616,10616,14907.6044921875
10617,10617,5766.6884765625
10618,10618,5748.32861328125
10619,10619,18147.107421875
10620,10620,7448.8271484375
10621,10621,110072.7109375
10622,10622,17718.0625
10623,10623,7437.85205078125
10624,10624,5244.43896484375
10625,10625,6704.6630859375
10626,10626,64763.265625
10627,10627,10577.8271484375
10628,10628,147628.15625
10629,10629,7533.814453125
10630,10630,5326.81103515625
10631,10631,9024.9375
10632,10632,6256.5751953125
10633,10633,5999.19287109375
10634,10634,12961.4541015625
10635,10635,17687.951171875
10636,10636,54988.78515625
10637,10637,6033.6943359375
10638,10638,4398.99658203125
10639,10639,8851.859375
10640,10640,15903.3505859375
10641,10641,4424.91552734375
10642,10642,5824.68359375
10643,10643,6918.4482421875
10644,10644,14210.435546875
10645,10645,8400.078125
10646,10646,18850.328125
10647,10647,6875.36181640625
10648,10648,11129.0078125
10649,10649,150696.5625
10650,10650,9220.9248046875
10651,10651,35302.58203125
10652,10652,139402.65625
10653,10653,35188.53125
10654,10654,7918.02978515625
10655,10655,1985231.25
10656,10656,9053.080078125
10657,10657,5200.83056640625
10658,10658,6065.74609375
10659,10659,5899.88232421875
10660,10660,87690.7578125
10661,10661,6224.00048828125
10662,10662,20605.048828125
10663,10663,23426.162109375
10664,10664,5572.8359375
10665,10665,19730.6484375
10666,10666,4987.38525390625
10667,10667,58875.95703125
10668,10668,15766.84375
10669,10669,100419.71875
10670,10670,6961.46337890625
10671,10671,50580.6875
10672,10672,5901.7919921875
10673,10673,14623.23046875
10674,10674,15007.509765625
10675,10675,7313.26611328125
10676,10676,373527.46875
10677,10677,7634.51416015625
10678,10678,25242.978515625
10679,10679,8574.6103515625
10680,10680,5007.529296875
10681,10681,7525.9755859375
10682,10682,9729.3779296875
10683,10683,10016.9892578125
10684,10684,7648.03515625
10685,10685,11012.869140625
10686,10686,6627.38671875
10687,10687,57759.7109375
10688,10688,18091.3671875
10689,10689,11582.6376953125
10690,10690,8781.73046875
10691,10691,21360.673828125
10692,10692,16467.5390625
10693,10693,16838.392578125
10694,10694,24627.55078125
10695,10695,4564.017578125
10696,10696,69186.640625
10697,10697,9037.9931640625
10698,10698,11937.8564453125
10699,10699,6700.5068359375
10700,10700,6287.3974609375
10701,10701,188967.765625
10702,10702,71257.1953125
10703,10703,5482.61962890625
10704,10704,9948.17578125
10705,10705,4659.55029296875
10706,10706,6214.23583984375
10707,10707,26392.95703125
10708,10708,7192.90185546875
10709,10709,6938.73486328125
10710,10710,6341.98095703125
10711,10711,11951.9892578125
10712,10712,7740.26708984375
10713,10713,96761.2734375
10714,10714,10440.87109375
10715,10715,5800.7958984375
10716,10716,16192.6005859375
10717,10717,6774.0
10718,10718,8420.2509765625
10719,10719,4664.64208984375
10720,10720,15996.283203125
10721,10721,5145.7998046875
10722,10722,28756.67578125
10723,10723,6687.17431640625
10724,10724,5923.9521484375
10725,10725,209084.1875
10726,10726,20642.98828125
10727,10727,17514.005859375
10728,10728,15836.7412109375
10729,10729,50093.83203125
10730,10730,11955.3388671875
10731,10731,6211.13330078125
10732,10732,59729.21875
10733,10733,5897.015625
10734,10734,133105.9375
10735,10735,7427.19287109375
10736,10736,6069.68017578125
10737,10737,9710.208984375
10738,10738,13055.8408203125
10739,10739,5610.12353515625
10740,10740,6026.49609375
10741,10741,6858.43798828125
10742,10742,9567.775390625
10743,10743,4303.26904296875
10744,10744,7760.2255859375
10745,10745,11690.095703125
10746,10746,10489.2841796875
10747,10747,4972.78515625
10748,10748,11544.65625
10749,10749,67201.390625
10750,10750,5827.21435546875
10751,10751,10240.728515625
10752,10752,4386.87890625
10753,10753,6967.98974609375
10754,10754,39557.2578125
10755,10755,11141.380859375
10756,10756,12983.2275390625
10757,10757,16378.8271484375
10758,10758,4653.7041015625
10759,10759,5670.0517578125
10760,10760,97040.1953125
10761,10761,8020.45703125
10762,10762,7037.60009765625
10763,10763,6760.951171875
10764,10764,40808.66796875
10765,10765,10638.7978515625
10766,10766,4659.8056640625
10767,10767,8870.375
10768,10768,12352.3505859375
10769,10769,9311.744140625
10770,10770,12610.478515625
10771,10771,12423.9560546875
10772,10772,19297.228515625
10773,10773,12632.2744140625
10774,10774,34071.31640625
10775,10775,8539.31640625
10776,10776,37608.95703125
10777,10777,39941.046875
10778,10778,8683.642578125
10779,10779,9006.1787109375
10780,10780,3354.21435546875
10781,10781,4919.53662109375
10782,10782,4181.2216796875
10783,10783,5822.7041015625
10784,10784,5541.9404296875
10785,10785,75745.8125
10786,10786,9210.419921875
10787,10787,8979.1533203125
10788,10788,7000.0517578125
10789,10789,6825.42919921875
10790,10790,10865.81640625
10791,10791,9763.55078125
10792,10792,14191.107421875
10793,10793,7544.13525390625
10794,10794,7022.54638671875
10795,10795,7635.58447265625
10796,10796,62163.6640625
10797,10797,155351.75
10798,10798,7552.673828125
10799,10799,7582.56396484375
10800,10800,110615.71875
10801,10801,5875.99755859375
10802,10802,9366.7392578125
10803,10803,199976.28125
10804,10804,7814.1396484375
10805,10805,9651.3037109375
10806,10806,7757.69140625
10807,10807,151378.078125
10808,10808,6883.63037109375
10809,10809,17076.9453125
10810,10810,143051.703125
10811,10811,8061.4228515625
10812,10812,13003.646484375
10813,10813,11128.8671875
10814,10814,14007.2822265625
10815,10815,51704.328125
10816,10816,4670.3046875
10817,10817,7017.90234375
10818,10818,3511319.25
10819,10819,6562.068359375
10820,10820,14122.9912109375
10821,10821,6948.91748046875
10822,10822,14922.48828125
10823,10823,7148.04541015625
10824,10824,6684.0576171875
10825,10825,14752.7041015625
10826,10826,28377.314453125
10827,10827,17550.294921875
10828,10828,7382.8447265625
10829,10829,12761071.0
10830,10830,5375.78271484375
10831,10831,11929.828125
10832,10832,485266.375
10833,10833,7322.18896484375
10834,10834,4189.79052734375
10835,10835,104430.4921875
10836,10836,13868.826171875
10837,10837,5889.96630859375
10838,10838,62798.79296875
10839,10839,1525297.125
10840,10840,10944.4033203125
10841,10841,13949.5341796875
10842,10842,16019.3603515625
10843,10843,6335.5205078125
10844,10844,7316.74658203125
10845,10845,19096.6953125
10846,10846,35537.66015625
10847,10847,22474.677734375
10848,10848,10180.4033203125
10849,10849,9393.517578125
10850,10850,9616.2783203125
10851,10851,4832.923828125
10852,10852,35033.09375
10853,10853,6705.97021484375
10854,10854,13485.33984375
10855,10855,10090.7900390625
10856,10856,25444.48828125
10857,10857,9656.390625
10858,10858,6110.0595703125
10859,10859,6870.11474609375
10860,10860,15733.017578125
10861,10861,6324.79345703125
10862,10862,5433.92919921875
10863,10863,5208.455078125
10864,10864,4335.0830078125
10865,10865,8967.0009765625
10866,10866,7356.84619140625
10867,10867,7923.2119140625
10868,10868,11999.044921875
10869,10869,5956.40576171875
10870,10870,31518.7734375
10871,10871,5572.0029296875
10872,10872,7193.578125
10873,10873,44208.6015625
10874,10874,7772.63720703125
10875,10875,18388.654296875
10876,10876,10269.6962890625
10877,10877,8216.421875
10878,10878,11988.4384765625
10879,10879,7916.4462890625
10880,10880,159441.359375
10881,10881,10718.8505859375
10882,10882,119552.5625
10883,10883,92208.6484375
10884,10884,51509.2890625
10885,10885,23363.091796875
10886,10886,7065.412109375
10887,10887,4367.32763671875
10888,10888,31068.869140625
10889,10889,6147.87646484375
10890,10890,6613.0185546875
10891,10891,202610.9375
10892,10892,9809.642578125
10893,10893,79819.7890625
10894,10894,6562.7666015625
10895,10895,6085.2822265625
10896,10896,6304.9892578125
10897,10897,6966.76220703125
10898,10898,108507.1796875
10899,10899,53146.609375
10900,10900,9793.4169921875
10901,10901,13095.4013671875
10902,10902,16969.701171875
10903,10903,3879.432373046875
10904,10904,30172.044921875
10905,10905,3301.42724609375
10906,10906,113366.4609375
10907,10907,13608.5
10908,10908,54501.8828125
10909,10909,28530.4140625
10910,10910,6301.4892578125
10911,10911,5310.44091796875
10912,10912,25863.091796875
10913,10913,29809.630859375
10914,10914,8780.8369140625
10915,10915,6518.39990234375
10916,10916,5941.517578125
10917,10917,9287.77734375
10918,10918,126872.9765625
10919,10919,27346.185546875
10920,10920,12208.16015625
10921,10921,12411.7470703125
10922,10922,13013.24609375
10923,10923,11748.236328125
10924,10924,9130.6669921875
10925,10925,13908.7724609375
10926,10926,63436.671875
10927,10927,6605.85302734375
10928,10928,5777.66064453125
10929,10929,7093.9638671875
10930,10930,3322.63623046875
10931,10931,2951.130615234375
10932,10932,11446.6064453125
10933,10933,45203.22265625
10934,10934,8930.44140625
10935,10935,4015.464599609375
10936,10936,15966.30078125
10937,10937,6185.57958984375
10938,10938,8873.9140625
10939,10939,199689.203125
10940,10940,59619.80078125
10941,10941,43754.26953125
10942,10942,3568.380859375
10943,10943,6506.8935546875
10944,10944,114260.5234375
10945,10945,45605.54296875
10946,10946,11063.349609375
10947,10947,8513.0361328125
10948,10948,9853.0625
10949,10949,7281.31640625
10950,10950,6633.5966796875
10951,10951,13538.814453125
10952,10952,21496.318359375
10953,10953,7485.95361328125
10954,10954,9481.29296875
10955,10955,7780.03125
10956,10956,7502.0947265625
10957,10957,16962.609375
10958,10958,7853.27880859375
10959,10959,6070.9462890625
10960,10960,8547.4716796875
10961,10961,6235.3408203125
10962,10962,121222.0625
10963,10963,24804.287109375
10964,10964,5140.01171875
10965,10965,5906.97705078125
10966,10966,98583.0390625
10967,10967,4829.79248046875
10968,10968,9410.9658203125
10969,10969,5755.68212890625
10970,10970,10719.25
10971,10971,49047.34765625
10972,10972,7370.4306640625
10973,10973,9839.0732421875
10974,10974,8081.12060546875
10975,10975,7997.75732421875
10976,10976,19634.806640625
10977,10977,12692.8486328125
10978,10978,9405.7109375
10979,10979,81622.4453125
10980,10980,70546.515625
10981,10981,57523.8671875
10982,10982,124417.78125
10983,10983,4201.05078125
10984,10984,3657.24072265625
10985,10985,38323.06640625
10986,10986,45606.36328125
10987,10987,18774.958984375
10988,10988,35900.80859375
10989,10989,8397.5693359375
10990,10990,6376.85693359375
10991,10991,7709.4306640625
10992,10992,7752.470703125
10993,10993,25147.013671875
10994,10994,26768.53515625
10995,10995,8310925.5
10996,10996,12338.04296875
10997,10997,11930.96484375
10998,10998,9468.57421875
10999,10999,6628.728515625
11000,11000,6598.62744140625
11001,11001,7821.27685546875
11002,11002,57832.73828125
11003,11003,33492.6484375
11004,11004,6135.14208984375
11005,11005,6759.291015625
11006,11006,85672.03125
11007,11007,16359.4033203125
11008,11008,6610.45263671875
11009,11009,12700.7548828125
11010,11010,6399.10693359375
11011,11011,7467.5615234375
11012,11012,5646.005859375
11013,11013,16374.2802734375
11014,11014,97402.109375
11015,11015,10898.734375
11016,11016,135063.1875
11017,11017,5012.80908203125
11018,11018,5889.48046875
11019,11019,5725.73388671875
11020,11020,15713.017578125
11021,11021,18760.33984375
11022,11022,10248.16015625
11023,11023,9263.60546875
11024,11024,13922.7919921875
11025,11025,7472.51171875
11026,11026,7196.8623046875
11027,11027,8411.7724609375
11028,11028,8724.9501953125
11029,11029,8577.3046875
11030,11030,9664.427734375
11031,11031,34822.33984375
11032,11032,8956.1923828125
11033,11033,21152.203125
11034,11034,8547.6083984375
11035,11035,13898.8203125
11036,11036,36609.4453125
11037,11037,11622.7421875
11038,11038,5422.7060546875
11039,11039,9021.759765625
11040,11040,8395.453125
11041,11041,12876.818359375
11042,11042,69141.4453125
11043,11043,6218.896484375
11044,11044,8866.7392578125
11045,11045,7483.7001953125
11046,11046,11229.3271484375
11047,11047,12543.2919921875
11048,11048,6035.6640625
11049,11049,5715.9716796875
11050,11050,6214.46337890625
11051,11051,7433.17919921875
11052,11052,5268.83349609375
11053,11053,8434.7421875
11054,11054,5264.7509765625
11055,11055,7769.48974609375
11056,11056,26408.4609375
11057,11057,39483.83984375
11058,11058,34195.07421875
11059,11059,9049.53125
11060,11060,6949.7890625
11061,11061,10668.642578125
11062,11062,6141.056640625
11063,11063,48498.88671875
11064,11064,7548.537109375
11065,11065,9976.0068359375
11066,11066,15574.8623046875
11067,11067,6060.4208984375
11068,11068,27753.828125
11069,11069,8839.2119140625
11070,11070,7449.89404296875
11071,11071,4190.99853515625
11072,11072,11609.2802734375
11073,11073,8387.97265625
11074,11074,49943.43359375
11075,11075,4265.80029296875
11076,11076,10407.7939453125
11077,11077,10972.7880859375
11078,11078,10879.0732421875
11079,11079,6899.60205078125
11080,11080,25497.68359375
11081,11081,10636.134765625
11082,11082,142209.65625
11083,11083,10525.1025390625
11084,11084,19415.255859375
11085,11085,10865.31640625
11086,11086,179919.71875
11087,11087,7889.28076171875
11088,11088,5800.521484375
11089,11089,5381.22021484375
11090,11090,8902.0087890625
11091,11091,9012.03125
11092,11092,7551.06298828125
11093,11093,7561.94482421875
11094,11094,13912.9677734375
11095,11095,159904.03125
11096,11096,9715.330078125
11097,11097,6351.359375
11098,11098,10610.326171875
11099,11099,4202.748046875
11100,11100,24105.609375
11101,11101,138034.6875
11102,11102,9635.3583984375
11103,11103,63171.75
11104,11104,14461.9599609375
11105,11105,9257.126953125
11106,11106,101595.3046875
11107,11107,3764757.75
11108,11108,6496.8486328125
11109,11109,12491.880859375
11110,11110,22151.685546875
11111,11111,20292.642578125
11112,11112,14474.7197265625
11113,11113,405139.71875
11114,11114,9492.05859375
11115,11115,5280.11181640625
11116,11116,10184.078125
11117,11117,71024.546875
11118,11118,5695.123046875
11119,11119,9863.962890625
11120,11120,16497.494140625
11121,11121,5016.2548828125
11122,11122,41343.328125
11123,11123,69956.703125
11124,11124,4762.6572265625
11125,11125,3275804.25
11126,11126,5281.91552734375
11127,11127,8366.3056640625
11128,11128,6629.587890625
11129,11129,7128.1845703125
11130,11130,5266.388671875
11131,11131,95756.1796875
11132,11132,6000.46142578125
11133,11133,51721.2890625
11134,11134,11604.4931640625
11135,11135,5910.4970703125
11136,11136,34876.81640625
11137,11137,8455.8896484375
11138,11138,14099.84375
11139,11139,5796.34619140625
11140,11140,5962.908203125
11141,11141,7645.357421875
11142,11142,12542.291015625
11143,11143,6613.2783203125
11144,11144,25658.890625
11145,11145,5582.521484375
11146,11146,6243.16650390625
11147,11147,25421.701171875
11148,11148,178673.359375
11149,11149,8904.4921875
11150,11150,58283.4453125
11151,11151,9236.3916015625
11152,11152,6477.37060546875
11153,11153,8211.5283203125
11154,11154,7851.759765625
11155,11155,21384.212890625
11156,11156,12896.4375
11157,11157,4487.09619140625
11158,11158,32617.244140625
11159,11159,150376.828125
11160,11160,13569.8251953125
11161,11161,6927.6796875
11162,11162,10464.0966796875
11163,11163,6120.0888671875
11164,11164,46501.6796875
11165,11165,96710.0234375
11166,11166,10343.7275390625
11167,11167,405510.53125
11168,11168,74664.4375
11169,11169,9509.8486328125
11170,11170,9288.1279296875
11171,11171,4327.46337890625
11172,11172,28365.216796875
11173,11173,6839.72802734375
11174,11174,10198.673828125
11175,11175,7037.12451171875
11176,11176,7257.52099609375
11177,11177,52722.95703125
11178,11178,16709.16015625
11179,11179,10162.96484375
11180,11180,28528.10546875
11181,11181,9408.90234375
11182,11182,90872.3984375
11183,11183,9589.974609375
11184,11184,7943.96044921875
11185,11185,3042.8486328125
11186,11186,292698.03125
11187,11187,12788.2724609375
11188,11188,7338.37548828125
11189,11189,94503.2421875
11190,11190,5984.18408203125
11191,11191,3659.177001953125
11192,11192,2998.693115234375
11193,11193,30269.927734375
11194,11194,6567.060546875
11195,11195,3561.613037109375
11196,11196,5313.38623046875
11197,11197,5635.845703125
11198,11198,8332.640625
11199,11199,8441.384765625
11200,11200,3595757.0
11201,11201,18430.451171875
11202,11202,16231.896484375
11203,11203,53099.1015625
11204,11204,4894.330078125
11205,11205,190479.71875
11206,11206,14820.2255859375
11207,11207,6400.41845703125
11208,11208,63602.19921875
11209,11209,7909.48193359375
11210,11210,27878.859375
11211,11211,78575.1875
11212,11212,7167.1865234375
11213,11213,13821.5517578125
11214,11214,5080.32080078125
11215,11215,5563.6552734375
11216,11216,17781.59375
11217,11217,12752.8212890625
11218,11218,9837.560546875
11219,11219,19215.830078125
11220,11220,18843.92578125
11221,11221,52620.09375
11222,11222,15517.080078125
11223,11223,10069.3623046875
11224,11224,7142.57177734375
11225,11225,56018.015625
11226,11226,7824.83935546875
11227,11227,96199.5859375
11228,11228,7016892.5
11229,11229,51651.02734375
11230,11230,5133.06494140625
11231,11231,39725.05859375
11232,11232,9351.4052734375
11233,11233,4493.3046875
11234,11234,5861.85986328125
11235,11235,8408.05859375
11236,11236,14862.4873046875
11237,11237,5762.3779296875
11238,11238,5697.29443359375
11239,11239,13984.2255859375
11240,11240,7523.84521484375
11241,11241,166922.609375
11242,11242,6700.853515625
11243,11243,7830.28515625
11244,11244,850229.75
11245,11245,23259.044921875
11246,11246,7827.40576171875
11247,11247,9029.51171875
11248,11248,15956.46484375
11249,11249,8667.953125
11250,11250,18238.775390625
11251,11251,5632.890625
11252,11252,92803.375
11253,11253,7827.73779296875
11254,11254,18990.724609375
11255,11255,586200.4375
11256,11256,116220.203125
11257,11257,11235.02734375
11258,11258,7773.97900390625
11259,11259,12676.6328125
11260,11260,24791.40625
11261,11261,4303.68017578125
11262,11262,19690.302734375
11263,11263,9779.7646484375
11264,11264,11489.33984375
11265,11265,9829.376953125
11266,11266,162441.703125
11267,11267,7921.013671875
11268,11268,6414.1396484375
11269,11269,6331.19482421875
11270,11270,4160.59423828125
11271,11271,23754.216796875
11272,11272,5029.98388671875
11273,11273,17081.251953125
11274,11274,6825.55810546875
11275,11275,6720.56494140625
11276,11276,7563.26220703125
11277,11277,7103.31787109375
11278,11278,6097416.5
11279,11279,15010.208984375
11280,11280,20563.78515625
11281,11281,7696.8671875
11282,11282,7014.38037109375
11283,11283,19229.48828125
11284,11284,6401.50732421875
11285,11285,7798.505859375
11286,11286,8759.6298828125
11287,11287,7202.814453125
11288,11288,25060.669921875
11289,11289,34144.84375
11290,11290,11044.5517578125
11291,11291,10706.818359375
11292,11292,18001.134765625
11293,11293,4792.70361328125
11294,11294,14301.2939453125
11295,11295,8857.1240234375
11296,11296,51221.55859375
11297,11297,11365.38671875
11298,11298,37230.5078125
11299,11299,5237.9267578125
11300,11300,85860.6171875
11301,11301,10429.0263671875
11302,11302,8415.83203125
11303,11303,6891.04052734375
11304,11304,5310.08154296875
11305,11305,138193.359375
11306,11306,5003.19921875
11307,11307,25070.625
11308,11308,12470.48046875
11309,11309,12520.201171875
11310,11310,8322.6181640625
11311,11311,6112.77294921875
11312,11312,17265.6796875
11313,11313,177127.375
11314,11314,15714.6328125
11315,11315,6153.654296875
11316,11316,8034.11376953125
11317,11317,11594.962890625
11318,11318,6530.79052734375
11319,11319,14795.2392578125
11320,11320,9579.6591796875
11321,11321,7091.15087890625
11322,11322,7941.00146484375
11323,11323,22916.451171875
11324,11324,52041.2890625
11325,11325,11702.1572265625
11326,11326,21391.22265625
11327,11327,7053.216796875
11328,11328,8718.544921875
11329,11329,8237.3701171875
11330,11330,7023.72998046875
11331,11331,5187.890625
11332,11332,6238.76904296875
11333,11333,7687.97998046875
11334,11334,8114.8134765625
11335,11335,18656.6953125
11336,11336,3337.5244140625
11337,11337,74299.7890625
11338,11338,29335.38671875
11339,11339,5356.47216796875
11340,11340,6547.89501953125
11341,11341,24433.21875
11342,11342,327545.15625
11343,11343,9699.4169921875
11344,11344,19867.462890625
11345,11345,7679.29150390625
11346,11346,11244.7666015625
11347,11347,46103.41015625
11348,11348,5413.8876953125
11349,11349,24000.734375
11350,11350,11488.185546875
11351,11351,6741.9619140625
11352,11352,5529.08984375
11353,11353,6639.1513671875
11354,11354,10732.5283203125
11355,11355,12532.9033203125
11356,11356,15954.4296875
11357,11357,4225.0556640625
11358,11358,8043.4326171875
11359,11359,157932.5
11360,11360,9126.25
11361,11361,7636.3974609375
11362,11362,8570.3076171875
11363,11363,7138.87548828125
11364,11364,10888.416015625
11365,11365,10467.041015625
11366,11366,6667.99658203125
11367,11367,8363.09765625
11368,11368,5727.13134765625
11369,11369,19963.265625
11370,11370,35825.546875
11371,11371,7051.54541015625
11372,11372,10561.322265625
11373,11373,9025.6826171875
11374,11374,8013.9658203125
11375,11375,1789075.5
11376,11376,6916.53662109375
11377,11377,112566.3125
11378,11378,38935.2421875
11379,11379,5964.43017578125
11380,11380,8549.49609375
11381,11381,7077.35400390625
11382,11382,7896.7509765625
11383,11383,6192.39892578125
11384,11384,20965.51953125
11385,11385,6802.09228515625
11386,11386,9742.1162109375
11387,11387,9098.4111328125
11388,11388,16000.28515625
11389,11389,6439.91064453125
11390,11390,8590.7578125
11391,11391,8130.1640625
11392,11392,7586.302734375
11393,11393,21186.783203125
11394,11394,143877.765625
11395,11395,10488.37109375
11396,11396,7048.97900390625
11397,11397,6417.04248046875
11398,11398,4976.49365234375
11399,11399,7528.2685546875
11400,11400,9029.7470703125
11401,11401,14044.9658203125
11402,11402,6209.37841796875
11403,11403,17144.458984375
11404,11404,4993.42724609375
11405,11405,16006.0361328125
11406,11406,15048.0078125
11407,11407,171467.8125
11408,11408,8859.5849609375
11409,11409,23364.70703125
11410,11410,22396.783203125
11411,11411,11037.3427734375
11412,11412,24183.96484375
11413,11413,4248.42822265625
11414,11414,8030.91259765625
11415,11415,7891.46240234375
11416,11416,50465.015625
11417,11417,6418633.5
11418,11418,4521.73388671875
11419,11419,3141.9326171875
11420,11420,35328.58203125
11421,11421,8241.5869140625
11422,11422,4351.56005859375
11423,11423,18005.54296875
11424,11424,4181.26171875
11425,11425,9659.0400390625
11426,11426,4711.9609375
11427,11427,9212.451171875
11428,11428,7025.14599609375
11429,11429,5195.912109375
11430,11430,22221.75
11431,11431,11737.779296875
11432,11432,6860.31640625
11433,11433,18038.021484375
11434,11434,8501.2861328125
11435,11435,12913.478515625
11436,11436,7707.44140625
11437,11437,16275.083984375
11438,11438,46631.12890625
11439,11439,134598.890625
11440,11440,9053.65234375
11441,11441,17414.083984375
11442,11442,8049.75146484375
11443,11443,6671.642578125
11444,11444,58224.65234375
11445,11445,21066.3125
11446,11446,9937.046875
11447,11447,4290.13818359375
11448,11448,9631.078125
11449,11449,3915.744873046875
11450,11450,6720.04541015625
11451,11451,11947.9150390625
11452,11452,7594.6484375
11453,11453,6361.419921875
11454,11454,16116.859375
11455,11455,5609.66357421875
11456,11456,8163.1806640625
11457,11457,12330.298828125
11458,11458,8900.7373046875
11459,11459,24194.857421875
11460,11460,5526.63720703125
11461,11461,16384.15625
11462,11462,18678.357421875
11463,11463,8196.2724609375
11464,11464,140523.78125
11465,11465,9476.7890625
11466,11466,28294.572265625
11467,11467,43746.6953125
11468,11468,5409.13134765625
11469,11469,38270.61328125
11470,11470,14150.3154296875
11471,11471,8249.6103515625
11472,11472,4620.041015625
11473,11473,5214.60205078125
11474,11474,7442.80419921875
11475,11475,9031.56640625
11476,11476,9494.017578125
11477,11477,4527.40576171875
11478,11478,98835.0234375
11479,11479,5589.6123046875
11480,11480,5766.8330078125
11481,11481,11700.4296875
11482,11482,4341.14306640625
11483,11483,10750.283203125
11484,11484,5682.25439453125
11485,11485,54903.38671875
11486,11486,7502.79736328125
11487,11487,5316.2490234375
11488,11488,92634.640625
11489,11489,214156.234375
11490,11490,302724.90625
11491,11491,8860.5654296875
11492,11492,7969.70263671875
11493,11493,5945.65625
11494,11494,9871.12109375
11495,11495,6388.6796875
11496,11496,27883.013671875
11497,11497,11823.2880859375
11498,11498,6074.90185546875
11499,11499,44622.89453125
11500,11500,8056.93212890625
11501,11501,10028.986328125
11502,11502,5977.60986328125
11503,11503,17629.015625
11504,11504,3853.721923828125
11505,11505,3771.46337890625
11506,11506,9148.80078125
11507,11507,5779.9033203125
11508,11508,11342.486328125
11509,11509,9855.0908203125
11510,11510,132149.25
11511,11511,2994501.5
11512,11512,8917.0078125
11513,11513,7852.55615234375
11514,11514,77857.1875
11515,11515,15611.0263671875
11516,11516,9424.9501953125
11517,11517,326298.875
11518,11518,5034.16552734375
11519,11519,6515.14111328125
11520,11520,7838.71875
11521,11521,6068.14599609375
11522,11522,34043.21484375
11523,11523,14262.7177734375
11524,11524,50853.14453125
11525,11525,9897.759765625
11526,11526,15941.7900390625
11527,11527,7194.20703125
11528,11528,21600.828125
11529,11529,8583.7470703125
11530,11530,6971.58984375
11531,11531,11357.662109375
11532,11532,16535.330078125
11533,11533,9980.3154296875
11534,11534,28839.044921875
11535,11535,3662.2890625
11536,11536,16203.9970703125
11537,11537,6159.701171875
11538,11538,6305.30712890625
11539,11539,7220.78271484375
11540,11540,8444.8173828125
11541,11541,18317.578125
11542,11542,1610027.375
11543,11543,29053.935546875
11544,11544,13008.1005859375
11545,11545,15487.96484375
11546,11546,8854.35546875
11547,11547,16266.447265625
11548,11548,73980.5546875
11549,11549,31509.6015625
11550,11550,9779.6455078125
11551,11551,4503.18994140625
11552,11552,7701.94970703125
11553,11553,32539.6640625
11554,11554,8438.64453125
11555,11555,7289.29443359375
11556,11556,59588.93359375
11557,11557,6073.95166015625
11558,11558,110905.4296875
11559,11559,131982.046875
11560,11560,4266.2177734375
11561,11561,6886.9462890625
11562,11562,6159.81494140625
11563,11563,6585.30224609375
11564,11564,11111.5458984375
11565,11565,9289.5576171875
11566,11566,5687.0126953125
11567,11567,9242.5595703125
11568,11568,48651.671875
11569,11569,133587.265625
11570,11570,6432.0634765625
11571,11571,8635.365234375
11572,11572,15181.6806640625
11573,11573,24198.62109375
11574,11574,22845.943359375
11575,11575,4858.36279296875
11576,11576,11452.9189453125
11577,11577,13916.2744140625
11578,11578,5121.564453125
11579,11579,7580.87548828125
11580,11580,11511.580078125
11581,11581,7198.97314453125
11582,11582,11949.9716796875
11583,11583,17444.486328125
11584,11584,12104.576171875
11585,11585,6945.646484375
11586,11586,13650.0849609375
11587,11587,121720.1953125
11588,11588,5813.32470703125
11589,11589,8880.1474609375
11590,11590,14243.71875
11591,11591,10097.4208984375
11592,11592,5526.45458984375
11593,11593,49873.13671875
11594,11594,8783.453125
11595,11595,121911.5546875
11596,11596,9656.55859375
11597,11597,8803.0849609375
11598,11598,6469.89697265625
11599,11599,10408.6650390625
11600,11600,8467.951171875
11601,11601,21582.720703125
11602,11602,8818.888671875
11603,11603,11268.380859375
11604,11604,13822.0478515625
11605,11605,5749.306640625
11606,11606,11088.3232421875
11607,11607,72547.6171875
11608,11608,7855.20458984375
11609,11609,881714.5625
11610,11610,19432.57421875
11611,11611,10570.7509765625
11612,11612,5902.89111328125
11613,11613,10134.458984375
11614,11614,6908.701171875
11615,11615,5725.05859375
11616,11616,7089.43017578125
11617,11617,10384.251953125
11618,11618,3799669.75
11619,11619,6976.9677734375
11620,11620,101645.3203125
11621,11621,7277.35400390625
11622,11622,3444892.25
11623,11623,4222.3740234375
11624,11624,37845.328125
11625,11625,7018.603515625
11626,11626,7352.2890625
11627,11627,9770.111328125
11628,11628,8188.33642578125
11629,11629,20795.560546875
11630,11630,6019.5068359375
11631,11631,19052.8671875
11632,11632,5563.1376953125
11633,11633,17256.31640625
11634,11634,6908.92919921875
11635,11635,5573.8701171875
11636,11636,4984.49560546875
11637,11637,13252.751953125
11638,11638,128201.7109375
11639,11639,6579.14990234375
11640,11640,8946.30078125
11641,11641,9873.056640625
11642,11642,87707.765625
11643,11643,88766.375
11644,11644,12020.388671875
11645,11645,24990.6953125
11646,11646,7240.56005859375
11647,11647,14125.810546875
11648,11648,54600.41796875
11649,11649,7335.15771484375
11650,11650,4128.0390625
11651,11651,6710.2890625
11652,11652,8197.0302734375
11653,11653,251960.53125
11654,11654,12604.26171875
11655,11655,7752.31103515625
11656,11656,18947.1875
11657,11657,5303.1396484375
11658,11658,279743.8125
11659,11659,6706.73046875
11660,11660,13334.16015625
11661,11661,8628.4716796875
11662,11662,10157.69921875
11663,11663,7559.109375
11664,11664,124618.9921875
11665,11665,8309.302734375
11666,11666,7255.55322265625
11667,11667,11218.0712890625
11668,11668,5614.36962890625
11669,11669,36086.21875
11670,11670,41483.421875
11671,11671,35825.55859375
11672,11672,7457.93505859375
11673,11673,7953.068359375
11674,11674,6811.38232421875
11675,11675,21157.87890625
11676,11676,100892.15625
11677,11677,5682.5126953125
11678,11678,38036.31640625
11679,11679,10964.951171875
11680,11680,6811.142578125
11681,11681,2668650.5
11682,11682,5043.06884765625
11683,11683,6413.24853515625
11684,11684,26357.416015625
11685,11685,9559.162109375
11686,11686,12538.8642578125
11687,11687,7927.68017578125
11688,11688,118040.9296875
11689,11689,6070.25439453125
11690,11690,11836.0625
11691,11691,5894.08740234375
11692,11692,6540.814453125
11693,11693,6496.9052734375
11694,11694,7422.916015625
11695,11695,6917.90576171875
11696,11696,6717.52294921875
11697,11697,11618.4521484375
11698,11698,32663.4921875
11699,11699,20318.55078125
11700,11700,9273.0146484375
11701,11701,8011.12158203125
11702,11702,133837.4375
11703,11703,39796.3203125
11704,11704,20730.078125
11705,11705,13318.33203125
11706,11706,9893.962890625
11707,11707,9054.515625
11708,11708,47722.98828125
11709,11709,56476.984375
11710,11710,6413.3203125
11711,11711,75515.59375
11712,11712,10420.74609375
11713,11713,5281.35693359375
11714,11714,82112.671875
11715,11715,6506.267578125
11716,11716,59765.8203125
11717,11717,8867.0224609375
11718,11718,8464.4091796875
11719,11719,14517.75
11720,11720,196137.671875
11721,11721,4472.6318359375
11722,11722,81249.53125
11723,11723,6561.77783203125
11724,11724,19006.58984375
11725,11725,24898.822265625
11726,11726,4433.640625
11727,11727,12221.8876953125
11728,11728,78867.7890625
11729,11729,6504.01904296875
11730,11730,170908.390625
11731,11731,23207.7890625
11732,11732,11752.625
11733,11733,6547.78857421875
11734,11734,54341.41796875
11735,11735,30828.951171875
11736,11736,12500.9384765625
11737,11737,15365.294921875
11738,11738,8339.291015625
11739,11739,14423.50390625
11740,11740,5658.31982421875
11741,11741,8056.0400390625
11742,11742,6422.58056640625
11743,11743,3990.004638671875
11744,11744,13288.640625
11745,11745,5916.1181640625
11746,11746,3145.938720703125
11747,11747,12645.88671875
11748,11748,25312.30078125
11749,11749,7297.01513671875
11750,11750,9474.96484375
11751,11751,5278.64111328125
11752,11752,18703.34765625
11753,11753,102849.6875
11754,11754,12727.7470703125
11755,11755,7408.869140625
11756,11756,2893.457763671875
11757,11757,8624.3271484375
11758,11758,10417.28515625
11759,11759,6241.69482421875
11760,11760,11019.2509765625
11761,11761,5802.33837890625
11762,11762,72316.1484375
11763,11763,11422.31640625
11764,11764,7733.09716796875
11765,11765,12390.298828125
11766,11766,9805.85546875
11767,11767,16591.76953125
11768,11768,26657.49609375
11769,11769,212501.140625
11770,11770,4192.294921875
11771,11771,5888.9140625
11772,11772,7747.896484375
11773,11773,7378.12744140625
11774,11774,12236.8173828125
11775,11775,4131.1357421875
11776,11776,70321.3359375
11777,11777,3883.42333984375
11778,11778,6505.54248046875
11779,11779,12195.7578125
11780,11780,5893.57666015625
11781,11781,7089.2666015625
11782,11782,17254.056640625
11783,11783,4930.6513671875
11784,11784,7136.28076171875
11785,11785,6008.73388671875
11786,11786,5901.53857421875
11787,11787,52833.60546875
11788,11788,53374.49609375
11789,11789,119669.2578125
11790,11790,6290.07373046875
11791,11791,6139.39892578125
11792,11792,40364.2109375
11793,11793,16569.23828125
11794,11794,5972.42626953125
11795,11795,12956.8330078125
11796,11796,6781.5400390625
11797,11797,6215.8134765625
11798,11798,6217.47265625
11799,11799,7670.30810546875
11800,11800,5568.90380859375
11801,11801,7126.44970703125
11802,11802,25154.177734375
11803,11803,5042.91455078125
11804,11804,35136.48046875
11805,11805,8513.802734375
11806,11806,25496.41796875
11807,11807,13816.3603515625
11808,11808,99849.7109375
11809,11809,9176.5751953125
11810,11810,4836.12451171875
11811,11811,6662.501953125
11812,11812,5391.33251953125
11813,11813,5433.50341796875
11814,11814,3990.020263671875
11815,11815,7853.24951171875
11816,11816,5636.73681640625
11817,11817,8364.2685546875
11818,11818,9215.3896484375
11819,11819,7355.177734375
11820,11820,74297.78125
11821,11821,11899.2392578125
11822,11822,80540.0625
11823,11823,30112.337890625
11824,11824,7126.40234375
11825,11825,154732.953125
11826,11826,191959.140625
11827,11827,7868.6611328125
11828,11828,7265.05712890625
11829,11829,8373.130859375
11830,11830,4911.587890625
11831,11831,18055.876953125
11832,11832,22842.02734375
11833,11833,49665.4296875
11834,11834,8003.98779296875
11835,11835,7715.8212890625
11836,11836,16340.23828125
11837,11837,80027.7890625
11838,11838,189228.109375
11839,11839,23601.705078125
11840,11840,11926.5595703125
11841,11841,117156.6171875
11842,11842,6653.16357421875
11843,11843,7905.99560546875
11844,11844,6147.60546875
11845,11845,5278.18994140625
11846,11846,144717.5
11847,11847,271331.90625
11848,11848,24684.650390625
11849,11849,6347.25341796875
11850,11850,28309.763671875
11851,11851,6713.15185546875
11852,11852,23215.888671875
11853,11853,7821.10205078125
11854,11854,9663.830078125
11855,11855,6167.10205078125
11856,11856,7600.177734375
11857,11857,15041.5
11858,11858,7442.40380859375
11859,11859,4750.59521484375
11860,11860,196129.109375
11861,11861,161397.203125
11862,11862,162057.765625
11863,11863,16677.208984375
11864,11864,8547.802734375
11865,11865,4929.4375
11866,11866,5876.474609375
11867,11867,9830.951171875
11868,11868,49995.01171875
11869,11869,5874.853515625
11870,11870,17938.66015625
11871,11871,370086.5
11872,11872,12743.3681640625
11873,11873,6236.85302734375
11874,11874,3243.621826171875
11875,11875,5210.26953125
11876,11876,4096.72021484375
11877,11877,5019.201171875
11878,11878,4832.78662109375
11879,11879,9965.498046875
11880,11880,5295.94970703125
11881,11881,31775.419921875
11882,11882,16352.26171875
11883,11883,81518.6328125
11884,11884,6635.27392578125
11885,11885,30820.8984375
11886,11886,10692.0986328125
11887,11887,6644.009765625
11888,11888,21433.888671875
11889,11889,16889.072265625
11890,11890,6594.38037109375
11891,11891,18460.29296875
11892,11892,5886.53076171875
11893,11893,4587.89794921875
11894,11894,11664.34375
11895,11895,38706.5234375
11896,11896,7345.28466796875
11897,11897,8214.498046875
11898,11898,7968.1015625
11899,11899,18224.462890625
11900,11900,6230.8310546875
11901,11901,9383.8994140625
11902,11902,13903.478515625
11903,11903,5927.6640625
11904,11904,5361.32177734375
11905,11905,4567.53955078125
11906,11906,44282.42578125
11907,11907,25963.466796875
11908,11908,6870.92578125
11909,11909,5933.5087890625
11910,11910,6948.70068359375
11911,11911,5769.59619140625
11912,11912,46554.359375
11913,11913,4428.21533203125
11914,11914,7646.7041015625
11915,11915,42587.78125
11916,11916,135444.765625
11917,11917,4547.5302734375
11918,11918,6518.572265625
11919,11919,16444.435546875
11920,11920,7283.87255859375
11921,11921,12281.0380859375
11922,11922,108857.484375
11923,11923,4195.9423828125
11924,11924,11000.1328125
11925,11925,92652.453125
11926,11926,7461.98193359375
11927,11927,7966.5888671875
11928,11928,23099.259765625
11929,11929,10050.740234375
11930,11930,7852.94921875
11931,11931,6376.201171875
11932,11932,7103.6904296875
11933,11933,10799.486328125
11934,11934,6983.06201171875
11935,11935,5797.541015625
11936,11936,28110.46875
11937,11937,8834.318359375
11938,11938,5005.3583984375
11939,11939,8168.60595703125
11940,11940,106003.140625
11941,11941,63708.9921875
11942,11942,252966.953125
11943,11943,10910.94140625
11944,11944,6946.10205078125
11945,11945,16579.650390625
11946,11946,19185.330078125
11947,11947,26125.921875
11948,11948,7336.2421875
11949,11949,3591.667236328125
11950,11950,29893.6171875
11951,11951,10802.283203125
11952,11952,8145.25927734375
11953,11953,12208.330078125
11954,11954,16658.87109375
11955,11955,37410.2421875
11956,11956,407076.625
11957,11957,11629.1181640625
11958,11958,9088.2333984375
11959,11959,15403.025390625
11960,11960,6800.85009765625
11961,11961,16900.591796875
11962,11962,6253.0869140625
11963,11963,195755.828125
11964,11964,186736.984375
11965,11965,35069.3671875
11966,11966,10031.88671875
11967,11967,11355.4599609375
11968,11968,6037.45556640625
11969,11969,13833.859375
11970,11970,5143.1904296875
11971,11971,7878.11474609375
11972,11972,9483.689453125
11973,11973,11017.2724609375
11974,11974,10551.5390625
11975,11975,8328.8486328125
11976,11976,18559.994140625
11977,11977,7185.3837890625
11978,11978,10268.7138671875
11979,11979,36221.47265625
11980,11980,16965.916015625
11981,11981,2553.468505859375
11982,11982,8407.361328125
11983,11983,9107.5771484375
11984,11984,687063.0
11985,11985,4962.42236328125
11986,11986,12618.427734375
11987,11987,137011.09375
11988,11988,14558.0087890625
11989,11989,33556.8359375
11990,11990,9538.62890625
11991,11991,3857.3447265625
11992,11992,17269.255859375
11993,11993,5572.06103515625
11994,11994,4053.399169921875
11995,11995,16171.69921875
11996,11996,9077.16015625
11997,11997,6578.56982421875
11998,11998,6943.1865234375
11999,11999,41043.890625
12000,12000,12896.1435546875
12001,12001,7063.408203125
12002,12002,5247.9736328125
12003,12003,4319.54541015625
12004,12004,5675.65576171875
12005,12005,171205.453125
12006,12006,29229.87109375
12007,12007,9769.6923828125
12008,12008,4423.720703125
12009,12009,7220.8408203125
12010,12010,4248.244140625
12011,12011,4234.57568359375
12012,12012,6689.361328125
12013,12013,21719.21875
12014,12014,17620.396484375
12015,12015,4288.79296875
12016,12016,7172.5673828125
12017,12017,8063.7275390625
12018,12018,11393.931640625
12019,12019,215472.34375
12020,12020,11676.7216796875
12021,12021,4274.95654296875
12022,12022,4608.30029296875
12023,12023,7014.9033203125
12024,12024,57571.078125
12025,12025,11937.744140625
12026,12026,50042.359375
12027,12027,6974.189453125
12028,12028,53282.44921875
12029,12029,128756.796875
12030,12030,9867.376953125
12031,12031,84863.3046875
12032,12032,9360.37890625
12033,12033,6595.32080078125
12034,12034,8148.564453125
12035,12035,8335.5732421875
12036,12036,19335.75390625
12037,12037,6364.6220703125
12038,12038,7124.720703125
12039,12039,21187.09375
12040,12040,26611.84375
12041,12041,5705.8349609375
12042,12042,42909.1484375
12043,12043,6676.74609375
12044,12044,8273.220703125
12045,12045,10368.2646484375
12046,12046,7931.74755859375
12047,12047,6955.12939453125
12048,12048,10655.7802734375
12049,12049,21144.51171875
12050,12050,9420.8916015625
12051,12051,5590.5283203125
12052,12052,7649.140625
12053,12053,7475.4697265625
12054,12054,8538.486328125
12055,12055,222047.0
12056,12056,6398.2744140625
12057,12057,13381.5146484375
12058,12058,8345.62890625
12059,12059,4994.98486328125
12060,12060,5125.70556640625
12061,12061,22241.697265625
12062,12062,135097.1875
12063,12063,7513.25
12064,12064,35382.74609375
12065,12065,6341.3212890625
12066,12066,7591.7744140625
12067,12067,7198.884765625
12068,12068,4728.369140625
12069,12069,108740.828125
12070,12070,6405.50048828125
12071,12071,8811.3173828125
12072,12072,8785.958984375
12073,12073,199510.1875
12074,12074,40596.7734375
12075,12075,6811.02783203125
12076,12076,7358.10888671875
12077,12077,3489161.25
12078,12078,8214.90234375
12079,12079,16184.244140625
12080,12080,21232.3046875
12081,12081,11310.853515625
12082,12082,7037.1962890625
12083,12083,7884.4052734375
12084,12084,8428.6630859375
12085,12085,8331.3642578125
12086,12086,10876.0546875
12087,12087,7691.42529296875
12088,12088,11990.0498046875
12089,12089,1941502.75
12090,12090,70570.7890625
12091,12091,11833.271484375
12092,12092,9772.9248046875
12093,12093,9923.873046875
12094,12094,7925.9912109375
12095,12095,62180.44921875
12096,12096,6041.0888671875
12097,12097,144002.703125
12098,12098,46334.96484375
12099,12099,5684.5556640625
12100,12100,19573.697265625
12101,12101,15317.00390625
12102,12102,4303.0859375
12103,12103,70077.7265625
12104,12104,8364.24609375
12105,12105,6483.36083984375
12106,12106,150767.078125
12107,12107,4169079.25
12108,12108,4796.88818359375
12109,12109,7534.9560546875
12110,12110,6862.85888671875
12111,12111,11106.2431640625
12112,12112,15185.0400390625
12113,12113,5506.81396484375
12114,12114,86102.921875
12115,12115,41184.07421875
12116,12116,9717.0732421875
12117,12117,12089.6669921875
12118,12118,5537.3251953125
12119,12119,20201.78125
12120,12120,8393.3095703125
12121,12121,12329.4775390625
12122,12122,11763.484375
12123,12123,6863.625
12124,12124,5549.099609375
12125,12125,18548.087890625
12126,12126,59122.109375
12127,12127,11752.408203125
12128,12128,5960.197265625
12129,12129,217106.28125
12130,12130,6107.34130859375
12131,12131,7508.078125
12132,12132,10088.115234375
12133,12133,3006554.25
12134,12134,233694.4375
12135,12135,6769.0576171875
12136,12136,5681.09619140625
12137,12137,29283.896484375
12138,12138,5882.982421875
12139,12139,6962.65771484375
12140,12140,6265.71826171875
12141,12141,10534.9951171875
12142,12142,7819.7158203125
12143,12143,33999.75
12144,12144,12453.2763671875
12145,12145,7728.87890625
12146,12146,7788.88330078125
12147,12147,9526.0556640625
12148,12148,20400.2734375
12149,12149,3810.210693359375
12150,12150,16936.267578125
12151,12151,6902.408203125
12152,12152,8142.640625
12153,12153,13489.1982421875
12154,12154,8799.08984375
12155,12155,7661.14599609375
12156,12156,9575.4580078125
12157,12157,6040.49169921875
12158,12158,146244.71875
12159,12159,59211.42578125
12160,12160,12516.5625
12161,12161,20586.720703125
12162,12162,61208.87109375
12163,12163,13151.5869140625
12164,12164,8056.82666015625
12165,12165,9143.0966796875
12166,12166,14985.970703125
12167,12167,7944.5556640625
12168,12168,5837.21044921875
12169,12169,9815.2744140625
12170,12170,24055.669921875
12171,12171,5462.68505859375
12172,12172,13530.904296875
12173,12173,14589.798828125
12174,12174,7475.98681640625
12175,12175,3768.0498046875
12176,12176,8177.87060546875
12177,12177,19351.486328125
12178,12178,9270.9248046875
12179,12179,6154.515625
12180,12180,8266.390625
12181,12181,57246.43359375
12182,12182,6398.4658203125
12183,12183,15017.9853515625
12184,12184,7420.9912109375
12185,12185,57984.07421875
12186,12186,12845.484375
12187,12187,10921.4716796875
12188,12188,260551.734375
12189,12189,9187.9033203125
12190,12190,26570.7421875
12191,12191,7577.54248046875
12192,12192,14510.40625
12193,12193,3863.108642578125
12194,12194,6889.61767578125
12195,12195,10215.4453125
12196,12196,6017.00927734375
12197,12197,8921.61328125
12198,12198,111059.3671875
12199,12199,6185.21826171875
12200,12200,4101.0146484375
12201,12201,13708.669921875
12202,12202,7795.82177734375
12203,12203,36120.37890625
12204,12204,6940.22216796875
12205,12205,5997.59228515625
12206,12206,7636.2578125
12207,12207,10337.291015625
12208,12208,41680.30078125
12209,12209,4480.28955078125
12210,12210,35585.01171875
12211,12211,4055.9853515625
12212,12212,17695.595703125
12213,12213,6210.5390625
12214,12214,6772.4970703125
12215,12215,5142.65478515625
12216,12216,5505.771484375
12217,12217,5845.3798828125
12218,12218,2375847.75
12219,12219,50689.2890625
12220,12220,6014.51806640625
12221,12221,5690.1376953125
12222,12222,10094.015625
12223,12223,7142.10205078125
12224,12224,7198.26904296875
12225,12225,14537.0595703125
12226,12226,6967.98388671875
12227,12227,9269.029296875
12228,12228,8299.0732421875
12229,12229,4701.6005859375
12230,12230,36527.0078125
12231,12231,26159.453125
12232,12232,13665.611328125
12233,12233,13865.6640625
12234,12234,5587.9150390625
12235,12235,4856.150390625
12236,12236,5377.3310546875
12237,12237,88675.859375
12238,12238,11966.005859375
12239,12239,7633.89501953125
12240,12240,6493.74169921875
12241,12241,7491.27734375
12242,12242,18438.759765625
12243,12243,59875.15625
12244,12244,17672.29296875
12245,12245,12556.443359375
12246,12246,5633.75634765625
12247,12247,9275.3134765625
12248,12248,5011505.0
12249,12249,8097.64990234375
12250,12250,8844.8076171875
12251,12251,12788.4306640625
12252,12252,6857.880859375
12253,12253,8383.634765625
12254,12254,42254.578125
12255,12255,34962.66796875
12256,12256,6300.8447265625
12257,12257,5857.68603515625
12258,12258,191783.140625
12259,12259,7768.23193359375
12260,12260,119880.1015625
12261,12261,8206.099609375
12262,12262,7597.03076171875
12263,12263,7703.8701171875
12264,12264,242060.375
12265,12265,37317.69140625
12266,12266,9187.98046875
12267,12267,5116.78759765625
12268,12268,7597.84130859375
12269,12269,9448.2841796875
12270,12270,24171.412109375
12271,12271,19955.0859375
12272,12272,10291.86328125
12273,12273,40712.3984375
12274,12274,9707.064453125
12275,12275,6220.51123046875
12276,12276,13102770.0
12277,12277,3571.11767578125
12278,12278,12046.3642578125
12279,12279,9311.4951171875
12280,12280,8054.25341796875
12281,12281,4191.04248046875
12282,12282,4427.73193359375
12283,12283,22984.66015625
12284,12284,49382.80859375
12285,12285,7662.720703125
12286,12286,7057.0771484375
12287,12287,3870.7080078125
12288,12288,15347.2626953125
12289,12289,11681.4140625
12290,12290,119404.8125
12291,12291,26161.8203125
12292,12292,6009.5595703125
12293,12293,7230.1416015625
12294,12294,116303.0625
12295,12295,5872.10498046875
12296,12296,7052.62646484375
12297,12297,12136.615234375
12298,12298,14341.794921875
12299,12299,5795.7490234375
12300,12300,7596.92138671875
12301,12301,5896.15625
12302,12302,9993.7861328125
12303,12303,3670.30029296875
12304,12304,6514.2099609375
12305,12305,41191.4765625
12306,12306,8556.1318359375
12307,12307,6605.3642578125
12308,12308,10525.3310546875
12309,12309,11859.0390625
12310,12310,7199.509765625
12311,12311,10089.26953125
12312,12312,37518.140625
12313,12313,9489.2529296875
12314,12314,84683.703125
12315,12315,11041.8046875
12316,12316,9197.091796875
12317,12317,9332.3193359375
12318,12318,8156.5146484375
12319,12319,5631.49072265625
12320,12320,7453.0546875
12321,12321,222880.5625
12322,12322,7374.23291015625
12323,12323,21258.76171875
12324,12324,5622.90625
12325,12325,8395.375
12326,12326,12261.1875
12327,12327,16637.71875
12328,12328,25992.19921875
12329,12329,47819.33203125
12330,12330,12060.2138671875
12331,12331,55994.66015625
12332,12332,156898.453125
12333,12333,5969.7353515625
12334,12334,9321.138671875
12335,12335,16111.826171875
12336,12336,7426.17041015625
12337,12337,6210.73779296875
12338,12338,5115.4765625
12339,12339,23035.498046875
12340,12340,7041.8369140625
12341,12341,12180.51953125
12342,12342,7579.65380859375
12343,12343,6900.3056640625
12344,12344,15076.3486328125
12345,12345,4689.56201171875
12346,12346,37226.37890625
12347,12347,7536.60888671875
12348,12348,6250.78271484375
12349,12349,6963.603515625
12350,12350,3119.1298828125
12351,12351,4389.490234375
12352,12352,13098.7041015625
12353,12353,39031.32421875
12354,12354,5363.98583984375
12355,12355,5674.39892578125
12356,12356,5907.5537109375
12357,12357,9557.9638671875
12358,12358,12288.427734375
12359,12359,5531.828125
12360,12360,8041.9130859375
12361,12361,22050.404296875
12362,12362,9062.9267578125
12363,12363,7741.73193359375
12364,12364,10402.697265625
12365,12365,4132.21923828125
12366,12366,23333.291015625
12367,12367,37025.3984375
12368,12368,5599.6162109375
12369,12369,7668.99560546875
12370,12370,8892.9599609375
12371,12371,4663.888671875
12372,12372,16658.564453125
12373,12373,4382.8837890625
12374,12374,7730.68408203125
12375,12375,6189.35546875
12376,12376,14132.849609375
12377,12377,5104.787109375
12378,12378,4473.38720703125
12379,12379,5694.857421875
12380,12380,8607.0107421875
12381,12381,7489.26904296875
12382,12382,5006.55859375
12383,12383,5446.35595703125
12384,12384,15042.7255859375
12385,12385,5068.2158203125
12386,12386,122448.953125
12387,12387,1968782.875
12388,12388,11412.283203125
12389,12389,26243.947265625
12390,12390,6474.32421875
12391,12391,7227.1123046875
12392,12392,53493.625
12393,12393,17739.87109375
12394,12394,45709.51171875
12395,12395,19177.2890625
12396,12396,7012.45849609375
12397,12397,6237.52001953125
12398,12398,45354.31640625
12399,12399,10789.0595703125
12400,12400,7181.59375
12401,12401,27068.4453125
12402,12402,67781.6796875
12403,12403,11274.060546875
12404,12404,14286.578125
12405,12405,21385.009765625
12406,12406,12192.755859375
12407,12407,6957.6328125
12408,12408,11474.1435546875
12409,12409,8133.5224609375
12410,12410,20615.1484375
12411,12411,5604.947265625
12412,12412,7506.73193359375
12413,12413,5727.623046875
12414,12414,5708.48876953125
12415,12415,12073.2216796875
12416,12416,50589.55078125
12417,12417,6831.4384765625
12418,12418,10394.5390625
12419,12419,23975.00390625
12420,12420,7427.52978515625
12421,12421,5064.9228515625
12422,12422,27558.7421875
12423,12423,11006.5986328125
12424,12424,4912.03515625
12425,12425,5538.7353515625
12426,12426,138732.453125
12427,12427,10875.30078125
12428,12428,24123.162109375
12429,12429,4881.994140625
12430,12430,27432.7578125
12431,12431,13854.5986328125
12432,12432,12247.201171875
12433,12433,10225.3134765625
12434,12434,5936.67333984375
12435,12435,7041.20947265625
12436,12436,5116.35302734375
12437,12437,6895.4462890625
12438,12438,31723.25
12439,12439,7836.0234375
12440,12440,11977.2158203125
12441,12441,42442.81640625
12442,12442,40103.03515625
12443,12443,6364.77197265625
12444,12444,5619.23193359375
12445,12445,9754.529296875
12446,12446,16603.9375
12447,12447,6690.5283203125
12448,12448,9525.3974609375
12449,12449,125691.0703125
12450,12450,6905.7646484375
12451,12451,20817.615234375
12452,12452,89860.75
12453,12453,114873.8203125
12454,12454,25125.845703125
12455,12455,2565.570556640625
12456,12456,4367.92578125
12457,12457,6929.87890625
12458,12458,91028.0859375
12459,12459,8896.931640625
12460,12460,12893.4970703125
12461,12461,11979.9345703125
12462,12462,89193.015625
12463,12463,31817.802734375
12464,12464,24378.7421875
12465,12465,9513.6708984375
12466,12466,79084.2421875
12467,12467,9253.69921875
12468,12468,4798.28466796875
12469,12469,7366.5654296875
12470,12470,46307.24609375
12471,12471,89546.1796875
12472,12472,106081.2890625
12473,12473,11024.568359375
12474,12474,5267.62548828125
12475,12475,6767.60498046875
12476,12476,84033.8203125
12477,12477,10982.9375
12478,12478,29491.787109375
12479,12479,8948.8359375
12480,12480,74229.0234375
12481,12481,19785.626953125
12482,12482,7817.0322265625
12483,12483,10557.216796875
12484,12484,38138.734375
12485,12485,128278.078125
12486,12486,2367743.25
12487,12487,5349.44970703125
12488,12488,7160.572265625
12489,12489,25854.34765625
12490,12490,5423.85595703125
12491,12491,8375.37890625
12492,12492,7396.17529296875
12493,12493,3778.727783203125
12494,12494,19517.4140625
12495,12495,10282.6279296875
12496,12496,9860.76953125
12497,12497,9129.025390625
12498,12498,6854.6767578125
12499,12499,104924.234375
12500,12500,6915.9853515625
12501,12501,9387.7255859375
12502,12502,10081.55859375
12503,12503,10607.6083984375
12504,12504,16202.341796875
12505,12505,3872.178466796875
12506,12506,8392.62890625
12507,12507,23074.685546875
12508,12508,8254.3486328125
12509,12509,35715.2890625
12510,12510,62236.9609375
12511,12511,6020.50634765625
12512,12512,3959.328369140625
12513,12513,13617.263671875
12514,12514,9745.236328125
12515,12515,23306.5390625
12516,12516,6790.8701171875
12517,12517,10144.0029296875
12518,12518,8915.0380859375
12519,12519,51219.20703125
12520,12520,18178.17578125
12521,12521,12989.73828125
12522,12522,29428.62890625
12523,12523,9347.8193359375
12524,12524,6929.994140625
12525,12525,6780.029296875
12526,12526,6661.30029296875
12527,12527,4624.4052734375
12528,12528,9061.1787109375
12529,12529,58922.15234375
12530,12530,7958.560546875
12531,12531,5335.27099609375
12532,12532,7764.0927734375
12533,12533,6632.919921875
12534,12534,59063.8203125
12535,12535,22546.025390625
12536,12536,312977.25
12537,12537,8025.544921875
12538,12538,8248255.0
12539,12539,15021.3701171875
12540,12540,3687556.25
12541,12541,6716.3544921875
12542,12542,5339.0888671875
12543,12543,4709948.0
12544,12544,12419.626953125
12545,12545,78581.453125
12546,12546,5074.7109375
12547,12547,8557.234375
12548,12548,10507.181640625
12549,12549,6124.958984375
12550,12550,5499.8779296875
12551,12551,26345.564453125
12552,12552,47430.7109375
12553,12553,9887.619140625
12554,12554,7005.35107421875
12555,12555,361788.34375
12556,12556,5931.51513671875
12557,12557,13575.8447265625
12558,12558,19531.31640625
12559,12559,198875.6875
12560,12560,8314.7509765625
12561,12561,168391.375
12562,12562,8677.48828125
12563,12563,6428.39453125
12564,12564,26632.310546875
12565,12565,14989.830078125
12566,12566,11559.43359375
12567,12567,11398.9775390625
12568,12568,34249.62890625
12569,12569,6748.3466796875
12570,12570,20484.021484375
12571,12571,5551.845703125
12572,12572,11155.4912109375
12573,12573,7135.611328125
12574,12574,11688.03125
12575,12575,8084.86669921875
12576,12576,8851.8994140625
12577,12577,2591272.75
12578,12578,61884.2265625
12579,12579,23882.478515625
12580,12580,9016.2861328125
12581,12581,5705.0107421875
12582,12582,15539.525390625
12583,12583,9328.595703125
12584,12584,6946.00048828125
12585,12585,6143.0341796875
12586,12586,6608.48291015625
12587,12587,4855.1435546875
12588,12588,26820.640625
12589,12589,55293.9140625
12590,12590,5471.61474609375
12591,12591,18887.583984375
12592,12592,8270.7548828125
12593,12593,6462.92919921875
12594,12594,11706.033203125
12595,12595,12935.6015625
12596,12596,9172.7666015625
12597,12597,6529.81494140625
12598,12598,8527.806640625
12599,12599,10246.7529296875
12600,12600,24882.51171875
12601,12601,10117.56640625
12602,12602,7504.693359375
12603,12603,6442.5537109375
12604,12604,9204.1484375
12605,12605,7470.75390625
12606,12606,5648.54541015625
12607,12607,27504.41015625
12608,12608,7241.8583984375
12609,12609,7556.3076171875
12610,12610,5694.2236328125
12611,12611,6179.46142578125
12612,12612,39898.44140625
12613,12613,12057.9326171875
12614,12614,7426.84716796875
12615,12615,7278.04296875
12616,12616,8666.1875
12617,12617,92053.765625
12618,12618,8319.0751953125
12619,12619,36413.9609375
12620,12620,11444.634765625
12621,12621,16928.44921875
12622,12622,193185.3125
12623,12623,34381.328125
12624,12624,4621.11474609375
12625,12625,8624.9912109375
12626,12626,4893.0107421875
12627,12627,19618.21484375
12628,12628,9370.716796875
12629,12629,5402.19189453125
12630,12630,59840.8359375
12631,12631,37638.90234375
12632,12632,7472.07568359375
12633,12633,30462.11328125
12634,12634,67380.0859375
12635,12635,8004.470703125
12636,12636,8449.041015625
12637,12637,105330.4296875
12638,12638,225247.859375
12639,12639,33689.80859375
12640,12640,16831.138671875
12641,12641,68164.0625
12642,12642,14709.64453125
12643,12643,6979.22802734375
12644,12644,8446.244140625
12645,12645,9246.966796875
12646,12646,7731.06396484375
12647,12647,6762.7900390625
12648,12648,29064.7421875
12649,12649,7926.2626953125
12650,12650,7712.84521484375
12651,12651,54467.16015625
12652,12652,161094.546875
12653,12653,7278.31787109375
12654,12654,11576.591796875
12655,12655,5865.70263671875
12656,12656,9513.0380859375
12657,12657,11639.921875
12658,12658,8602.6572265625
12659,12659,12044.5146484375
12660,12660,6930.40771484375
12661,12661,13625.326171875
12662,12662,129239.46875
12663,12663,8563.9716796875
12664,12664,5535.61083984375
12665,12665,27368.615234375
12666,12666,18539.005859375
12667,12667,22267.138671875
12668,12668,238986.796875
12669,12669,4992.5400390625
12670,12670,39430.4921875
12671,12671,14336.9951171875
12672,12672,22967.849609375
12673,12673,6990.08154296875
12674,12674,10464.5791015625
12675,12675,13600.6728515625
12676,12676,9382.4296875
12677,12677,19949.029296875
12678,12678,3658.342529296875
12679,12679,8041.9140625
12680,12680,10743.6298828125
12681,12681,6615.32421875
12682,12682,33614.34375
12683,12683,7465.55078125
12684,12684,5169.150390625
12685,12685,12980.619140625
12686,12686,19575.732421875
12687,12687,56181.0703125
12688,12688,5348.50830078125
12689,12689,15336.0927734375
12690,12690,7636.21044921875
12691,12691,17740.111328125
12692,12692,9580.2978515625
12693,12693,117795.546875
12694,12694,5181.330078125
12695,12695,11801.1318359375
12696,12696,4945.14794921875
12697,12697,6734.86669921875
12698,12698,22095.529296875
12699,12699,5392.6318359375
12700,12700,4625.533203125
12701,12701,8547.6083984375
12702,12702,8954.0419921875
12703,12703,23604.603515625
12704,12704,8765.2880859375
12705,12705,29437.775390625
12706,12706,4097.138671875
12707,12707,7663.94677734375
12708,12708,21307.9140625
12709,12709,56229.75
12710,12710,33401.484375
12711,12711,42310.4609375
12712,12712,5477.8017578125
12713,12713,19124.162109375
12714,12714,6551.96484375
12715,12715,75268.0390625
12716,12716,5484.83642578125
12717,12717,7905.91064453125
12718,12718,5907.13330078125
12719,12719,9433.4287109375
12720,12720,72768.796875
12721,12721,6557.28125
12722,12722,11243.9228515625
12723,12723,4955.732421875
12724,12724,4839.38330078125
12725,12725,5330.4619140625
12726,12726,6114.8134765625
12727,12727,24073.21875
12728,12728,7542.17236328125
12729,12729,136540.78125
12730,12730,121666.0
12731,12731,27611.421875
12732,12732,11283.931640625
12733,12733,9788.1962890625
12734,12734,5802.94140625
12735,12735,7844.49853515625
12736,12736,12771.33203125
12737,12737,11752.271484375
12738,12738,12799.6943359375
12739,12739,13444.4404296875
12740,12740,6055.36279296875
12741,12741,8266.6796875
12742,12742,19028.740234375
12743,12743,28689.224609375
12744,12744,9534.5537109375
12745,12745,7526.9677734375
12746,12746,5740.4873046875
12747,12747,11767.8125
12748,12748,7431.0576171875
12749,12749,9583.0810546875
12750,12750,20448.9921875
12751,12751,6427.38232421875
12752,12752,8732.123046875
12753,12753,8422.546875
12754,12754,9432.44140625
12755,12755,11057.8759765625
12756,12756,6834.1474609375
12757,12757,19805.369140625
12758,12758,7373.89990234375
12759,12759,11704.2451171875
12760,12760,10150.033203125
12761,12761,7125.52099609375
12762,12762,3082167.5
12763,12763,7762.11328125
12764,12764,8881.44921875
12765,12765,5739.99072265625
12766,12766,13845.80859375
12767,12767,25957.392578125
12768,12768,6982.62060546875
12769,12769,6820.5634765625
12770,12770,4916.7275390625
12771,12771,6430.41796875
12772,12772,9098.490234375
12773,12773,18200.931640625
12774,12774,23112.625
12775,12775,6414.876953125
12776,12776,13604.4091796875
12777,12777,8115.62548828125
12778,12778,5166.7724609375
12779,12779,13898.8203125
12780,12780,12457.0341796875
12781,12781,156536.53125
12782,12782,13860.7900390625
12783,12783,14539.9638671875
12784,12784,8851.8291015625
12785,12785,58970.80859375
12786,12786,8377.0009765625
12787,12787,2981.442626953125
12788,12788,73559.84375
12789,12789,4480.36962890625
12790,12790,6565.18701171875
12791,12791,3458.187255859375
12792,12792,10113.05859375
12793,12793,2880467.75
12794,12794,8614.302734375
12795,12795,12775.6474609375
12796,12796,89790.5
12797,12797,55805.0
12798,12798,8208.251953125
12799,12799,7779.16552734375
12800,12800,4208.23681640625
12801,12801,62479.23046875
12802,12802,4424.099609375
12803,12803,12450.294921875
12804,12804,3882405.0
12805,12805,3668.541015625
12806,12806,8387.59375
12807,12807,22549.861328125
12808,12808,6035064.0
12809,12809,7758.40234375
12810,12810,29150.267578125
12811,12811,12551.236328125
12812,12812,17514.904296875
12813,12813,3857.560546875
12814,12814,14450.212890625
12815,12815,8322.625
12816,12816,4316.96826171875
12817,12817,10421.2763671875
12818,12818,7531.86083984375
12819,12819,6237.83642578125
12820,12820,14394.2578125
12821,12821,25978.31640625
12822,12822,9587.212890625
12823,12823,5020.69775390625
12824,12824,121158.78125
12825,12825,11845.5185546875
12826,12826,5682.6396484375
12827,12827,82729.96875
12828,12828,35357.59765625
12829,12829,21309.46484375
12830,12830,779711.0625
12831,12831,14800.6015625
12832,12832,6519.5029296875
12833,12833,7130.0517578125
12834,12834,8827.3369140625
12835,12835,4908.3671875
12836,12836,6710.2529296875
12837,12837,15597.380859375
12838,12838,4858.95458984375
12839,12839,8469.7255859375
12840,12840,16960.388671875
12841,12841,127728.609375
12842,12842,7178.6025390625
12843,12843,10683.2861328125
12844,12844,11119.8291015625
12845,12845,8021.19384765625
12846,12846,13740.4052734375
12847,12847,77234.5703125
12848,12848,6528.876953125
12849,12849,6224.59326171875
12850,12850,7617.37060546875
12851,12851,9625.4287109375
12852,12852,54350.7890625
12853,12853,3697.06201171875
12854,12854,43157.25390625
12855,12855,16366.6943359375
12856,12856,26588.302734375
12857,12857,15059.990234375
12858,12858,10556.416015625
12859,12859,5751.84375
12860,12860,161408.671875
12861,12861,6928.79736328125
12862,12862,20530.642578125
12863,12863,7511.4931640625
12864,12864,16390.552734375
12865,12865,14092.85546875
12866,12866,21318.447265625
12867,12867,8482.7529296875
12868,12868,4361.3720703125
12869,12869,10926.6279296875
12870,12870,10777.0654296875
12871,12871,6337.30224609375
12872,12872,29261.8671875
12873,12873,5358.2705078125
12874,12874,6482.69482421875
12875,12875,35649.75
12876,12876,26382.65234375
12877,12877,6493.21435546875
12878,12878,58486.30078125
12879,12879,9081.87890625
12880,12880,4720.4833984375
12881,12881,8479.19140625
12882,12882,7143.36865234375
12883,12883,31404.384765625
12884,12884,49182.63671875
12885,12885,185707.6875
12886,12886,99667.3984375
12887,12887,8498.3857421875
12888,12888,122520.3046875
12889,12889,4679.3798828125
12890,12890,12736.72265625
12891,12891,8180.87255859375
12892,12892,6945.17626953125
12893,12893,99201.3125
12894,12894,109170.1171875
12895,12895,6442.6298828125
12896,12896,5423.2783203125
12897,12897,6415.26953125
12898,12898,26962.53515625
12899,12899,76208.3046875
12900,12900,9719.2119140625
12901,12901,17866.330078125
12902,12902,113021.84375
12903,12903,7417.8330078125
12904,12904,47753.38671875
12905,12905,5907.47265625
12906,12906,15927.4609375
12907,12907,7000.19677734375
12908,12908,8037.61767578125
12909,12909,6845.51611328125
12910,12910,10132.9375
12911,12911,7437.08251953125
12912,12912,31116.607421875
12913,12913,260848.25
12914,12914,50130.609375
12915,12915,6827.65185546875
12916,12916,20700.2421875
12917,12917,9415.9599609375
12918,12918,51068.40234375
12919,12919,27090.55078125
12920,12920,4975.73779296875
12921,12921,11085.5703125
12922,12922,10891.44140625
12923,12923,6600.82666015625
12924,12924,5507.03466796875
12925,12925,48761.16015625
12926,12926,17799.87109375
12927,12927,6502.27685546875
12928,12928,10588.6533203125
12929,12929,12506.138671875
12930,12930,26722.4375
12931,12931,5516.2314453125
12932,12932,6251.56201171875
12933,12933,9361.91015625
12934,12934,14288.0947265625
12935,12935,6252.48681640625
12936,12936,15554.5146484375
12937,12937,110901.1015625
12938,12938,19641.8828125
12939,12939,11448.9287109375
12940,12940,9812.154296875
12941,12941,5254.66748046875
12942,12942,4744.40380859375
12943,12943,7363.6552734375
12944,12944,36620.40625
12945,12945,22435.669921875
12946,12946,9343.24609375
12947,12947,125613.9453125
12948,12948,6885.70166015625
12949,12949,59665.01953125
12950,12950,56795.73828125
12951,12951,38355.29296875
12952,12952,40146.78125
12953,12953,11776.1640625
12954,12954,5349489.0
12955,12955,10235.7060546875
12956,12956,9572.9052734375
12957,12957,10854.845703125
12958,12958,7355.251953125
12959,12959,51079.71875
12960,12960,13228.8134765625
12961,12961,62223.30078125
12962,12962,4317.49609375
12963,12963,14393.9130859375
12964,12964,9223.48828125
12965,12965,11498.0302734375
12966,12966,5035.7333984375
12967,12967,8199.783203125
12968,12968,6335.68896484375
12969,12969,7080.28466796875
12970,12970,13926.970703125
12971,12971,156277.1875
12972,12972,1690133.5
12973,12973,18673.033203125
12974,12974,7531.79541015625
12975,12975,9390.62109375
12976,12976,11273.0205078125
12977,12977,11084.3759765625
12978,12978,20474.880859375
12979,12979,6278.583984375
12980,12980,3104.93603515625
12981,12981,7891.6875
12982,12982,3524.919677734375
12983,12983,6913.751953125
12984,12984,7709.1923828125
12985,12985,7687.6640625
12986,12986,66758.8515625
12987,12987,6690.189453125
12988,12988,214136.15625
12989,12989,7535.35302734375
12990,12990,6482.87255859375
12991,12991,7246.884765625
12992,12992,7416.072265625
12993,12993,434022.75
12994,12994,7133.12890625
12995,12995,42393.83984375
12996,12996,21228.7109375
12997,12997,9501.384765625
12998,12998,43782.1015625
12999,12999,153191.328125
13000,13000,8032.3583984375
13001,13001,6248.1044921875
13002,13002,6431.02001953125
13003,13003,10852.291015625
13004,13004,8482.2451171875
13005,13005,23486.5
13006,13006,27517.0859375
13007,13007,6642.5068359375
13008,13008,27941.07421875
13009,13009,16896.6796875
13010,13010,36802.5625
13011,13011,11640.5703125
13012,13012,11626.5869140625
13013,13013,7998.001953125
13014,13014,91686.4375
13015,13015,36804.96484375
13016,13016,30272.65625
13017,13017,15599.3740234375
13018,13018,7726.1591796875
13019,13019,6929.6748046875
13020,13020,10622.59375
13021,13021,29634.654296875
13022,13022,12248.556640625
13023,13023,6654.57373046875
13024,13024,7722.677734375
13025,13025,11214.9716796875
13026,13026,10965.90234375
13027,13027,28151.1484375
13028,13028,45488.24609375
13029,13029,5890.64501953125
13030,13030,5286.51513671875
13031,13031,6933.3740234375
13032,13032,6417.99755859375
13033,13033,7675.61376953125
13034,13034,123560.1015625
13035,13035,5791.47314453125
13036,13036,5388.65869140625
13037,13037,9197.58984375
13038,13038,34770.59765625
13039,13039,100992.6875
13040,13040,13807.6455078125
13041,13041,2433.877197265625
13042,13042,34410.76171875
13043,13043,7150.08349609375
13044,13044,5876.978515625
13045,13045,277649.5625
13046,13046,6611.65771484375
13047,13047,6460.12841796875
13048,13048,2710781.75
13049,13049,9907.28125
13050,13050,11543.2734375
13051,13051,7857.3056640625
13052,13052,5619.78076171875
13053,13053,11164.0830078125
13054,13054,51236.3671875
13055,13055,7157.80029296875
13056,13056,24013.650390625
13057,13057,36657.6640625
13058,13058,5334.9609375
13059,13059,7014.6552734375
13060,13060,14965.5615234375
13061,13061,7531.3857421875
13062,13062,16760.669921875
13063,13063,278426.28125
13064,13064,15718.1025390625
13065,13065,6467.6748046875
13066,13066,6507.14990234375
13067,13067,6537.04638671875
13068,13068,7915.720703125
13069,13069,6379.07861328125
13070,13070,5802.72216796875
13071,13071,9849.833984375
13072,13072,9845.1904296875
13073,13073,9735.87890625
13074,13074,12118.8046875
13075,13075,12991.6640625
13076,13076,43946.26171875
13077,13077,8683.986328125
13078,13078,8154.09375
13079,13079,3801.350830078125
13080,13080,10659.13671875
13081,13081,7503.85400390625
13082,13082,6394.36962890625
13083,13083,6606.05078125
13084,13084,8894.8955078125
13085,13085,6622.30078125
13086,13086,5416.05224609375
13087,13087,9435.6796875
13088,13088,13117.228515625
13089,13089,9476.6416015625
13090,13090,14093.0166015625
13091,13091,7042.60302734375
13092,13092,10088.33203125
13093,13093,20381.134765625
13094,13094,20270.55859375
13095,13095,5683.966796875
13096,13096,4189.7890625
13097,13097,52675.5625
13098,13098,42564.734375
13099,13099,5982.65380859375
13100,13100,10041.771484375
13101,13101,6537.83154296875
13102,13102,5048.05419921875
13103,13103,27016.693359375
13104,13104,6280.876953125
13105,13105,7991.498046875
13106,13106,44726.69921875
13107,13107,10247.6357421875
13108,13108,10805.923828125
13109,13109,9857.927734375
13110,13110,7944.162109375
13111,13111,14021.3779296875
13112,13112,5081500.0
13113,13113,6312.06396484375
13114,13114,4867.03076171875
13115,13115,16249.99609375
13116,13116,5276.2734375
13117,13117,12089.875
13118,13118,10861.2138671875
13119,13119,7590.80078125
13120,13120,7124.9599609375
13121,13121,13669.44921875
13122,13122,6616.048828125
13123,13123,6046.9130859375
13124,13124,144114.265625
13125,13125,12660.4794921875
13126,13126,17308.0703125
13127,13127,207290.203125
13128,13128,9628.740234375
13129,13129,333395.0
13130,13130,7384.84326171875
13131,13131,9606.6923828125
13132,13132,7000.58935546875
13133,13133,7391.33447265625
13134,13134,4447.01025390625
13135,13135,5656.669921875
13136,13136,10582.369140625
13137,13137,6084.79150390625
13138,13138,9564.861328125
13139,13139,172674.453125
13140,13140,7956.2578125
13141,13141,70227.234375
13142,13142,14108.6875
13143,13143,5377.66943359375
13144,13144,86130.9921875
13145,13145,4245.00048828125
13146,13146,17850.951171875
13147,13147,105204.796875
13148,13148,4469.59326171875
13149,13149,4938.1689453125
13150,13150,23856.498046875
13151,13151,53845.796875
13152,13152,3812.737060546875
13153,13153,7155.06884765625
13154,13154,19420.068359375
13155,13155,27687.203125
13156,13156,8447.1474609375
13157,13157,7454.5751953125
13158,13158,208166.5625
13159,13159,6683.85205078125
13160,13160,21964.88671875
13161,13161,8023.25537109375
13162,13162,7512.2744140625
13163,13163,10796.1845703125
13164,13164,91067.1640625
13165,13165,8966.9404296875
13166,13166,5417.62841796875
13167,13167,6733.54296875
13168,13168,3919.70068359375
13169,13169,22031.97265625
13170,13170,207020.125
13171,13171,7307.5703125
13172,13172,17422.51171875
13173,13173,9282.6298828125
13174,13174,4387.65185546875
13175,13175,4304.64501953125
13176,13176,9573.0859375
13177,13177,17661.685546875
13178,13178,18077.62890625
13179,13179,18248.486328125
13180,13180,157169.171875
13181,13181,7690.1318359375
13182,13182,10458.998046875
13183,13183,7822.88330078125
13184,13184,13579.552734375
13185,13185,85984.8828125
13186,13186,3887.04443359375
13187,13187,24328.134765625
13188,13188,6516.337890625
13189,13189,9702.2197265625
13190,13190,5559.05419921875
13191,13191,41175.9140625
13192,13192,13749.9375
13193,13193,4260.5166015625
13194,13194,15527.572265625
13195,13195,12987.1904296875
13196,13196,20709.28515625
13197,13197,12132.3173828125
13198,13198,3641.812255859375
13199,13199,5275.9501953125
13200,13200,6164.912109375
13201,13201,8410.99609375
13202,13202,1901.477294921875
13203,13203,17172.0859375
13204,13204,6550338.0
13205,13205,7047.24951171875
13206,13206,6292.580078125
13207,13207,14379.54296875
13208,13208,4376.4423828125
13209,13209,15301.158203125
13210,13210,189299.453125
13211,13211,9772.0419921875
13212,13212,123025.875
13213,13213,66155.9765625
13214,13214,7272.966796875
13215,13215,7576.54248046875
13216,13216,6680.56884765625
13217,13217,31804.216796875
13218,13218,6477.251953125
13219,13219,8066.04345703125
13220,13220,59007.640625
13221,13221,17959.71484375
13222,13222,12243.12109375
13223,13223,8486.9736328125
13224,13224,10671.046875
13225,13225,6556.64794921875
13226,13226,32292.974609375
13227,13227,51463.8359375
13228,13228,6341.6337890625
13229,13229,21846.3515625
13230,13230,6733.68212890625
13231,13231,8670.138671875
13232,13232,11380.5390625
13233,13233,1880854.0
13234,13234,5348.1015625
13235,13235,7821.30859375
13236,13236,5399.73974609375
13237,13237,24718.9453125
13238,13238,9170.078125
13239,13239,7383.9892578125
13240,13240,4919.2783203125
13241,13241,20185.90625
13242,13242,21855.736328125
13243,13243,9722.12109375
13244,13244,6094.38232421875
13245,13245,11769.6474609375
13246,13246,7046.74853515625
13247,13247,6023.83740234375
13248,13248,6897.97802734375
13249,13249,9681.8291015625
13250,13250,28464.16796875
13251,13251,14173.5732421875
13252,13252,19626.41015625
13253,13253,24240.169921875
13254,13254,17278.2578125
13255,13255,5245.412109375
13256,13256,9386.328125
13257,13257,7462.466796875
13258,13258,49665.4296875
13259,13259,10324.3564453125
13260,13260,11179.6142578125
13261,13261,7883.73681640625
13262,13262,181505.625
13263,13263,8238.4248046875
13264,13264,6067.1953125
13265,13265,10384.69140625
13266,13266,41035.8984375
13267,13267,131227.203125
13268,13268,5744.45751953125
13269,13269,41094.71875
13270,13270,160640.8125
13271,13271,35008.2265625
13272,13272,7738.546875
13273,13273,15461.9072265625
13274,13274,7730.27734375
13275,13275,5451.4345703125
13276,13276,8594.951171875
13277,13277,4345.87060546875
13278,13278,50138.1328125
13279,13279,6508.54541015625
13280,13280,10731.48828125
13281,13281,9643.978515625
13282,13282,15344.6298828125
13283,13283,8070.173828125
13284,13284,7209.5380859375
13285,13285,8942.4306640625
13286,13286,8561.7919921875
13287,13287,7686.5146484375
13288,13288,122400.6328125
13289,13289,7531.92236328125
13290,13290,6345.9560546875
13291,13291,7614.1962890625
13292,13292,5293.7685546875
13293,13293,11739.7744140625
13294,13294,10075.1484375
13295,13295,5395.5537109375
13296,13296,5915.28759765625
13297,13297,7254.56494140625
13298,13298,14556.9462890625
13299,13299,57254.03515625
13300,13300,12281.203125
13301,13301,18859.4921875
13302,13302,4736.6640625
13303,13303,11835.7177734375
13304,13304,91316.25
13305,13305,8851.943359375
13306,13306,8929.041015625
13307,13307,7706.3271484375
13308,13308,5031.79296875
13309,13309,52777.171875
13310,13310,7489.23583984375
13311,13311,5945.80224609375
13312,13312,5609.50048828125
13313,13313,9447.2431640625
13314,13314,10022.6728515625
13315,13315,7410.38916015625
13316,13316,8212.7099609375
13317,13317,5926.76123046875
13318,13318,12006.8349609375
13319,13319,3980.1865234375
13320,13320,77378.828125
13321,13321,45854.88671875
13322,13322,8070.58349609375
13323,13323,8906.2021484375
13324,13324,65453.75
13325,13325,11059.9091796875
13326,13326,6577.64794921875
13327,13327,5470.81298828125
13328,13328,6388.03515625
13329,13329,7191.9052734375
13330,13330,5828.22607421875
13331,13331,4590.28857421875
13332,13332,5215.77490234375
13333,13333,7694.34814453125
13334,13334,7291.87548828125
13335,13335,16177.70703125
13336,13336,7635.79638671875
13337,13337,7199.7197265625
13338,13338,33313.8359375
13339,13339,6522.23193359375
13340,13340,5900.017578125
13341,13341,11787.7099609375
13342,13342,56790.89453125
13343,13343,37671.01953125
13344,13344,5508.51171875
13345,13345,5208.2275390625
13346,13346,6523.86083984375
13347,13347,16217.8037109375
13348,13348,16736.3515625
13349,13349,7410.72119140625
13350,13350,8911.3427734375
13351,13351,6821.32470703125
13352,13352,9095.908203125
13353,13353,167000.109375
13354,13354,9478.587890625
13355,13355,59772.87890625
13356,13356,174330.90625
13357,13357,4908.45703125
13358,13358,6136.02392578125
13359,13359,294087.1875
13360,13360,15935.9072265625
13361,13361,11286.876953125
13362,13362,19690.595703125
13363,13363,15139.1953125
13364,13364,16754.046875
13365,13365,50757.62890625
13366,13366,67824.1328125
13367,13367,8384.9951171875
13368,13368,122209.328125
13369,13369,8866.1494140625
13370,13370,19756.326171875
13371,13371,14609.2236328125
13372,13372,18520.390625
13373,13373,8485.0908203125
13374,13374,27565.115234375
13375,13375,22458.271484375
13376,13376,31355.201171875
13377,13377,5123.60107421875
13378,13378,25020.935546875
13379,13379,14774.8134765625
13380,13380,7308.31689453125
13381,13381,13105.203125
13382,13382,6155.80712890625
13383,13383,31872.267578125
13384,13384,6941.3427734375
13385,13385,8964.8916015625
13386,13386,170745.078125
13387,13387,178177.90625
13388,13388,14417.439453125
13389,13389,12378.1083984375
13390,13390,29061.15234375
13391,13391,7500.6328125
13392,13392,6339.26171875
13393,13393,120638.0390625
13394,13394,9858.205078125
13395,13395,62702.890625
13396,13396,7763.4306640625
13397,13397,7953.00244140625
13398,13398,9307.041015625
13399,13399,6631.783203125
13400,13400,8779.6689453125
13401,13401,6660.58349609375
13402,13402,11348.0634765625
13403,13403,8131.32177734375
13404,13404,16069.3447265625
13405,13405,11851.3095703125
13406,13406,52410.19140625
13407,13407,11945.67578125
13408,13408,7647.634765625
13409,13409,7173.0244140625
13410,13410,7934.94287109375
13411,13411,5077.97314453125
13412,13412,5023.6572265625
13413,13413,6278.755859375
13414,13414,20109.892578125
13415,13415,6563.54541015625
13416,13416,5209.6962890625
13417,13417,8640.3447265625
13418,13418,9524.908203125
13419,13419,5845.0419921875
13420,13420,15228.5986328125
13421,13421,18087.599609375
13422,13422,8649.00390625
13423,13423,7528.01806640625
13424,13424,20790.29296875
13425,13425,9666.033203125
13426,13426,9955.72265625
13427,13427,14903.2841796875
13428,13428,6327.8056640625
13429,13429,6146.634765625
13430,13430,13296.80078125
13431,13431,7068.22900390625
13432,13432,130243.0390625
13433,13433,6909.4912109375
13434,13434,4444.271484375
13435,13435,15271.0634765625
13436,13436,553773.0625
13437,13437,8639.291015625
13438,13438,10820.48828125
13439,13439,6768.140625
13440,13440,55459.79296875
13441,13441,14836.5244140625
13442,13442,40505.3515625
13443,13443,7624.13427734375
13444,13444,4252.5771484375
13445,13445,3594.791015625
13446,13446,4532.7275390625
13447,13447,6499.5107421875
13448,13448,14985.025390625
13449,13449,8076.93798828125
13450,13450,12778.525390625
13451,13451,8283.1611328125
13452,13452,10228.9345703125
13453,13453,14908.1708984375
13454,13454,8935.8896484375
13455,13455,16567.767578125
13456,13456,7119.8125
13457,13457,5797.0390625
13458,13458,132362.953125
13459,13459,4073.38818359375
13460,13460,523509.84375
13461,13461,1764435.25
13462,13462,6974.345703125
13463,13463,7915.49951171875
13464,13464,17505.072265625
13465,13465,25037.677734375
13466,13466,5232.42626953125
13467,13467,25007.087890625
13468,13468,35561.79296875
13469,13469,8726.4091796875
13470,13470,17031.333984375
13471,13471,5525.56591796875
13472,13472,3582213.25
13473,13473,5216.869140625
13474,13474,7340.57373046875
13475,13475,6895.1318359375
13476,13476,5240.86474609375
13477,13477,10176.3662109375
13478,13478,4283.51416015625
13479,13479,4894821.0
13480,13480,18602.892578125
13481,13481,6637.18994140625
13482,13482,4948.41748046875
13483,13483,9114.6279296875
13484,13484,148770.53125
13485,13485,4520.50390625
13486,13486,6820.75390625
13487,13487,19011.0546875
13488,13488,7190.41015625
13489,13489,9642.2900390625
13490,13490,13563.791015625
13491,13491,5386.8798828125
13492,13492,6481.47998046875
13493,13493,6054.48046875
13494,13494,9707.1689453125
13495,13495,11591.234375
13496,13496,10399.8369140625
13497,13497,26330.515625
13498,13498,5877.30712890625
13499,13499,69767.2265625
13500,13500,8086.94970703125
13501,13501,18776.099609375
13502,13502,4829.10888671875
13503,13503,4589.2744140625
13504,13504,10242.98046875
13505,13505,4929.4501953125
13506,13506,13644.5517578125
13507,13507,9739.1484375
13508,13508,41036.6171875
13509,13509,14274.55078125
13510,13510,6870.009765625
13511,13511,175612.28125
13512,13512,8305.6123046875
13513,13513,41604.3828125
13514,13514,3549.97705078125
13515,13515,2198.0615234375
13516,13516,6164.904296875
13517,13517,6555.9599609375
13518,13518,31476.646484375
13519,13519,5967.5966796875
13520,13520,6278.98046875
13521,13521,18615.890625
13522,13522,5459.16259765625
13523,13523,4353.66748046875
13524,13524,6946.6455078125
13525,13525,15751.38671875
13526,13526,68935.28125
13527,13527,5283.56591796875
13528,13528,6396.1787109375
13529,13529,7154.8359375
13530,13530,9110.865234375
13531,13531,8597.544921875
13532,13532,20120.01953125
13533,13533,14411.6376953125
13534,13534,9999.0908203125
13535,13535,5787.595703125
13536,13536,15114.90625
13537,13537,4080.322509765625
13538,13538,15689.6884765625
13539,13539,9908.2685546875
13540,13540,7463.85400390625
13541,13541,3745.018798828125
13542,13542,212792.890625
13543,13543,10428.8193359375
13544,13544,14794.6484375
13545,13545,7220.12109375
13546,13546,154818.546875
13547,13547,16063.13671875
13548,13548,13052.962890625
13549,13549,51904.7421875
13550,13550,7727.119140625
13551,13551,7407.87548828125
13552,13552,22068.677734375
13553,13553,8128.99951171875
13554,13554,6612.62109375
13555,13555,12504.0068359375
13556,13556,5666.00390625
13557,13557,13483.857421875
13558,13558,9533.3974609375
13559,13559,5030.2373046875
13560,13560,10162.62890625
13561,13561,7691.171875
13562,13562,6188.62158203125
13563,13563,7190.28076171875
13564,13564,12801.17578125
13565,13565,13000.537109375
13566,13566,18330.380859375
13567,13567,29988.197265625
13568,13568,7186.8701171875
13569,13569,7363.931640625
13570,13570,11602.4443359375
13571,13571,254969.46875
13572,13572,11015.1611328125
13573,13573,6033.82763671875
13574,13574,9834.5693359375
13575,13575,6264.150390625
13576,13576,11087.8603515625
13577,13577,11257.9111328125
13578,13578,6609.35400390625
13579,13579,88330.046875
13580,13580,10151.5322265625
13581,13581,26722.435546875
13582,13582,5825.4609375
13583,13583,3589.985595703125
13584,13584,24080.248046875
13585,13585,13361.6484375
13586,13586,20526.96875
13587,13587,8824.92578125
13588,13588,5575.291015625
13589,13589,82665.9921875
13590,13590,13587.3603515625
13591,13591,5402.1123046875
13592,13592,8366.2314453125
13593,13593,4142.8056640625
13594,13594,9087.884765625
13595,13595,8552.125
13596,13596,13945.7490234375
13597,13597,99257.2734375
13598,13598,7490.2998046875
13599,13599,839874.0
13600,13600,12989.8525390625
13601,13601,35061.43359375
13602,13602,9935.265625
13603,13603,6048.87744140625
13604,13604,8146.6181640625
13605,13605,6362.31201171875
13606,13606,8227.63671875
13607,13607,17067.876953125
13608,13608,6840.9267578125
13609,13609,6073.65234375
13610,13610,6599.39794921875
13611,13611,7489.53369140625
13612,13612,33249.9375
13613,13613,61927.609375
13614,13614,8923.7880859375
13615,13615,5825.37890625
13616,13616,7969.06591796875
13617,13617,5803.62744140625
13618,13618,9592.291015625
13619,13619,3806.849365234375
13620,13620,5760.6953125
13621,13621,6832.1650390625
13622,13622,8240.2841796875
13623,13623,6571.85888671875
13624,13624,11842.4775390625
13625,13625,5357.31787109375
13626,13626,18775.6328125
13627,13627,19156.900390625
13628,13628,7587.41455078125
13629,13629,6594.62109375
13630,13630,6363.5068359375
13631,13631,1374720.125
13632,13632,9393.541015625
13633,13633,4953.3154296875
13634,13634,8767.1806640625
13635,13635,9241.107421875
13636,13636,15258.7353515625
13637,13637,12923.46484375
13638,13638,7037.896484375
13639,13639,73989.5390625
13640,13640,37051.3359375
13641,13641,19067.662109375
13642,13642,5091.07275390625
13643,13643,5788.65478515625
13644,13644,11348.3486328125
13645,13645,6609.75244140625
13646,13646,3978.272705078125
13647,13647,1917444.0
13648,13648,6254.109375
13649,13649,9289.0361328125
13650,13650,7762.93359375
13651,13651,7105.40625
13652,13652,15230.6201171875
13653,13653,12729.966796875
13654,13654,7045.99609375
13655,13655,14339.1513671875
13656,13656,8993.50390625
13657,13657,4500.5458984375
13658,13658,40870.46484375
13659,13659,27191.3984375
13660,13660,9747.33984375
13661,13661,12638.6025390625
13662,13662,6411.31201171875
13663,13663,81563.25
13664,13664,14020.7890625
13665,13665,5936.26025390625
13666,13666,10510.5634765625
13667,13667,28948.109375
13668,13668,5534.599609375
13669,13669,3668.74169921875
13670,13670,9358.4287109375
13671,13671,12300.8427734375
13672,13672,12194.2763671875
13673,13673,19604.158203125
13674,13674,14266.6240234375
13675,13675,22308.818359375
13676,13676,10847.171875
13677,13677,5681.4111328125
13678,13678,5525.92236328125
13679,13679,8431.638671875
13680,13680,11557.4990234375
13681,13681,16710.1796875
13682,13682,14394.2119140625
13683,13683,30568.30078125
13684,13684,2541390.5
13685,13685,8210.296875
13686,13686,8302.0615234375
13687,13687,441584.8125
13688,13688,2396.83056640625
13689,13689,8477.2109375
13690,13690,14420.513671875
13691,13691,31493.10546875
13692,13692,10195.9912109375
13693,13693,6614.15966796875
13694,13694,13361.2255859375
13695,13695,4604.73779296875
13696,13696,6428.3740234375
13697,13697,18662.291015625
13698,13698,3978.749755859375
13699,13699,3649.818115234375
13700,13700,6883.439453125
13701,13701,21650.1328125
13702,13702,7900.26318359375
13703,13703,7725.57275390625
13704,13704,5704.876953125
13705,13705,9674.16015625
13706,13706,85132.234375
13707,13707,13301.958984375
13708,13708,12520.16796875
13709,13709,17694.845703125
13710,13710,15006.0478515625
13711,13711,4258.0615234375
13712,13712,10687.8349609375
13713,13713,7161.7099609375
13714,13714,105834.4453125
13715,13715,8396.2744140625
13716,13716,6435.8388671875
13717,13717,6601.97998046875
13718,13718,6280.93408203125
13719,13719,42701.8984375
13720,13720,78932.5
13721,13721,179159.140625
13722,13722,13215.326171875
13723,13723,22801.0
13724,13724,6626.94775390625
13725,13725,16898.20703125
13726,13726,6400.0087890625
13727,13727,5756.87646484375
13728,13728,6777.6005859375
13729,13729,5430.603515625
13730,13730,23189.958984375
13731,13731,6118.966796875
13732,13732,9139.4423828125
13733,13733,19476.458984375
13734,13734,32046.150390625
13735,13735,8208.4892578125
13736,13736,19780.5859375
13737,13737,2241026.75
13738,13738,3646.94091796875
13739,13739,9418.3701171875
13740,13740,6928.54833984375
13741,13741,15468.5537109375
13742,13742,10315.3251953125
13743,13743,7989.044921875
13744,13744,45184.53515625
13745,13745,36758.48828125
13746,13746,7629.1787109375
13747,13747,8484.9296875
13748,13748,14536.22265625
13749,13749,7747.10791015625
13750,13750,6030.9013671875
13751,13751,7271.35791015625
13752,13752,84220.3828125
13753,13753,15294.259765625
13754,13754,9653.638671875
13755,13755,8268.017578125
13756,13756,54774.26171875
13757,13757,8221.611328125
13758,13758,3858.869384765625
13759,13759,6859.1767578125
13760,13760,5397.83740234375
13761,13761,5108.06298828125
13762,13762,144731.546875
13763,13763,5771.3759765625
13764,13764,8704.3359375
13765,13765,4147.84423828125
13766,13766,33521.62890625
13767,13767,7592.392578125
13768,13768,13542.9970703125
13769,13769,21692.759765625
13770,13770,5610.1162109375
13771,13771,6960.53759765625
13772,13772,29730.533203125
13773,13773,10821.9013671875
13774,13774,16326.15625
13775,13775,249942.359375
13776,13776,3772.369384765625
13777,13777,9152.634765625
13778,13778,8425.6513671875
13779,13779,32390.197265625
13780,13780,6566.619140625
13781,13781,21319.150390625
13782,13782,18855.583984375
13783,13783,7857.72265625
13784,13784,11815.1455078125
13785,13785,3814.13037109375
13786,13786,9608.9462890625
13787,13787,18409.134765625
13788,13788,58706.94921875
13789,13789,3982.3623046875
13790,13790,8039.328125
13791,13791,12798.990234375
13792,13792,6269.16357421875
13793,13793,17731.697265625
13794,13794,10065.310546875
13795,13795,88731.609375
13796,13796,7720.5537109375
13797,13797,9704.86328125
13798,13798,37012.25390625
13799,13799,15405.212890625
13800,13800,110856.84375
13801,13801,7745.927734375
13802,13802,8859.5634765625
13803,13803,10886.525390625
13804,13804,10840.1416015625
13805,13805,8149.21728515625
13806,13806,120510.0859375
13807,13807,19152.869140625
13808,13808,5764.91748046875
13809,13809,7534.125
13810,13810,7154.7978515625
13811,13811,31695.03125
13812,13812,6321.5341796875
13813,13813,5455.27099609375
13814,13814,5609.29345703125
13815,13815,7625.70263671875
13816,13816,6866.6025390625
13817,13817,6003.7666015625
13818,13818,22181.318359375
13819,13819,9375.169921875
13820,13820,8257.111328125
13821,13821,13480.19921875
13822,13822,4361.5830078125
13823,13823,6933.119140625
13824,13824,9617.1171875
13825,13825,171316.875
13826,13826,11528.7880859375
13827,13827,6284.18994140625
13828,13828,10372.591796875
13829,13829,6184.1796875
13830,13830,10594.1748046875
13831,13831,33800.97265625
13832,13832,4289.1953125
13833,13833,8616.5234375
13834,13834,5561.46826171875
13835,13835,8378.9189453125
13836,13836,7645.2646484375
13837,13837,5730.27978515625
13838,13838,26983.767578125
13839,13839,8031.14208984375
13840,13840,12036.7958984375
13841,13841,21683.951171875
13842,13842,7733.45361328125
13843,13843,12356.0732421875
13844,13844,5847.859375
13845,13845,12562.4033203125
13846,13846,14501.2607421875
13847,13847,9085.2099609375
13848,13848,27352.24609375
13849,13849,7781.99169921875
13850,13850,208617.484375
13851,13851,149813.0
13852,13852,10428.427734375
13853,13853,18607.888671875
13854,13854,12933.8759765625
13855,13855,7351.5400390625
13856,13856,8357.123046875
13857,13857,13759.88671875
13858,13858,14690.6748046875
13859,13859,10146.1298828125
13860,13860,35217.1015625
13861,13861,104436.625
13862,13862,7264.45654296875
13863,13863,8424.53515625
13864,13864,6567.05029296875
13865,13865,8021.53466796875
13866,13866,51465.07421875
13867,13867,66576.8515625
13868,13868,14897.3828125
13869,13869,6137.33056640625
13870,13870,17982.759765625
13871,13871,6587.08642578125
13872,13872,8772.9453125
13873,13873,240527.3125
13874,13874,6556.07958984375
13875,13875,28547.45703125
13876,13876,5944.15625
13877,13877,5488.44677734375
13878,13878,7832.00537109375
13879,13879,6834.59912109375
13880,13880,12795.234375
13881,13881,6188.05419921875
13882,13882,3260267.75
13883,13883,21142.171875
13884,13884,5711.60009765625
13885,13885,16086.8212890625
13886,13886,4536.3525390625
13887,13887,5351.0126953125
13888,13888,6815.072265625
13889,13889,6079.087890625
13890,13890,6957.23828125
13891,13891,105912.6875
13892,13892,9575.23828125
13893,13893,32764.24609375
13894,13894,17440.87109375
13895,13895,8406.9951171875
13896,13896,11217.806640625
13897,13897,7790.84375
13898,13898,282570.71875
13899,13899,5030.2373046875
13900,13900,10477.248046875
13901,13901,7851.8408203125
13902,13902,6756.12744140625
13903,13903,12504.8056640625
13904,13904,10139.400390625
13905,13905,5425.77197265625
13906,13906,5524.50146484375
13907,13907,8810.3173828125
13908,13908,17908.763671875
13909,13909,3720.626953125
13910,13910,70935.5234375
13911,13911,7914.65771484375
13912,13912,3404.293701171875
13913,13913,8396.6708984375
13914,13914,5427.31591796875
13915,13915,5137.6787109375
13916,13916,16475.25
13917,13917,7091.89501953125
13918,13918,34721.71484375
13919,13919,11653.9384765625
13920,13920,3663.5166015625
13921,13921,6997.37744140625
13922,13922,9519.841796875
13923,13923,10308.7294921875
13924,13924,6866.7451171875
13925,13925,4899.04638671875
13926,13926,4852.455078125
13927,13927,6065.830078125
13928,13928,24029.423828125
13929,13929,7017.5009765625
13930,13930,45911.01953125
13931,13931,3470.649169921875
13932,13932,6926.11376953125
13933,13933,26884.896484375
13934,13934,16038.7294921875
13935,13935,10714.265625
13936,13936,12359.00390625
13937,13937,9852.1513671875
13938,13938,11504.630859375
13939,13939,12060.7275390625
13940,13940,8781.7197265625
13941,13941,12788.498046875
13942,13942,7526.69921875
13943,13943,11826.486328125
13944,13944,5744.142578125
13945,13945,147982.734375
13946,13946,5069.7216796875
13947,13947,14358.595703125
13948,13948,11692.755859375
13949,13949,3097.626708984375
13950,13950,6606.0107421875
13951,13951,21839.439453125
13952,13952,6477.826171875
13953,13953,4608.29638671875
13954,13954,6359.3671875
13955,13955,80095.671875
13956,13956,7640700.5
13957,13957,7650.50048828125
13958,13958,6897.51318359375
13959,13959,105021.8828125
13960,13960,43229.921875
13961,13961,10639.15234375
13962,13962,9469.498046875
13963,13963,6908.33251953125
13964,13964,71973.71875
13965,13965,8263.521484375
13966,13966,7367.47802734375
13967,13967,7032.337890625
13968,13968,17271.94140625
13969,13969,19088.837890625
13970,13970,5668.67333984375
13971,13971,23152.392578125
13972,13972,42443.66015625
13973,13973,59516.61328125
13974,13974,9407.1728515625
13975,13975,13111.6533203125
13976,13976,106838.421875
13977,13977,10989.4833984375
13978,13978,20073.572265625
13979,13979,16465.791015625
13980,13980,6487.35205078125
13981,13981,6543.216796875
13982,13982,22633.5390625
13983,13983,6562.4638671875
13984,13984,5810.296875
13985,13985,10118.9111328125
13986,13986,20514.29296875
13987,13987,7271.41259765625
13988,13988,13929.3935546875
13989,13989,6246.46875
13990,13990,7491.9521484375
13991,13991,11760.890625
13992,13992,11360.2939453125
13993,13993,5083.19970703125
13994,13994,9113.9912109375
13995,13995,44448.515625
13996,13996,146444.140625
13997,13997,4426.6533203125
13998,13998,124621.3671875
13999,13999,7152.82177734375
14000,14000,39380.51953125
14001,14001,5091.369140625
14002,14002,42035.35546875
14003,14003,17522.791015625
14004,14004,19009.396484375
14005,14005,7997.51318359375
14006,14006,12653.671875
14007,14007,7679.4599609375
14008,14008,9482.69921875
14009,14009,7490.7607421875
14010,14010,4829.25244140625
14011,14011,9061.560546875
14012,14012,7623.9033203125
14013,14013,4805.04443359375
14014,14014,16799.4453125
14015,14015,5739.33984375
14016,14016,8404.2744140625
14017,14017,21425.181640625
14018,14018,5439.97607421875
14019,14019,6140.10546875
14020,14020,15049.3525390625
14021,14021,69924.1796875
14022,14022,7253.26806640625
14023,14023,32054.736328125
14024,14024,6761.33447265625
14025,14025,4428.279296875
14026,14026,20968.638671875
14027,14027,22234.9140625
14028,14028,6118.5673828125
14029,14029,12189.732421875
14030,14030,15947.681640625
14031,14031,1744.8375244140625
14032,14032,11889.9580078125
14033,14033,4663358.0
14034,14034,5501.32763671875
14035,14035,6518.38134765625
14036,14036,7640.99462890625
14037,14037,18786.900390625
14038,14038,9921.64453125
14039,14039,42078.578125
14040,14040,7329.34912109375
14041,14041,7701.92626953125
14042,14042,6358.625
14043,14043,5803.1875
14044,14044,62403.15234375
14045,14045,11118.7021484375
14046,14046,9026.9130859375
14047,14047,13569.958984375
14048,14048,31993.630859375
14049,14049,4690.9326171875
14050,14050,8367.2978515625
14051,14051,38978.66796875
14052,14052,7468.33349609375
14053,14053,134627.203125
14054,14054,10083.6376953125
14055,14055,5904.3017578125
14056,14056,7998.66650390625
14057,14057,28459.712890625
14058,14058,130264.6640625
14059,14059,72853.46875
14060,14060,91481.5859375
14061,14061,5609.70166015625
14062,14062,6809.86328125
14063,14063,8731.0732421875
14064,14064,6820.7890625
14065,14065,4305.177734375
14066,14066,6231.85107421875
14067,14067,17862.328125
14068,14068,10304.40625
14069,14069,40795.2421875
14070,14070,27634.76953125
14071,14071,10569.6171875
14072,14072,8444.6806640625
14073,14073,9342.7197265625
14074,14074,7137.775390625
14075,14075,14551.8994140625
14076,14076,5692.26025390625
14077,14077,3821.456787109375
14078,14078,10302.552734375
14079,14079,7916.76953125
14080,14080,4032.2158203125
14081,14081,4298.82373046875
14082,14082,9319.8056640625
14083,14083,13590.8564453125
14084,14084,13229.82421875
14085,14085,6741.0087890625
14086,14086,5450.04736328125
14087,14087,6631.05029296875
14088,14088,13448.830078125
14089,14089,6986.2998046875
14090,14090,17756.294921875
14091,14091,9187.6513671875
14092,14092,10230.0986328125
14093,14093,296602.9375
14094,14094,21150.705078125
14095,14095,6404.3564453125
14096,14096,8577.9697265625
14097,14097,6319.1025390625
14098,14098,6064.41552734375
14099,14099,6906.47265625
14100,14100,51594.23046875
14101,14101,5759.61865234375
14102,14102,85999.6875
14103,14103,102426.421875
14104,14104,4552.4169921875
14105,14105,6578.02490234375
14106,14106,8823.2216796875
14107,14107,21777.14453125
14108,14108,17639.447265625
14109,14109,5400.36865234375
14110,14110,7336366.5
14111,14111,6932.7421875
14112,14112,12123.4794921875
14113,14113,6191.0703125
14114,14114,5559.73876953125
14115,14115,13027.5361328125
14116,14116,2342994.25
14117,14117,38640.87890625
14118,14118,4697.740234375
14119,14119,7634.1826171875
14120,14120,90847.84375
14121,14121,13417.546875
14122,14122,9199.2958984375
14123,14123,494362.84375
14124,14124,7615.43310546875
14125,14125,7340.67041015625
14126,14126,5691.978515625
14127,14127,25310.28515625
14128,14128,5334.33154296875
14129,14129,4837794.5
14130,14130,4650.7314453125
14131,14131,8877.1357421875
14132,14132,35948.6484375
14133,14133,6981.6435546875
14134,14134,5596.98095703125
14135,14135,6941.6416015625
14136,14136,77465.265625
14137,14137,13460.876953125
14138,14138,11009.33203125
14139,14139,18782.1484375
14140,14140,7660.111328125
14141,14141,27650.84375
14142,14142,9020.5078125
14143,14143,7325.6884765625
14144,14144,6550.10595703125
14145,14145,221907.96875
14146,14146,22038.818359375
14147,14147,10872.34375
14148,14148,5980.408203125
14149,14149,6050.31787109375
14150,14150,13878.4599609375
14151,14151,29059.505859375
14152,14152,199000.125
14153,14153,7354.93115234375
14154,14154,8126.2021484375
14155,14155,4685.0380859375
14156,14156,41246.0703125
14157,14157,7045.10205078125
14158,14158,254969.46875
14159,14159,5619.62255859375
14160,14160,46404.34765625
14161,14161,15345.4775390625
14162,14162,14341.408203125
14163,14163,29554.875
14164,14164,67661.6015625
14165,14165,5551.17333984375
14166,14166,4271.095703125
14167,14167,1836441.375
14168,14168,8522.544921875
14169,14169,9256.162109375
14170,14170,152718.609375
14171,14171,8385.240234375
14172,14172,5929.73828125
14173,14173,10255.9130859375
14174,14174,7930.8115234375
14175,14175,22357.166015625
14176,14176,58141.4296875
14177,14177,10247.279296875
14178,14178,7069.4609375
14179,14179,49970.33984375
14180,14180,5789.7080078125
14181,14181,5647.50146484375
14182,14182,5988.23876953125
14183,14183,6252.09130859375
14184,14184,33614.984375
14185,14185,6083.06787109375
14186,14186,6563.18896484375
14187,14187,5808.1552734375
14188,14188,6345.42333984375
14189,14189,13280.8125
14190,14190,61688.06640625
14191,14191,8742.357421875
14192,14192,18455.43359375
14193,14193,15054.01953125
14194,14194,19929.54296875
14195,14195,10143.2646484375
14196,14196,66894.3359375
14197,14197,112737.1953125
14198,14198,13911.55078125
14199,14199,6270.80712890625
14200,14200,8974.451171875
14201,14201,15967.8603515625
14202,14202,7092.7568359375
14203,14203,33862.1484375
14204,14204,5859.498046875
14205,14205,5248.00830078125
14206,14206,4849.05126953125
14207,14207,8631.5751953125
14208,14208,17615.0625
14209,14209,6246.1376953125
14210,14210,10007.1455078125
14211,14211,6868.49609375
14212,14212,10178.384765625
14213,14213,6750.27978515625
14214,14214,11796.3232421875
14215,14215,8521.87890625
14216,14216,6665.39013671875
14217,14217,13289.61328125
14218,14218,9315.6943359375
14219,14219,17091.13671875
14220,14220,9325.353515625
14221,14221,5104.97412109375
14222,14222,6153.20947265625
14223,14223,14193.8955078125
14224,14224,6996.275390625
14225,14225,128112.53125
14226,14226,8169.14990234375
14227,14227,18991.548828125
14228,14228,3734384.5
14229,14229,10018.0908203125
14230,14230,11654.181640625
14231,14231,2806.9345703125
14232,14232,1136487.5
14233,14233,5799.25244140625
14234,14234,11909.55078125
14235,14235,9678.3212890625
14236,14236,6543.6904296875
14237,14237,10847.318359375
14238,14238,16244.0244140625
14239,14239,9175.279296875
14240,14240,6428.8876953125
14241,14241,7519.736328125
14242,14242,16317.42578125
14243,14243,7545.60205078125
14244,14244,71148.5
14245,14245,8535.388671875
14246,14246,68217.75
14247,14247,9014.748046875
14248,14248,362909.75
14249,14249,6028.884765625
14250,14250,8148.24365234375
14251,14251,10154.115234375
14252,14252,21509.310546875
14253,14253,6024.12255859375
14254,14254,10418.3193359375
14255,14255,6654.255859375
14256,14256,9618.7802734375
14257,14257,6236.865234375
14258,14258,17648.984375
14259,14259,6043.57568359375
14260,14260,5660.02099609375
14261,14261,8759.6689453125
14262,14262,16804.314453125
14263,14263,5619.2548828125
14264,14264,7710.21484375
14265,14265,27933.384765625
14266,14266,6400.6376953125
14267,14267,13297.7783203125
14268,14268,6730.7998046875
14269,14269,6492.20166015625
14270,14270,9230.3828125
14271,14271,9390.7470703125
14272,14272,7720.53759765625
14273,14273,13685.591796875
14274,14274,9265.833984375
14275,14275,3251.187744140625
14276,14276,164726.03125
14277,14277,49087.59375
14278,14278,16719.458984375
14279,14279,6158.7392578125
14280,14280,85036.3125
14281,14281,7608.67236328125
14282,14282,7924.7509765625
14283,14283,19494.90625
14284,14284,7424.14697265625
14285,14285,7850.3046875
14286,14286,8000.81396484375
14287,14287,6537.22412109375
14288,14288,24803.69140625
14289,14289,36639.8046875
14290,14290,4654.5615234375
14291,14291,12077.0263671875
14292,14292,14321.482421875
14293,14293,5780.92041015625
14294,14294,63455.94140625
14295,14295,19216.078125
14296,14296,82547.2421875
14297,14297,15803.4921875
14298,14298,172885.40625
14299,14299,7849.54638671875
14300,14300,34591.82421875
14301,14301,5685.35986328125
14302,14302,15622.4228515625
14303,14303,5436.62158203125
14304,14304,10974.3564453125
14305,14305,12240.404296875
14306,14306,5967.56396484375
14307,14307,21241.177734375
14308,14308,21378.240234375
14309,14309,18714.42578125
14310,14310,7500.837890625
14311,14311,5090.34814453125
14312,14312,8945.9794921875
14313,14313,101826.5546875
14314,14314,6064.26904296875
14315,14315,9253.0546875
14316,14316,6514.20458984375
14317,14317,9724.564453125
14318,14318,7497.14453125
14319,14319,14026.845703125
14320,14320,6402.27490234375
14321,14321,5279.80712890625
14322,14322,21246.482421875
14323,14323,1391192.875
14324,14324,9716.056640625
14325,14325,29863.5859375
14326,14326,10966.791015625
14327,14327,10512.34765625
14328,14328,12451.9423828125
14329,14329,15583.451171875
14330,14330,6171.43115234375
14331,14331,25280.02734375
14332,14332,3644.81396484375
14333,14333,14936.216796875
14334,14334,6734.701171875
14335,14335,20178.37890625
14336,14336,6383.0419921875
14337,14337,5479.33544921875
14338,14338,232988.109375
14339,14339,11206.060546875
14340,14340,8950.1572265625
14341,14341,8128.615234375
14342,14342,6572.84912109375
14343,14343,9015.6123046875
14344,14344,8926.4853515625
14345,14345,14878.5048828125
14346,14346,4659.10888671875
14347,14347,8666.69140625
14348,14348,11326.109375
14349,14349,8343.1923828125
14350,14350,19843.99609375
14351,14351,6822.89306640625
14352,14352,354766.21875
14353,14353,3490818.75
14354,14354,109883.109375
14355,14355,5556.04541015625
14356,14356,19652.44921875
14357,14357,69439.703125
14358,14358,5807.5283203125
14359,14359,8082.68896484375
14360,14360,20515.6796875
14361,14361,8054.50048828125
14362,14362,123803.3828125
14363,14363,25021.833984375
14364,14364,7416.23681640625
14365,14365,23038.501953125
14366,14366,47563.7890625
14367,14367,109240.65625
14368,14368,17552.83203125
14369,14369,9074.2783203125
14370,14370,36853.546875
14371,14371,5850.73583984375
14372,14372,220413.265625
14373,14373,6038.7646484375
14374,14374,8015.9130859375
14375,14375,52717.59375
14376,14376,4552.67041015625
14377,14377,4903.60888671875
14378,14378,4197.4658203125
14379,14379,7867.58349609375
14380,14380,8012.0595703125
14381,14381,4668.25048828125
14382,14382,93306.25
14383,14383,7432.79443359375
14384,14384,7125.4697265625
14385,14385,231666.40625
14386,14386,8419.203125
14387,14387,24607.681640625
14388,14388,5274.94091796875
14389,14389,56703.69921875
14390,14390,23289.7265625
14391,14391,16911.3203125
14392,14392,8821.8828125
14393,14393,4634.26220703125
14394,14394,8235.0849609375
14395,14395,37342.62109375
14396,14396,4650.7197265625
14397,14397,13180.9287109375
14398,14398,8728.5615234375
14399,14399,6391.9111328125
14400,14400,8823.388671875
14401,14401,284122.125
14402,14402,10614.91796875
14403,14403,8010.8935546875
14404,14404,53610.875
14405,14405,7395.11376953125
14406,14406,108098.171875
14407,14407,9849.4638671875
14408,14408,4823.0390625
14409,14409,5504.33056640625
14410,14410,9956.130859375
14411,14411,46708.0625
14412,14412,2127.118896484375
14413,14413,4259.88818359375
14414,14414,9752.39453125
14415,14415,36994.203125
14416,14416,5086.42822265625
14417,14417,98416.3515625
14418,14418,6951.17431640625
14419,14419,7936.685546875
14420,14420,7027.55712890625
14421,14421,4824.6962890625
14422,14422,8620.904296875
14423,14423,10809.7041015625
14424,14424,19157.3828125
14425,14425,29212.029296875
14426,14426,12849.3759765625
14427,14427,7266.81298828125
14428,14428,9197.7265625
14429,14429,2953.81640625
14430,14430,20676.95703125
14431,14431,8488.2998046875
14432,14432,8374.76171875
14433,14433,4886.955078125
14434,14434,5743.7080078125
14435,14435,6979.587890625
14436,14436,9664.583984375
14437,14437,9757.841796875
14438,14438,7526.56591796875
14439,14439,28877.296875
14440,14440,33774.80859375
14441,14441,86839.671875
14442,14442,25557.26953125
14443,14443,12385.1650390625
14444,14444,151821.34375
14445,14445,12601.8916015625
14446,14446,10354.9609375
14447,14447,13473.2041015625
14448,14448,21376.181640625
14449,14449,64191.7890625
14450,14450,6652.71337890625
14451,14451,7512.826171875
14452,14452,5491.28857421875
14453,14453,7499.4521484375
14454,14454,5679.56005859375
14455,14455,6186.8310546875
14456,14456,10290.0693359375
14457,14457,30198.455078125
14458,14458,6362.3955078125
14459,14459,49050.87109375
14460,14460,213447.625
14461,14461,10715.13671875
14462,14462,6047.0703125
14463,14463,9361.767578125
14464,14464,8865.4140625
14465,14465,5215.2255859375
14466,14466,6770.22265625
14467,14467,15105.5517578125
14468,14468,12957.4619140625
14469,14469,12973.4189453125
14470,14470,7171.0673828125
14471,14471,5810.828125
14472,14472,22617.048828125
14473,14473,27519.970703125
14474,14474,44340.04296875
14475,14475,33813.3125
14476,14476,46976.75
14477,14477,16620.28515625
14478,14478,4737.6904296875
14479,14479,6328.26708984375
14480,14480,10649.005859375
14481,14481,174633.234375
14482,14482,10031.208984375
14483,14483,8212.78515625
14484,14484,20006.564453125
14485,14485,7295.96630859375
14486,14486,4715.18212890625
14487,14487,92829.125
14488,14488,5725.19091796875
14489,14489,8579.8115234375
14490,14490,7081.076171875
14491,14491,107842.96875
14492,14492,6005.70458984375
14493,14493,16338.0849609375
14494,14494,83926.9921875
14495,14495,6933.2236328125
14496,14496,80444.234375
14497,14497,50502.09765625
14498,14498,7216.171875
14499,14499,17055.568359375
14500,14500,297059.5625
14501,14501,8618.138671875
14502,14502,5543.9365234375
14503,14503,5536.7685546875
14504,14504,7161.85205078125
14505,14505,12129.310546875
14506,14506,13273.8046875
14507,14507,118429.953125
14508,14508,11862.5595703125
14509,14509,52841.2109375
14510,14510,2087146.0
14511,14511,195198.890625
14512,14512,6150.470703125
14513,14513,37603.6640625
14514,14514,44575.6328125
14515,14515,6218.0732421875
14516,14516,51986.5078125
14517,14517,43040.58203125
14518,14518,151245.40625
14519,14519,6771.7529296875
14520,14520,7336.353515625
14521,14521,7232.07666015625
14522,14522,25416.064453125
14523,14523,34434.09765625
14524,14524,12353.146484375
14525,14525,7332.1875
14526,14526,6355.013671875
14527,14527,81490.5
14528,14528,41579.00390625
14529,14529,12188.673828125
14530,14530,5675.4794921875
14531,14531,31702.5
14532,14532,220445.203125
14533,14533,38460.25390625
14534,14534,6007.72900390625
14535,14535,12966.2666015625
14536,14536,8957.8681640625
14537,14537,11878.8525390625
14538,14538,8916.2646484375
14539,14539,128312.1484375
14540,14540,54112.5234375
14541,14541,9934.4560546875
14542,14542,29448.310546875
14543,14543,8648.6337890625
14544,14544,19386.205078125
14545,14545,4527.40478515625
14546,14546,8103.31884765625
14547,14547,6285.3271484375
14548,14548,196795.9375
14549,14549,29984.095703125
14550,14550,7686.171875
14551,14551,212633.328125
14552,14552,8024.8232421875
14553,14553,5045.5732421875
14554,14554,4214.0595703125
14555,14555,6409.49658203125
14556,14556,399516.65625
14557,14557,6519.8916015625
14558,14558,36704.79296875
14559,14559,99418.2265625
14560,14560,14615.8173828125
14561,14561,2189.684814453125
14562,14562,6100.126953125
14563,14563,105458.421875
14564,14564,7151.240234375
14565,14565,5156.1533203125
14566,14566,11372.7119140625
14567,14567,7046.56689453125
14568,14568,4594.5576171875
14569,14569,6810.18896484375
14570,14570,7713.76904296875
14571,14571,5132.78466796875
14572,14572,22416.5234375
14573,14573,5875.3662109375
14574,14574,17808.734375
14575,14575,4987.74462890625
14576,14576,2533.093505859375
14577,14577,16017.0478515625
14578,14578,58101.47265625
14579,14579,7294.77880859375
14580,14580,33029.0
14581,14581,9240.26171875
14582,14582,100251.4921875
14583,14583,6370.517578125
14584,14584,10129.9296875
14585,14585,2945.752197265625
14586,14586,10415.0380859375
14587,14587,5027.89990234375
14588,14588,2823927.75
14589,14589,6461.09423828125
14590,14590,11225.5458984375
14591,14591,15102.736328125
14592,14592,7657.08251953125
14593,14593,8939.984375
14594,14594,38109.7734375
14595,14595,5525.421875
14596,14596,4617.638671875
14597,14597,5700.9765625
14598,14598,5156.43212890625
14599,14599,10534.8662109375
14600,14600,6389.2861328125
14601,14601,7738.39697265625
14602,14602,8421.556640625
14603,14603,6871.216796875
14604,14604,8274.8271484375
14605,14605,9380.763671875
14606,14606,6170.59375
14607,14607,1120167.25
14608,14608,11221.5546875
14609,14609,25395.998046875
14610,14610,5042.11181640625
14611,14611,8191.82763671875
14612,14612,5064.21875
14613,14613,8103.876953125
14614,14614,5689.712890625
14615,14615,8439.17578125
14616,14616,9385.9208984375
14617,14617,7953.7470703125
14618,14618,4929.36962890625
14619,14619,7710.68115234375
14620,14620,3643.6630859375
14621,14621,4253.96533203125
14622,14622,9154.53125
14623,14623,4582.85205078125
14624,14624,37008.6484375
14625,14625,5776.97216796875
14626,14626,13660.6845703125
14627,14627,5994.36279296875
14628,14628,15741.54296875
14629,14629,6344.15673828125
14630,14630,5917.1845703125
14631,14631,5279.6787109375
14632,14632,10367.5078125
14633,14633,7952.15185546875
14634,14634,25364.962890625
14635,14635,19958.287109375
14636,14636,8907.494140625
14637,14637,11998.77734375
14638,14638,947673.5625
14639,14639,7125.52099609375
14640,14640,139802.984375
14641,14641,9656.7861328125
14642,14642,6323.1845703125
14643,14643,7217.50732421875
14644,14644,4979.8427734375
14645,14645,10365.3525390625
14646,14646,7906.43359375
14647,14647,13583.3251953125
14648,14648,6889.0439453125
14649,14649,16748.646484375
14650,14650,15323.978515625
14651,14651,1990.6466064453125
14652,14652,8488.435546875
14653,14653,6682.453125
14654,14654,8046.7578125
14655,14655,19800.5390625
14656,14656,4029.77294921875
14657,14657,12734.9921875
14658,14658,46836.4921875
14659,14659,11394.9267578125
14660,14660,6516.31298828125
14661,14661,27751.740234375
14662,14662,12429.1806640625
14663,14663,35234.92578125
14664,14664,9059.81640625
14665,14665,76188.9140625
14666,14666,5835.150390625
14667,14667,6606.6064453125
14668,14668,13587.8759765625
14669,14669,146458.78125
14670,14670,7562.79296875
14671,14671,1361969.375
14672,14672,12230.2724609375
14673,14673,8154.35791015625
14674,14674,6702.7998046875
14675,14675,5747.49267578125
14676,14676,4849.41064453125
14677,14677,6185.99951171875
14678,14678,6508.02880859375
14679,14679,10953.7099609375
14680,14680,6829043.5
14681,14681,39852.55859375
14682,14682,22897.044921875
14683,14683,15665.7900390625
14684,14684,6399.90869140625
14685,14685,7208.30908203125
14686,14686,17838.072265625
14687,14687,8353.7119140625
14688,14688,6346.6123046875
14689,14689,9319.357421875
14690,14690,8710.9873046875
14691,14691,20351.78515625
14692,14692,11028.91015625
14693,14693,30048.880859375
14694,14694,27648874.0
14695,14695,4722.11328125
14696,14696,9895.0615234375
14697,14697,10613.3779296875
14698,14698,5049.865234375
14699,14699,5411.4794921875
14700,14700,11234.3720703125
14701,14701,7093.27099609375
14702,14702,25513.484375
14703,14703,4192.29931640625
14704,14704,4205.1923828125
14705,14705,5538.01171875
14706,14706,56500.56640625
14707,14707,13458.7646484375
14708,14708,218680.28125
14709,14709,4431.23388671875
14710,14710,5595.43017578125
14711,14711,41485.4296875
14712,14712,119098.28125
14713,14713,6730.05517578125
14714,14714,6723.45166015625
14715,14715,14287.6259765625
14716,14716,9920.287109375
14717,14717,49101.484375
14718,14718,6507.7216796875
14719,14719,10736.30078125
14720,14720,16853.69921875
14721,14721,15656.4443359375
14722,14722,63246.02734375
14723,14723,32758.166015625
14724,14724,7469.60595703125
14725,14725,7207.25048828125
14726,14726,33057.609375
14727,14727,6850.4423828125
14728,14728,9361.767578125
14729,14729,5695.70556640625
14730,14730,5119.59228515625
14731,14731,6289.2314453125
14732,14732,7990.02294921875
14733,14733,6986.45263671875
14734,14734,7169.5888671875
14735,14735,11281.0732421875
14736,14736,18797.728515625
14737,14737,9749.736328125
14738,14738,6256.01318359375
14739,14739,14093.447265625
14740,14740,8326.2158203125
14741,14741,2929.688720703125
14742,14742,12097.9287109375
14743,14743,8490.208984375
14744,14744,7970.68212890625
14745,14745,16700.1953125
14746,14746,8170.591796875
14747,14747,29698.67578125
14748,14748,5419.8955078125
14749,14749,78185.0
14750,14750,5362.75244140625
14751,14751,5670.33544921875
14752,14752,6986.57275390625
14753,14753,13994700.0
14754,14754,8860.0048828125
14755,14755,8335.787109375
14756,14756,5024.35595703125
14757,14757,8197.115234375
14758,14758,4309.1025390625
14759,14759,14243.1171875
14760,14760,33778.9140625
14761,14761,5547.78662109375
14762,14762,7917.20703125
14763,14763,10723.470703125
14764,14764,6438.416015625
14765,14765,47340.16015625
14766,14766,16295.0341796875
14767,14767,6349.966796875
14768,14768,17564.439453125
14769,14769,14043.9365234375
14770,14770,5817.18896484375
14771,14771,3671.574462890625
14772,14772,15357.7431640625
14773,14773,25718.369140625
14774,14774,8139.18359375
14775,14775,4208.44482421875
14776,14776,6293.18701171875
14777,14777,23896.359375
14778,14778,5126.89501953125
14779,14779,6872.57568359375
14780,14780,14346.701171875
14781,14781,62624.51171875
14782,14782,6808.234375
14783,14783,10036.4326171875
14784,14784,7243.03857421875
14785,14785,18474.79296875
14786,14786,3364.876708984375
14787,14787,6596.39794921875
14788,14788,6125.31982421875
14789,14789,9677.2626953125
14790,14790,5677.0322265625
14791,14791,12860.0146484375
14792,14792,6712.3505859375
14793,14793,19988.71484375
14794,14794,6311.24462890625
14795,14795,5875.01708984375
14796,14796,5721.14111328125
14797,14797,8274.3955078125
14798,14798,9944.0546875
14799,14799,26505.068359375
14800,14800,4696.92431640625
14801,14801,30838.20703125
14802,14802,7957.01513671875
14803,14803,7252.1669921875
14804,14804,7197.9384765625
14805,14805,7304.7646484375
14806,14806,6559.7470703125
14807,14807,5129.53662109375
14808,14808,32312.3046875
14809,14809,12980.349609375
14810,14810,17444.80859375
14811,14811,24426.44140625
14812,14812,23465.890625
14813,14813,22780.896484375
14814,14814,6669.40380859375
14815,14815,4222.36279296875
14816,14816,175923.859375
14817,14817,4029.733154296875
14818,14818,33567.95703125
14819,14819,16646.826171875
14820,14820,8502.2822265625
14821,14821,6180.52734375
14822,14822,65810.234375
14823,14823,11048.30078125
14824,14824,8673.1796875
14825,14825,6184.45458984375
14826,14826,12366.2353515625
14827,14827,10280.123046875
14828,14828,6927.34619140625
14829,14829,6695.77294921875
14830,14830,7028.6904296875
14831,14831,6679.12255859375
14832,14832,160709.015625
14833,14833,7987.4228515625
14834,14834,9147.568359375
14835,14835,21453.2890625
14836,14836,7294.85791015625
14837,14837,120391.890625
14838,14838,5038.45654296875
14839,14839,6194.43017578125
14840,14840,6050.99169921875
14841,14841,24864.181640625
14842,14842,7271.060546875
14843,14843,14164.837890625
14844,14844,7405.08837890625
14845,14845,7670.8076171875
14846,14846,98307.140625
14847,14847,12590.673828125
14848,14848,4433.744140625
14849,14849,8659.3935546875
14850,14850,122387.671875
14851,14851,6276.90771484375
14852,14852,11592.3125
14853,14853,80296.0703125
14854,14854,10615.380859375
14855,14855,12122.8154296875
14856,14856,48688.8515625
14857,14857,12401.2666015625
14858,14858,9158.02734375
14859,14859,7118.34033203125
14860,14860,31514.541015625
14861,14861,6256.0849609375
14862,14862,8689.712890625
14863,14863,157699.90625
14864,14864,8143.6220703125
14865,14865,94497.8828125
14866,14866,23609.951171875
14867,14867,7189.599609375
14868,14868,8486.5859375
14869,14869,11155.9013671875
14870,14870,23128.439453125
14871,14871,15808.8994140625
14872,14872,10656.3818359375
14873,14873,6480.4189453125
14874,14874,183385.171875
14875,14875,28221.955078125
14876,14876,7344.45263671875
14877,14877,6632.30810546875
14878,14878,124091.8515625
14879,14879,9877.6162109375
14880,14880,7719.86572265625
14881,14881,10691.1494140625
14882,14882,3895.127197265625
14883,14883,12929.6611328125
14884,14884,8434.38671875
14885,14885,19256.232421875
14886,14886,22164.5078125
14887,14887,27275.328125
14888,14888,8405.7158203125
14889,14889,7909.23193359375
14890,14890,9874.2607421875
14891,14891,107692.2578125
14892,14892,16655.134765625
14893,14893,15504.015625
14894,14894,5332.56982421875
14895,14895,7458.37451171875
14896,14896,15882.025390625
14897,14897,22291.357421875
14898,14898,13501.4208984375
14899,14899,7512.23681640625
14900,14900,7268.83642578125
14901,14901,8014.875
14902,14902,120891.4296875
14903,14903,5043.69677734375
14904,14904,4533.18408203125
14905,14905,42174.01953125
14906,14906,9166.16796875
14907,14907,7166.9130859375
14908,14908,9441.53125
14909,14909,4645.3701171875
14910,14910,11274.107421875
14911,14911,9621.7119140625
14912,14912,41822.4609375
14913,14913,25423.22265625
14914,14914,35992.69140625
14915,14915,9490.8095703125
14916,14916,170859.984375
14917,14917,10334.5185546875
14918,14918,37516.0625
14919,14919,41342.515625
14920,14920,16726.90234375
14921,14921,6308.95703125
14922,14922,13026.0986328125
14923,14923,7625.20263671875
14924,14924,33085.2265625
14925,14925,14155.9287109375
14926,14926,6212.6513671875
14927,14927,6867.4912109375
14928,14928,10672.5185546875
14929,14929,7162.93798828125
14930,14930,9921.318359375
14931,14931,5967.0009765625
14932,14932,10905.7578125
14933,14933,12816.6845703125
14934,14934,9125.1552734375
14935,14935,53379.84765625
14936,14936,13427.4365234375
14937,14937,13810.2109375
14938,14938,7417.767578125
14939,14939,5166.490234375
14940,14940,44519.6640625
14941,14941,19003.298828125
14942,14942,6248.923828125
14943,14943,7631.8173828125
14944,14944,4267.01318359375
14945,14945,14194.185546875
14946,14946,8264.9091796875
14947,14947,3964.526123046875
14948,14948,4225.9521484375
14949,14949,7978.705078125
14950,14950,7908.6259765625
14951,14951,5191.44970703125
14952,14952,5105.4267578125
14953,14953,6416.9619140625
14954,14954,23731.0859375
14955,14955,10490.8271484375
14956,14956,14275.8662109375
14957,14957,127579.734375
14958,14958,6580.9345703125
14959,14959,19221.56640625
14960,14960,41154.86328125
14961,14961,8228.6826171875
14962,14962,9253.5400390625
14963,14963,18737.234375
14964,14964,4104.56982421875
14965,14965,11505.22265625
14966,14966,9437.041015625
14967,14967,4135.14453125
14968,14968,5090.84912109375
14969,14969,8620.8544921875
14970,14970,7371.66845703125
14971,14971,6904.53076171875
14972,14972,152714.4375
14973,14973,46895.1015625
14974,14974,6274.865234375
14975,14975,93645.0703125
14976,14976,43032.0625
14977,14977,1803458.25
14978,14978,25724.0234375
14979,14979,59000.015625
14980,14980,5655.4013671875
14981,14981,3523.832763671875
14982,14982,8709.41015625
14983,14983,25488152.0
14984,14984,9037.212890625
14985,14985,105101.109375
14986,14986,180678.625
14987,14987,7858.39501953125
14988,14988,8549.2265625
14989,14989,14737.986328125
14990,14990,5304.6240234375
14991,14991,9993.7783203125
14992,14992,8721.40234375
14993,14993,21442.087890625
14994,14994,6506.3466796875
14995,14995,36902.7578125
14996,14996,7692.8427734375
14997,14997,267245.34375
14998,14998,50477.69140625
14999,14999,21905.396484375
15000,15000,12916.49609375
15001,15001,25606.501953125
15002,15002,4430.26513671875
15003,15003,40693.33984375
15004,15004,6653.1572265625
15005,15005,12027.8994140625
15006,15006,8743.0126953125
15007,15007,19830.283203125
15008,15008,10381.27734375
15009,15009,128671.453125
15010,15010,9607.181640625
15011,15011,5930.041015625
15012,15012,3336.411376953125
15013,15013,30279.623046875
15014,15014,9811.130859375
15015,15015,14474.01171875
15016,15016,4597.02001953125
15017,15017,12763.193359375
15018,15018,6673.0107421875
15019,15019,5677.67041015625
15020,15020,26947.0390625
15021,15021,13555.978515625
15022,15022,8522.9423828125
15023,15023,5516.3115234375
15024,15024,7611.11181640625
15025,15025,4043.400390625
15026,15026,3655.4931640625
15027,15027,7039.697265625
15028,15028,107192.890625
15029,15029,14923.1787109375
15030,15030,13438.955078125
15031,15031,17936.876953125
15032,15032,11898.3291015625
15033,15033,51395.27734375
15034,15034,12985.8798828125
15035,15035,9051.455078125
15036,15036,11538.8330078125
15037,15037,5620.3291015625
15038,15038,7148.23486328125
15039,15039,205343.90625
15040,15040,123439.1875
15041,15041,7758.46484375
15042,15042,4547.02734375
15043,15043,4476.6962890625
15044,15044,5974.5087890625
15045,15045,172863.953125
15046,15046,14445.58203125
15047,15047,12462.01953125
15048,15048,6661.61083984375
15049,15049,8749.6396484375
15050,15050,8213.6435546875
15051,15051,10146.0029296875
15052,15052,11721.4443359375
15053,15053,23023.12109375
15054,15054,11188.7939453125
15055,15055,9127.0078125
15056,15056,12536.876953125
15057,15057,7362.35107421875
15058,15058,7755.81884765625
15059,15059,17106.4921875
15060,15060,5850.2998046875
15061,15061,6659.89501953125
15062,15062,7828.79931640625
15063,15063,5996.64111328125
15064,15064,2262330.5
15065,15065,42687.69921875
15066,15066,6549.55908203125
15067,15067,7639.6611328125
15068,15068,3321268.75
15069,15069,6809.5283203125
15070,15070,24234.771484375
15071,15071,5133.2236328125
15072,15072,11420.6357421875
15073,15073,5383.20751953125
15074,15074,11972.4677734375
15075,15075,18563.39453125
15076,15076,72599.5
15077,15077,9703.4814453125
15078,15078,8509.55859375
15079,15079,15706.6318359375
15080,15080,4268715.5
15081,15081,6484.69580078125
15082,15082,5735.86767578125
15083,15083,22248.810546875
15084,15084,4578.47802734375
15085,15085,7134.49365234375
15086,15086,9999.0224609375
15087,15087,3978136.75
15088,15088,7821.0830078125
15089,15089,176273.046875
15090,15090,134116.015625
15091,15091,16032.5380859375
15092,15092,7631.86865234375
15093,15093,8456.5966796875
15094,15094,10554.583984375
15095,15095,7089.5380859375
15096,15096,7047.99267578125
15097,15097,7567.388671875
15098,15098,6025.984375
15099,15099,4463.37548828125
15100,15100,174278.453125
15101,15101,6740.56103515625
15102,15102,6206.1103515625
15103,15103,12350.642578125
15104,15104,6364.82763671875
15105,15105,21241.849609375
15106,15106,7145.568359375
15107,15107,14110.775390625
15108,15108,9163.708984375
15109,15109,14114.28125
15110,15110,29158.384765625
15111,15111,5141870.0
15112,15112,5122.82275390625
15113,15113,7562.6845703125
15114,15114,5068.263671875
15115,15115,5558.22607421875
15116,15116,4377.26025390625
15117,15117,9529.6435546875
15118,15118,55421.77734375
15119,15119,7758.25927734375
15120,15120,7511.13330078125
15121,15121,45724.41015625
15122,15122,10091.9423828125
15123,15123,7740.9814453125
15124,15124,7043.00390625
15125,15125,27937.90234375
15126,15126,23548.8046875
15127,15127,4635.541015625
15128,15128,21562.103515625
15129,15129,6215.38671875
15130,15130,27154.654296875
15131,15131,2486943.5
15132,15132,48184.6328125
15133,15133,3898.23876953125
15134,15134,5406.16845703125
15135,15135,4105.7939453125
15136,15136,12104.7412109375
15137,15137,9553.3076171875
15138,15138,6352.216796875
15139,15139,11082.0087890625
15140,15140,6742.9775390625
15141,15141,6090.20947265625
15142,15142,13105.109375
15143,15143,6392.61572265625
15144,15144,7186.546875
15145,15145,8598.6533203125
15146,15146,5005.66796875
15147,15147,21346.4296875
15148,15148,6001.79345703125
15149,15149,4787.875
15150,15150,14303.36328125
15151,15151,8550.7373046875
15152,15152,6074.328125
15153,15153,5960.02001953125
15154,15154,190102.1875
15155,15155,7522.484375
15156,15156,7953.134765625
15157,15157,6180.66357421875
15158,15158,16257.5244140625
15159,15159,6899.77001953125
15160,15160,4886262.5
15161,15161,10484.8916015625
15162,15162,11148.349609375
15163,15163,7771.171875
15164,15164,6390.4814453125
15165,15165,6882.146484375
15166,15166,102557.03125
15167,15167,12058.5703125
15168,15168,11919.798828125
15169,15169,8330.5029296875
15170,15170,15556.8203125
15171,15171,6943.947265625
15172,15172,18343.0234375
15173,15173,6121.1494140625
15174,15174,142012.21875
15175,15175,10187.98046875
15176,15176,12144.634765625
15177,15177,6517.802734375
15178,15178,42113.43359375
15179,15179,6666.375
15180,15180,19763.4375
15181,15181,8466.19921875
15182,15182,10512.5078125
15183,15183,23325.677734375
15184,15184,34606.5234375
15185,15185,33283.60546875
15186,15186,7014.78515625
15187,15187,20089.916015625
15188,15188,8138.1982421875
15189,15189,11269.7802734375
15190,15190,28021.673828125
15191,15191,10492.84375
15192,15192,6251.001953125
15193,15193,39293.890625
15194,15194,95770.6875
15195,15195,15779.99609375
15196,15196,6865.689453125
15197,15197,56400.0078125
15198,15198,45293.84375
15199,15199,8793.146484375
15200,15200,8340.521484375
15201,15201,16264.6005859375
15202,15202,19402.88671875
15203,15203,31190.416015625
15204,15204,59307.9140625
15205,15205,101642.6875
15206,15206,6108.40966796875
15207,15207,6422.5732421875
15208,15208,9339.5244140625
15209,15209,7417.748046875
15210,15210,9783.5830078125
15211,15211,7490.37841796875
15212,15212,111798.6875
15213,15213,4102.33056640625
15214,15214,14073.2412109375
15215,15215,59330.62109375
15216,15216,20184.615234375
15217,15217,10170.736328125
15218,15218,18185.8984375
15219,15219,5306.83251953125
15220,15220,3852.647705078125
15221,15221,5188.56201171875
15222,15222,17823.8828125
15223,15223,5918.57373046875
15224,15224,13969.48046875
15225,15225,83525.4140625
15226,15226,38971.2109375
15227,15227,5595.27880859375
15228,15228,7412.337890625
15229,15229,7401.34033203125
15230,15230,7087.57470703125
15231,15231,5953.06298828125
15232,15232,7844.48828125
15233,15233,7050.46142578125
15234,15234,13187.2900390625
15235,15235,8359.0283203125
15236,15236,90498.828125
15237,15237,6000.90966796875
15238,15238,46279.18359375
15239,15239,60639.95703125
15240,15240,9061.9560546875
15241,15241,93367.7734375
15242,15242,8426.939453125
15243,15243,22800.201171875
15244,15244,8019.2958984375
15245,15245,5479.93310546875
15246,15246,7110.06689453125
15247,15247,12198.978515625
15248,15248,6435.6162109375
15249,15249,28729.595703125
15250,15250,5521.30322265625
15251,15251,4320.87744140625
15252,15252,11560.51953125
15253,15253,7827.42724609375
15254,15254,6673.09765625
15255,15255,11152.5849609375
15256,15256,89757.5
15257,15257,6122.04931640625
15258,15258,32057.005859375
15259,15259,7853.04833984375
15260,15260,10883.2802734375
15261,15261,6179.12841796875
15262,15262,31866.96875
15263,15263,225680.515625
15264,15264,51105.66796875
15265,15265,5708.3603515625
15266,15266,4868.3388671875
15267,15267,2448826.0
15268,15268,11496.8896484375
15269,15269,126276.1171875
15270,15270,9080.9755859375
15271,15271,6040.81982421875
15272,15272,40921.7265625
15273,15273,8227.39453125
15274,15274,4534.61328125
15275,15275,9411.736328125
15276,15276,107140.0703125
15277,15277,6769.5615234375
15278,15278,13031.9501953125
15279,15279,32090.2890625
15280,15280,8529.4560546875
15281,15281,6179.0341796875
15282,15282,6901.1298828125
15283,15283,6835.51904296875
15284,15284,11420.142578125
15285,15285,26978.076171875
15286,15286,15108.71484375
15287,15287,97102.046875
15288,15288,22485.46484375
15289,15289,8060.2939453125
15290,15290,139146.859375
15291,15291,7216.32470703125
15292,15292,21500.353515625
15293,15293,9075.1064453125
15294,15294,5791.8564453125
15295,15295,3787.341064453125
15296,15296,7328.62158203125
15297,15297,221147.671875
15298,15298,7124.9287109375
15299,15299,5335.98779296875
15300,15300,6248.02294921875
15301,15301,5686.5068359375
15302,15302,7693.3955078125
15303,15303,14076.79296875
15304,15304,7200.54248046875
15305,15305,3276.266845703125
15306,15306,34613.1484375
15307,15307,9114.1318359375
15308,15308,7196.0869140625
15309,15309,90223.609375
15310,15310,7908.9951171875
15311,15311,10127.169921875
15312,15312,6133.60888671875
15313,15313,20787.443359375
15314,15314,104958.765625
15315,15315,9699.9453125
15316,15316,21589.380859375
15317,15317,6830.78857421875
15318,15318,10945.4716796875
15319,15319,40897.41015625
15320,15320,8684.453125
15321,15321,5571.353515625
15322,15322,5245.6083984375
15323,15323,23890.474609375
15324,15324,5346.39990234375
15325,15325,7886.99755859375
15326,15326,1686861.375
15327,15327,5846.1201171875
15328,15328,12738.1669921875
15329,15329,33667.703125
15330,15330,8225.0888671875
15331,15331,7986.6552734375
15332,15332,21002.4453125
15333,15333,11451.1005859375
15334,15334,4787.9052734375
15335,15335,6541.71728515625
15336,15336,5948.509765625
15337,15337,7008.07470703125
15338,15338,7626.9677734375
15339,15339,115108.7109375
15340,15340,28788.93359375
15341,15341,3633.849365234375
15342,15342,6102.7177734375
15343,15343,6244.6240234375
15344,15344,13006.533203125
15345,15345,6607.76171875
15346,15346,16264.7578125
15347,15347,11935.2763671875
15348,15348,113801.984375
15349,15349,7291.98974609375
15350,15350,5360.11181640625
15351,15351,96531.640625
15352,15352,9224561.0
15353,15353,32909.4921875
15354,15354,6423.666015625
15355,15355,103392.125
15356,15356,8232.361328125
15357,15357,5086.36474609375
15358,15358,120949.71875
15359,15359,12507.2421875
15360,15360,262647.6875
15361,15361,7632.0986328125
15362,15362,5472.91162109375
15363,15363,3774716.25
15364,15364,26479.2890625
15365,15365,6971.5302734375
15366,15366,17286.748046875
15367,15367,8033.89892578125
15368,15368,6231.2568359375
15369,15369,17530.75
15370,15370,8994.0439453125
15371,15371,5760.5263671875
15372,15372,17908.564453125
15373,15373,7241.9580078125
15374,15374,6824.06689453125
15375,15375,6248.0048828125
15376,15376,7576.703125
15377,15377,7457.53955078125
15378,15378,287194.125
15379,15379,8570.033203125
15380,15380,23672.939453125
15381,15381,8139.90283203125
15382,15382,11243.5712890625
15383,15383,58116.4453125
15384,15384,12421.9609375
15385,15385,124591.1484375
15386,15386,6261.0517578125
15387,15387,4695.2509765625
15388,15388,119173.3828125
15389,15389,70227.6328125
15390,15390,6683.5205078125
15391,15391,9472.4052734375
15392,15392,7006.15771484375
15393,15393,5203.25390625
15394,15394,875.4453125
15395,15395,39054.99609375
15396,15396,5429.099609375
15397,15397,4781.869140625
15398,15398,15264.4130859375
15399,15399,8757.75
15400,15400,6721.53271484375
15401,15401,5256.611328125
15402,15402,8284.0107421875
15403,15403,108759.5234375
15404,15404,4720.4326171875
15405,15405,5413.08349609375
15406,15406,6139.40478515625
15407,15407,8309.404296875
15408,15408,10209.951171875
15409,15409,100108.640625
15410,15410,20408.650390625
15411,15411,4143.548828125
15412,15412,5567.0966796875
15413,15413,8275.9677734375
15414,15414,23754.572265625
15415,15415,21877.2734375
15416,15416,53650.96875
15417,15417,8409.6240234375
15418,15418,7681.80126953125
15419,15419,105834.4453125
15420,15420,5669.966796875
15421,15421,12203.380859375
15422,15422,27009.19140625
15423,15423,5856.404296875
15424,15424,10808.263671875
15425,15425,4114.00537109375
15426,15426,9395.4931640625
15427,15427,12544.15625
15428,15428,4737.3330078125
15429,15429,36453.90625
15430,15430,10972.658203125
15431,15431,14683.2763671875
15432,15432,7093.38671875
15433,15433,8564.6171875
15434,15434,7532.18017578125
15435,15435,26373.896484375
15436,15436,7385.33154296875
15437,15437,5703.9853515625
15438,15438,28367.59375
15439,15439,10739.4619140625
15440,15440,170724.40625
15441,15441,27852.685546875
15442,15442,11938.79296875
15443,15443,8381.23828125
15444,15444,7239.3662109375
15445,15445,9835.421875
15446,15446,6483.482421875
15447,15447,99613.6328125
15448,15448,6076.45947265625
15449,15449,85895.578125
15450,15450,13673.11328125
15451,15451,6368.44970703125
15452,15452,3364.01953125
15453,15453,11295.630859375
15454,15454,17208.974609375
15455,15455,6385.66015625
15456,15456,4551.474609375
15457,15457,5669.08056640625
15458,15458,2810.149658203125
15459,15459,10178.654296875
15460,15460,39112.57421875
15461,15461,84026.8515625
15462,15462,29919.216796875
15463,15463,157104.96875
15464,15464,4735.0166015625
15465,15465,6234.65673828125
15466,15466,15013.91796875
15467,15467,232885.3125
15468,15468,11175.203125
15469,15469,19709.193359375
15470,15470,4306.80419921875
15471,15471,166783.78125
15472,15472,12714.7392578125
15473,15473,2620.396484375
15474,15474,18151.08203125
15475,15475,8382.5625
15476,15476,10319.767578125
15477,15477,4806.3603515625
15478,15478,6587.61328125
15479,15479,10828.6923828125
15480,15480,54661.53125
15481,15481,6063.35498046875
15482,15482,11114.46875
15483,15483,5784.505859375
15484,15484,9352.865234375
15485,15485,5197.9130859375
15486,15486,7634.59033203125
15487,15487,50871.2734375
15488,15488,5812.45458984375
15489,15489,7723.951171875
15490,15490,8812.3212890625
15491,15491,5363.173828125
15492,15492,7896.73681640625
15493,15493,15597.6396484375
15494,15494,7040.64794921875
15495,15495,24379.009765625
15496,15496,7390.740234375
15497,15497,13852.6396484375
15498,15498,26573.3359375
15499,15499,69136.0859375
15500,15500,8196.0244140625
15501,15501,48110.9453125
15502,15502,19627.744140625
15503,15503,6041.78857421875
15504,15504,9607.7685546875
15505,15505,5219.3408203125
15506,15506,6218.60693359375
15507,15507,7309.13720703125
15508,15508,9090.3125
15509,15509,10295.5244140625
15510,15510,6969.39306640625
15511,15511,7245.34423828125
15512,15512,190052.90625
15513,15513,7734.43994140625
15514,15514,13375.0693359375
15515,15515,307524.96875
15516,15516,4736.07568359375
15517,15517,113352.4296875
15518,15518,6479.19384765625
15519,15519,43640.52734375
15520,15520,10876.4677734375
15521,15521,127648.1875
15522,15522,7307.56640625
15523,15523,14547.787109375
15524,15524,6643.91748046875
15525,15525,42657.28125
15526,15526,5391.6015625
15527,15527,5982.59765625
15528,15528,7591.3759765625
15529,15529,16318.400390625
15530,15530,11110.3447265625
15531,15531,19750.67578125
15532,15532,7734.54833984375
15533,15533,6431.8720703125
15534,15534,10231.548828125
15535,15535,6215.4443359375
15536,15536,7078.734375
15537,15537,13529.57421875
15538,15538,5521.24267578125
15539,15539,6373.5361328125
15540,15540,6863.39794921875
15541,15541,8214.2890625
15542,15542,5703.69873046875
15543,15543,7569.48291015625
15544,15544,14516.052734375
15545,15545,7466.55859375
15546,15546,73519.265625
15547,15547,7990.57275390625
15548,15548,36981.7421875
15549,15549,16584.916015625
15550,15550,4148.62939453125
15551,15551,68520.1640625
15552,15552,6070.43115234375
15553,15553,143290.296875
15554,15554,4770.216796875
15555,15555,6035.80078125
15556,15556,94651.6328125
15557,15557,9176.439453125
15558,15558,5489.0869140625
15559,15559,11158.302734375
15560,15560,7495.11767578125
15561,15561,9305.203125
15562,15562,142313.96875
15563,15563,6988.13134765625
15564,15564,4459.02392578125
15565,15565,6892.2607421875
15566,15566,9039.658203125
15567,15567,25394.60546875
15568,15568,15906.3046875
15569,15569,4925.12890625
15570,15570,6878.03857421875
15571,15571,8604.8603515625
15572,15572,6667.859375
15573,15573,7609.51416015625
15574,15574,6269.9375
15575,15575,188005.78125
15576,15576,200754.34375
15577,15577,151984.921875
15578,15578,9383.1455078125
15579,15579,10278.25390625
15580,15580,13303.638671875
15581,15581,8638.5771484375
15582,15582,8898.8623046875
15583,15583,48489.3125
15584,15584,6554.02685546875
15585,15585,23920.267578125
15586,15586,30855.91015625
15587,15587,6943.7578125
15588,15588,7511.74951171875
15589,15589,23823.791015625
15590,15590,17592.380859375
15591,15591,11457.4677734375
15592,15592,8101.93212890625
15593,15593,8889.79296875
15594,15594,29288.1328125
15595,15595,5667.06396484375
15596,15596,6499.7900390625
15597,15597,42040.18359375
15598,15598,7942.39990234375
15599,15599,6943.80078125
15600,15600,9695.55078125
15601,15601,45985.12890625
15602,15602,6926.048828125
15603,15603,22611.095703125
15604,15604,9700.5537109375
15605,15605,5943.8466796875
15606,15606,18499.564453125
15607,15607,115921.1484375
15608,15608,12828.2177734375
15609,15609,15621.7333984375
15610,15610,84613.578125
15611,15611,54211.11328125
15612,15612,25907.841796875
15613,15613,5474.23193359375
15614,15614,17815.7734375
15615,15615,5271.43115234375
15616,15616,7791.8515625
15617,15617,7950.94580078125
15618,15618,4035.7392578125
15619,15619,97919.0546875
15620,15620,21601.126953125
15621,15621,54342.4453125
15622,15622,8864.3056640625
15623,15623,6768.9638671875
15624,15624,6899.00244140625
15625,15625,9481.57421875
15626,15626,8736.4296875
15627,15627,31351.150390625
15628,15628,4580.45458984375
15629,15629,10100.87109375
15630,15630,5327.22314453125
15631,15631,6477.79638671875
15632,15632,3262.103271484375
15633,15633,67436.6484375
15634,15634,18175.37890625
15635,15635,124788.4375
15636,15636,6413.60302734375
15637,15637,10846.064453125
15638,15638,6875.52490234375
15639,15639,21242.36328125
15640,15640,90666.5
15641,15641,7818.4130859375
15642,15642,14960.4970703125
15643,15643,5863.17626953125
15644,15644,7090.869140625
15645,15645,11034.7763671875
15646,15646,10212.5146484375
15647,15647,4747.32666015625
15648,15648,7408.560546875
15649,15649,6509.43896484375
15650,15650,101045.015625
15651,15651,6722.84716796875
15652,15652,8899.6416015625
15653,15653,5674.4365234375
15654,15654,14627.1787109375
15655,15655,8049.22021484375
15656,15656,9975.3466796875
15657,15657,14325.359375
15658,15658,7101.5341796875
15659,15659,15877.9697265625
15660,15660,12050.7685546875
15661,15661,6244.240234375
15662,15662,2049693.25
15663,15663,7203.53369140625
15664,15664,62583.18359375
15665,15665,6527.15380859375
15666,15666,15190.1005859375
15667,15667,11869.34375
15668,15668,7590.072265625
15669,15669,8419.65625
15670,15670,5791.412109375
15671,15671,8392.15234375
15672,15672,54920.52734375
15673,15673,5462.48583984375
15674,15674,6213.017578125
15675,15675,46188.84765625
15676,15676,9116.869140625
15677,15677,58603.35546875
15678,15678,13614.26171875
15679,15679,9449.94140625
15680,15680,11259.7802734375
15681,15681,6474.5556640625
15682,15682,12006.455078125
15683,15683,4883.140625
15684,15684,7243.09423828125
15685,15685,10734.0712890625
15686,15686,161516.9375
15687,15687,5718.630859375
15688,15688,7577.8603515625
15689,15689,8041.31298828125
15690,15690,9354.7880859375
15691,15691,6075.6015625
15692,15692,182845.828125
15693,15693,18014.22265625
15694,15694,20113.537109375
15695,15695,5460.2646484375
15696,15696,7178.22607421875
15697,15697,6289.78271484375
15698,15698,12457.4287109375
15699,15699,4249.28173828125
15700,15700,7929.18115234375
15701,15701,19967.455078125
15702,15702,20343.96875
15703,15703,21618.001953125
15704,15704,7651.39697265625
15705,15705,15166.7177734375
15706,15706,10610.1455078125
15707,15707,7735.2666015625
15708,15708,54040.33984375
15709,15709,6614.68408203125
15710,15710,6765.2451171875
15711,15711,6702.86083984375
15712,15712,6267.56591796875
15713,15713,5811.15234375
15714,15714,22109.99609375
15715,15715,3104.334228515625
15716,15716,5813.8544921875
15717,15717,8142.931640625
15718,15718,16791.701171875
15719,15719,94590.0234375
15720,15720,9708.41796875
15721,15721,12620.0458984375
15722,15722,5071.716796875
15723,15723,55550.3828125
15724,15724,9430.4755859375
15725,15725,29361.845703125
15726,15726,13044.0205078125
15727,15727,7512.90869140625
15728,15728,8174.13525390625
15729,15729,6842.6650390625
15730,15730,7539.6328125
15731,15731,7339.1708984375
15732,15732,181946.15625
15733,15733,9921.4423828125
15734,15734,10885.4404296875
15735,15735,7115.1728515625
15736,15736,4657.02001953125
15737,15737,81009.4609375
15738,15738,8870.158203125
15739,15739,13269.826171875
15740,15740,7236.66552734375
15741,15741,4465.9189453125
15742,15742,18872.732421875
15743,15743,12856.2958984375
15744,15744,7734.478515625
15745,15745,35133.94140625
15746,15746,5952.982421875
15747,15747,9252.5419921875
15748,15748,7194.9462890625
15749,15749,8818.12109375
15750,15750,10491.267578125
15751,15751,5091.99169921875
15752,15752,9921.7900390625
15753,15753,7907.208984375
15754,15754,7900.7958984375
15755,15755,17339.06640625
15756,15756,13657.90234375
15757,15757,8035.37060546875
15758,15758,6170.36328125
15759,15759,2434475.25
15760,15760,73364.953125
15761,15761,9414.9619140625
15762,15762,4983.3564453125
15763,15763,7210.16943359375
15764,15764,7303.43310546875
15765,15765,7702.7041015625
15766,15766,132589.5625
15767,15767,5551.39306640625
15768,15768,7049.6533203125
15769,15769,6624.93115234375
15770,15770,6852.59228515625
15771,15771,5630.845703125
15772,15772,21020.302734375
15773,15773,7372.6787109375
15774,15774,12077.7607421875
15775,15775,106867.9375
15776,15776,8017.0078125
15777,15777,35282.3671875
15778,15778,8275.8916015625
15779,15779,5200.82177734375
15780,15780,70859.828125
15781,15781,11852.0595703125
15782,15782,30527.158203125
15783,15783,102971.546875
15784,15784,134827.75
15785,15785,6482.06640625
15786,15786,9745.666015625
15787,15787,124928.8125
15788,15788,11709.931640625
15789,15789,5870.173828125
15790,15790,217298.75
15791,15791,69061.3828125
15792,15792,5617.09375
15793,15793,8794.49609375
15794,15794,13141.2978515625
15795,15795,12307.486328125
15796,15796,5308.85302734375
15797,15797,95042.15625
15798,15798,6124.64697265625
15799,15799,8124.0185546875
15800,15800,52206.15625
15801,15801,12419.6357421875
15802,15802,10148.97265625
15803,15803,6702.23583984375
15804,15804,8263.3798828125
15805,15805,8497.763671875
15806,15806,7610.3818359375
15807,15807,5764.1787109375
15808,15808,3193.542724609375
15809,15809,6694.9208984375
15810,15810,8089.15625
15811,15811,9827.7470703125
15812,15812,15992.00390625
15813,15813,9383.13671875
15814,15814,16001.73828125
15815,15815,7002.81396484375
15816,15816,179142.140625
15817,15817,82738.21875
15818,15818,20049.6171875
15819,15819,9585.59375
15820,15820,4315.37451171875
15821,15821,12060.150390625
15822,15822,12347.4599609375
15823,15823,9479.01171875
15824,15824,14716.3212890625
15825,15825,4627.212890625
15826,15826,6941.65673828125
15827,15827,4242.28271484375
15828,15828,6947.0966796875
15829,15829,8508.18359375
15830,15830,5647.2685546875
15831,15831,8804.17578125
15832,15832,8999.3583984375
15833,15833,6153.96044921875
15834,15834,10064.9931640625
15835,15835,5895.04638671875
15836,15836,5893.646484375
15837,15837,6219.927734375
15838,15838,10207.427734375
15839,15839,10000.7373046875
15840,15840,6803.8857421875
15841,15841,13921.115234375
15842,15842,44352.91015625
15843,15843,9443.2529296875
15844,15844,11935.8857421875
15845,15845,7061.76318359375
15846,15846,5699.525390625
15847,15847,14494.248046875
15848,15848,78019.546875
15849,15849,14547.072265625
15850,15850,70399.125
15851,15851,171794.140625
15852,15852,5875.32080078125
15853,15853,7398.482421875
15854,15854,15643.1533203125
15855,15855,8736.8310546875
15856,15856,9225.6484375
15857,15857,12294.419921875
15858,15858,10960.4912109375
15859,15859,41674.96484375
15860,15860,29416.0546875
15861,15861,6024.7099609375
15862,15862,44551.2421875
15863,15863,5396.35107421875
15864,15864,6582.61767578125
15865,15865,8142.892578125
15866,15866,4270.02099609375
15867,15867,15988.2119140625
15868,15868,124422.640625
15869,15869,21175.4609375
15870,15870,6954.4638671875
15871,15871,8848.1142578125
15872,15872,84183.515625
15873,15873,5879.17626953125
15874,15874,10234.96484375
15875,15875,8794.4873046875
15876,15876,6256.0
15877,15877,8090.86474609375
15878,15878,6634.47265625
15879,15879,9557.7587890625
15880,15880,7771.3994140625
15881,15881,6628.95947265625
15882,15882,26699.78515625
15883,15883,5874.58544921875
15884,15884,84528.5859375
15885,15885,17808.54296875
15886,15886,7764.71826171875
15887,15887,7076.24658203125
15888,15888,8800.3994140625
15889,15889,4520.68212890625
15890,15890,5315.5400390625
15891,15891,19515.052734375
15892,15892,6842.634765625
15893,15893,11004.9921875
15894,15894,8927.912109375
15895,15895,43077.19140625
15896,15896,5060.912109375
15897,15897,10353.4736328125
15898,15898,15768.2705078125
15899,15899,6838.45263671875
15900,15900,12773.822265625
15901,15901,14119.5615234375
15902,15902,9102.419921875
15903,15903,5539.7470703125
15904,15904,2750.3505859375
15905,15905,16611.4453125
15906,15906,5737.02685546875
15907,15907,5412.8427734375
15908,15908,5551.5185546875
15909,15909,37048.4765625
15910,15910,7978.2998046875
15911,15911,8642.6806640625
15912,15912,46335.3125
15913,15913,4771.46337890625
15914,15914,13258.1572265625
15915,15915,126107.78125
15916,15916,15195.34375
15917,15917,35128.921875
15918,15918,3698.93798828125
15919,15919,75840.5234375
15920,15920,7708.3525390625
15921,15921,7558.18310546875
15922,15922,6568.1572265625
15923,15923,3872.20947265625
15924,15924,11488.2822265625
15925,15925,6213.05859375
15926,15926,44898.94140625
15927,15927,8304.5283203125
15928,15928,5273.66015625
15929,15929,82971.5078125
15930,15930,5729.6279296875
15931,15931,22681.369140625
15932,15932,4885.8740234375
15933,15933,9471.1484375
15934,15934,33593.46875
15935,15935,6879.94482421875
15936,15936,45638.43359375
15937,15937,6429.55419921875
15938,15938,5338.67626953125
15939,15939,31042.48046875
15940,15940,7153.50439453125
15941,15941,4712.322265625
15942,15942,4531.2080078125
15943,15943,7745.47412109375
15944,15944,7630.22802734375
15945,15945,36540.6484375
15946,15946,87678.140625
15947,15947,67351.0859375
15948,15948,6073.2451171875
15949,15949,9565.53125
15950,15950,5803.9443359375
15951,15951,9519.9814453125
15952,15952,31915.890625
15953,15953,23664.6484375
15954,15954,15086.8115234375
15955,15955,15520.7255859375
15956,15956,6925.8642578125
15957,15957,12353.224609375
15958,15958,7995.5693359375
15959,15959,136369.25
15960,15960,5449.275390625
15961,15961,5514.71142578125
15962,15962,10422.390625
15963,15963,9359.5546875
15964,15964,6836.10107421875
15965,15965,7811.43701171875
15966,15966,7335.291015625
15967,15967,7313.46435546875
15968,15968,6698.22607421875
15969,15969,20869.630859375
15970,15970,7499.1650390625
15971,15971,18053.3203125
15972,15972,11465.1162109375
15973,15973,8834.271484375
15974,15974,4476.60009765625
15975,15975,10757.7490234375
15976,15976,27947.259765625
15977,15977,9805.8720703125
15978,15978,4783.84033203125
15979,15979,7670.11083984375
15980,15980,3698.286376953125
15981,15981,4761.92431640625
15982,15982,13499.615234375
15983,15983,12897.4580078125
15984,15984,4823.6328125
15985,15985,10486.0205078125
15986,15986,7461.36865234375
15987,15987,137296.078125
15988,15988,45844.44921875
15989,15989,197888.109375
15990,15990,9898.9306640625
15991,15991,15790.990234375
15992,15992,12412.93359375
15993,15993,73330.5859375
15994,15994,4896.560546875
15995,15995,12268.48046875
15996,15996,5824.79052734375
15997,15997,50866.33984375
15998,15998,139604.4375
15999,15999,7098.1015625
16000,16000,9230.244140625
16001,16001,6049.6787109375
16002,16002,26143.2890625
16003,16003,5832.49365234375
16004,16004,6743.009765625
16005,16005,113625.6796875
16006,16006,10583.310546875
16007,16007,22870.990234375
16008,16008,5707.86767578125
16009,16009,6910.4208984375
16010,16010,19395.59765625
16011,16011,7892.02880859375
16012,16012,9322.9296875
16013,16013,10687.466796875
16014,16014,4725.220703125
16015,16015,15391.8984375
16016,16016,4153.24755859375
16017,16017,4340.3359375
16018,16018,7420.171875
16019,16019,13799.140625
16020,16020,5549.0322265625
16021,16021,25297.380859375
16022,16022,9150.9462890625
16023,16023,9329.21484375
16024,16024,5548.16796875
16025,16025,11258.1259765625
16026,16026,156836.625
16027,16027,122467.3828125
16028,16028,14214.671875
16029,16029,23239.087890625
16030,16030,6115.3359375
16031,16031,15585.8125
16032,16032,7934.2099609375
16033,16033,43275.8828125
16034,16034,6294.904296875
16035,16035,13173.109375
16036,16036,15516.849609375
16037,16037,11120.68359375
16038,16038,453457.0625
16039,16039,6659.34228515625
16040,16040,4657.94921875
16041,16041,6900.44384765625
16042,16042,9574.5625
16043,16043,4474.625
16044,16044,9355.7353515625
16045,16045,4767.73876953125
16046,16046,4230.91259765625
16047,16047,12466.423828125
16048,16048,5339.67822265625
16049,16049,10742.7236328125
16050,16050,19559.91796875
16051,16051,4237.75830078125
16052,16052,22589.56640625
16053,16053,62225.01171875
16054,16054,14073.7783203125
16055,16055,117831.6171875
16056,16056,4618.75537109375
16057,16057,49281.80859375
16058,16058,7630.6005859375
16059,16059,5589.32861328125
16060,16060,4691.3544921875
16061,16061,8802.365234375
16062,16062,10070.11328125
16063,16063,8054.28369140625
16064,16064,9094.2783203125
16065,16065,11933.8720703125
16066,16066,3725.710205078125
16067,16067,8107.7392578125
16068,16068,6352.10595703125
16069,16069,15362.498046875
16070,16070,8127.2353515625
16071,16071,13929.845703125
16072,16072,5185.71435546875
16073,16073,31343.779296875
16074,16074,7316.0966796875
16075,16075,8903.80859375
16076,16076,6430.3740234375
16077,16077,14562.9599609375
16078,16078,23674.017578125
16079,16079,7945.1103515625
16080,16080,21685.048828125
16081,16081,28261.1484375
16082,16082,12526.8974609375
16083,16083,104929.5078125
16084,16084,7088.95166015625
16085,16085,7111.8232421875
16086,16086,29983.255859375
16087,16087,6758.75341796875
16088,16088,75373.953125
16089,16089,1484105.25
16090,16090,46585.16015625
16091,16091,6955.94140625
16092,16092,201864.09375
16093,16093,2745.056884765625
16094,16094,79228.765625
16095,16095,4526.92822265625
16096,16096,7215.26953125
16097,16097,34231.34765625
16098,16098,24242.72265625
16099,16099,6696.3212890625
16100,16100,11155.5927734375
16101,16101,10991.4775390625
16102,16102,10048.1181640625
16103,16103,11920.087890625
16104,16104,14698.9765625
16105,16105,3809.62890625
16106,16106,9134.01171875
16107,16107,13781.236328125
16108,16108,4901.81103515625
16109,16109,38770.17578125
16110,16110,5141.68896484375
16111,16111,26629.462890625
16112,16112,10538.9384765625
16113,16113,24373.486328125
16114,16114,4137.99560546875
16115,16115,83592.5078125
16116,16116,25813.259765625
16117,16117,7364.8232421875
16118,16118,16905.4609375
16119,16119,2525.662353515625
16120,16120,8481.5927734375
16121,16121,5151.17578125
16122,16122,70708.25
16123,16123,8743.4052734375
16124,16124,7665.86083984375
16125,16125,6122.36767578125
16126,16126,12330.8603515625
16127,16127,7420.55810546875
16128,16128,117272.375
16129,16129,5817.5517578125
16130,16130,8102.36376953125
16131,16131,63660.4453125
16132,16132,12303.1982421875
16133,16133,21498.078125
16134,16134,44607.91796875
16135,16135,8437.6337890625
16136,16136,22750.955078125
16137,16137,108688.0
16138,16138,9240.6787109375
16139,16139,4707.908203125
16140,16140,8099.6015625
16141,16141,4582.619140625
16142,16142,6774.11083984375
16143,16143,6161.14453125
16144,16144,88532.84375
16145,16145,5771.2587890625
16146,16146,15425.8798828125
16147,16147,20236.48046875
16148,16148,5993.3212890625
16149,16149,13019.775390625
16150,16150,7208.90673828125
16151,16151,155071.515625
16152,16152,5252.7138671875
16153,16153,6448.46435546875
16154,16154,77965.078125
16155,16155,9018.634765625
16156,16156,8882.57421875
16157,16157,7233.505859375
16158,16158,6541.6142578125
16159,16159,7290.095703125
16160,16160,22429.5234375
16161,16161,8767.6044921875
16162,16162,4547.8583984375
16163,16163,19406.51171875
16164,16164,6983.91845703125
16165,16165,8749.0517578125
16166,16166,4972.76318359375
16167,16167,10916205.0
16168,16168,7237.08251953125
16169,16169,107681.3359375
16170,16170,6272.40966796875
16171,16171,32359.302734375
16172,16172,6937.8193359375
16173,16173,10971.7802734375
16174,16174,5634.931640625
16175,16175,16980.681640625
16176,16176,11278.5498046875
16177,16177,7424.78271484375
16178,16178,9601.052734375
16179,16179,18441.306640625
16180,16180,7267.1630859375
16181,16181,6112.322265625
16182,16182,17620.5390625
16183,16183,7823.18408203125
16184,16184,19955.05859375
16185,16185,16900.728515625
16186,16186,88026.390625
16187,16187,14279.06640625
16188,16188,79628.1328125
16189,16189,18310.404296875
16190,16190,10167.4541015625
16191,16191,987063.0625
16192,16192,40843.59765625
16193,16193,3846.88427734375
16194,16194,279743.8125
16195,16195,4975.931640625
16196,16196,8274.015625
16197,16197,9363.6064453125
16198,16198,15566.4248046875
16199,16199,24334.326171875
16200,16200,7298.12939453125
16201,16201,8348.0615234375
16202,16202,13954.5263671875
16203,16203,13394.615234375
16204,16204,8893.91015625
16205,16205,9858.634765625
16206,16206,8838.8203125
16207,16207,5835.986328125
16208,16208,11001.466796875
16209,16209,34521.140625
16210,16210,17697.748046875
16211,16211,8101.34814453125
16212,16212,8435.693359375
16213,16213,51910.0
16214,16214,24870.5625
16215,16215,6415.2587890625
16216,16216,3620.92529296875
16217,16217,5584.0791015625
16218,16218,17340.833984375
16219,16219,7576.40576171875
16220,16220,86570.796875
16221,16221,10555.3623046875
16222,16222,13388.4521484375
16223,16223,131565.59375
16224,16224,3330565.25
16225,16225,6589.84912109375
16226,16226,8123.1796875
16227,16227,7224.03271484375
16228,16228,7070.3701171875
16229,16229,115034.515625
16230,16230,8320.7705078125
16231,16231,47043.12109375
16232,16232,4295.56884765625
16233,16233,9716.0029296875
16234,16234,7387.69677734375
16235,16235,7406.69189453125
16236,16236,14424.14453125
16237,16237,63667.31640625
16238,16238,5986.1552734375
16239,16239,6038.84375
16240,16240,10653.6181640625
16241,16241,3518.70068359375
16242,16242,4826.060546875
16243,16243,9862.787109375
16244,16244,11255872.0
16245,16245,10214.3134765625
16246,16246,14605.1923828125
16247,16247,10505.384765625
16248,16248,66879.0859375
16249,16249,11152.6796875
16250,16250,5070.4287109375
16251,16251,11281.7177734375
16252,16252,7284.65185546875
16253,16253,40564.78125
16254,16254,261529.90625
16255,16255,4734.00390625
16256,16256,7990.05322265625
16257,16257,10786.564453125
16258,16258,6166.12939453125
16259,16259,8741.6640625
16260,16260,15945.8466796875
16261,16261,110303.3671875
16262,16262,7224.04296875
16263,16263,12783.71484375
16264,16264,159867.828125
16265,16265,30933.708984375
16266,16266,7306.16943359375
16267,16267,5808.7666015625
16268,16268,7193.18603515625
16269,16269,6357.63232421875
16270,16270,7136.68994140625
16271,16271,19716.19140625
16272,16272,3785.1142578125
16273,16273,6339.41650390625
16274,16274,23500.30078125
16275,16275,5103.30322265625
16276,16276,10801.3447265625
16277,16277,36467.74609375
16278,16278,5752.5478515625
16279,16279,8096.482421875
16280,16280,74190.4453125
16281,16281,6707.3173828125
16282,16282,14694.21484375
16283,16283,3468.723388671875
16284,16284,4137.90576171875
16285,16285,12975.623046875
16286,16286,9656.255859375
16287,16287,7921.2744140625
16288,16288,63332.171875
16289,16289,10772.9462890625
16290,16290,5723.61376953125
16291,16291,7195.734375
16292,16292,4621.34716796875
16293,16293,14135.669921875
16294,16294,22680.408203125
16295,16295,6259.2021484375
16296,16296,6068.6181640625
16297,16297,5945.00439453125
16298,16298,12849.9951171875
16299,16299,213873.171875
16300,16300,3729.218994140625
16301,16301,8219.8642578125
16302,16302,6291.73388671875
16303,16303,9844.1904296875
16304,16304,5271.24072265625
16305,16305,7106.41552734375
16306,16306,89308.4375
16307,16307,21069.279296875
16308,16308,5846.60546875
16309,16309,89364.84375
16310,16310,6263.22802734375
16311,16311,4341.3857421875
16312,16312,47462.296875
16313,16313,789398.75
16314,16314,6656.76806640625
16315,16315,7169.2763671875
16316,16316,6903.2197265625
16317,16317,7905.0322265625
16318,16318,8938.2734375
16319,16319,120673.9453125
16320,16320,13967.041015625
16321,16321,18300.892578125
16322,16322,5308.5234375
16323,16323,8867046.0
16324,16324,7392.2177734375
16325,16325,120006.3359375
16326,16326,6859.771484375
16327,16327,6181.94091796875
16328,16328,18599.783203125
16329,16329,4053.75
16330,16330,8749.1044921875
16331,16331,66080.65625
16332,16332,28847.28515625
16333,16333,17995.666015625
16334,16334,7810.025390625
16335,16335,4037.6904296875
16336,16336,11150.75
16337,16337,36868.38671875
16338,16338,6952.18408203125
16339,16339,8239.7177734375
16340,16340,8569.5791015625
16341,16341,7686.0595703125
16342,16342,65926.78125
16343,16343,13130.59765625
16344,16344,11389.4931640625
16345,16345,9538.8046875
16346,16346,196137.671875
16347,16347,15130.783203125
16348,16348,2652027.5
16349,16349,10373.6728515625
16350,16350,7368.044921875
16351,16351,7595.5732421875
16352,16352,7778.8564453125
16353,16353,4786.4072265625
16354,16354,42258.71484375
16355,16355,7380.52734375
16356,16356,14847.3974609375
16357,16357,4297.501953125
16358,16358,5946.3662109375
16359,16359,4186.38134765625
16360,16360,13927.41015625
16361,16361,9062.9599609375
16362,16362,4287.2666015625
16363,16363,2750.233154296875
16364,16364,17996.705078125
16365,16365,4903539.0
16366,16366,15136.333984375
16367,16367,12992.4072265625
16368,16368,9767.7265625
16369,16369,68411.3125
16370,16370,3858.69091796875
16371,16371,35392.1796875
16372,16372,16366.4267578125
16373,16373,8243.7880859375
16374,16374,11328.4970703125
16375,16375,8265.8388671875
16376,16376,6096.791015625
16377,16377,11524.0654296875
16378,16378,17545.296875
16379,16379,7603.546875
16380,16380,11603.7978515625
16381,16381,5616.7236328125
16382,16382,9506.8994140625
16383,16383,42139.65625
16384,16384,7177.888671875
16385,16385,4859.75390625
16386,16386,10910.7880859375
16387,16387,5769.1630859375
16388,16388,12338.0654296875
16389,16389,7830.4013671875
16390,16390,178393.484375
16391,16391,27894.548828125
16392,16392,7887.15185546875
16393,16393,6380.82373046875
16394,16394,4498.4072265625
16395,16395,7218.56787109375
16396,16396,7995.2646484375
16397,16397,17800.482421875
16398,16398,7179.017578125
16399,16399,10901.5703125
16400,16400,4407.68017578125
16401,16401,39982.44921875
16402,16402,7698.50634765625
16403,16403,8313.345703125
16404,16404,5983.78271484375
16405,16405,8606.7939453125
16406,16406,8677.0498046875
16407,16407,3617.75439453125
16408,16408,18394.1953125
16409,16409,4632.0615234375
16410,16410,49631.19921875
16411,16411,7298.24267578125
16412,16412,6566.65478515625
16413,16413,17426.51171875
16414,16414,23840.5703125
16415,16415,8762.0244140625
16416,16416,4892.7158203125
16417,16417,7554.07177734375
16418,16418,61978.85546875
16419,16419,2882512.25
16420,16420,9948.6767578125
16421,16421,44273.546875
16422,16422,5313.77587890625
16423,16423,11907.880859375
16424,16424,7245.01806640625
16425,16425,43168.73046875
16426,16426,6208.19091796875
16427,16427,46832.8515625
16428,16428,11448.9365234375
16429,16429,11086.900390625
16430,16430,23340.40625
16431,16431,32699.572265625
16432,16432,5958.31103515625
16433,16433,7803.81982421875
16434,16434,6679.55029296875
16435,16435,9535.021484375
16436,16436,7156.3017578125
16437,16437,84196.9453125
16438,16438,9838.1982421875
16439,16439,8008.5927734375
16440,16440,5480.41796875
16441,16441,11100.71484375
16442,16442,12266.345703125
16443,16443,8054.2685546875
16444,16444,8429.0654296875
16445,16445,7314.02099609375
16446,16446,20005.291015625
16447,16447,13030.576171875
16448,16448,2447.47900390625
16449,16449,6667.51611328125
16450,16450,5820.30322265625
16451,16451,5333.18017578125
16452,16452,9221.70703125
16453,16453,10828.3505859375
16454,16454,12869.8310546875
16455,16455,2925.001953125
16456,16456,5653.78271484375
16457,16457,4337.4990234375
16458,16458,10835.236328125
16459,16459,5017.755859375
16460,16460,8124.49072265625
16461,16461,83561.8671875
16462,16462,50667.56640625
16463,16463,7861.9853515625
16464,16464,5718.45458984375
16465,16465,4831.4140625
16466,16466,6854.4765625
16467,16467,6200.9599609375
16468,16468,2333.919189453125
16469,16469,5605.4443359375
16470,16470,5096.67578125
16471,16471,8524.0576171875
16472,16472,4719.3994140625
16473,16473,10741.9482421875
16474,16474,7622.4326171875
16475,16475,13345.595703125
16476,16476,10251.548828125
16477,16477,8046.31689453125
16478,16478,24696.63671875
16479,16479,14360.0634765625
16480,16480,11088.6962890625
16481,16481,9354.55078125
16482,16482,5653.80029296875
16483,16483,6125.673828125
16484,16484,10364.587890625
16485,16485,50367.9765625
16486,16486,30306.90234375
16487,16487,14707.716796875
16488,16488,15542.923828125
16489,16489,162452.296875
16490,16490,6113.56640625
16491,16491,7037.90185546875
16492,16492,5458.302734375
16493,16493,32885.2578125
16494,16494,34105.9765625
16495,16495,11893.1376953125
16496,16496,5391.37451171875
16497,16497,8752.1259765625
16498,16498,56787.24609375
16499,16499,6734.845703125
16500,16500,16483.044921875
16501,16501,18168.974609375
16502,16502,6551.1484375
16503,16503,2569.47607421875
16504,16504,9626.0537109375
16505,16505,10099.3935546875
16506,16506,7138.9736328125
16507,16507,19168.775390625
16508,16508,5558.96142578125
16509,16509,6257.15234375
16510,16510,9383.6171875
16511,16511,15084.6513671875
16512,16512,17287.072265625
16513,16513,5020.93701171875
16514,16514,140781.453125
16515,16515,7984.4560546875
16516,16516,9087.05859375
16517,16517,5105.818359375
16518,16518,7729.83984375
16519,16519,11212.025390625
16520,16520,7674.869140625
16521,16521,101894.046875
16522,16522,11129.9580078125
16523,16523,6903.59033203125
16524,16524,7323.5986328125
16525,16525,2564691.25
16526,16526,6038.408203125
16527,16527,7127.125
16528,16528,12107.71484375
16529,16529,6596.37890625
16530,16530,5000.19482421875
16531,16531,19094.068359375
16532,16532,23909.4140625
16533,16533,189048.625
16534,16534,8590.83203125
16535,16535,5295.5390625
16536,16536,39723.4453125
16537,16537,18088.330078125
16538,16538,6145.9091796875
16539,16539,9174.9130859375
16540,16540,10225.3642578125
16541,16541,8005.16357421875
16542,16542,8001.40283203125
16543,16543,6897.80029296875
16544,16544,31088.962890625
16545,16545,14110.5009765625
16546,16546,81512.5078125
16547,16547,178650.28125
16548,16548,17299.71875
16549,16549,10809.4970703125
16550,16550,13167.0810546875
16551,16551,5331.59228515625
16552,16552,12572.1787109375
16553,16553,6359.33349609375
16554,16554,5954.90966796875
16555,16555,6159.3203125
16556,16556,6918.20703125
16557,16557,8303.7998046875
16558,16558,5747.28369140625
16559,16559,100538.984375
16560,16560,4863.146484375
16561,16561,5318.33984375
16562,16562,11864.9990234375
16563,16563,5625.16064453125
16564,16564,294565.5
16565,16565,10488.3583984375
16566,16566,5754.16650390625
16567,16567,16174.37109375
16568,16568,106337.328125
16569,16569,6541.41552734375
16570,16570,5467.216796875
16571,16571,11846.0380859375
16572,16572,12046.552734375
16573,16573,8324.3994140625
16574,16574,4530.10888671875
16575,16575,7734.13330078125
16576,16576,8348.775390625
16577,16577,5813.55810546875
16578,16578,13610.7607421875
16579,16579,9372.015625
16580,16580,7128.345703125
16581,16581,39657.87890625
16582,16582,5637.1279296875
16583,16583,9674.0888671875
16584,16584,20268.1328125
16585,16585,3395.845947265625
16586,16586,13064.3681640625
16587,16587,155783.234375
16588,16588,9420.8037109375
16589,16589,44000.109375
16590,16590,183773.0
16591,16591,11036.013671875
16592,16592,11744.2353515625
16593,16593,6647.203125
16594,16594,344003.09375
16595,16595,8898.0087890625
16596,16596,11078.7080078125
16597,16597,9297.54296875
16598,16598,22242.38671875
16599,16599,54266.26953125
16600,16600,3810.0068359375
16601,16601,8558.83203125
16602,16602,106610.75
16603,16603,57201.19921875
16604,16604,28177.921875
16605,16605,7020.78759765625
16606,16606,29819.0390625
16607,16607,5768.46826171875
16608,16608,6849.82958984375
16609,16609,6827.11767578125
16610,16610,6742.32080078125
16611,16611,21193.068359375
16612,16612,5945.3486328125
16613,16613,7452.09619140625
16614,16614,83157.796875
16615,16615,21203.11328125
16616,16616,12246.46875
16617,16617,6001.24169921875
16618,16618,10972.2939453125
16619,16619,17383.6875
16620,16620,8557.833984375
16621,16621,6047.20068359375
16622,16622,5950.30712890625
16623,16623,37612.69140625
16624,16624,14133.1337890625
16625,16625,110180.8359375
16626,16626,5932.69873046875
16627,16627,39377.9453125
16628,16628,14311.3046875
16629,16629,221563.109375
16630,16630,6596.126953125
16631,16631,5394.9404296875
16632,16632,14412.6015625
16633,16633,32478.033203125
16634,16634,7364.09375
16635,16635,16534.0
16636,16636,169340.28125
16637,16637,4646.603515625
16638,16638,8250.6494140625
16639,16639,5363.67822265625
16640,16640,20121.689453125
16641,16641,229947.15625
16642,16642,5804.22119140625
16643,16643,15297.333984375
16644,16644,7670.732421875
16645,16645,6666.44921875
16646,16646,10960.9580078125
16647,16647,8710.3671875
16648,16648,19045.103515625
16649,16649,7229.02685546875
16650,16650,6270.259765625
16651,16651,8813.5126953125
16652,16652,8381.5263671875
16653,16653,4394.00830078125
16654,16654,7336.56103515625
16655,16655,44345.515625
16656,16656,33658.73046875
16657,16657,10068.31640625
16658,16658,40238.75
16659,16659,28549.78125
16660,16660,13448.087890625
16661,16661,10712.7333984375
16662,16662,9246.2509765625
16663,16663,5919.9521484375
16664,16664,4562.80322265625
16665,16665,8866.9189453125
16666,16666,5409.73876953125
16667,16667,4960.455078125
16668,16668,16539.19921875
16669,16669,135909.40625
16670,16670,7402.068359375
16671,16671,8720.3359375
16672,16672,33756.5703125
16673,16673,8833.03125
16674,16674,44769.234375
16675,16675,7089.13037109375
16676,16676,3529310.75
16677,16677,7404.9501953125
16678,16678,9399.81640625
16679,16679,40331.234375
16680,16680,6480.35400390625
16681,16681,13822.626953125
16682,16682,13646.240234375
16683,16683,11470.45703125
16684,16684,26445.634765625
16685,16685,13296.3173828125
16686,16686,7066.96484375
16687,16687,8049.330078125
16688,16688,7997.28466796875
16689,16689,5761.984375
16690,16690,7408.6298828125
16691,16691,5881.9560546875
16692,16692,10781.1845703125
16693,16693,7764.396484375
16694,16694,7332.50146484375
16695,16695,10921.15625
16696,16696,15376.3310546875
16697,16697,7395.93359375
16698,16698,5730.2646484375
16699,16699,4848.38916015625
16700,16700,5041.72509765625
16701,16701,120170.9453125
16702,16702,7788.18115234375
16703,16703,7023.35009765625
16704,16704,128415.75
16705,16705,14110.0986328125
16706,16706,9760.2587890625
16707,16707,7224.5703125
16708,16708,7708.92041015625
16709,16709,22697.6171875
16710,16710,3893.73193359375
16711,16711,256981.6875
16712,16712,3569.54296875
16713,16713,15387.5751953125
16714,16714,47993.27734375
16715,16715,5658.35693359375
16716,16716,25538.8828125
16717,16717,12130.435546875
16718,16718,3144.99755859375
16719,16719,6251.0498046875
16720,16720,14412.4013671875
16721,16721,8183.17138671875
16722,16722,3056.995361328125
16723,16723,41645.8046875
16724,16724,2461359.25
16725,16725,11205.685546875
16726,16726,7252.89501953125
16727,16727,19403.677734375
16728,16728,10434.9384765625
16729,16729,14908.1591796875
16730,16730,33599.6953125
16731,16731,10570.2666015625
16732,16732,38697.90625
16733,16733,14753.814453125
16734,16734,75997.09375
16735,16735,14040.15234375
16736,16736,10856.3857421875
16737,16737,17658.98828125
16738,16738,7399.41357421875
16739,16739,8218.08984375
16740,16740,3628.86083984375
16741,16741,5093.23486328125
16742,16742,9850.68359375
16743,16743,5753.1416015625
16744,16744,10309.2001953125
16745,16745,21492.916015625
16746,16746,15302.466796875
16747,16747,14204.7275390625
16748,16748,6613.1181640625
16749,16749,4890.98828125
16750,16750,7195.74560546875
16751,16751,4777.60107421875
16752,16752,5124.5537109375
16753,16753,5477.47265625
16754,16754,7454.96533203125
16755,16755,6094.94921875
16756,16756,113779.8515625
16757,16757,13593.8681640625
16758,16758,14149.189453125
16759,16759,6533.912109375
16760,16760,13145.3154296875
16761,16761,6156.55712890625
16762,16762,4314.548828125
16763,16763,7816.57861328125
16764,16764,6890.20263671875
16765,16765,15883.0390625
16766,16766,6779777.5
16767,16767,44004.9453125
16768,16768,7014.12451171875
16769,16769,22066.044921875
16770,16770,7098.01611328125
16771,16771,10842.1796875
16772,16772,53418.99609375
16773,16773,8116.73193359375
16774,16774,27769.2109375
16775,16775,12919.6728515625
16776,16776,95151.3359375
16777,16777,28861.689453125
16778,16778,23602.146484375
16779,16779,4442.50927734375
16780,16780,7383.67724609375
16781,16781,4510.1005859375
16782,16782,7077.17431640625
16783,16783,7800.4501953125
16784,16784,5431.97998046875
16785,16785,17286.828125
16786,16786,7164.7255859375
16787,16787,12737.138671875
16788,16788,2135.537353515625
16789,16789,5398.189453125
16790,16790,11657.6474609375
16791,16791,106128.640625
16792,16792,7395.3984375
16793,16793,16638.390625
16794,16794,157161.890625
16795,16795,58136.48828125
16796,16796,5779.41650390625
16797,16797,107449.03125
16798,16798,6525.80029296875
16799,16799,10382.8046875
16800,16800,11586.3837890625
16801,16801,8468.6669921875
16802,16802,24211.06640625
16803,16803,7225.326171875
16804,16804,5180.17236328125
16805,16805,6048.10546875
16806,16806,86225.0234375
16807,16807,7960.84423828125
16808,16808,6427.12939453125
16809,16809,41966.46484375
16810,16810,4794.423828125
16811,16811,7615.86328125
16812,16812,10139.2158203125
16813,16813,9233.62890625
16814,16814,36463.14453125
16815,16815,6327.72607421875
16816,16816,9698.5478515625
16817,16817,50483.9921875
16818,16818,6044.3681640625
16819,16819,14609.6591796875
16820,16820,8762.6103515625
16821,16821,13724.8193359375
16822,16822,16607.947265625
16823,16823,7847.158203125
16824,16824,58998.95703125
16825,16825,25990.361328125
16826,16826,41697.73046875
16827,16827,6996.2080078125
16828,16828,6798.94873046875
16829,16829,18670.732421875
16830,16830,14443.62109375
16831,16831,9474.7314453125
16832,16832,8149.900390625
16833,16833,5625.58203125
16834,16834,5456.4462890625
16835,16835,173062.921875
16836,16836,6483.74072265625
16837,16837,87240.2734375
16838,16838,12535.294921875
16839,16839,17609.03515625
16840,16840,7797.38671875
16841,16841,6823.3583984375
16842,16842,70093.421875
16843,16843,8765.197265625
16844,16844,85022.3515625
16845,16845,21485.408203125
16846,16846,5684.0830078125
16847,16847,13044.0419921875
16848,16848,7156.21044921875
16849,16849,9452.7421875
16850,16850,9512.513671875
16851,16851,7712.22314453125
16852,16852,14485.9638671875
16853,16853,7943.86865234375
16854,16854,5584.43359375
16855,16855,6115.0166015625
16856,16856,5378.1103515625
16857,16857,8341.935546875
16858,16858,7075.50830078125
16859,16859,5016.43896484375
16860,16860,8730.7275390625
16861,16861,10582.4794921875
16862,16862,10545.8916015625
16863,16863,6044.3916015625
16864,16864,6804.8388671875
16865,16865,8776.8310546875
16866,16866,8492.1865234375
16867,16867,6820.29736328125
16868,16868,8199.8125
16869,16869,347411.40625
16870,16870,14984.59375
16871,16871,6967.0244140625
16872,16872,1492.3306884765625
16873,16873,6826.80419921875
16874,16874,6276.7529296875
16875,16875,4444.5546875
16876,16876,10718.7353515625
16877,16877,7499.255859375
16878,16878,14295.767578125
16879,16879,12692.0263671875
16880,16880,6440.06201171875
16881,16881,8680.109375
16882,16882,7396.60986328125
16883,16883,18693.1953125
16884,16884,67132.6328125
16885,16885,2065.15869140625
16886,16886,8934.6103515625
16887,16887,89887.40625
16888,16888,5509.27587890625
16889,16889,259208.28125
16890,16890,4339.70947265625
16891,16891,8178.10107421875
16892,16892,35778.44140625
16893,16893,8766717.0
16894,16894,24777.72265625
16895,16895,36887.67578125
16896,16896,40130.3125
16897,16897,4027.67529296875
16898,16898,7650.56689453125
16899,16899,6840.705078125
16900,16900,7300.91455078125
16901,16901,16335.7939453125
16902,16902,22384.21484375
16903,16903,21990.8125
16904,16904,14704.994140625
16905,16905,38071.7265625
16906,16906,29408.80078125
16907,16907,29774.7890625
16908,16908,5482.94140625
16909,16909,8853.3310546875
16910,16910,6954.8466796875
16911,16911,9030.9169921875
16912,16912,5977.91064453125
16913,16913,42608.5234375
16914,16914,23797.875
16915,16915,167159.09375
16916,16916,7167.75927734375
16917,16917,17976.58203125
16918,16918,7717.75341796875
16919,16919,5941.814453125
16920,16920,8595.083984375
16921,16921,10078.328125
16922,16922,7447.50390625
16923,16923,8808.6923828125
16924,16924,4745.951171875
16925,16925,5258.498046875
16926,16926,5219.6044921875
16927,16927,7100.00830078125
16928,16928,131042.40625
16929,16929,27224.8125
16930,16930,5748.1572265625
16931,16931,9076.548828125
16932,16932,40232.4609375
16933,16933,7378.56982421875
16934,16934,17540.3359375
16935,16935,28023.015625
16936,16936,7026.91455078125
16937,16937,17471.431640625
16938,16938,7168.69873046875
16939,16939,9263.5107421875
16940,16940,47321.1796875
16941,16941,133014.984375
16942,16942,6122.36767578125
16943,16943,6644.20458984375
16944,16944,26192.380859375
16945,16945,166416.453125
16946,16946,51772.01953125
16947,16947,7981.50732421875
16948,16948,6670.62255859375
16949,16949,75400.7421875
16950,16950,4276.693359375
16951,16951,7582.22265625
16952,16952,6680.322265625
16953,16953,63715.04296875
16954,16954,360403.8125
16955,16955,9066.408203125
16956,16956,29041.630859375
16957,16957,5697.404296875
16958,16958,4378.318359375
16959,16959,1999559.75
16960,16960,17184.984375
16961,16961,104956.2421875
16962,16962,4317.82177734375
16963,16963,6725.93603515625
16964,16964,34094.82421875
16965,16965,13275.943359375
16966,16966,11055.0166015625
16967,16967,10918.310546875
16968,16968,9150.740234375
16969,16969,7269.37060546875
16970,16970,50726.55078125
16971,16971,5958.580078125
16972,16972,7113.787109375
16973,16973,4331.03271484375
16974,16974,21981.0859375
16975,16975,8177.50048828125
16976,16976,104895.96875
16977,16977,5644.791015625
16978,16978,80648.0546875
16979,16979,2071759.0
16980,16980,11064.337890625
16981,16981,4569.5244140625
16982,16982,28490.048828125
16983,16983,6179.619140625
16984,16984,9457.783203125
16985,16985,21570.603515625
16986,16986,4023.798828125
16987,16987,4392.986328125
16988,16988,42773.0
16989,16989,9173.064453125
16990,16990,33335.1484375
16991,16991,35251.58203125
16992,16992,190590.265625
16993,16993,8120.03955078125
16994,16994,8305.5625
16995,16995,10008.298828125
16996,16996,4215.9482421875
16997,16997,8740.185546875
16998,16998,5110.33056640625
16999,16999,2409.413818359375
17000,17000,33152.2421875
17001,17001,9342.541015625
17002,17002,17336.919921875
17003,17003,28018.849609375
17004,17004,9287.916015625
17005,17005,5486.63525390625
17006,17006,6723.208984375
17007,17007,8363.0478515625
17008,17008,29843.29296875
17009,17009,19754.72265625
17010,17010,11522.6435546875
17011,17011,16752.673828125
17012,17012,6448.69384765625
17013,17013,10139.9091796875
17014,17014,8739.326171875
17015,17015,241784.3125
17016,17016,5271.43212890625
17017,17017,8577.1953125
17018,17018,8942.6083984375
17019,17019,12635.16796875
17020,17020,7537.57275390625
17021,17021,35738.5703125
17022,17022,8759.2470703125
17023,17023,9656.751953125
17024,17024,7181.59375
17025,17025,6487.57958984375
17026,17026,77418.3046875
17027,17027,1784835.5
17028,17028,6527.15380859375
17029,17029,8886.97265625
17030,17030,3047.209716796875
17031,17031,7850.15966796875
17032,17032,7443.7451171875
17033,17033,51632.67578125
17034,17034,10864.3779296875
17035,17035,7846.27392578125
17036,17036,16263.7802734375
17037,17037,9194.4404296875
17038,17038,22076.015625
17039,17039,70004.859375
17040,17040,20782.720703125
17041,17041,4525.4609375
17042,17042,6992.30908203125
17043,17043,7687.32666015625
17044,17044,8802.0732421875
17045,17045,5295.5009765625
17046,17046,6057.9423828125
17047,17047,5966.68505859375
17048,17048,7073.2880859375
17049,17049,8400.5693359375
17050,17050,8051.37548828125
17051,17051,6253.26318359375
17052,17052,9198.337890625
17053,17053,6508.86669921875
17054,17054,13221.994140625
17055,17055,7563.51806640625
17056,17056,156113.953125
17057,17057,15084.330078125
17058,17058,1301107.0
17059,17059,6236.53271484375
17060,17060,6409.8173828125
17061,17061,7050.95361328125
17062,17062,58646.4375
17063,17063,7294.86767578125
17064,17064,8447.33203125
17065,17065,14325.6201171875
17066,17066,12109.48828125
17067,17067,10440.1640625
17068,17068,24420.04296875
17069,17069,6107.59033203125
17070,17070,39110.92578125
17071,17071,5872.73486328125
17072,17072,37883.34375
17073,17073,10437.30078125
17074,17074,23531.857421875
17075,17075,10622.361328125
17076,17076,157738.25
17077,17077,192323.21875
17078,17078,9684.17578125
17079,17079,6505.5283203125
17080,17080,197327.703125
17081,17081,72526.8359375
17082,17082,20671.142578125
17083,17083,51046.4453125
17084,17084,26090.15625
17085,17085,7069.68505859375
17086,17086,6945.83349609375
17087,17087,6999.0302734375
17088,17088,28997.265625
17089,17089,8532.3798828125
17090,17090,11888.2041015625
17091,17091,34881.07421875
17092,17092,59437.19921875
17093,17093,34064.69140625
17094,17094,4773.53076171875
17095,17095,4956.3701171875
17096,17096,5230.13720703125
17097,17097,31184.26953125
17098,17098,10061.0771484375
17099,17099,8765.7421875
17100,17100,9496.111328125
17101,17101,11220.1748046875
17102,17102,4438.0205078125
17103,17103,14367.6044921875
17104,17104,6578.30908203125
17105,17105,6675.39013671875
17106,17106,7432.20361328125
17107,17107,4841.2177734375
17108,17108,73838.3984375
17109,17109,13032.095703125
17110,17110,13653.359375
17111,17111,4728.2734375
17112,17112,12085.642578125
17113,17113,17406.009765625
17114,17114,5414.8515625
17115,17115,12693.318359375
17116,17116,12051.0712890625
17117,17117,7111.134765625
17118,17118,127181.9765625
17119,17119,14716.3212890625
17120,17120,26494.64453125
17121,17121,2788266.25
17122,17122,101635.625
17123,17123,2880.245849609375
17124,17124,34600.06640625
17125,17125,11144.4169921875
17126,17126,5318.14404296875
17127,17127,8808.6328125
17128,17128,9369.4921875
17129,17129,14599.923828125
17130,17130,8653.1083984375
17131,17131,16029.078125
17132,17132,34895.57421875
17133,17133,12241.017578125
17134,17134,61620.67578125
17135,17135,5921.1943359375
17136,17136,4761.64892578125
17137,17137,8257.7880859375
17138,17138,5178.13232421875
17139,17139,27887.318359375
17140,17140,238142.921875
17141,17141,79024.3046875
17142,17142,45262.08203125
17143,17143,20698.65625
17144,17144,6017.28466796875
17145,17145,31993.630859375
17146,17146,32281.314453125
17147,17147,9444.400390625
17148,17148,9027.890625
17149,17149,9740.6552734375
17150,17150,8315.44921875
17151,17151,11771.6328125
17152,17152,6197.32177734375
17153,17153,5435.40869140625
17154,17154,37561.8203125
17155,17155,18316.904296875
17156,17156,4312.13427734375
17157,17157,14726.455078125
17158,17158,6259.240234375
17159,17159,6995.54248046875
17160,17160,33281.359375
17161,17161,5779.0986328125
17162,17162,85593.328125
17163,17163,57577.3046875
17164,17164,46815.6796875
17165,17165,40032.74609375
17166,17166,6623.2666015625
17167,17167,22822.47265625
17168,17168,6673.287109375
17169,17169,6129.43896484375
17170,17170,11174.7294921875
17171,17171,7760.54248046875
17172,17172,8161.66357421875
17173,17173,4374.15673828125
17174,17174,6030.8916015625
17175,17175,9804.7822265625
17176,17176,28487.630859375
17177,17177,10343.6181640625
17178,17178,34088.53515625
17179,17179,3288.831787109375
17180,17180,6668.76025390625
17181,17181,67065.5546875
17182,17182,7116.32080078125
17183,17183,6338.73974609375
17184,17184,31941.291015625
17185,17185,11075.974609375
17186,17186,5584.00439453125
17187,17187,16617.01171875
17188,17188,8815.5859375
17189,17189,7810.11962890625
17190,17190,1652955.625
17191,17191,5480.04541015625
17192,17192,5648.16748046875
17193,17193,12157.7509765625
17194,17194,9991.064453125
17195,17195,8951.6142578125
17196,17196,5986.99072265625
17197,17197,35970.7578125
17198,17198,7825.18115234375
17199,17199,13464.921875
17200,17200,153657.03125
17201,17201,9547.095703125
17202,17202,9035.3291015625
17203,17203,22787.689453125
17204,17204,4205.31591796875
17205,17205,195686.015625
17206,17206,14024.150390625
17207,17207,6100.658203125
17208,17208,26179.3046875
17209,17209,7917.12109375
17210,17210,81677.9375
17211,17211,6622.38818359375
17212,17212,20596.443359375
17213,17213,6163.6640625
17214,17214,13975.595703125
17215,17215,8322.34765625
17216,17216,29927.083984375
17217,17217,8100.869140625
17218,17218,5208.7822265625
17219,17219,5434.91748046875
17220,17220,27679.40625
17221,17221,4952.28369140625
17222,17222,21091.462890625
17223,17223,4123.89453125
17224,17224,82594.5390625
17225,17225,15634.3486328125
17226,17226,8780.3330078125
17227,17227,6710.99267578125
17228,17228,21868.2890625
17229,17229,7731.7939453125
17230,17230,7948.3173828125
17231,17231,7772.11962890625
17232,17232,6415.00439453125
17233,17233,6085.40478515625
17234,17234,9009.9521484375
17235,17235,5342.86181640625
17236,17236,7318.26953125
17237,17237,42497.26171875
17238,17238,13896.486328125
17239,17239,6819.6171875
17240,17240,11521.0634765625
17241,17241,6205.18994140625
17242,17242,16736.361328125
17243,17243,6413.3759765625
17244,17244,4637.49755859375
17245,17245,1765389.625
17246,17246,15898.0927734375
17247,17247,25949.744140625
17248,17248,25740.46484375
17249,17249,7299.65673828125
17250,17250,5927.69140625
17251,17251,38553.484375
17252,17252,5341.50927734375
17253,17253,13765.01953125
17254,17254,10330.2158203125
17255,17255,26268658.0
17256,17256,94615.59375
17257,17257,13186.94140625
17258,17258,43817.03515625
17259,17259,24642.021484375
17260,17260,9690.94921875
17261,17261,13208.283203125
17262,17262,10150.0224609375
17263,17263,7064.23095703125
17264,17264,8715.2822265625
17265,17265,9027.6171875
17266,17266,58763.140625
17267,17267,7708.119140625
17268,17268,13846.3837890625
17269,17269,24888.71484375
17270,17270,5717.08740234375
17271,17271,11712.6572265625
17272,17272,6696.7841796875
17273,17273,47296.3984375
17274,17274,6495.294921875
17275,17275,20587.45703125
17276,17276,8774.43359375
17277,17277,9685.92578125
17278,17278,6928.7509765625
17279,17279,5488.50244140625
17280,17280,7516.158203125
17281,17281,9609.7353515625
17282,17282,7335.74658203125
17283,17283,6931.09228515625
17284,17284,6673.17822265625
17285,17285,5853.47265625
17286,17286,6072.9521484375
17287,17287,16817.544921875
17288,17288,39424.03515625
17289,17289,8749.736328125
17290,17290,5909.49365234375
17291,17291,4504.58203125
17292,17292,39617.78515625
17293,17293,112840.5390625
17294,17294,7213.86962890625
17295,17295,42445.21484375
17296,17296,7681.45556640625
17297,17297,8373.748046875
17298,17298,5844.72802734375
17299,17299,23751.845703125
17300,17300,8858.8984375
17301,17301,7912.3798828125
17302,17302,8366.0595703125
17303,17303,7175.82763671875
17304,17304,22101.33203125
17305,17305,11032.6669921875
17306,17306,7439.72412109375
17307,17307,63323.88671875
17308,17308,5646.146484375
17309,17309,10474.26171875
17310,17310,6278.41552734375
17311,17311,6136.96533203125
17312,17312,6970.9970703125
17313,17313,12175.5888671875
17314,17314,20647.369140625
17315,17315,167870.34375
17316,17316,11218.82421875
17317,17317,6619.0478515625
17318,17318,117896.6796875
17319,17319,10399.126953125
17320,17320,62607.91015625
17321,17321,9189.9169921875
17322,17322,4879.490234375
17323,17323,7427.28271484375
17324,17324,11178.353515625
17325,17325,5535.88037109375
17326,17326,5606.06689453125
17327,17327,15095.31640625
17328,17328,1298818.5
17329,17329,18418.0546875
17330,17330,13399.3837890625
17331,17331,10724.6142578125
17332,17332,9891.5615234375
17333,17333,113788.4375
17334,17334,4328.5439453125
17335,17335,7899.376953125
17336,17336,38728.79296875
17337,17337,20360.83203125
17338,17338,36499.95703125
17339,17339,6978.40771484375
17340,17340,11036.61328125
17341,17341,5025.3779296875
17342,17342,5599.2763671875
17343,17343,14715.5166015625
17344,17344,15558.291015625
17345,17345,10119.9248046875
17346,17346,9208.4306640625
17347,17347,67243.5625
17348,17348,50241.890625
17349,17349,8132.86083984375
17350,17350,12497.2939453125
17351,17351,4616.39208984375
17352,17352,5405.0693359375
17353,17353,6888.48388671875
17354,17354,68475.9609375
17355,17355,16099.6884765625
17356,17356,11211.341796875
17357,17357,6552.06005859375
17358,17358,8954.2822265625
17359,17359,8324.099609375
17360,17360,153975.875
17361,17361,12829.728515625
17362,17362,6897.25927734375
17363,17363,165905.296875
17364,17364,6986.2353515625
17365,17365,8776.1689453125
17366,17366,5961.77685546875
17367,17367,95385.5234375
17368,17368,9078.810546875
17369,17369,5623.4072265625
17370,17370,6222.091796875
17371,17371,21669.3671875
17372,17372,6031.58251953125
17373,17373,31053.10546875
17374,17374,22141.412109375
17375,17375,9669.1875
17376,17376,8966.8798828125
17377,17377,5020.82421875
17378,17378,72875.7421875
17379,17379,4422.8154296875
17380,17380,130282.203125
17381,17381,4899.69775390625
17382,17382,7111.13623046875
17383,17383,139120.390625
17384,17384,11645.6318359375
17385,17385,11017.8740234375
17386,17386,116597.7109375
17387,17387,6265.36572265625
17388,17388,10381.6728515625
17389,17389,55609.49609375
17390,17390,7450.32421875
17391,17391,8099.21875
17392,17392,42003.40625
17393,17393,5021.38818359375
17394,17394,5786.595703125
17395,17395,4515.57958984375
17396,17396,7272.78515625
17397,17397,7342.7236328125
17398,17398,19040.623046875
17399,17399,121417.578125
17400,17400,10178.6611328125
17401,17401,57354.4296875
17402,17402,20941.51171875
17403,17403,11002.759765625
17404,17404,4020092.5
17405,17405,6312.19384765625
17406,17406,9468.5224609375
17407,17407,8727.5625
17408,17408,6598.7529296875
17409,17409,3957.54443359375
17410,17410,6591.005859375
17411,17411,118646.21875
17412,17412,21203.6171875
17413,17413,29436.044921875
17414,17414,12958.849609375
17415,17415,22377.505859375
17416,17416,12392.5654296875
17417,17417,31674.35546875
17418,17418,164368.6875
17419,17419,22205.873046875
17420,17420,6373.08203125
17421,17421,16834.04296875
17422,17422,5773.59521484375
17423,17423,22546.908203125
17424,17424,7970.06884765625
17425,17425,90738.640625
17426,17426,6495.0009765625
17427,17427,10714.15234375
17428,17428,7009.47509765625
17429,17429,41199.4453125
17430,17430,7722.45654296875
17431,17431,6835.12841796875
17432,17432,8912.44140625
17433,17433,7566.7568359375
17434,17434,18783.25390625
17435,17435,12522.2294921875
17436,17436,34596.30078125
17437,17437,7582.31396484375
17438,17438,7716.20556640625
17439,17439,6959.95263671875
17440,17440,7797.73486328125
17441,17441,16202.01953125
17442,17442,6726.74072265625
17443,17443,162830.59375
17444,17444,6211.81005859375
17445,17445,28604.232421875
17446,17446,5450.7578125
17447,17447,6637.0986328125
17448,17448,10400.7138671875
17449,17449,7245.9150390625
17450,17450,27498.634765625
17451,17451,9854.11328125
17452,17452,105174.6796875
17453,17453,5109.1865234375
17454,17454,9306.5224609375
17455,17455,6262.4169921875
17456,17456,17710.576171875
17457,17457,548139.9375
17458,17458,9883.0615234375
17459,17459,118513.7578125
17460,17460,6744.3134765625
17461,17461,14093.55859375
17462,17462,7950.38916015625
17463,17463,8224.3359375
17464,17464,10008.0869140625
17465,17465,36732.6796875
17466,17466,6882.43798828125
17467,17467,123080.171875
17468,17468,12333.2744140625
17469,17469,33692.2421875
17470,17470,4685.17529296875
17471,17471,9164.98828125
17472,17472,43227.57421875
17473,17473,8514.1728515625
17474,17474,4229.08203125
17475,17475,5260.70703125
17476,17476,13103.1396484375
17477,17477,3303.323486328125
17478,17478,138671.3125
17479,17479,11586.8251953125
17480,17480,13257.8232421875
17481,17481,24839.658203125
17482,17482,6561.43310546875
17483,17483,10003.5380859375
17484,17484,9893.357421875
17485,17485,8016.49560546875
17486,17486,18824.728515625
17487,17487,7207.97900390625
17488,17488,9533.3408203125
17489,17489,9318.3408203125
17490,17490,5674.802734375
17491,17491,7832.88818359375
17492,17492,12399.8173828125
17493,17493,4189.1240234375
17494,17494,7310.4794921875
17495,17495,67870.078125
17496,17496,10106.2421875
17497,17497,6283.626953125
17498,17498,18541.404296875
17499,17499,74208.5625
17500,17500,12592.4462890625
17501,17501,8495.98828125
17502,17502,14264.7412109375
17503,17503,5362.05908203125
17504,17504,102729.1484375
17505,17505,15573.552734375
17506,17506,43031.27734375
17507,17507,9107.5693359375
17508,17508,39600.80078125
17509,17509,9198.296875
17510,17510,8002.841796875
17511,17511,59688.3828125
17512,17512,11563.103515625
17513,17513,12983.2275390625
17514,17514,11069.505859375
17515,17515,76527.7578125
17516,17516,4730.75830078125
17517,17517,5130.37353515625
17518,17518,23067.939453125
17519,17519,13953.3740234375
17520,17520,18197.390625
17521,17521,67520.078125
17522,17522,11829.423828125
17523,17523,27201.20703125
17524,17524,10891373.0
17525,17525,8161.0888671875
17526,17526,7471.39599609375
17527,17527,31585.462890625
17528,17528,7229.17529296875
17529,17529,6224.56689453125
17530,17530,6926.63427734375
17531,17531,6420.02392578125
17532,17532,4795.50732421875
17533,17533,25047.625
17534,17534,8070.88525390625
17535,17535,5129.97021484375
17536,17536,13276.80078125
17537,17537,105253.6953125
17538,17538,7106.130859375
17539,17539,7599.14453125
17540,17540,38026.69140625
17541,17541,28520.28515625
17542,17542,9944.486328125
17543,17543,3642.34228515625
17544,17544,58167.88671875
17545,17545,13905.484375
17546,17546,5417.615234375
17547,17547,10266.4326171875
17548,17548,11817.71484375
17549,17549,14837.0107421875
17550,17550,9460.61328125
17551,17551,10861.9814453125
17552,17552,10487.3203125
17553,17553,154103.34375
17554,17554,7249.66650390625
17555,17555,9056.5556640625
17556,17556,6254.17626953125
17557,17557,77049.515625
17558,17558,69011.3359375
17559,17559,168368.703125
17560,17560,12812.97265625
17561,17561,7842.1552734375
17562,17562,48386.1640625
17563,17563,11382.326171875
17564,17564,21580.1484375
17565,17565,7838.35693359375
17566,17566,8485.193359375
17567,17567,11371.0302734375
17568,17568,4825.68212890625
17569,17569,7122.36328125
17570,17570,3416.501708984375
17571,17571,9594.115234375
17572,17572,2868570.25
17573,17573,19567.1171875
17574,17574,4826.8720703125
17575,17575,8382.033203125
17576,17576,10388.6298828125
17577,17577,6084.2568359375
17578,17578,5734.3837890625
17579,17579,6667.1552734375
17580,17580,121675.5234375
17581,17581,85308.6484375
17582,17582,33993.1875
17583,17583,69808.9375
17584,17584,50056.9296875
17585,17585,12405.92578125
17586,17586,6128.8330078125
17587,17587,9456.6298828125
17588,17588,7743.9052734375
17589,17589,3849375.0
17590,17590,102712.2265625
17591,17591,4854.17724609375
17592,17592,11328.1376953125
17593,17593,6594.7666015625
17594,17594,6182.3955078125
17595,17595,8230.7451171875
17596,17596,6351.8291015625
17597,17597,10755.8115234375
17598,17598,11566.5224609375
17599,17599,6522.44384765625
17600,17600,8186.53515625
17601,17601,6687.740234375
17602,17602,7210.966796875
17603,17603,4427.515625
17604,17604,18228.15234375
17605,17605,8455.947265625
17606,17606,10269.4873046875
17607,17607,7722.19677734375
17608,17608,7881.78759765625
17609,17609,10087.376953125
17610,17610,6271.1728515625
17611,17611,6924.9892578125
17612,17612,12774.08984375
17613,17613,23289.046875
17614,17614,148669.09375
17615,17615,15636.7021484375
17616,17616,42459.70703125
17617,17617,8136.6376953125
17618,17618,43899.55859375
17619,17619,38163.8671875
17620,17620,7135.34228515625
17621,17621,7224.4482421875
17622,17622,10374.5888671875
17623,17623,14564.0458984375
17624,17624,18125.990234375
17625,17625,5083.64990234375
17626,17626,7145.685546875
17627,17627,34931.12109375
17628,17628,65660.5703125
17629,17629,8251.89453125
17630,17630,6511.720703125
17631,17631,10346.8720703125
17632,17632,8231.4755859375
17633,17633,19797.392578125
17634,17634,24538.552734375
17635,17635,7226.533203125
17636,17636,89819.6953125
17637,17637,7061.47705078125
17638,17638,4415.548828125
17639,17639,7997.33447265625
17640,17640,121216.53125
17641,17641,5884.33154296875
17642,17642,10753.9951171875
17643,17643,7134.86865234375
17644,17644,6078.298828125
17645,17645,108467.6796875
17646,17646,6611.001953125
17647,17647,6856.955078125
17648,17648,4816.685546875
17649,17649,206096.390625
17650,17650,109965.078125
17651,17651,11595.2900390625
17652,17652,6806.96337890625
17653,17653,8168.36279296875
17654,17654,4985.0517578125
17655,17655,10137.2255859375
17656,17656,82648.0
17657,17657,7121.88916015625
17658,17658,35045.39453125
17659,17659,42775.9296875
17660,17660,4291.48046875
17661,17661,12893.9765625
17662,17662,162052.09375
17663,17663,5920.4111328125
17664,17664,7145.32568359375
17665,17665,6007.22998046875
17666,17666,11973.4521484375
17667,17667,12304.10546875
17668,17668,100738.3125
17669,17669,7305.5244140625
17670,17670,4429.912109375
17671,17671,22773.818359375
17672,17672,5909.65673828125
17673,17673,17240.00390625
17674,17674,5814.0546875
17675,17675,5816.74365234375
17676,17676,8690.1181640625
17677,17677,7917.34912109375
17678,17678,4822.12548828125
17679,17679,12178.1455078125
17680,17680,9594.373046875
17681,17681,10346.0078125
17682,17682,8033.490234375
17683,17683,7641.462890625
17684,17684,8301.296875
17685,17685,3879.37939453125
17686,17686,7072.228515625
17687,17687,8478.04296875
17688,17688,10450.099609375
17689,17689,32521.7890625
17690,17690,130933.171875
17691,17691,48050.859375
17692,17692,28660.939453125
17693,17693,6172.349609375
17694,17694,52828.828125
17695,17695,26261.255859375
17696,17696,7126.6044921875
17697,17697,54949.76953125
17698,17698,5792098.0
17699,17699,5379.5390625
17700,17700,18370.3203125
17701,17701,8636.20703125
17702,17702,4887.439453125
17703,17703,6347.291015625
17704,17704,117986.4140625
17705,17705,14741.17578125
17706,17706,5448.3857421875
17707,17707,5252.4833984375
17708,17708,7923.74755859375
17709,17709,6598.85791015625
17710,17710,52667.68359375
17711,17711,9475.6669921875
17712,17712,6309.15234375
17713,17713,6613.0244140625
17714,17714,5579.58203125
17715,17715,5077.8251953125
17716,17716,18529.716796875
17717,17717,33879.16796875
17718,17718,9930.9248046875
17719,17719,14949.892578125
17720,17720,9487.7470703125
17721,17721,5667.4833984375
17722,17722,108965.53125
17723,17723,5853.9404296875
17724,17724,19050.912109375
17725,17725,46669.5234375
17726,17726,10477.896484375
17727,17727,114378.8359375
17728,17728,6553.9794921875
17729,17729,28065.021484375
17730,17730,13889.1640625
17731,17731,12944.6630859375
17732,17732,5893.09375
17733,17733,33549.51171875
17734,17734,14102.486328125
17735,17735,6317.60205078125
17736,17736,3758.75048828125
17737,17737,12313.873046875
17738,17738,6529.6923828125
17739,17739,8126.03515625
17740,17740,11900.64453125
17741,17741,6971.5234375
17742,17742,5394.5185546875
17743,17743,12245.44140625
17744,17744,8279.5263671875
17745,17745,8935.591796875
17746,17746,172457.640625
17747,17747,6997.482421875
17748,17748,11553.4541015625
17749,17749,95965.3203125
17750,17750,5278.36474609375
17751,17751,6298.1796875
17752,17752,4748.8681640625
17753,17753,6632.00390625
17754,17754,3193.542724609375
17755,17755,6299.0322265625
17756,17756,14655.7998046875
17757,17757,6805.54345703125
17758,17758,21001.736328125
17759,17759,7189.841796875
17760,17760,7188.41162109375
17761,17761,8858.958984375
17762,17762,52204.90625
17763,17763,7454.66455078125
17764,17764,11550.9716796875
17765,17765,39267.79296875
17766,17766,44384.76953125
17767,17767,6652.94775390625
17768,17768,5716.20751953125
17769,17769,6646.3408203125
17770,17770,7418.08837890625
17771,17771,7497.46142578125
17772,17772,121709.25
17773,17773,6440.4013671875
17774,17774,8352.28125
17775,17775,12073.236328125
17776,17776,6464.634765625
17777,17777,20574.71484375
17778,17778,12149.9296875
17779,17779,7683.9521484375
17780,17780,4572.2080078125
17781,17781,5709.5185546875
17782,17782,5312.34619140625
17783,17783,6129.75
17784,17784,64307.14453125
17785,17785,3785.07080078125
17786,17786,58542.75
17787,17787,7027.134765625
17788,17788,6542.8125
17789,17789,3376.915771484375
17790,17790,7551.6083984375
17791,17791,2884.6923828125
17792,17792,5677.23046875
17793,17793,10572.32421875
17794,17794,11139.05078125
17795,17795,7602.71142578125
17796,17796,8080.23095703125
17797,17797,9574.791015625
17798,17798,6856.04248046875
17799,17799,6625.9921875
17800,17800,260813.1875
17801,17801,7690.19482421875
17802,17802,10522.87890625
17803,17803,5078932.5
17804,17804,6374.02197265625
17805,17805,19322.818359375
17806,17806,8947.515625
17807,17807,13451.861328125
17808,17808,7475.05224609375
17809,17809,5921.1328125
17810,17810,4554.66796875
17811,17811,207232.9375
17812,17812,9465.8818359375
17813,17813,10506.3525390625
17814,17814,9185.36328125
17815,17815,9212.1103515625
17816,17816,8722.9794921875
17817,17817,36723.44140625
17818,17818,10228.82421875
17819,17819,4629.8984375
17820,17820,8750.2919921875
17821,17821,8234.890625
17822,17822,132028.84375
17823,17823,191746.765625
17824,17824,10540.1533203125
17825,17825,4686.68408203125
17826,17826,8006.130859375
17827,17827,8767.5869140625
17828,17828,71255.75
17829,17829,60371.1640625
17830,17830,11212.748046875
17831,17831,12301.4775390625
17832,17832,20427.46484375
17833,17833,4048.41162109375
17834,17834,31053.4296875
17835,17835,8986.212890625
17836,17836,6849.61767578125
17837,17837,95115.34375
17838,17838,8070.02783203125
17839,17839,4143.1728515625
17840,17840,142782.078125
17841,17841,10336.6708984375
17842,17842,37914.73828125
17843,17843,6379.2578125
17844,17844,10681.7265625
17845,17845,6919.90380859375
17846,17846,11462.720703125
17847,17847,21667.763671875
17848,17848,95913.171875
17849,17849,5753.1103515625
17850,17850,12198.6669921875
17851,17851,7392.37548828125
17852,17852,3523.154052734375
17853,17853,12317.6318359375
17854,17854,36181.55859375
17855,17855,6473.419921875
17856,17856,6072.255859375
17857,17857,7634.5517578125
17858,17858,3320986.75
17859,17859,46602.265625
17860,17860,12939.4345703125
17861,17861,4805.740234375
17862,17862,6467.50390625
17863,17863,20137.689453125
17864,17864,3944.947998046875
17865,17865,6088.99169921875
17866,17866,14919.970703125
17867,17867,19713.23046875
17868,17868,7515.1669921875
17869,17869,11699.986328125
17870,17870,6792.525390625
17871,17871,5610.3291015625
17872,17872,4023.763671875
17873,17873,7576.65576171875
17874,17874,5038.13330078125
17875,17875,12065.7275390625
17876,17876,4434.607421875
17877,17877,15857.6806640625
17878,17878,11915.0283203125
17879,17879,12655.61328125
17880,17880,15233.5263671875
17881,17881,10886.39453125
17882,17882,14002.453125
17883,17883,4922.05078125
17884,17884,32466.55859375
17885,17885,21409.69140625
17886,17886,7443.36767578125
17887,17887,130864.8359375
17888,17888,19357.482421875
17889,17889,6944.50732421875
17890,17890,6248.2314453125
17891,17891,2901.842529296875
17892,17892,9971.826171875
17893,17893,10707.904296875
17894,17894,255787.875
17895,17895,9661.6357421875
17896,17896,8755.5986328125
17897,17897,21412.34375
17898,17898,18204.708984375
17899,17899,7977.70361328125
17900,17900,6031980.0
17901,17901,6591.67431640625
17902,17902,9491.7412109375
17903,17903,5650.75439453125
17904,17904,8322.44140625
17905,17905,8970.0703125
17906,17906,9246.2041015625
17907,17907,8273.2109375
17908,17908,13520.8662109375
17909,17909,10300.3037109375
17910,17910,10307.5400390625
17911,17911,13285.4072265625
17912,17912,10530.67578125
17913,17913,5791.01708984375
17914,17914,9871.9658203125
17915,17915,9755.775390625
17916,17916,10929.8857421875
17917,17917,41864.046875
17918,17918,21310.9765625
17919,17919,7295.45703125
17920,17920,17452.751953125
17921,17921,6137.72265625
17922,17922,6165.4423828125
17923,17923,14021.0751953125
17924,17924,4562.46044921875
17925,17925,13221.4375
17926,17926,8305.5908203125
17927,17927,74548.5390625
17928,17928,24599.859375
17929,17929,11560.2685546875
17930,17930,18330.310546875
17931,17931,44508.43359375
17932,17932,7207.00244140625
17933,17933,13304.3994140625
17934,17934,21227.5859375
17935,17935,2405.0478515625
17936,17936,5553.22021484375
17937,17937,21595.556640625
17938,17938,14155.9287109375
17939,17939,15428.0537109375
17940,17940,21410.83203125
17941,17941,7096.47607421875
17942,17942,6282.55224609375
17943,17943,109965.1484375
17944,17944,334528.125
17945,17945,7919.68310546875
17946,17946,6720.6181640625
17947,17947,6948.0595703125
17948,17948,16521.8515625
17949,17949,7017.626953125
17950,17950,18848.111328125
17951,17951,77404.171875
17952,17952,6853.38330078125
17953,17953,9437.4306640625
17954,17954,4694.53564453125
17955,17955,5323.85546875
17956,17956,4311.0390625
17957,17957,11271.283203125
17958,17958,6606.486328125
17959,17959,6785.6767578125
17960,17960,5518.4189453125
17961,17961,7512.07421875
17962,17962,7604.7705078125
17963,17963,19178.1875
17964,17964,168597.53125
17965,17965,7079.4306640625
17966,17966,11676.7919921875
17967,17967,6108.736328125
17968,17968,9238.904296875
17969,17969,35988.45703125
17970,17970,183328.5625
17971,17971,177590.828125
17972,17972,50214.265625
17973,17973,12083.1171875
17974,17974,4589.40576171875
17975,17975,3539.634765625
17976,17976,16777.587890625
17977,17977,9547.201171875
17978,17978,64038.4609375
17979,17979,8443.1201171875
17980,17980,7472.8955078125
17981,17981,5066.66259765625
17982,17982,4598.9052734375
17983,17983,10640.744140625
17984,17984,8080.4755859375
17985,17985,7757.9814453125
17986,17986,8088.45947265625
17987,17987,14472.111328125
17988,17988,8037.25244140625
17989,17989,6618.2646484375
17990,17990,6396.40869140625
17991,17991,6461.08203125
17992,17992,13752.73046875
17993,17993,7741.259765625
17994,17994,43515.38671875
17995,17995,12321.32421875
17996,17996,5033.48974609375
17997,17997,8989.4736328125
17998,17998,21927.494140625
17999,17999,25840.03515625
18000,18000,6406.93017578125
18001,18001,9029.1298828125
18002,18002,21427.583984375
18003,18003,9587.154296875
18004,18004,9310.2666015625
18005,18005,7095.91357421875
18006,18006,11782.0078125
18007,18007,14747.3759765625
18008,18008,4446.94873046875
18009,18009,711153.25
18010,18010,23166.578125
18011,18011,4874.99951171875
18012,18012,4199.94091796875
18013,18013,7832.4619140625
18014,18014,20335.7265625
18015,18015,4572.48095703125
18016,18016,6008.5419921875
18017,18017,8298.96484375
18018,18018,1112840.5
18019,18019,26891.818359375
18020,18020,18855.10546875
18021,18021,10996.916015625
18022,18022,13755.2626953125
18023,18023,242195.1875
18024,18024,8319.5166015625
18025,18025,8727.029296875
18026,18026,159579.078125
18027,18027,15618.7421875
18028,18028,6355.52783203125
18029,18029,14363.2568359375
18030,18030,15660.126953125
18031,18031,5697.20947265625
18032,18032,11395.392578125
18033,18033,6136.1748046875
18034,18034,13371.7177734375
18035,18035,10203.3984375
18036,18036,6289.3740234375
18037,18037,8631.5751953125
18038,18038,10226.4794921875
18039,18039,10285.3623046875
18040,18040,36504.6875
18041,18041,32159.9609375
18042,18042,13894.6748046875
18043,18043,7539.38525390625
18044,18044,22310.576171875
18045,18045,9084.728515625
18046,18046,7951.900390625
18047,18047,250112.234375
18048,18048,5933.74365234375
18049,18049,6018.2021484375
18050,18050,68950.4765625
18051,18051,6860.5
18052,18052,6391.251953125
18053,18053,8828.8017578125
18054,18054,10549.6943359375
18055,18055,11729.6669921875
18056,18056,8149.556640625
18057,18057,7939.89306640625
18058,18058,14047.6357421875
18059,18059,7564.111328125
18060,18060,31118.6796875
18061,18061,3729.595703125
18062,18062,18640.916015625
18063,18063,13332.349609375
18064,18064,5768.85205078125
18065,18065,10139.9912109375
18066,18066,73901.3515625
18067,18067,7679.34716796875
18068,18068,7560.318359375
18069,18069,15317.6708984375
18070,18070,125422.5078125
18071,18071,49788.18359375
18072,18072,93490.7421875
18073,18073,7011.31640625
18074,18074,5398.01904296875
18075,18075,7321.1728515625
18076,18076,9529.2216796875
18077,18077,6411.48828125
18078,18078,149652.46875
18079,18079,7486.6318359375
18080,18080,4426.494140625
18081,18081,14639.6103515625
18082,18082,10935.1728515625
18083,18083,5334.86572265625
18084,18084,4697.658203125
18085,18085,16332.765625
18086,18086,8143.3857421875
18087,18087,10640.576171875
18088,18088,91242.234375
18089,18089,14011.435546875
18090,18090,6958.966796875
18091,18091,7045.46875
18092,18092,8729.05859375
18093,18093,7100.26416015625
18094,18094,3192784.25
18095,18095,7837.556640625
18096,18096,41007.80859375
18097,18097,15228.8828125
18098,18098,5010.23291015625
18099,18099,5873.3701171875
18100,18100,55941.59765625
18101,18101,9710.7041015625
18102,18102,4789.876953125
18103,18103,5868.142578125
18104,18104,7014.37255859375
18105,18105,9709.9560546875
18106,18106,5588.615234375
18107,18107,142939.5625
18108,18108,20211.63671875
18109,18109,7176.76904296875
18110,18110,9717.59375
18111,18111,18408.091796875
18112,18112,12144.5029296875
18113,18113,5218.7890625
18114,18114,16311.27734375
18115,18115,6491.36669921875
18116,18116,7396.8681640625
18117,18117,6859.68212890625
18118,18118,43808.75
18119,18119,11187.5458984375
18120,18120,5340.73681640625
18121,18121,15708.7890625
18122,18122,14554.6455078125
18123,18123,6483.73779296875
18124,18124,7046.88134765625
18125,18125,4468.3291015625
18126,18126,7174.939453125
18127,18127,6885.31201171875
18128,18128,25211.58203125
18129,18129,28026.005859375
18130,18130,6250.09814453125
18131,18131,6198.6494140625
18132,18132,7359.36962890625
18133,18133,12377.43359375
18134,18134,5740.787109375
18135,18135,8515.1904296875
18136,18136,9622.4287109375
18137,18137,28608.32421875
18138,18138,33429.5234375
18139,18139,6212.4140625
18140,18140,44936.88671875
18141,18141,14913.3251953125
18142,18142,7691.2470703125
18143,18143,30440.177734375
18144,18144,34519.66015625
18145,18145,97768.28125
18146,18146,4192.173828125
18147,18147,10463.0615234375
18148,18148,6226.7373046875
18149,18149,10105.0029296875
18150,18150,3479395.25
18151,18151,6281.1884765625
18152,18152,7260.40625
18153,18153,7586.56298828125
18154,18154,16354.6826171875
18155,18155,9777.0283203125
18156,18156,7176.9580078125
18157,18157,17677.96875
18158,18158,10099.705078125
18159,18159,100471.0234375
18160,18160,17093.166015625
18161,18161,8146.21728515625
18162,18162,5503.5908203125
18163,18163,4425.1767578125
18164,18164,6518.44970703125
18165,18165,26831.78125
18166,18166,45358.84375
18167,18167,1968953.75
18168,18168,2014329.875
18169,18169,10235.333984375
18170,18170,4600.81201171875
18171,18171,8821.4140625
18172,18172,63724.1484375
18173,18173,5383.84033203125
18174,18174,10688.912109375
18175,18175,5106.61865234375
18176,18176,5373.6083984375
18177,18177,6882.8330078125
18178,18178,2260443.5
18179,18179,8640.2880859375
18180,18180,4523.97216796875
18181,18181,27166.8671875
18182,18182,7258.42626953125
18183,18183,7503.56884765625
18184,18184,17142.9296875
18185,18185,13630.7236328125
18186,18186,8025.5244140625
18187,18187,34036.97265625
18188,18188,361873.625
18189,18189,23748.94921875
18190,18190,8729.80078125
18191,18191,19766.69921875
18192,18192,7067.55712890625
18193,18193,18691.3671875
18194,18194,10277.89453125
18195,18195,3907.331787109375
18196,18196,5742.64453125
18197,18197,8365.91015625
18198,18198,15096.9130859375
18199,18199,4797.462890625
18200,18200,6789.681640625
18201,18201,9514.8154296875
18202,18202,20678.546875
18203,18203,19740.7578125
18204,18204,5319.77001953125
18205,18205,5757.568359375
18206,18206,11585.5732421875
18207,18207,7595.97119140625
18208,18208,61172.3671875
18209,18209,9136.3427734375
18210,18210,9346.7861328125
18211,18211,3681.077880859375
18212,18212,8287.0908203125
18213,18213,5513.68798828125
18214,18214,66122.4765625
18215,18215,9659.8330078125
18216,18216,39145.0390625
18217,18217,5385.5
18218,18218,5330.91650390625
18219,18219,10781.2041015625
18220,18220,92174.6484375
18221,18221,5288.53955078125
18222,18222,7946.8056640625
18223,18223,9483.228515625
18224,18224,4449.32080078125
18225,18225,8811.7353515625
18226,18226,47700.59765625
18227,18227,4229.458984375
18228,18228,7516.478515625
18229,18229,6327.3701171875
18230,18230,8658.505859375
18231,18231,3916.19140625
18232,18232,54860.9765625
18233,18233,72702.9375
18234,18234,10056.1748046875
18235,18235,9462.7919921875
18236,18236,8248.580078125
18237,18237,8737.0537109375
18238,18238,5487.087890625
18239,18239,68338.171875
18240,18240,17944.974609375
18241,18241,16798.396484375
18242,18242,7495.4052734375
18243,18243,12708.8212890625
18244,18244,21175.775390625
18245,18245,27132.212890625
18246,18246,9569.755859375
18247,18247,8187.27099609375
18248,18248,10781.974609375
18249,18249,10937.826171875
18250,18250,6323.5146484375
18251,18251,5720.794921875
18252,18252,7163.12646484375
18253,18253,9116848.0
18254,18254,13695.4580078125
18255,18255,7502.60546875
18256,18256,9967.1630859375
18257,18257,20020.21484375
18258,18258,13766.552734375
18259,18259,6528.986328125
18260,18260,7851.36572265625
18261,18261,15512.845703125
18262,18262,10802.9716796875
18263,18263,31538.6875
18264,18264,126687.8984375
18265,18265,278414.78125
18266,18266,8143.396484375
18267,18267,121829.453125
18268,18268,7905.8369140625
18269,18269,31368.876953125
18270,18270,33902.98828125
18271,18271,116417.453125
18272,18272,19241.83984375
18273,18273,55977.28515625
18274,18274,5777.89208984375
18275,18275,4270.42626953125
18276,18276,7048.7734375
18277,18277,36447.83203125
18278,18278,6528.89306640625
18279,18279,91990.5703125
18280,18280,74309.375
18281,18281,107636.3984375
18282,18282,6263.82177734375
18283,18283,32948.7421875
18284,18284,13636.857421875
18285,18285,6594.0302734375
18286,18286,39303.6328125
18287,18287,4466.4970703125
18288,18288,27327.4921875
18289,18289,12285.7734375
18290,18290,3950.615478515625
18291,18291,22387.23828125
18292,18292,61296.26171875
18293,18293,19188.50390625
18294,18294,6734.642578125
18295,18295,27818.2578125
18296,18296,218546.390625
18297,18297,9066.8349609375
18298,18298,18493.509765625
18299,18299,12567.517578125
18300,18300,6824.48583984375
18301,18301,6807.34228515625
18302,18302,9251.400390625
18303,18303,29595.216796875
18304,18304,7259.74072265625
18305,18305,8479.6689453125
18306,18306,5423.78564453125
18307,18307,9286.9033203125
18308,18308,7421.76611328125
18309,18309,9296.1904296875
18310,18310,7081.84375
18311,18311,13882.419921875
18312,18312,137481.390625
18313,18313,7800.78662109375
18314,18314,5355.802734375
18315,18315,6399.3623046875
18316,18316,55995.80859375
18317,18317,9247.6142578125
18318,18318,18801.3515625
18319,18319,82984.8359375
18320,18320,36960.703125
18321,18321,11026.498046875
18322,18322,13924.6005859375
18323,18323,5699.0390625
18324,18324,5892.103515625
18325,18325,26300.3984375
18326,18326,169462.203125
18327,18327,19214.3671875
18328,18328,4873.5625
18329,18329,14349.4892578125
18330,18330,12769.091796875
18331,18331,12286.1318359375
18332,18332,5710.84228515625
18333,18333,9238.1142578125
18334,18334,9296.4658203125
18335,18335,3579344.75
18336,18336,14062.828125
18337,18337,14274.70703125
18338,18338,15334.3701171875
18339,18339,35507.859375
18340,18340,4509.96875
18341,18341,16107.216796875
18342,18342,4857.61767578125
18343,18343,8396.810546875
18344,18344,5482.62353515625
18345,18345,79096.1796875
18346,18346,139740.578125
18347,18347,9005.6748046875
18348,18348,12605.6962890625
18349,18349,68473.84375
18350,18350,24984.79296875
18351,18351,5180.80908203125
18352,18352,5297.91796875
18353,18353,55477.36328125
18354,18354,10994.7490234375
18355,18355,3441.830078125
18356,18356,9291.2978515625
18357,18357,87404.90625
18358,18358,7771.5771484375
18359,18359,12167.931640625
18360,18360,4380.52392578125
18361,18361,8806.751953125
18362,18362,28335.0859375
18363,18363,82466.3203125
18364,18364,6778.42578125
18365,18365,24693.658203125
18366,18366,101284.4453125
18367,18367,22174.27734375
18368,18368,72380.84375
18369,18369,62617.94921875
18370,18370,18015.791015625
18371,18371,18064.83203125
18372,18372,8127.82666015625
18373,18373,67218.6953125
18374,18374,151288.34375
18375,18375,41868.578125
18376,18376,11356.59765625
18377,18377,12407.947265625
18378,18378,9860.0166015625
18379,18379,10399.7861328125
18380,18380,4367.85791015625
18381,18381,7595.28759765625
18382,18382,6169.19677734375
18383,18383,14714.9384765625
18384,18384,53647.82421875
18385,18385,4078.0869140625
18386,18386,13916.28125
18387,18387,78680.171875
18388,18388,7441.328125
18389,18389,18850.490234375
18390,18390,5048.30029296875
18391,18391,6018.5126953125
18392,18392,2905943.25
18393,18393,52990.13671875
18394,18394,36364.7265625
18395,18395,6066.12890625
18396,18396,8192.5927734375
18397,18397,34093.9140625
18398,18398,5209.62353515625
18399,18399,7584.3828125
18400,18400,5875.93017578125
18401,18401,48016.33984375
18402,18402,5498.931640625
18403,18403,7076.1044921875
18404,18404,9443.642578125
18405,18405,13717.7734375
18406,18406,17280.013671875
18407,18407,100094.3203125
18408,18408,86595.8359375
18409,18409,8806.751953125
18410,18410,4580.84716796875
18411,18411,267818.5
18412,18412,7093.76513671875
18413,18413,7057.95556640625
18414,18414,21476.1484375
18415,18415,4871.6142578125
18416,18416,4807.716796875
18417,18417,55057.8203125
18418,18418,58051.953125
18419,18419,7370.08349609375
18420,18420,3614.508056640625
18421,18421,6488.080078125
18422,18422,24374.478515625
18423,18423,7303.158203125
18424,18424,4164.64599609375
18425,18425,8399.8671875
18426,18426,4588.57373046875
18427,18427,9149.251953125
18428,18428,8524.6748046875
18429,18429,47948.0546875
18430,18430,9706.1494140625
18431,18431,13711.646484375
18432,18432,7161.4853515625
18433,18433,7268.54443359375
18434,18434,191855.765625
18435,18435,6496.3134765625
18436,18436,12033.041015625
18437,18437,186481.015625
18438,18438,7469.69140625
18439,18439,4306.74462890625
18440,18440,5130.9658203125
18441,18441,6746.47265625
18442,18442,15750.3046875
18443,18443,20313.314453125
18444,18444,7003.81005859375
18445,18445,10125.732421875
18446,18446,10133.3408203125
18447,18447,8869.236328125
18448,18448,20341.931640625
18449,18449,6385.05712890625
18450,18450,142049.0
18451,18451,4883.08935546875
18452,18452,5000.9326171875
18453,18453,92410.578125
18454,18454,32289.015625
18455,18455,9977.31640625
18456,18456,10106.0634765625
18457,18457,5080.65625
18458,18458,100039.953125
18459,18459,19412.6171875
18460,18460,10615.9052734375
18461,18461,113181.671875
18462,18462,14455.396484375
18463,18463,50412.33203125
18464,18464,6077.2333984375
18465,18465,5888.66748046875
18466,18466,58170.48828125
18467,18467,3897.272705078125
18468,18468,5708.1103515625
18469,18469,7926.59326171875
18470,18470,7591.47314453125
18471,18471,123168.1484375
18472,18472,32021.779296875
18473,18473,6733.037109375
18474,18474,13517.5380859375
18475,18475,11260.1064453125
18476,18476,29124.90625
18477,18477,5041.2666015625
18478,18478,7126.39306640625
18479,18479,32177.259765625
18480,18480,7187.1240234375
18481,18481,7695.20458984375
18482,18482,4681.76220703125
18483,18483,4567.564453125
18484,18484,5785.8427734375
18485,18485,6116.21142578125
18486,18486,9114.9150390625
18487,18487,174441.90625
18488,18488,4851.62841796875
18489,18489,10590.4599609375
18490,18490,8746.52734375
18491,18491,109281.7421875
18492,18492,16758.029296875
18493,18493,9499.7373046875
18494,18494,11303160.0
18495,18495,7883.17431640625
18496,18496,21557.904296875
18497,18497,23965.986328125
18498,18498,46691.359375
18499,18499,7865.98095703125
18500,18500,4798.06494140625
18501,18501,17809.54296875
18502,18502,6104.49072265625
18503,18503,17865.32421875
18504,18504,7643.1904296875
18505,18505,7654.86669921875
18506,18506,11184.37890625
18507,18507,9522.623046875
18508,18508,13775.94140625
18509,18509,7203.8173828125
18510,18510,10168.1865234375
18511,18511,4526.87109375
18512,18512,8189.3046875
18513,18513,239331.984375
18514,18514,12558.3388671875
18515,18515,7518.8642578125
18516,18516,5607.4697265625
18517,18517,13895.9267578125
18518,18518,11910.3330078125
18519,18519,7617.46923828125
18520,18520,11204.4013671875
18521,18521,6305.744140625
18522,18522,7689.01513671875
18523,18523,14563.1279296875
18524,18524,10604.232421875
18525,18525,20736.419921875
18526,18526,7142.361328125
18527,18527,10353.0244140625
18528,18528,12628.345703125
18529,18529,6129.93115234375
18530,18530,20063.853515625
18531,18531,12475.599609375
18532,18532,12536.9423828125
18533,18533,662982.75
18534,18534,8335.6337890625
18535,18535,7257.89013671875
18536,18536,14622.703125
18537,18537,18656.505859375
18538,18538,5973.37353515625
18539,18539,36037.07421875
18540,18540,208285.09375
18541,18541,7528.38720703125
18542,18542,5630.779296875
18543,18543,4537.310546875
18544,18544,16310.1962890625
18545,18545,71485.3046875
18546,18546,8391.9736328125
18547,18547,6953.51416015625
18548,18548,5432.25732421875
18549,18549,15995.12890625
18550,18550,6261.19091796875
18551,18551,4802.69384765625
18552,18552,4783.0107421875
18553,18553,8266.306640625
18554,18554,9096.400390625
18555,18555,40728.50390625
18556,18556,6366.0673828125
18557,18557,8607.5927734375
18558,18558,6867.74169921875
18559,18559,6151.490234375
18560,18560,5817.80126953125
18561,18561,6667.24365234375
18562,18562,26735.552734375
18563,18563,6278.392578125
18564,18564,7947.78466796875
18565,18565,6813.66455078125
18566,18566,8537.0341796875
18567,18567,6199.3203125
18568,18568,40827.67578125
18569,18569,10544.3564453125
18570,18570,7762.36083984375
18571,18571,7780.69287109375
18572,18572,7270.32958984375
18573,18573,221142.921875
18574,18574,14689.64453125
18575,18575,7115.7255859375
18576,18576,6186.09326171875
18577,18577,7456.4990234375
18578,18578,11087.6025390625
18579,18579,28202.107421875
18580,18580,5592.56201171875
18581,18581,16370.111328125
18582,18582,4290.07275390625
18583,18583,8766.2119140625
18584,18584,5734.23388671875
18585,18585,5860.4775390625
18586,18586,7532.421875
18587,18587,7502.65283203125
18588,18588,5569.8798828125
18589,18589,9122.4521484375
18590,18590,7523.1416015625
18591,18591,85920.78125
18592,18592,6362.64990234375
18593,18593,8417.310546875
18594,18594,7321.3974609375
18595,18595,9231.216796875
18596,18596,6908.71337890625
18597,18597,10433.1318359375
18598,18598,8025.546875
18599,18599,4184.16064453125
18600,18600,9049.08203125
18601,18601,215544.375
18602,18602,6327.4228515625
18603,18603,8761.87109375
18604,18604,8197.455078125
18605,18605,8442.611328125
18606,18606,5971.779296875
18607,18607,8028.0458984375
18608,18608,13599.41015625
18609,18609,29508.193359375
18610,18610,7039.93310546875
18611,18611,11729.1650390625
18612,18612,25374.24609375
18613,18613,59473.25
18614,18614,10117.248046875
18615,18615,7554.68359375
18616,18616,6793.49462890625
18617,18617,8249.9013671875
18618,18618,8558.6953125
18619,18619,9897.45703125
18620,18620,11229.49609375
18621,18621,9060.1982421875
18622,18622,9066.83203125
18623,18623,7328.18701171875
18624,18624,7141.8173828125
18625,18625,170510.21875
18626,18626,3465.6533203125
18627,18627,1330042.625
18628,18628,166033.28125
18629,18629,8569.0908203125
18630,18630,10729.7958984375
18631,18631,11408.91796875
18632,18632,4124.3388671875
18633,18633,4028.46044921875
18634,18634,7203.75244140625
18635,18635,7412.79833984375
18636,18636,9116.216796875
18637,18637,9504.0263671875
18638,18638,25502.341796875
18639,18639,33350.9296875
18640,18640,100191.4453125
18641,18641,9706.0625
18642,18642,14569.3115234375
18643,18643,36722.74609375
18644,18644,30542.77734375
18645,18645,20438.458984375
18646,18646,12387.0439453125
18647,18647,10609.017578125
18648,18648,6832.2509765625
18649,18649,7563.95458984375
18650,18650,5114.306640625
18651,18651,7229.93212890625
18652,18652,129083.9765625
18653,18653,10210.1337890625
18654,18654,14233.240234375
18655,18655,246135.71875
18656,18656,7930.45751953125
18657,18657,496212.375
18658,18658,7583.236328125
18659,18659,13506.53515625
18660,18660,39584.7109375
18661,18661,9389.2783203125
18662,18662,5382.78857421875
18663,18663,8172.9189453125
18664,18664,12805.52734375
18665,18665,63793.09375
18666,18666,7532.5947265625
18667,18667,12442.62109375
18668,18668,179532.5625
18669,18669,14436.5185546875
18670,18670,5865.65966796875
18671,18671,5311.12451171875
18672,18672,4410.490234375
18673,18673,8754.59375
18674,18674,4779.90673828125
18675,18675,11962.86328125
18676,18676,35849.421875
18677,18677,9346.05859375
18678,18678,6315.70068359375
18679,18679,6849.765625
18680,18680,7171.50732421875
18681,18681,20232.994140625
18682,18682,5742.521484375
18683,18683,13087.83203125
18684,18684,6575.20654296875
18685,18685,8011.66162109375
18686,18686,6381.0830078125
18687,18687,38253.59765625
18688,18688,35329.48828125
18689,18689,17613.501953125
18690,18690,64816.8515625
18691,18691,3508.619140625
18692,18692,20293.271484375
18693,18693,7153.87353515625
18694,18694,10412.3212890625
18695,18695,11719.68359375
18696,18696,6254.59765625
18697,18697,6964.17919921875
18698,18698,12748.185546875
18699,18699,10487.6083984375
18700,18700,41962.4296875
18701,18701,17419.787109375
18702,18702,6697.37548828125
18703,18703,7662.9287109375
18704,18704,7565.43896484375
18705,18705,47961.5703125
18706,18706,8548.9619140625
18707,18707,6496.32763671875
18708,18708,4749.19970703125
18709,18709,6559.98779296875
18710,18710,10913.7744140625
18711,18711,5797.45263671875
18712,18712,95376.734375
18713,18713,48953.16796875
18714,18714,50104.28125
18715,18715,8908.9111328125
18716,18716,13666.599609375
18717,18717,145957.59375
18718,18718,163465.0625
18719,18719,5379.05712890625
18720,18720,4467.62451171875
18721,18721,5310.5185546875
18722,18722,15993.51171875
18723,18723,17037.837890625
18724,18724,5347.78857421875
18725,18725,49122.609375
18726,18726,9042.267578125
18727,18727,5585.2958984375
18728,18728,117935.59375
18729,18729,7771.98046875
18730,18730,10467.5517578125
18731,18731,5804.54345703125
18732,18732,7356.2978515625
18733,18733,18148.28125
18734,18734,5724.12451171875
18735,18735,7931.66357421875
18736,18736,7118.4326171875
18737,18737,6973.92431640625
18738,18738,6562.22265625
18739,18739,4106.798828125
18740,18740,3200.382568359375
18741,18741,42241.8828125
18742,18742,4160.361328125
18743,18743,7677.39599609375
18744,18744,3821.012939453125
18745,18745,30632.1875
18746,18746,8701.349609375
18747,18747,48558.328125
18748,18748,17759.865234375
18749,18749,8092.61962890625
18750,18750,7327.287109375
18751,18751,18036.71875
18752,18752,5965.12939453125
18753,18753,89628.828125
18754,18754,6938.79931640625
18755,18755,3985.615478515625
18756,18756,8067.4404296875
18757,18757,5868.26904296875
18758,18758,8945.9677734375
18759,18759,7924.2294921875
18760,18760,29465.53125
18761,18761,8385.2822265625
18762,18762,6432.41455078125
18763,18763,6465.39404296875
18764,18764,116057.0859375
18765,18765,8725.603515625
18766,18766,39154.7109375
18767,18767,43499.8984375
18768,18768,1025.2177734375
18769,18769,6508.31640625
18770,18770,6076.3310546875
18771,18771,40990.515625
18772,18772,8479.4814453125
18773,18773,5545.576171875
18774,18774,4448.248046875
18775,18775,6494.421875
18776,18776,19437.15234375
18777,18777,28588.7890625
18778,18778,25275.732421875
18779,18779,7653.69873046875
18780,18780,2873816.75
18781,18781,10133.365234375
18782,18782,18818.119140625
18783,18783,11837.955078125
18784,18784,14871.201171875
18785,18785,5082.833984375
18786,18786,6525.140625
18787,18787,13109.4599609375
18788,18788,116776.6796875
18789,18789,14588.8095703125
18790,18790,285621.6875
18791,18791,9679.08984375
18792,18792,5522.083984375
18793,18793,7881.30126953125
18794,18794,18503.427734375
18795,18795,6654.94970703125
18796,18796,6017.23486328125
18797,18797,14343.94140625
18798,18798,25945.49609375
18799,18799,5256.7529296875
18800,18800,9007.2060546875
18801,18801,5062.93408203125
18802,18802,6253.0185546875
18803,18803,95469.1015625
18804,18804,5165.61181640625
18805,18805,9686.5263671875
18806,18806,2696713.5
18807,18807,16643.9765625
18808,18808,37175.01953125
18809,18809,142823.78125
18810,18810,9125.2255859375
18811,18811,4809.7431640625
18812,18812,5237.61279296875
18813,18813,13806.822265625
18814,18814,8940.8955078125
18815,18815,4707.63427734375
18816,18816,11979.3955078125
18817,18817,7256.19482421875
18818,18818,14002.876953125
18819,18819,22545.7109375
18820,18820,11028.3046875
18821,18821,5901.95263671875
18822,18822,12129.310546875
18823,18823,7718.0986328125
18824,18824,73868.609375
18825,18825,10777.326171875
18826,18826,20157.505859375
18827,18827,9764.9326171875
18828,18828,7012.9248046875
18829,18829,9981.271484375
18830,18830,6497.92041015625
18831,18831,43687.75390625
18832,18832,70376.4921875
18833,18833,61623.19140625
18834,18834,6791.18310546875
18835,18835,4670.10693359375
18836,18836,8594.1708984375
18837,18837,18319.939453125
18838,18838,246539.953125
18839,18839,5699.76220703125
18840,18840,4208.34716796875
18841,18841,8099.84814453125
18842,18842,7553.17529296875
18843,18843,9142.4384765625
18844,18844,11637.8525390625
18845,18845,20747.1484375
18846,18846,6149.00732421875
18847,18847,5054.45263671875
18848,18848,6564.77490234375
18849,18849,10638.8134765625
18850,18850,6475.38232421875
18851,18851,74498.859375
18852,18852,7875.70458984375
18853,18853,12962.884765625
18854,18854,6105.08447265625
18855,18855,7429.07568359375
18856,18856,8951.31640625
18857,18857,8136.0947265625
18858,18858,10726.546875
18859,18859,4354.14208984375
18860,18860,7712.16064453125
18861,18861,10519.31640625
18862,18862,50486.2890625
18863,18863,40709.0390625
18864,18864,43967.34375
18865,18865,9524.2275390625
18866,18866,9819.5654296875
18867,18867,20620.03515625
18868,18868,35767.0
18869,18869,6655.95361328125
18870,18870,39928.9765625
18871,18871,7230373.0
18872,18872,10887.126953125
18873,18873,61948.72265625
18874,18874,110256.4765625
18875,18875,65427.30078125
18876,18876,12066.5048828125
18877,18877,18873.125
18878,18878,10964.9140625
18879,18879,11935.56640625
18880,18880,6943.91064453125
18881,18881,15946.1787109375
18882,18882,7261.6630859375
18883,18883,29148.0546875
18884,18884,8615.4501953125
18885,18885,44389.6953125
18886,18886,23495.314453125
18887,18887,11826.8525390625
18888,18888,7055.4541015625
18889,18889,135240.5625
18890,18890,7903.755859375
18891,18891,5773.0859375
18892,18892,10157.0458984375
18893,18893,8743.5400390625
18894,18894,10628.978515625
18895,18895,7041.14697265625
18896,18896,8737.9599609375
18897,18897,23441.7734375
18898,18898,6867.29541015625
18899,18899,304663.34375
18900,18900,7981.78369140625
18901,18901,5581.36181640625
18902,18902,85337.0859375
18903,18903,9247.416015625
18904,18904,11561.904296875
18905,18905,7877.53662109375
18906,18906,4102.33056640625
18907,18907,140407.90625
18908,18908,13937.8935546875
18909,18909,8033.73828125
18910,18910,6054.36181640625
18911,18911,21255.41015625
18912,18912,7243.58935546875
18913,18913,280646.75
18914,18914,7970.14306640625
18915,18915,7214.73486328125
18916,18916,6807.5263671875
18917,18917,6462.33642578125
18918,18918,7336.6455078125
18919,18919,6915.58349609375
18920,18920,7605.8291015625
18921,18921,6094.90966796875
18922,18922,6216.41552734375
18923,18923,5525.8310546875
18924,18924,28604.91015625
18925,18925,8430.58203125
18926,18926,36327.30859375
18927,18927,170994.96875
18928,18928,9265.94921875
18929,18929,10952.7041015625
18930,18930,26820.970703125
18931,18931,23617.76953125
18932,18932,7125.67333984375
18933,18933,174777.640625
18934,18934,21722.27734375
18935,18935,5378.33056640625
18936,18936,15205.4287109375
18937,18937,22374.40234375
18938,18938,93240.765625
18939,18939,5606.974609375
18940,18940,5936.8193359375
18941,18941,32940.15625
18942,18942,9158.5380859375
18943,18943,28429.462890625
18944,18944,6511.88720703125
18945,18945,5625.4326171875
18946,18946,18859.4453125
18947,18947,5706.537109375
18948,18948,7545.1962890625
18949,18949,33329.2890625
18950,18950,5339.90966796875
18951,18951,11021.298828125
18952,18952,6201.24853515625
18953,18953,20272.3203125
18954,18954,8086.41357421875
18955,18955,5104.3974609375
18956,18956,7102.66552734375
18957,18957,6716.5751953125
18958,18958,17973.931640625
18959,18959,43467.125
18960,18960,9339.556640625
18961,18961,7645.77783203125
18962,18962,5873.57177734375
18963,18963,11110.802734375
18964,18964,6726.71533203125
18965,18965,197823.03125
18966,18966,5648.3046875
18967,18967,7537.15869140625
18968,18968,6742.82080078125
18969,18969,5905.04345703125
18970,18970,8459.0498046875
18971,18971,9038.2314453125
18972,18972,3790.904296875
18973,18973,5970.814453125
18974,18974,9454.693359375
18975,18975,4005.6328125
18976,18976,6108.62548828125
18977,18977,6020.126953125
18978,18978,17017.0703125
18979,18979,11365.43359375
18980,18980,52808.4453125
18981,18981,8604.220703125
18982,18982,8726.32421875
18983,18983,14154.080078125
18984,18984,10231.5703125
18985,18985,25097.53515625
18986,18986,7212.33447265625
18987,18987,5772.26708984375
18988,18988,9428.46875
18989,18989,6769.283203125
18990,18990,4557.736328125
18991,18991,17641.21484375
18992,18992,33519.91015625
18993,18993,10498.3330078125
18994,18994,6424.4697265625
18995,18995,6158.72412109375
18996,18996,9799.4365234375
18997,18997,196725.8125
18998,18998,220589.421875
18999,18999,21187.09375
19000,19000,44007.36328125
19001,19001,9175.9814453125
19002,19002,6360.07470703125
19003,19003,16053.5107421875
19004,19004,11198.6943359375
19005,19005,3730.113037109375
19006,19006,11781.8330078125
19007,19007,5344.24072265625
19008,19008,25904.662109375
19009,19009,9962.9140625
19010,19010,7230.85205078125
19011,19011,6912.02734375
19012,19012,6879.27587890625
19013,19013,5192.6044921875
19014,19014,7722.54638671875
19015,19015,11958.67578125
19016,19016,6289.07080078125
19017,19017,5884.306640625
19018,19018,5059.04931640625
19019,19019,7177.0791015625
19020,19020,47793.9609375
19021,19021,7627.11279296875
19022,19022,11665.080078125
19023,19023,18115.046875
19024,19024,18906.212890625
19025,19025,99577.625
19026,19026,19041.537109375
19027,19027,287489.40625
19028,19028,5155.66943359375
19029,19029,8482.728515625
19030,19030,15047.9228515625
19031,19031,7854.83935546875
19032,19032,7890.1640625
19033,19033,6166.30322265625
19034,19034,7161.171875
19035,19035,48107.89453125
19036,19036,8768.453125
19037,19037,9510.0751953125
19038,19038,17236.982421875
19039,19039,9795.015625
19040,19040,81725.1484375
19041,19041,6517.17431640625
19042,19042,8740.7509765625
19043,19043,10116.7900390625
19044,19044,8297.21484375
19045,19045,27274.357421875
19046,19046,14032.4951171875
19047,19047,4733.90380859375
19048,19048,17213.08203125
19049,19049,7022.66064453125
19050,19050,19750.900390625
19051,19051,10378.3271484375
19052,19052,77991.984375
19053,19053,8365.8203125
19054,19054,7651.19140625
19055,19055,8211.1748046875
19056,19056,20134.130859375
19057,19057,12296.89453125
19058,19058,10675.1845703125
19059,19059,27346.703125
19060,19060,6231.1669921875
19061,19061,5998.18310546875
19062,19062,20519.7421875
19063,19063,6184.7431640625
19064,19064,14304.5478515625
19065,19065,4983.49658203125
19066,19066,10426.5693359375
19067,19067,53677.53125
19068,19068,5821.80810546875
19069,19069,22962.19921875
19070,19070,6550.1279296875
19071,19071,7665.98828125
19072,19072,13880.1220703125
19073,19073,4695.02197265625
19074,19074,14119.5234375
19075,19075,5280.2998046875
19076,19076,14670.74609375
19077,19077,4972.955078125
19078,19078,5276.74267578125
19079,19079,14668.103515625
19080,19080,149245.046875
19081,19081,12772.7353515625
19082,19082,160068.296875
19083,19083,5036.76953125
19084,19084,59449.24609375
19085,19085,8147.546875
19086,19086,6339.02734375
19087,19087,11970.6279296875
19088,19088,6336.4033203125
19089,19089,6134.353515625
19090,19090,5655.6484375
19091,19091,8899.2763671875
19092,19092,1873.91845703125
19093,19093,9608469.0
19094,19094,9976.31640625
19095,19095,9429.5634765625
19096,19096,29555.087890625
19097,19097,6194.9365234375
19098,19098,7022.6240234375
19099,19099,2718753.25
19100,19100,6088.80810546875
19101,19101,8895.064453125
19102,19102,5475.89208984375
19103,19103,219346.40625
19104,19104,14305.193359375
19105,19105,3867.50390625
19106,19106,66741.5390625
19107,19107,10944.6181640625
19108,19108,5599.77490234375
19109,19109,12767.8017578125
19110,19110,235071.296875
19111,19111,5090046.0
19112,19112,8199.1884765625
19113,19113,20297.267578125
19114,19114,10546.41015625
19115,19115,7832.1259765625
19116,19116,53755.203125
19117,19117,23344.900390625
19118,19118,13595.88671875
19119,19119,8322.9267578125
19120,19120,8240.0830078125
19121,19121,39418.8671875
19122,19122,62486.41796875
19123,19123,7340.4130859375
19124,19124,39526.46484375
19125,19125,5567.2138671875
19126,19126,7937.578125
19127,19127,4731.11279296875
19128,19128,7314.978515625
19129,19129,11687.654296875
19130,19130,4323.08837890625
19131,19131,51604.7109375
19132,19132,20230.45703125
19133,19133,10278.20703125
19134,19134,7405.26318359375
19135,19135,9887.541015625
19136,19136,12097.7568359375
19137,19137,5325.20361328125
19138,19138,17965.939453125
19139,19139,33051.015625
19140,19140,8397.0625
19141,19141,8062.3916015625
19142,19142,25039.77734375
19143,19143,3984.336669921875
19144,19144,4817.3466796875
19145,19145,6116.13671875
19146,19146,9239.328125
19147,19147,32002.61328125
19148,19148,13366.16796875
19149,19149,5027.71533203125
19150,19150,7060.6005859375
19151,19151,6812.158203125
19152,19152,7443.39208984375
19153,19153,132259.953125
19154,19154,17277.875
19155,19155,4411.57958984375
19156,19156,8884.8671875
19157,19157,61886.5703125
19158,19158,7076.38525390625
19159,19159,5593.607421875
19160,19160,10047.068359375
19161,19161,9319.3193359375
19162,19162,6656.02392578125
19163,19163,11172.037109375
19164,19164,58925.90625
19165,19165,7473.82177734375
19166,19166,16413.267578125
19167,19167,17292.3828125
19168,19168,8408.849609375
19169,19169,35447.54296875
19170,19170,7134.28369140625
19171,19171,9957.974609375
19172,19172,4888.6640625
19173,19173,8087.6123046875
19174,19174,11907.142578125
19175,19175,11419.908203125
19176,19176,139932.453125
19177,19177,9362.8251953125
19178,19178,33022.90625
19179,19179,4557.5478515625
19180,19180,9378.6142578125
19181,19181,8891.78515625
19182,19182,26736.13671875
19183,19183,9455.84375
19184,19184,139010.171875
19185,19185,12253.9267578125
19186,19186,9758.8203125
19187,19187,177591.3125
19188,19188,9516.8115234375
19189,19189,3968.409912109375
19190,19190,10829.81640625
19191,19191,11926.2978515625
19192,19192,36484.28125
19193,19193,10668.91796875
19194,19194,5136.2578125
19195,19195,8590.09765625
19196,19196,98816.0625
19197,19197,10715.384765625
19198,19198,6691.85009765625
19199,19199,7010.71240234375
19200,19200,6490.62060546875
19201,19201,10454.5986328125
19202,19202,11499.6806640625
19203,19203,5334.33154296875
19204,19204,3362.58544921875
19205,19205,12945.05859375
19206,19206,128849.1640625
19207,19207,7796.91748046875
19208,19208,3761.02783203125
19209,19209,37665.984375
19210,19210,3699.326171875
19211,19211,5550.60498046875
19212,19212,7895.1201171875
19213,19213,6703.5869140625
19214,19214,6264.75390625
19215,19215,10848.4873046875
19216,19216,7802.77783203125
19217,19217,6026.6904296875
19218,19218,17276.427734375
19219,19219,5949.2978515625
19220,19220,8513.138671875
19221,19221,22629.09765625
19222,19222,5315.01123046875
19223,19223,7518.5908203125
19224,19224,5014.83056640625
19225,19225,81263.1875
19226,19226,6670.50341796875
19227,19227,8287.921875
19228,19228,9581.26953125
19229,19229,5195.9453125
19230,19230,7246.54052734375
19231,19231,60200.140625
19232,19232,10752.318359375
19233,19233,110215.8671875
19234,19234,4475.216796875
19235,19235,8003.91845703125
19236,19236,4707.00390625
19237,19237,6651.4501953125
19238,19238,7730.32958984375
19239,19239,6297.89208984375
19240,19240,15554.8017578125
19241,19241,11279.1923828125
19242,19242,28763.3984375
19243,19243,18950.353515625
19244,19244,16873.501953125
19245,19245,9787.81640625
19246,19246,6105.48291015625
19247,19247,71838.796875
19248,19248,8110.2548828125
19249,19249,18150.474609375
19250,19250,5399.46044921875
19251,19251,8097.96875
19252,19252,55997.05078125
19253,19253,33628.328125
19254,19254,67226.140625
19255,19255,10105.4921875
19256,19256,28415.298828125
19257,19257,7377.10302734375
19258,19258,34671.06640625
19259,19259,6299.20361328125
19260,19260,7293.9833984375
19261,19261,3063.15771484375
19262,19262,12777.6552734375
19263,19263,15282.01171875
19264,19264,5426.38818359375
19265,19265,8751.482421875
19266,19266,7097.95458984375
19267,19267,6240.46630859375
19268,19268,44223.8515625
19269,19269,13845.400390625
19270,19270,7056.00537109375
19271,19271,9833.78515625
19272,19272,13121.9384765625
19273,19273,7808.47900390625
19274,19274,37039.36328125
19275,19275,29027.248046875
19276,19276,5105.75341796875
19277,19277,5441.67041015625
19278,19278,13174.7939453125
19279,19279,15239.1162109375
19280,19280,199368.0625
19281,19281,5301.53662109375
19282,19282,9138.44140625
19283,19283,22834.98046875
19284,19284,7603.0625
19285,19285,10629.7626953125
19286,19286,11217.7509765625
19287,19287,11557.865234375
19288,19288,19820.091796875
19289,19289,15653.2109375
19290,19290,5002.4912109375
19291,19291,18584.08203125
19292,19292,6248.9560546875
19293,19293,2153489.5
19294,19294,6745.86962890625
19295,19295,3426.04736328125
19296,19296,8850.2041015625
19297,19297,6536.8671875
19298,19298,5707.056640625
19299,19299,8854.693359375
19300,19300,8700.3525390625
19301,19301,12227.75
19302,19302,11994.0126953125
19303,19303,6473.9091796875
19304,19304,12010.455078125
19305,19305,7148.5166015625
19306,19306,11108.8427734375
19307,19307,5536.576171875
19308,19308,5776.91162109375
19309,19309,6902.81640625
19310,19310,5310.1376953125
19311,19311,5800.732421875
19312,19312,22467.97265625
19313,19313,6693.62109375
19314,19314,7106.4228515625
19315,19315,10365.294921875
19316,19316,6830.2080078125
19317,19317,559682.375
19318,19318,15587.8505859375
19319,19319,11101.8115234375
19320,19320,7432.0234375
19321,19321,10029.189453125
19322,19322,40836.26953125
19323,19323,5997.45947265625
19324,19324,8861.6279296875
19325,19325,14112.58203125
19326,19326,38413.3828125
19327,19327,53147.5703125
19328,19328,10970.8349609375
19329,19329,11583.765625
19330,19330,6339.72021484375
19331,19331,8549.0654296875
19332,19332,6038.00830078125
19333,19333,9923.9365234375
19334,19334,12027.97265625
19335,19335,61543.171875
19336,19336,5981.62109375
19337,19337,7923.94189453125
19338,19338,6688.2822265625
19339,19339,6451.39404296875
19340,19340,11092.2216796875
19341,19341,10351.1806640625
19342,19342,42814.77734375
19343,19343,8086.52587890625
19344,19344,9627.58984375
19345,19345,5050.19775390625
19346,19346,6914.27001953125
19347,19347,7897.8515625
19348,19348,31010.283203125
19349,19349,97603.6953125
19350,19350,8585.8017578125
19351,19351,5485.35107421875
19352,19352,28062.998046875
19353,19353,19362.732421875
19354,19354,3736.848876953125
19355,19355,6580.44580078125
19356,19356,7380.720703125
19357,19357,11274.6533203125
19358,19358,138001.0625
19359,19359,5018.82421875
19360,19360,8058.72705078125
19361,19361,147002.46875
19362,19362,6560.52294921875
19363,19363,16224.87890625
19364,19364,6628.076171875
19365,19365,6123.375
19366,19366,3734.869384765625
19367,19367,100557.9375
19368,19368,4141.2568359375
19369,19369,7301.578125
19370,19370,5268.07861328125
19371,19371,6334.43017578125
19372,19372,6417.54150390625
19373,19373,7414.0908203125
19374,19374,4638.794921875
19375,19375,8313.982421875
19376,19376,22774.55078125
19377,19377,26349.99609375
19378,19378,5129.81982421875
19379,19379,8465.6796875
19380,19380,125489.3984375
19381,19381,159260.875
19382,19382,64997.79296875
19383,19383,6508.58544921875
19384,19384,7358.27783203125
19385,19385,48512.9296875
19386,19386,48331.76953125
19387,19387,4634.0166015625
19388,19388,7001.02587890625
19389,19389,5015.13525390625
19390,19390,11299.3134765625
19391,19391,5669.783203125
19392,19392,195564.890625
19393,19393,5045.607421875
19394,19394,5488.283203125
19395,19395,7291.89208984375
19396,19396,4435.71826171875
19397,19397,4652.38232421875
19398,19398,8291.212890625
19399,19399,7865.91943359375
19400,19400,4339934.5
19401,19401,172000.90625
19402,19402,5737.33984375
19403,19403,5800.814453125
19404,19404,11064.5830078125
19405,19405,153503.59375
19406,19406,22533.40625
19407,19407,10554.8310546875
19408,19408,8576.763671875
19409,19409,11791.404296875
19410,19410,11398.8662109375
19411,19411,5342.171875
19412,19412,12712.1513671875
19413,19413,40058.65234375
19414,19414,28511.11328125
19415,19415,6945.39208984375
19416,19416,7451.88818359375
19417,19417,215208.3125
19418,19418,47613.42578125
19419,19419,9336.3251953125
19420,19420,6820.57666015625
19421,19421,13137.67578125
19422,19422,17095.310546875
19423,19423,83635.3203125
19424,19424,6880.681640625
19425,19425,6703.4150390625
19426,19426,35839.015625
19427,19427,50719.9765625
19428,19428,5236.7294921875
19429,19429,10924.1640625
19430,19430,4891.07421875
19431,19431,8550.501953125
19432,19432,6034.58935546875
19433,19433,221400.9375
19434,19434,5404.46826171875
19435,19435,7116.8720703125
19436,19436,10479.0361328125
19437,19437,11872.8212890625
19438,19438,8836.01171875
19439,19439,6546.75
19440,19440,9096.7119140625
19441,19441,89466.6796875
19442,19442,7323.5751953125
19443,19443,5526.85791015625
19444,19444,9270.7890625
19445,19445,6764.33056640625
19446,19446,7324.86865234375
19447,19447,5735.45068359375
19448,19448,7298.791015625
19449,19449,34289.5390625
19450,19450,44320.66796875
19451,19451,7005.58544921875
19452,19452,14511.83203125
19453,19453,7663.37646484375
19454,19454,4939.80078125
19455,19455,16038.408203125
19456,19456,8830.3466796875
19457,19457,4663.62158203125
19458,19458,9450.4609375
19459,19459,9134.7705078125
19460,19460,7402.38916015625
19461,19461,9755.14453125
19462,19462,127370.625
19463,19463,10903.8115234375
19464,19464,6741.501953125
19465,19465,15448.4619140625
19466,19466,2011672.875
19467,19467,204161.84375
19468,19468,6300.02197265625
19469,19469,5746.75732421875
19470,19470,5433.5
19471,19471,6757.689453125
19472,19472,6635.6328125
19473,19473,70112.75
19474,19474,47281.66796875
19475,19475,22081.173828125
19476,19476,15546.86328125
19477,19477,9715.6767578125
19478,19478,6881.48876953125
19479,19479,7072.310546875
19480,19480,5551.25732421875
19481,19481,6479.6416015625
19482,19482,7431.50439453125
19483,19483,8337.6953125
19484,19484,38934.25
19485,19485,71948.3984375
19486,19486,2709672.75
19487,19487,8382.9658203125
19488,19488,12920.5009765625
19489,19489,5993.73828125
19490,19490,6706.3291015625
19491,19491,165188.46875
19492,19492,8875.0498046875
19493,19493,23125.103515625
19494,19494,7756.7275390625
19495,19495,10154.0712890625
19496,19496,12520.587890625
19497,19497,7766.7490234375
19498,19498,8542.4541015625
19499,19499,7510.79638671875
19500,19500,62997.9296875
19501,19501,8719.6484375
19502,19502,10133.1513671875
19503,19503,7156.05908203125
19504,19504,6631.419921875
19505,19505,9563.576171875
19506,19506,30202.078125
19507,19507,5032.1220703125
19508,19508,4450.85205078125
19509,19509,14944.7109375
19510,19510,8454.80078125
19511,19511,7344.1591796875
19512,19512,5761.96435546875
19513,19513,8028.5361328125
19514,19514,6818.34716796875
19515,19515,6977.08447265625
19516,19516,117834.8984375
19517,19517,13356.8232421875
19518,19518,6076.810546875
19519,19519,7346.4384765625
19520,19520,21502.025390625
19521,19521,5744.3896484375
19522,19522,7048.94921875
19523,19523,16521.50390625
19524,19524,7939.60107421875
19525,19525,5884.2255859375
19526,19526,8160.701171875
19527,19527,175007.59375
19528,19528,8242.91796875
19529,19529,7550.90966796875
19530,19530,10515.63671875
19531,19531,10727.1328125
19532,19532,14000.4423828125
19533,19533,19557.837890625
19534,19534,94328.234375
19535,19535,7989.7431640625
19536,19536,8408.6875
19537,19537,5440.9609375
19538,19538,47429.84375
19539,19539,3737.218505859375
19540,19540,9834.5400390625
19541,19541,3905.447265625
19542,19542,7378.36181640625
19543,19543,5370.78515625
19544,19544,5246.4404296875
19545,19545,25627.38671875
19546,19546,6832.04931640625
19547,19547,5501.921875
19548,19548,15051.0
19549,19549,4804.68017578125
19550,19550,4864.30517578125
19551,19551,7139.236328125
19552,19552,27891.537109375
19553,19553,109223.8046875
19554,19554,11264.923828125
19555,19555,5463.056640625
19556,19556,7704.501953125
19557,19557,6301.4833984375
19558,19558,9593.9443359375
19559,19559,8397.408203125
19560,19560,9540.30859375
19561,19561,6223.529296875
19562,19562,5800.03369140625
19563,19563,41218.6640625
19564,19564,9834.5283203125
19565,19565,111940.0546875
19566,19566,21973.111328125
19567,19567,8789.140625
19568,19568,6585.95458984375
19569,19569,124845.265625
19570,19570,16628.578125
19571,19571,41670.80859375
19572,19572,12266.5947265625
19573,19573,110469.734375
19574,19574,12823.2451171875
19575,19575,9075.162109375
19576,19576,9176.291015625
19577,19577,6001.69189453125
19578,19578,10749.697265625
19579,19579,14295.5908203125
19580,19580,46690.78515625
19581,19581,6659.08642578125
19582,19582,10174.18359375
19583,19583,32969.38671875
19584,19584,123230.5859375
19585,19585,10494.2265625
19586,19586,10327.203125
19587,19587,83773.71875
19588,19588,7009.5732421875
19589,19589,10393.3134765625
19590,19590,6868.8173828125
19591,19591,10727.755859375
19592,19592,4569.08447265625
19593,19593,9885.0263671875
19594,19594,6658.25390625
19595,19595,55510.265625
19596,19596,34932.22265625
19597,19597,9603.9091796875
19598,19598,22909.767578125
19599,19599,8565.1064453125
19600,19600,7721.611328125
19601,19601,7328.267578125
19602,19602,14856.3095703125
19603,19603,6765.078125
19604,19604,102700.65625
19605,19605,5691.3955078125
19606,19606,6018.49169921875
19607,19607,3903.26025390625
19608,19608,7683.0205078125
19609,19609,9023.6533203125
19610,19610,5039.91650390625
19611,19611,9242.609375
19612,19612,6277.013671875
19613,19613,24434.857421875
19614,19614,5895.658203125
19615,19615,6943.91064453125
19616,19616,6453.7392578125
19617,19617,6997.83349609375
19618,19618,11643.96484375
19619,19619,184266.625
19620,19620,7464.24462890625
19621,19621,10994.330078125
19622,19622,6633.34521484375
19623,19623,65799.3359375
19624,19624,6489.75927734375
19625,19625,5589.47265625
19626,19626,6643.07373046875
19627,19627,7315.0048828125
19628,19628,6497.2041015625
19629,19629,9215.59765625
19630,19630,5715.7587890625
19631,19631,250084.46875
19632,19632,6230.18994140625
19633,19633,51142.53515625
19634,19634,7920.998046875
19635,19635,17331.484375
19636,19636,11150.046875
19637,19637,4869.1787109375
19638,19638,24901.990234375
19639,19639,9173.744140625
19640,19640,9375.572265625
19641,19641,9008.5791015625
19642,19642,18410.408203125
19643,19643,6111.87353515625
19644,19644,4265.8466796875
19645,19645,9883.4091796875
19646,19646,86177.953125
19647,19647,6379.234375
19648,19648,7545.0126953125
19649,19649,8782.537109375
19650,19650,8299.5830078125
19651,19651,7996.2138671875
19652,19652,45520.703125
19653,19653,7773.17724609375
19654,19654,7905.841796875
19655,19655,11445.1220703125
19656,19656,6880.47119140625
19657,19657,17832.6875
19658,19658,8750.0556640625
19659,19659,8658.392578125
19660,19660,7977.91845703125
19661,19661,63284.015625
19662,19662,6946.7333984375
19663,19663,7407.119140625
19664,19664,72194.9375
19665,19665,6294.12841796875
19666,19666,7792.46337890625
19667,19667,4434.86669921875
19668,19668,36514.01171875
19669,19669,7246.39013671875
19670,19670,38101.23828125
19671,19671,9826.0693359375
19672,19672,5066.54931640625
19673,19673,69274.6484375
19674,19674,6859.21142578125
19675,19675,1962428.125
19676,19676,16390.943359375
19677,19677,12252.4287109375
19678,19678,8110.5458984375
19679,19679,6737.4443359375
19680,19680,7327.12109375
19681,19681,9645.697265625
19682,19682,10376.017578125
19683,19683,10598.06640625
19684,19684,8580.919921875
19685,19685,23668.455078125
19686,19686,24869.224609375
19687,19687,172106.53125
19688,19688,6591.4921875
19689,19689,49571.703125
19690,19690,17123.802734375
19691,19691,5357.2060546875
19692,19692,93961.9375
19693,19693,20030.9296875
19694,19694,30300.939453125
19695,19695,11484.484375
19696,19696,6526.18994140625
19697,19697,14259.814453125
19698,19698,86074.09375
19699,19699,11393.0029296875
19700,19700,9092.0419921875
19701,19701,4675.97509765625
19702,19702,46938.953125
19703,19703,7725.712890625
19704,19704,129481.5703125
19705,19705,7203.275390625
19706,19706,5953.58447265625
19707,19707,18152.314453125
19708,19708,146110.09375
19709,19709,14696.056640625
19710,19710,6143.33203125
19711,19711,8236.876953125
19712,19712,52270.66015625
19713,19713,7300.62158203125
19714,19714,8903.9208984375
19715,19715,9056.5576171875
19716,19716,118233.828125
19717,19717,26809.73828125
19718,19718,8710.2998046875
19719,19719,6207.1845703125
19720,19720,16023.7490234375
19721,19721,6436.873046875
19722,19722,5857.50537109375
19723,19723,21397.482421875
19724,19724,13176.9404296875
19725,19725,32913.921875
19726,19726,3915.44873046875
19727,19727,6736.861328125
19728,19728,12648.7607421875
19729,19729,8750.2822265625
19730,19730,6313.30517578125
19731,19731,11226.755859375
19732,19732,4877.3408203125
19733,19733,6019.630859375
19734,19734,9539.42578125
19735,19735,51536.0546875
19736,19736,4271.384765625
19737,19737,8035.84765625
19738,19738,6845.7314453125
19739,19739,4660.6875
19740,19740,5614.0029296875
19741,19741,6602.111328125
19742,19742,6002.8271484375
19743,19743,6594.66796875
19744,19744,345459.3125
19745,19745,3202.701904296875
19746,19746,55771.34765625
19747,19747,32512.990234375
19748,19748,7559.72607421875
19749,19749,54287.5234375
19750,19750,9294.513671875
19751,19751,5723.265625
19752,19752,16950.5625
19753,19753,16235.30859375
19754,19754,7186849.5
19755,19755,3640.024169921875
19756,19756,9294.9208984375
19757,19757,15042.4580078125
19758,19758,11932.6865234375
19759,19759,26009.265625
19760,19760,31396.44921875
19761,19761,6584.833984375
19762,19762,22029.875
19763,19763,7044.52197265625
19764,19764,9528.0703125
19765,19765,4715.603515625
19766,19766,4609.0029296875
19767,19767,32481.4765625
19768,19768,6613.7412109375
19769,19769,7360.16650390625
19770,19770,7286.9658203125
19771,19771,24157.77734375
19772,19772,184536.515625
19773,19773,14671.953125
19774,19774,62944.5234375
19775,19775,231244.15625
19776,19776,7323.5869140625
19777,19777,5138.33544921875
19778,19778,192670.09375
19779,19779,10945.037109375
19780,19780,14440.03125
19781,19781,18758.728515625
19782,19782,5475.71630859375
19783,19783,11251.306640625
19784,19784,10387.330078125
19785,19785,6356.3359375
19786,19786,8278.166015625
19787,19787,5242.06884765625
19788,19788,6039.1533203125
19789,19789,58836.12109375
19790,19790,38268.80859375
19791,19791,174603.703125
19792,19792,9554.37109375
19793,19793,21928.484375
19794,19794,8734.1064453125
19795,19795,7455.4169921875
19796,19796,77419.4609375
19797,19797,8437.392578125
19798,19798,26718.744140625
19799,19799,39740.5078125
19800,19800,3300561.5
19801,19801,6965.267578125
19802,19802,10002.1669921875
19803,19803,24684.939453125
19804,19804,11197.642578125
19805,19805,8264.08203125
19806,19806,16691.173828125
19807,19807,3236957.5
19808,19808,9240.763671875
19809,19809,3388.2626953125
19810,19810,6388.45361328125
19811,19811,6855.82470703125
19812,19812,8000.05078125
19813,19813,10756.482421875
19814,19814,9174.9697265625
19815,19815,4055.554931640625
19816,19816,17216.25
19817,19817,4419.5830078125
19818,19818,8399.5048828125
19819,19819,7509.32763671875
19820,19820,9412.3388671875
19821,19821,13852.98828125
19822,19822,5657.23046875
19823,19823,7828.8818359375
19824,19824,18926.517578125
19825,19825,10715.6259765625
19826,19826,8343.6953125
19827,19827,10628.1728515625
19828,19828,7170.69677734375
19829,19829,7259.4521484375
19830,19830,12356.708984375
19831,19831,8776.4580078125
19832,19832,4851.5947265625
19833,19833,5568.57666015625
19834,19834,75093.2109375
19835,19835,10655.3583984375
19836,19836,8501.767578125
19837,19837,10977.8486328125
19838,19838,24994.22265625
19839,19839,3212.926513671875
19840,19840,7036.83447265625
19841,19841,14740.37109375
19842,19842,9639.3125
19843,19843,173366.84375
19844,19844,9873.6201171875
19845,19845,51448.11328125
19846,19846,5948.05615234375
19847,19847,23883.169921875
19848,19848,5786.77587890625
19849,19849,30296.525390625
19850,19850,7827.08251953125
19851,19851,15199.345703125
19852,19852,7548.89501953125
19853,19853,14765.837890625
19854,19854,13329.72265625
19855,19855,9909.7724609375
19856,19856,10682.248046875
19857,19857,151130.21875
19858,19858,5450.19287109375
19859,19859,5026.2685546875
19860,19860,90742.046875
19861,19861,22157.005859375
19862,19862,7867.35009765625
19863,19863,27887.54296875
19864,19864,14699.775390625
19865,19865,47343.24609375
19866,19866,6995.7001953125
19867,19867,20916.599609375
19868,19868,7979.75
19869,19869,23007.16796875
19870,19870,18192.048828125
19871,19871,8981.642578125
19872,19872,52754.52734375
19873,19873,11494.9755859375
19874,19874,18336.041015625
19875,19875,6465.12939453125
19876,19876,107.15785217285156
19877,19877,7593.5947265625
19878,19878,159222.140625
19879,19879,6748.380859375
19880,19880,9105.51953125
19881,19881,82886.875
19882,19882,8731.927734375
19883,19883,6953.83935546875
19884,19884,592660.3125
19885,19885,9855.3212890625
19886,19886,24766.61328125
19887,19887,10179.3046875
19888,19888,7147.880859375
19889,19889,11900.6494140625
19890,19890,34818.95703125
19891,19891,9437.5908203125
19892,19892,6825.48828125
19893,19893,46958.94140625
19894,19894,219494.953125
19895,19895,7728.869140625
19896,19896,6970.98681640625
19897,19897,8655.7255859375
19898,19898,12594.259765625
19899,19899,5741.18896484375
19900,19900,21714.703125
19901,19901,7508.46240234375
19902,19902,5725.73388671875
19903,19903,6120.64697265625
19904,19904,9389.6357421875
19905,19905,18331.671875
19906,19906,30145.431640625
19907,19907,7562.05126953125
19908,19908,15800.2119140625
19909,19909,5152.7880859375
19910,19910,25888.23046875
19911,19911,4277.791015625
19912,19912,5389.59375
19913,19913,9822.5322265625
19914,19914,32453.810546875
19915,19915,5697.560546875
19916,19916,9129.8447265625
19917,19917,8245.9013671875
19918,19918,4348.47900390625
19919,19919,5457.02587890625
19920,19920,53315.0546875
19921,19921,37018.36328125
19922,19922,7620.4599609375
19923,19923,58224.01953125
19924,19924,9494.8134765625
19925,19925,6802.3359375
19926,19926,6425.9169921875
19927,19927,28388.763671875
19928,19928,7254.72412109375
19929,19929,23416.189453125
19930,19930,85713.3359375
19931,19931,26549.9453125
19932,19932,19784.142578125
19933,19933,6499.66552734375
19934,19934,7245.0
19935,19935,4751.88671875
19936,19936,10996.203125
19937,19937,129935.1953125
19938,19938,7157.94140625
19939,19939,253694.171875
19940,19940,7805.9306640625
19941,19941,5767.86572265625
19942,19942,7226.009765625
19943,19943,10145.8154296875
19944,19944,6268.60400390625
19945,19945,10178.4990234375
19946,19946,287409.65625
19947,19947,54905.2265625
19948,19948,7789.38818359375
19949,19949,14798.9755859375
19950,19950,10561.291015625
19951,19951,3830.0625
19952,19952,22076.701171875
19953,19953,4430.81494140625
19954,19954,5571.2158203125
19955,19955,4648.6904296875
19956,19956,10620.0146484375
19957,19957,7384.5458984375
19958,19958,11267.0712890625
19959,19959,11843.5439453125
19960,19960,8787.921875
19961,19961,5384.51416015625
19962,19962,8462.654296875
19963,19963,6707.72265625
19964,19964,12649.7587890625
19965,19965,11496.6318359375
19966,19966,17719.0703125
19967,19967,79805.2890625
19968,19968,6421.0048828125
19969,19969,9409.845703125
19970,19970,5388.65869140625
19971,19971,4940.525390625
19972,19972,6471.8408203125
19973,19973,5330.66943359375
19974,19974,13355.2119140625
19975,19975,9855.5361328125
19976,19976,10682.1435546875
19977,19977,25865.353515625
19978,19978,5480.16015625
19979,19979,21167.42578125
19980,19980,15898.5595703125
19981,19981,10721.6259765625
19982,19982,5853.34326171875
19983,19983,10390.8837890625
19984,19984,7185.05322265625
19985,19985,6535.2421875
19986,19986,7738.51123046875
19987,19987,5006.3349609375
19988,19988,15253.71484375
19989,19989,5782.42626953125
19990,19990,122186.5390625
19991,19991,8141.14404296875
19992,19992,57588.546875
19993,19993,4553.138671875
19994,19994,9669.1728515625
19995,19995,213346.171875
19996,19996,7467.9208984375
19997,19997,15657.978515625
19998,19998,6427.10498046875
19999,19999,8178.22119140625
20000,20000,9920.033203125
20001,20001,6886.48291015625
20002,20002,8005.759765625
20003,20003,132506.546875
20004,20004,10825.67578125
20005,20005,6710.13330078125
20006,20006,11208.0341796875
20007,20007,32815.390625
20008,20008,5832.16015625
20009,20009,7582.96533203125
20010,20010,11999.806640625
20011,20011,8242.6572265625
20012,20012,21456.806640625
20013,20013,7977.35205078125
20014,20014,128870.1484375
20015,20015,98133.2109375
20016,20016,7948.0732421875
20017,20017,30130.23828125
20018,20018,28888.693359375
20019,20019,4717.63037109375
20020,20020,14453.7568359375
20021,20021,10589.4736328125
20022,20022,28198.470703125
20023,20023,5177.4248046875
20024,20024,6236.55615234375
20025,20025,7447.0087890625
20026,20026,44390.68359375
20027,20027,255817.265625
20028,20028,11413.849609375
20029,20029,7576.85986328125
20030,20030,42976.83984375
20031,20031,8402.20703125
20032,20032,10466.1162109375
20033,20033,12024.029296875
20034,20034,5210.69580078125
20035,20035,7935.04541015625
20036,20036,14126.6982421875
20037,20037,11676.3857421875
20038,20038,28065.021484375
20039,20039,58953.2890625
20040,20040,8038.43994140625
20041,20041,29156.138671875
20042,20042,6932.9716796875
20043,20043,21292.51171875
20044,20044,7399.91748046875
20045,20045,8350.87109375
20046,20046,61977.26953125
20047,20047,17022.634765625
20048,20048,6999.4267578125
20049,20049,22289.947265625
20050,20050,14788.96875
20051,20051,7805.51123046875
20052,20052,8342.615234375
20053,20053,16033.2705078125
20054,20054,6582.0751953125
20055,20055,2161843.75
20056,20056,6656.86279296875
20057,20057,6010.0205078125
20058,20058,5691.54736328125
20059,20059,86215.890625
20060,20060,8585.849609375
20061,20061,4911.64306640625
20062,20062,8956.7490234375
20063,20063,15344.6728515625
20064,20064,4925.60498046875
20065,20065,36918.0390625
20066,20066,6739.85302734375
20067,20067,24372.974609375
20068,20068,24379.08984375
20069,20069,30798.42578125
20070,20070,31493.74609375
20071,20071,113271.8125
20072,20072,120507.28125
20073,20073,127489.015625
20074,20074,46068.65234375
20075,20075,133016.875
20076,20076,4321.04443359375
20077,20077,4335.4990234375
20078,20078,5685.306640625
20079,20079,37668.484375
20080,20080,6450.6083984375
20081,20081,9116.0166015625
20082,20082,13926.818359375
20083,20083,6040.578125
20084,20084,5236.52734375
20085,20085,17686.107421875
20086,20086,27613.80078125
20087,20087,13275.595703125
20088,20088,65494.9765625
20089,20089,9456.3916015625
20090,20090,6157.57568359375
20091,20091,11780.4755859375
20092,20092,7903.36328125
20093,20093,6932.61669921875
20094,20094,9682.37890625
20095,20095,201740.875
20096,20096,6772.720703125
20097,20097,67247.3359375
20098,20098,15034.767578125
20099,20099,7479.75537109375
20100,20100,9583.5537109375
20101,20101,5816.259765625
20102,20102,12454.119140625
20103,20103,38679.54296875
20104,20104,4876.74658203125
20105,20105,54782.796875
20106,20106,7013.287109375
20107,20107,4531.70068359375
20108,20108,14913.8583984375
20109,20109,6414.9697265625
20110,20110,144357.765625
20111,20111,4678.22412109375
20112,20112,3703.115234375
20113,20113,140982.171875
20114,20114,5187.083984375
20115,20115,111048.265625
20116,20116,16457.685546875
20117,20117,6038.7158203125
20118,20118,16701.599609375
20119,20119,9047.3427734375
20120,20120,73840.5
20121,20121,13050.662109375
20122,20122,18405.27734375
20123,20123,448360.8125
20124,20124,11311.666015625
20125,20125,6546.31103515625
20126,20126,6035.92333984375
20127,20127,7142.85888671875
20128,20128,4323.353515625
20129,20129,5633.0771484375
20130,20130,10910.7548828125
20131,20131,8789.4169921875
20132,20132,26724.642578125
20133,20133,16812.84765625
20134,20134,10012.4873046875
20135,20135,4646.53564453125
20136,20136,3972.977294921875
20137,20137,6409.27001953125
20138,20138,13071.2958984375
20139,20139,152721.890625
20140,20140,6388.560546875
20141,20141,5059.76025390625
20142,20142,10354.599609375
20143,20143,69902.9453125
20144,20144,216088.890625
20145,20145,8108.0966796875
20146,20146,258308.640625
20147,20147,9087.29296875
20148,20148,4895.390625
20149,20149,4721.39111328125
20150,20150,11543.197265625
20151,20151,203837.84375
20152,20152,8583.45703125
20153,20153,24238.138671875
20154,20154,5891.3955078125
20155,20155,7682.15478515625
20156,20156,14682.8271484375
20157,20157,13348.353515625
20158,20158,197614.328125
20159,20159,7027.0439453125
20160,20160,4786.982421875
20161,20161,7763.57861328125
20162,20162,13499.830078125
20163,20163,6860.5263671875
20164,20164,35831.60546875
20165,20165,5526.5302734375
20166,20166,6230.89013671875
20167,20167,4321.3310546875
20168,20168,7875.06396484375
20169,20169,5744.935546875
20170,20170,6086.34423828125
20171,20171,18826.328125
20172,20172,128413.5703125
20173,20173,6600.55517578125
20174,20174,6886.31396484375
20175,20175,18432.35546875
20176,20176,7631.482421875
20177,20177,119385.65625
20178,20178,6805.30419921875
20179,20179,10068.4267578125
20180,20180,125538.0
20181,20181,121500.0546875
20182,20182,36342.59375
20183,20183,12988.8544921875
20184,20184,7836.41796875
20185,20185,5368.208984375
20186,20186,6704.24072265625
20187,20187,16273.498046875
20188,20188,11775.5751953125
20189,20189,11709.615234375
20190,20190,12606.4951171875
20191,20191,12968.7841796875
20192,20192,72250.734375
20193,20193,5221.51025390625
20194,20194,147678.078125
20195,20195,17401.955078125
20196,20196,10249.3935546875
20197,20197,7439.55419921875
20198,20198,20005.525390625
20199,20199,15058.333984375
20200,20200,1547384.25
20201,20201,11455.7763671875
20202,20202,127859.6328125
20203,20203,6406.2548828125
20204,20204,6282.29345703125
20205,20205,31100.36328125
20206,20206,107362.7734375
20207,20207,6984.5205078125
20208,20208,33429.5390625
20209,20209,4235.888671875
20210,20210,7789.93408203125
20211,20211,17991.125
20212,20212,9550.8525390625
20213,20213,7987.4677734375
20214,20214,7940.88818359375
20215,20215,7505.82421875
20216,20216,49245.5
20217,20217,6655.9072265625
20218,20218,9055.900390625
20219,20219,16431.0625
20220,20220,6458.8193359375
20221,20221,9312.73828125
20222,20222,10677.1337890625
20223,20223,7656.17138671875
20224,20224,6880.8984375
20225,20225,5637.32666015625
20226,20226,6863.0908203125
20227,20227,30302.630859375
20228,20228,5031.529296875
20229,20229,5306.0634765625
20230,20230,26397.767578125
20231,20231,7681.03271484375
20232,20232,33740.9453125
20233,20233,219822.71875
20234,20234,122129.34375
20235,20235,8980.8837890625
20236,20236,12026.3759765625
20237,20237,10894.3916015625
20238,20238,1125.4969482421875
20239,20239,8891.25
20240,20240,12421.3642578125
20241,20241,5549.59619140625
20242,20242,4126.2197265625
20243,20243,10114.955078125
20244,20244,11656.1591796875
20245,20245,38012.75390625
20246,20246,7595685.0
20247,20247,47945.75390625
20248,20248,6484.62744140625
20249,20249,10495.7265625
20250,20250,11035.49609375
20251,20251,9278.708984375
20252,20252,6051.21435546875
20253,20253,9546.0341796875
20254,20254,11372.1279296875
20255,20255,14184.693359375
20256,20256,10106.8681640625
20257,20257,6303.56982421875
20258,20258,8825.3203125
20259,20259,27347.814453125
20260,20260,12464.900390625
20261,20261,6721.13916015625
20262,20262,8265.0703125
20263,20263,13806.5966796875
20264,20264,14457.2978515625
20265,20265,4980.748046875
20266,20266,8216.310546875
20267,20267,20098.90234375
20268,20268,13863.0048828125
20269,20269,5406.09814453125
20270,20270,20690.25390625
20271,20271,5987.2509765625
20272,20272,292345.9375
20273,20273,12231.4462890625
20274,20274,7058.095703125
20275,20275,9577.8046875
20276,20276,4329.6787109375
20277,20277,5631.6220703125
20278,20278,11285.283203125
20279,20279,39193.69921875
20280,20280,9369.0498046875
20281,20281,9319.3759765625
20282,20282,3754.701171875
20283,20283,5718.32958984375
20284,20284,44743.7890625
20285,20285,2042013.875
20286,20286,9536.4521484375
20287,20287,7738.943359375
20288,20288,6109.80859375
20289,20289,5479.25
20290,20290,7228.4306640625
20291,20291,44862.35546875
20292,20292,6358.70849609375
20293,20293,83189.96875
20294,20294,7196.22802734375
20295,20295,27050.689453125
20296,20296,22161.630859375
20297,20297,37014.5390625
20298,20298,4919.58740234375
20299,20299,37648.60546875
20300,20300,9209.3740234375
20301,20301,3670.475830078125
20302,20302,10665.3701171875
20303,20303,12441.388671875
20304,20304,5920.06591796875
20305,20305,6601.33349609375
20306,20306,5490.17626953125
20307,20307,54733.62109375
20308,20308,7210.80322265625
20309,20309,9744.90625
20310,20310,22285.42578125
20311,20311,10065.986328125
20312,20312,4266.72998046875
20313,20313,12992.16015625
20314,20314,4579.103515625
20315,20315,42221.09765625
20316,20316,7350.11572265625
20317,20317,3402797.25
20318,20318,6245.1962890625
20319,20319,7805.8310546875
20320,20320,8615.646484375
20321,20321,6415.162109375
20322,20322,29468.38671875
20323,20323,5911.05810546875
20324,20324,8346.7294921875
20325,20325,5039.98974609375
20326,20326,6305.3603515625
20327,20327,8334.7451171875
20328,20328,10533.265625
20329,20329,9693.935546875
20330,20330,7934.28369140625
20331,20331,13762.89453125
20332,20332,4952.2822265625
20333,20333,14696.001953125
20334,20334,7625.7001953125
20335,20335,17811.130859375
20336,20336,26662.951171875
20337,20337,11238.193359375
20338,20338,8029.7001953125
20339,20339,8228.9248046875
20340,20340,6805.49365234375
20341,20341,8212.9248046875
20342,20342,7472.07275390625
20343,20343,8427.1611328125
20344,20344,7757.61767578125
20345,20345,16374.244140625
20346,20346,8293.2724609375
20347,20347,5059.14208984375
20348,20348,4509.1220703125
20349,20349,4247.06982421875
20350,20350,7065.646484375
20351,20351,10335.24609375
20352,20352,43263.10546875
20353,20353,8963.5751953125
20354,20354,99017.1640625
20355,20355,4514.8916015625
20356,20356,7494.63623046875
20357,20357,16361.3076171875
20358,20358,6789.78759765625
20359,20359,149662.5
20360,20360,57317.07421875
20361,20361,10269.19140625
20362,20362,5761.76611328125
20363,20363,18445.4765625
20364,20364,12245.244140625
20365,20365,4979.34814453125
20366,20366,144783.96875
20367,20367,5207.14404296875
20368,20368,23752.541015625
20369,20369,7102.4599609375
20370,20370,17201.482421875
20371,20371,9713.4111328125
20372,20372,7538.07861328125
20373,20373,9414.525390625
20374,20374,8958.1904296875
20375,20375,20362.126953125
20376,20376,10277.587890625
20377,20377,30425.830078125
20378,20378,7346.58935546875
20379,20379,123362.21875
20380,20380,16705.912109375
20381,20381,51024.07421875
20382,20382,450066.46875
20383,20383,12543.0625
20384,20384,10452.3623046875
20385,20385,24517.25390625
20386,20386,7311.9482421875
20387,20387,7632.22998046875
20388,20388,99752.796875
20389,20389,33832.79296875
20390,20390,17850.361328125
20391,20391,6711.53515625
20392,20392,150453.546875
20393,20393,26205.677734375
20394,20394,8445.4716796875
20395,20395,5368.74072265625
20396,20396,10184.4697265625
20397,20397,29154.74609375
20398,20398,12375.0888671875
20399,20399,12765.8076171875
20400,20400,5588.15185546875
20401,20401,7321.3447265625
20402,20402,85948.046875
20403,20403,6827.5361328125
20404,20404,12614.1962890625
20405,20405,6655.1904296875
20406,20406,25466.328125
20407,20407,35352.25390625
20408,20408,49440.37109375
20409,20409,75180.40625
20410,20410,12207.7646484375
20411,20411,28347.68359375
20412,20412,5528.38232421875
20413,20413,14367.140625
20414,20414,108602.765625
20415,20415,137292.203125
20416,20416,5201.63623046875
20417,20417,23791.98046875
20418,20418,6438.9482421875
20419,20419,8221.0146484375
20420,20420,6903.333984375
20421,20421,7384.64453125
20422,20422,34645.30859375
20423,20423,6623.2666015625
20424,20424,25617.28125
20425,20425,6887.88623046875
20426,20426,11764.5322265625
20427,20427,5062292.5
20428,20428,6963.16259765625
20429,20429,5244664.5
20430,20430,107072.6015625
20431,20431,7167.16357421875
20432,20432,55635.00390625
20433,20433,5932.95068359375
20434,20434,24360.748046875
20435,20435,10306.494140625
20436,20436,8779.0673828125
20437,20437,42909.6796875
20438,20438,233438.5625
20439,20439,12252.384765625
20440,20440,8505.638671875
20441,20441,9112.3603515625
20442,20442,75532.4296875
20443,20443,15384.3203125
20444,20444,6543.369140625
20445,20445,11275.7568359375
20446,20446,5611.05712890625
20447,20447,156044.28125
20448,20448,13849.521484375
20449,20449,94957.7578125
20450,20450,4547.158203125
20451,20451,9365.40625
20452,20452,8060.166015625
20453,20453,5215.8994140625
20454,20454,16241.7060546875
20455,20455,7969.06787109375
20456,20456,51609.5234375
20457,20457,8003.19287109375
20458,20458,7239.13330078125
20459,20459,7495.10693359375
20460,20460,5096.0009765625
20461,20461,5769.62451171875
20462,20462,1988046.625
20463,20463,9333.763671875
20464,20464,13974.28125
20465,20465,3288.243896484375
20466,20466,3573.2001953125
20467,20467,7194.77978515625
20468,20468,3206.793212890625
20469,20469,41441.82421875
20470,20470,9205.826171875
20471,20471,4532.3876953125
20472,20472,8246.6298828125
20473,20473,1090655.5
20474,20474,7892.74267578125
20475,20475,11105.7822265625
20476,20476,5143.8837890625
20477,20477,8048.60107421875
20478,20478,18944.796875
20479,20479,6763.76123046875
20480,20480,8762.564453125
20481,20481,9707.677734375
20482,20482,9562.8408203125
20483,20483,10868.44921875
20484,20484,76266.6875
20485,20485,6858.78076171875
20486,20486,19122.75
20487,20487,10514.8212890625
20488,20488,67920.6484375
20489,20489,19390.22265625
20490,20490,6215.38671875
20491,20491,20747.658203125
20492,20492,8019.66552734375
20493,20493,14920.0703125
20494,20494,7247.3876953125
20495,20495,28868.650390625
20496,20496,1043123.25
20497,20497,4602.82275390625
20498,20498,11684.7822265625
20499,20499,11616.39453125
20500,20500,11500.5400390625
20501,20501,10995.8115234375
20502,20502,56042.453125
20503,20503,12722.88671875
20504,20504,12484.474609375
20505,20505,19874.86328125
20506,20506,7097.3603515625
20507,20507,39668.26953125
20508,20508,6867.94677734375
20509,20509,5306.69775390625
20510,20510,21789.896484375
20511,20511,25728.095703125
20512,20512,14194.7958984375
20513,20513,12044.51171875
20514,20514,172582.46875
20515,20515,6964.46142578125
20516,20516,19435.5703125
20517,20517,4609.09423828125
20518,20518,10528.4560546875
20519,20519,4914.60009765625
20520,20520,4521.44873046875
20521,20521,9118.462890625
20522,20522,4193.51904296875
20523,20523,25141.27734375
20524,20524,46899.515625
20525,20525,7458.3564453125
20526,20526,6417.99560546875
20527,20527,9189.33203125
20528,20528,9221.501953125
20529,20529,15497.796875
20530,20530,28176.05078125
20531,20531,6094.10546875
20532,20532,2859856.75
20533,20533,9887.0244140625
20534,20534,4687.6259765625
20535,20535,9189.998046875
20536,20536,12021.6240234375
20537,20537,5625.4541015625
20538,20538,20336.75390625
20539,20539,246999.140625
20540,20540,20143.97265625
20541,20541,10674.3310546875
20542,20542,5897.1240234375
20543,20543,7394.39697265625
20544,20544,185465.90625
20545,20545,20703.01171875
20546,20546,8630.212890625
20547,20547,10923.3818359375
20548,20548,6102.90869140625
20549,20549,6629.033203125
20550,20550,4894.439453125
20551,20551,5596.2412109375
20552,20552,5979.8037109375
20553,20553,41172.60546875
20554,20554,9603.7890625
20555,20555,6132.23974609375
20556,20556,8571.7275390625
20557,20557,383541.6875
20558,20558,24934.65625
20559,20559,4044.2109375
20560,20560,6012.47021484375
20561,20561,33292.140625
20562,20562,10968.6708984375
20563,20563,116261.7890625
20564,20564,6090.328125
20565,20565,7583.24267578125
20566,20566,15138.2626953125
20567,20567,211912.09375
20568,20568,25720.955078125
20569,20569,8693.681640625
20570,20570,19349.2578125
20571,20571,9485.7109375
20572,20572,8777.7041015625
20573,20573,6017.640625
20574,20574,20823.236328125
20575,20575,8842.033203125
20576,20576,15649.9130859375
20577,20577,6204.3720703125
20578,20578,12929.53125
20579,20579,9560.22265625
20580,20580,5177.576171875
20581,20581,74310.734375
20582,20582,168835.546875
20583,20583,12949.55078125
20584,20584,37946.52734375
20585,20585,6940.23291015625
20586,20586,8243.9775390625
20587,20587,7985.40576171875
20588,20588,7633.45361328125
20589,20589,57280.9375
20590,20590,261242.53125
20591,20591,12703.6181640625
20592,20592,93189.96875
20593,20593,9682.0107421875
20594,20594,6821.6298828125
20595,20595,137496.0
20596,20596,56140.5859375
20597,20597,7397.5859375
20598,20598,7518.43896484375
20599,20599,10503.22265625
20600,20600,4693.76318359375
20601,20601,16245.765625
20602,20602,153540.3125
20603,20603,6198.1865234375
20604,20604,7185.890625
20605,20605,5727.42919921875
20606,20606,50800.875
20607,20607,7357.849609375
20608,20608,29839.974609375
20609,20609,83420.3515625
20610,20610,10981.86328125
20611,20611,6372.4033203125
20612,20612,14580.4287109375
20613,20613,8358.3056640625
20614,20614,34065.359375
20615,20615,18979.150390625
20616,20616,12095.166015625
20617,20617,14020.890625
20618,20618,12605.9951171875
20619,20619,5055.70263671875
20620,20620,3801.740234375
20621,20621,8621.0517578125
20622,20622,6364.61328125
20623,20623,8297.8671875
20624,20624,16550.814453125
20625,20625,31286.05859375
20626,20626,7878.54541015625
20627,20627,53329.515625
20628,20628,198258.796875
20629,20629,98953.765625
20630,20630,6085.26708984375
20631,20631,7099.1591796875
20632,20632,40031.203125
20633,20633,10980.158203125
20634,20634,10595.5576171875
20635,20635,11159.353515625
20636,20636,7734.08349609375
20637,20637,7783.4736328125
20638,20638,7840.10107421875
20639,20639,8750.591796875
20640,20640,4717.5791015625
20641,20641,5278.90673828125
20642,20642,7092.30419921875
20643,20643,7549.38818359375
20644,20644,1671.003173828125
20645,20645,10154.87109375
20646,20646,11187.28125
20647,20647,11112.2763671875
20648,20648,10026.3134765625
20649,20649,15529.23828125
20650,20650,9446.6611328125
20651,20651,9761.203125
20652,20652,7105.69775390625
20653,20653,9064.8095703125
20654,20654,5124.126953125
20655,20655,14537.939453125
20656,20656,12616.40625
20657,20657,43244.72265625
20658,20658,17397.736328125
20659,20659,9271.9775390625
20660,20660,17485.494140625
20661,20661,18043.921875
20662,20662,7323.595703125
20663,20663,7175.861328125
20664,20664,13370.5517578125
20665,20665,6210.03759765625
20666,20666,16199.8798828125
20667,20667,6329.0400390625
20668,20668,6618.56494140625
20669,20669,4395.1015625
20670,20670,870520.25
20671,20671,13970.0634765625
20672,20672,5969.74072265625
20673,20673,21115.9921875
20674,20674,5678.61474609375
20675,20675,7551.95166015625
20676,20676,5845.85546875
20677,20677,18078.919921875
20678,20678,6264.3984375
20679,20679,4677.89892578125
20680,20680,13745.716796875
20681,20681,1177396.375
20682,20682,8115.56689453125
20683,20683,6088.3935546875
20684,20684,9223.4765625
20685,20685,13408.4853515625
20686,20686,7413.8642578125
20687,20687,81258.78125
20688,20688,6361.646484375
20689,20689,5358.2705078125
20690,20690,5342.40625
20691,20691,9323.041015625
20692,20692,8083.82763671875
20693,20693,9382.529296875
20694,20694,6948.93408203125
20695,20695,6288.896484375
20696,20696,13283.208984375
20697,20697,113613.8515625
20698,20698,11130.0673828125
20699,20699,6981.68115234375
20700,20700,8726.4111328125
20701,20701,5639.03271484375
20702,20702,28031.798828125
20703,20703,127844.5
20704,20704,10586.8466796875
20705,20705,469722.25
20706,20706,38886.52734375
20707,20707,7159.92626953125
20708,20708,6127.3115234375
20709,20709,95307.59375
20710,20710,12042.83203125
20711,20711,5705.56689453125
20712,20712,7544.34130859375
20713,20713,124123.921875
20714,20714,14095.9267578125
20715,20715,7015.97216796875
20716,20716,14710.7421875
20717,20717,108410.2421875
20718,20718,4585.02490234375
20719,20719,5753.23486328125
20720,20720,86342.3671875
20721,20721,8765.9013671875
20722,20722,216547.859375
20723,20723,4958.30419921875
20724,20724,19239.5546875
20725,20725,5733.27294921875
20726,20726,9478.3642578125
20727,20727,9025.98046875
20728,20728,7483.79248046875
20729,20729,15775.95703125
20730,20730,8804.49609375
20731,20731,25078.78515625
20732,20732,30177.1953125
20733,20733,7379.43994140625
20734,20734,6479.42529296875
20735,20735,61157.54296875
20736,20736,40858.3671875
20737,20737,89055.28125
20738,20738,38147.6875
20739,20739,52163.01171875
20740,20740,10292.3212890625
20741,20741,7708.4609375
20742,20742,11871.8056640625
20743,20743,7273.47265625
20744,20744,7719.52880859375
20745,20745,7234.43017578125
20746,20746,9857.12890625
20747,20747,14570.41015625
20748,20748,9784.76953125
20749,20749,7714.9921875
20750,20750,9183.5244140625
20751,20751,14418.955078125
20752,20752,4659.1962890625
20753,20753,24361.517578125
20754,20754,9338.2412109375
20755,20755,10056.7666015625
20756,20756,6349.22216796875
20757,20757,4656.56396484375
20758,20758,12395.0029296875
20759,20759,9909.935546875
20760,20760,9838.1083984375
20761,20761,91662.1484375
20762,20762,54980.26953125
20763,20763,5492.88427734375
20764,20764,5436.42724609375
20765,20765,12974.5439453125
20766,20766,10940.5712890625
20767,20767,8410.666015625
20768,20768,7508.5146484375
20769,20769,11125.1884765625
20770,20770,8405.2255859375
20771,20771,8503.861328125
20772,20772,6455.76025390625
20773,20773,151556.53125
20774,20774,29620.8828125
20775,20775,10376.9892578125
20776,20776,9043.1201171875
20777,20777,16766.85546875
20778,20778,4213.7216796875
20779,20779,4953.86865234375
20780,20780,5008.60400390625
20781,20781,8290.755859375
20782,20782,108243.8828125
20783,20783,11343.5234375
20784,20784,4544.88037109375
20785,20785,7237.271484375
20786,20786,4678.9541015625
20787,20787,8374.4619140625
20788,20788,10984.400390625
20789,20789,14171.873046875
20790,20790,6573.279296875
20791,20791,7107.6728515625
20792,20792,6217.56689453125
20793,20793,16625.849609375
20794,20794,6438.29638671875
20795,20795,8330.7197265625
20796,20796,11410.0185546875
20797,20797,12484.056640625
20798,20798,13745.1025390625
20799,20799,108909.2734375
20800,20800,124344.1875
20801,20801,11411.8857421875
20802,20802,10124.65234375
20803,20803,36852.80859375
20804,20804,5136.306640625
20805,20805,6316.4599609375
20806,20806,23642.662109375
20807,20807,54468.80859375
20808,20808,57224.58984375
20809,20809,93216.34375
20810,20810,72533.7109375
20811,20811,10734.7255859375
20812,20812,60399.89453125
20813,20813,8185.99169921875
20814,20814,10358.73046875
20815,20815,22633.201171875
20816,20816,25079.74609375
20817,20817,40545.1171875
20818,20818,6619.97021484375
20819,20819,6690.81640625
20820,20820,26218.740234375
20821,20821,8978.53125
20822,20822,6147.826171875
20823,20823,5694.7373046875
20824,20824,16839.021484375
20825,20825,8555.595703125
20826,20826,4683.77880859375
20827,20827,17441.8359375
20828,20828,15686.662109375
20829,20829,10750.8154296875
20830,20830,7698.2587890625
20831,20831,5335.40673828125
20832,20832,15480.7705078125
20833,20833,11632.2587890625
20834,20834,6147.46142578125
20835,20835,8193.0048828125
20836,20836,11114.3583984375
20837,20837,19045.220703125
20838,20838,10529.94140625
20839,20839,52771.72265625
20840,20840,5109.02978515625
20841,20841,5825.45654296875
20842,20842,139393.546875
20843,20843,17955.81640625
20844,20844,6646.5107421875
20845,20845,9191.830078125
20846,20846,5921.8955078125
20847,20847,5457.123046875
20848,20848,8210.3759765625
20849,20849,6541.04248046875
20850,20850,69553.4921875
20851,20851,8454.58984375
20852,20852,7513.31640625
20853,20853,5122.3466796875
20854,20854,10044.693359375
20855,20855,8363.6162109375
20856,20856,99293.734375
20857,20857,6979.71240234375
20858,20858,12591.283203125
20859,20859,18544.625
20860,20860,6591.2705078125
20861,20861,6982.37548828125
20862,20862,17414.806640625
20863,20863,5310.22412109375
20864,20864,344751.9375
20865,20865,9472.9248046875
20866,20866,33388.34765625
20867,20867,11659.435546875
20868,20868,80739.890625
20869,20869,8068.58544921875
20870,20870,7098.80859375
20871,20871,8474.34375
20872,20872,9837.40234375
20873,20873,7125.20947265625
20874,20874,6300.2412109375
20875,20875,21199.734375
20876,20876,9208.22265625
20877,20877,35303.29296875
20878,20878,34660.16015625
20879,20879,18614.9765625
20880,20880,10883.80859375
20881,20881,11547.3359375
20882,20882,11709.2236328125
20883,20883,10517.9599609375
20884,20884,8180.25048828125
20885,20885,11968.0283203125
20886,20886,159990.578125
20887,20887,8080.32568359375
20888,20888,7339.11328125
20889,20889,78788.1171875
20890,20890,40782.03125
20891,20891,4990.50048828125
20892,20892,10888.7998046875
20893,20893,92771.78125
20894,20894,12757.9638671875
20895,20895,10237.3359375
20896,20896,5652.22021484375
20897,20897,7233.20849609375
20898,20898,15420.5615234375
20899,20899,127257.390625
20900,20900,16747.875
20901,20901,12624.0810546875
20902,20902,6020.41796875
20903,20903,7923.10986328125
20904,20904,11834.0849609375
20905,20905,34322.17578125
20906,20906,5732.39111328125
20907,20907,139840.0
20908,20908,19077.384765625
20909,20909,6608.02978515625
20910,20910,31286.05859375
20911,20911,17934.501953125
20912,20912,11029.46875
20913,20913,44339.51171875
20914,20914,6531.552734375
20915,20915,9645.21484375
20916,20916,6961.34521484375
20917,20917,121146.71875
20918,20918,192488.0625
20919,20919,8984.8017578125
20920,20920,11309.9189453125
20921,20921,6411.0439453125
20922,20922,37828.3046875
20923,20923,8267.1533203125
20924,20924,7250.228515625
20925,20925,6979.51123046875
20926,20926,5955.6201171875
20927,20927,7340.2080078125
20928,20928,6809.30615234375
20929,20929,10359.3388671875
20930,20930,9742.7568359375
20931,20931,5170.21728515625
20932,20932,20726.25
20933,20933,8131.2861328125
20934,20934,5718.263671875
20935,20935,7303.10107421875
20936,20936,4357.4794921875
20937,20937,9004.5830078125
20938,20938,12158.0048828125
20939,20939,4988.5283203125
20940,20940,7633.75927734375
20941,20941,22946.65234375
20942,20942,1727870.75
20943,20943,12525.54296875
20944,20944,15572.1376953125
20945,20945,4539.333984375
20946,20946,11073.6845703125
20947,20947,7546.17529296875
20948,20948,13990.119140625
20949,20949,11055.423828125
20950,20950,5358.47119140625
20951,20951,4648.50244140625
20952,20952,5342.5703125
20953,20953,18564.662109375
20954,20954,14984.30078125
20955,20955,9960.2119140625
20956,20956,15316.0146484375
20957,20957,23245.50390625
20958,20958,7458.9892578125
20959,20959,5255.85498046875
20960,20960,2971.1962890625
20961,20961,8835.8076171875
20962,20962,54289.74609375
20963,20963,40196.96875
20964,20964,8297.224609375
20965,20965,6209.7041015625
20966,20966,8653.392578125
20967,20967,7438.2919921875
20968,20968,6741.91455078125
20969,20969,9867.1083984375
20970,20970,5926.67578125
20971,20971,27500.291015625
20972,20972,8462.32421875
20973,20973,8098.2509765625
20974,20974,6512.7568359375
20975,20975,6792.1787109375
20976,20976,4172.091796875
20977,20977,389168.84375
20978,20978,8201.1865234375
20979,20979,5895.58447265625
20980,20980,12353.4853515625
20981,20981,19305.64453125
20982,20982,13507.126953125
20983,20983,5260.30322265625
20984,20984,50758.1953125
20985,20985,97999.671875
20986,20986,21131.5859375
20987,20987,10572.3662109375
20988,20988,20861.12890625
20989,20989,12297.294921875
20990,20990,7459.00146484375
20991,20991,7089.35107421875
20992,20992,33434.296875
20993,20993,20029.419921875
20994,20994,16208.5439453125
20995,20995,13942.4296875
20996,20996,74808.1875
20997,20997,7134.10400390625
20998,20998,6951.6796875
20999,20999,6140.19091796875
21000,21000,6533.26904296875
21001,21001,6484.05712890625
21002,21002,7580.48291015625
21003,21003,27251.68359375
21004,21004,10339.7236328125
21005,21005,19348.8515625
21006,21006,7416.45947265625
21007,21007,5527.13330078125
21008,21008,7338.00537109375
21009,21009,13776.201171875
21010,21010,8068.126953125
21011,21011,6482.947265625
21012,21012,7302.21875
21013,21013,63480.77734375
21014,21014,12592.498046875
21015,21015,6005.6484375
21016,21016,5919.32861328125
21017,21017,7704.07373046875
21018,21018,30495.548828125
21019,21019,7310.0322265625
21020,21020,146702.09375
21021,21021,12197.3564453125
21022,21022,11228.9326171875
21023,21023,30086.767578125
21024,21024,13750.5087890625
21025,21025,19892.228515625
21026,21026,7350.63623046875
21027,21027,8480.1630859375
21028,21028,5575.78564453125
21029,21029,13643.849609375
21030,21030,5587.1083984375
21031,21031,31872.98046875
21032,21032,5923.56787109375
21033,21033,23521.498046875
21034,21034,4101.91943359375
21035,21035,8480.0615234375
21036,21036,11507.673828125
21037,21037,25764.576171875
21038,21038,11275.8046875
21039,21039,7408.21337890625
21040,21040,4147.216796875
21041,21041,5238.54296875
21042,21042,11023.3173828125
21043,21043,5915.31005859375
21044,21044,7392.36181640625
21045,21045,4016.8408203125
21046,21046,27039.150390625
21047,21047,6120.017578125
21048,21048,11647.0947265625
21049,21049,4786.37109375
21050,21050,14803.7451171875
21051,21051,7647.8759765625
21052,21052,7301.9130859375
21053,21053,8192.7802734375
21054,21054,6046.15234375
21055,21055,21315.56640625
21056,21056,7141.1884765625
21057,21057,29617.896484375
21058,21058,7274.39990234375
21059,21059,12693.318359375
21060,21060,6618.43310546875
21061,21061,4410.5048828125
21062,21062,12661.32421875
21063,21063,5403.45361328125
21064,21064,7503.25390625
21065,21065,9749.9423828125
21066,21066,16910.044921875
21067,21067,7180.17626953125
21068,21068,7001.77490234375
21069,21069,45034.95703125
21070,21070,5463.20849609375
21071,21071,4146244.5
21072,21072,5928.99169921875
21073,21073,4495.423828125
21074,21074,40014.86328125
21075,21075,9250.17578125
21076,21076,14190.9853515625
21077,21077,7854.5947265625
21078,21078,9194.072265625
21079,21079,6060.21728515625
21080,21080,16488.361328125
21081,21081,7311.31005859375
21082,21082,8713.125
21083,21083,6406.01025390625
21084,21084,4851.92919921875
21085,21085,143479.078125
21086,21086,7156.59423828125
21087,21087,7714.41796875
21088,21088,5752.177734375
21089,21089,21329.13671875
21090,21090,8069.04736328125
21091,21091,8124.8525390625
21092,21092,6741.9580078125
21093,21093,8845.2021484375
21094,21094,11922.861328125
21095,21095,7427.91650390625
21096,21096,1611.7044677734375
21097,21097,101274.8125
21098,21098,12285.6015625
21099,21099,4046.3701171875
21100,21100,46327.75
21101,21101,10625.3583984375
21102,21102,156577.453125
21103,21103,9624.25
21104,21104,8663.1171875
21105,21105,29276.068359375
21106,21106,4915.154296875
21107,21107,8981.9951171875
21108,21108,11320.693359375
21109,21109,4952.07861328125
21110,21110,76803.0546875
21111,21111,8309.0
21112,21112,360965.71875
21113,21113,5908.90185546875
21114,21114,28406.814453125
21115,21115,37751.06640625
21116,21116,8138.2265625
21117,21117,19468.173828125
21118,21118,9831.576171875
21119,21119,67531.96875
21120,21120,9380.400390625
21121,21121,6745.25634765625
21122,21122,18068.080078125
21123,21123,87822.3203125
21124,21124,9240.6611328125
21125,21125,8202.69921875
21126,21126,7552.60791015625
21127,21127,6848.3486328125
21128,21128,96935.0234375
21129,21129,5976.9931640625
21130,21130,60810.74609375
21131,21131,4627.02734375
21132,21132,4307.017578125
21133,21133,8640.138671875
21134,21134,52230.91796875
21135,21135,14121.6572265625
21136,21136,47265.47265625
21137,21137,8997.1337890625
21138,21138,5385.7412109375
21139,21139,19995.22265625
21140,21140,4644.162109375
21141,21141,7712.22314453125
21142,21142,7581.49365234375
21143,21143,15269.9189453125
21144,21144,6107.5146484375
21145,21145,3514.1015625
21146,21146,10848.2685546875
21147,21147,152862.875
21148,21148,6996.36328125
21149,21149,7298.2724609375
21150,21150,20308.59375
21151,21151,3407.4462890625
21152,21152,34389.79296875
21153,21153,7336.35498046875
21154,21154,6293.1064453125
21155,21155,8635.970703125
21156,21156,9141.193359375
21157,21157,16210.8759765625
21158,21158,5971.55615234375
21159,21159,105737.1796875
21160,21160,8160.27734375
21161,21161,17190.802734375
21162,21162,5426.76953125
21163,21163,5825.9853515625
21164,21164,2771543.0
21165,21165,6435.8037109375
21166,21166,14069.5947265625
21167,21167,58183.98828125
21168,21168,8261.2529296875
21169,21169,117670.578125
21170,21170,10332.609375
21171,21171,12006.0859375
21172,21172,7194.25537109375
21173,21173,5945.34765625
21174,21174,27061.08203125
21175,21175,7471.4482421875
21176,21176,6346.013671875
21177,21177,22537.12890625
21178,21178,10533.11328125
21179,21179,6056.24560546875
21180,21180,4054324.25
21181,21181,36637.328125
21182,21182,62207.37109375
21183,21183,8891.0244140625
21184,21184,12550.271484375
21185,21185,8615.5546875
21186,21186,10486.501953125
21187,21187,43479.0390625
21188,21188,10228.1162109375
21189,21189,6333.580078125
21190,21190,11413.40625
21191,21191,124655.9453125
21192,21192,7709.2314453125
21193,21193,156405.40625
21194,21194,24750.875
21195,21195,9072.3740234375
21196,21196,38607.54296875
21197,21197,129911.890625
21198,21198,65312.74609375
21199,21199,6237.6171875
21200,21200,5919.44921875
21201,21201,7188.47119140625
21202,21202,5178.7470703125
21203,21203,7701.79248046875
21204,21204,7939.275390625
21205,21205,9374.02734375
21206,21206,38102.89453125
21207,21207,6638.4853515625
21208,21208,353562.9375
21209,21209,11744.173828125
21210,21210,16435.982421875
21211,21211,31738.734375
21212,21212,7279.0234375
21213,21213,7041.3310546875
21214,21214,9434.88671875
21215,21215,91226.140625
21216,21216,6323.5576171875
21217,21217,5009.44482421875
21218,21218,7296.42529296875
21219,21219,15906.5732421875
21220,21220,6995.81591796875
21221,21221,10331.0712890625
21222,21222,10812.4638671875
21223,21223,4586.63427734375
21224,21224,4154.16845703125
21225,21225,10811.654296875
21226,21226,11672.064453125
21227,21227,9637.93359375
21228,21228,8728.3857421875
21229,21229,7913.908203125
21230,21230,7272.07958984375
21231,21231,5446.8193359375
21232,21232,6053.806640625
21233,21233,10029.4140625
21234,21234,5870.7490234375
21235,21235,7593.81103515625
21236,21236,9669.4248046875
21237,21237,5521.5693359375
21238,21238,5460.8876953125
21239,21239,5449.76708984375
21240,21240,7189.63330078125
21241,21241,5426.64013671875
21242,21242,11781.578125
21243,21243,22709.228515625
21244,21244,12609.06640625
21245,21245,14033.5810546875
21246,21246,16618.1875
21247,21247,9585.3828125
21248,21248,7149.74560546875
21249,21249,5616.5380859375
21250,21250,8716.876953125
21251,21251,6907.95751953125
21252,21252,109087.71875
21253,21253,9630.212890625
21254,21254,8568.212890625
21255,21255,7668.87451171875
21256,21256,7446.37158203125
21257,21257,7309.5087890625
21258,21258,18555.251953125
21259,21259,11234.8212890625
21260,21260,80128.6171875
21261,21261,8594.6396484375
21262,21262,228116.578125
21263,21263,5453.68896484375
21264,21264,14813.0283203125
21265,21265,18508.326171875
21266,21266,8025.783203125
21267,21267,6923.55517578125
21268,21268,6828.146484375
21269,21269,57375.6328125
21270,21270,5157.11376953125
21271,21271,13156.216796875
21272,21272,6534.353515625
21273,21273,3433.817626953125
21274,21274,78932.5703125
21275,21275,6420.89404296875
21276,21276,8745.76953125
21277,21277,27267.701171875
21278,21278,79470.546875
21279,21279,9245.779296875
21280,21280,50099.0078125
21281,21281,15227.7578125
21282,21282,10259.994140625
21283,21283,31865.953125
21284,21284,4630.28857421875
21285,21285,222132.859375
21286,21286,7057.6220703125
21287,21287,6624.7705078125
21288,21288,14139.125
21289,21289,46432.4375
21290,21290,7214.6865234375
21291,21291,1451729.375
21292,21292,7040.8125
21293,21293,7799.08984375
21294,21294,7068.72314453125
21295,21295,8450.6533203125
21296,21296,59155.46484375
21297,21297,7365.916015625
21298,21298,6020.50634765625
21299,21299,10995.0322265625
21300,21300,33064.6796875
21301,21301,20022.916015625
21302,21302,78876.7109375
21303,21303,6174.8720703125
21304,21304,280195.46875
21305,21305,5240.8662109375
21306,21306,8731.595703125
21307,21307,32280.2734375
21308,21308,7449.64599609375
21309,21309,9659.67578125
21310,21310,8843.3330078125
21311,21311,7386.44970703125
21312,21312,7459.12890625
21313,21313,17463.2734375
21314,21314,4221.4248046875
21315,21315,10751.9248046875
21316,21316,9819.546875
21317,21317,7306.58251953125
21318,21318,7213.5830078125
21319,21319,5916.11181640625
21320,21320,106370.796875
21321,21321,12687.57421875
21322,21322,8436.759765625
21323,21323,6995718.0
21324,21324,16701.205078125
21325,21325,7481.99853515625
21326,21326,5380.8974609375
21327,21327,9784.515625
21328,21328,12984.962890625
21329,21329,16179.73046875
21330,21330,12942.9345703125
21331,21331,1610399.0
21332,21332,8121.95166015625
21333,21333,40096.75
21334,21334,3685.33935546875
21335,21335,28814.921875
21336,21336,16797.5390625
21337,21337,7847.7666015625
21338,21338,3879.4111328125
21339,21339,9987.0859375
21340,21340,41557.1171875
21341,21341,5673.16845703125
21342,21342,16911.42578125
21343,21343,2000732.875
21344,21344,8460.8935546875
21345,21345,10185.822265625
21346,21346,5795.62451171875
21347,21347,22384.916015625
21348,21348,14567.88671875
21349,21349,8269.6201171875
21350,21350,4892.7158203125
21351,21351,6637.953125
21352,21352,12216.7802734375
21353,21353,6002.97314453125
21354,21354,33660.0546875
21355,21355,11652.275390625
21356,21356,52256.78125
21357,21357,6323.6103515625
21358,21358,8960.728515625
21359,21359,13065.7568359375
21360,21360,4355.583984375
21361,21361,32976.8203125
21362,21362,5978.0869140625
21363,21363,6742.4541015625
21364,21364,8078.08544921875
21365,21365,46532.046875
21366,21366,10423.990234375
21367,21367,7248.44384765625
21368,21368,7007.25830078125
21369,21369,8426.462890625
21370,21370,9568.29296875
21371,21371,4908.00830078125
21372,21372,35143.5859375
21373,21373,7010.83935546875
21374,21374,8070.30517578125
21375,21375,8140.044921875
21376,21376,1343449.875
21377,21377,13157.1474609375
21378,21378,22964.38671875
21379,21379,13946.751953125
21380,21380,8140.86474609375
21381,21381,8171.421875
21382,21382,10796.990234375
21383,21383,125055.359375
21384,21384,45857.19921875
21385,21385,6122.07666015625
21386,21386,11316.20703125
21387,21387,7699.7197265625
21388,21388,11219.576171875
21389,21389,3572.62744140625
21390,21390,18050.31640625
21391,21391,22314.93359375
21392,21392,49169.63671875
21393,21393,10747.279296875
21394,21394,29696.193359375
21395,21395,17103.87890625
21396,21396,23367.3828125
21397,21397,5158.3486328125
21398,21398,11181.3505859375
21399,21399,11333.9658203125
21400,21400,7503.05126953125
21401,21401,7816.03955078125
21402,21402,5447.45556640625
21403,21403,5770.875
21404,21404,11236.5
21405,21405,5677.466796875
21406,21406,39062.3203125
21407,21407,7827.59716796875
21408,21408,5722.20703125
21409,21409,9409.9873046875
21410,21410,14390.462890625
21411,21411,4435.7890625
21412,21412,9696.763671875
21413,21413,7856.6904296875
21414,21414,90443.5625
21415,21415,7373.97265625
21416,21416,455178.09375
21417,21417,5920.236328125
21418,21418,8709.97265625
21419,21419,10282.724609375
21420,21420,7736.09033203125
21421,21421,6839.63037109375
21422,21422,8725.05078125
21423,21423,4675.28076171875
21424,21424,9484.5
21425,21425,6632477.0
21426,21426,6568.93212890625
21427,21427,7261.5517578125
21428,21428,32004.263671875
21429,21429,20892.90625
21430,21430,94993.1640625
21431,21431,7004.7255859375
21432,21432,7018.53271484375
21433,21433,157406.484375
21434,21434,7872.1494140625
21435,21435,59021.1328125
21436,21436,65902.625
21437,21437,10936.7470703125
21438,21438,9956.7890625
21439,21439,10720.9443359375
21440,21440,5686.4287109375
21441,21441,6487.72216796875
21442,21442,6532.796875
21443,21443,6850.64111328125
21444,21444,10794.7900390625
21445,21445,116171.25
21446,21446,4911430.0
21447,21447,8529.5908203125
21448,21448,12025.6279296875
21449,21449,47353.25390625
21450,21450,17919.39453125
21451,21451,10274.2451171875
21452,21452,21803.53515625
21453,21453,10964.2158203125
21454,21454,10259.681640625
21455,21455,8876.59375
21456,21456,47662.3828125
21457,21457,9825.0869140625
21458,21458,4964.677734375
21459,21459,136526.921875
21460,21460,7432.03857421875
21461,21461,26037.19921875
21462,21462,8018.96435546875
21463,21463,10930.1640625
21464,21464,6818.86181640625
21465,21465,20650.15625
21466,21466,6870.72802734375
21467,21467,8537.3154296875
21468,21468,19943.8125
21469,21469,3172627.0
21470,21470,13656.181640625
21471,21471,25372.73046875
21472,21472,4266.658203125
21473,21473,4178.29443359375
21474,21474,19687.513671875
21475,21475,5627.845703125
21476,21476,13575.2724609375
21477,21477,26282.705078125
21478,21478,15918.8671875
21479,21479,27819.650390625
21480,21480,43296.92578125
21481,21481,9857.3134765625
21482,21482,7561.31494140625
21483,21483,14957.6650390625
21484,21484,5411.2783203125
21485,21485,532.3272705078125
21486,21486,5254.35546875
21487,21487,14153.787109375
21488,21488,6691.85791015625
21489,21489,7396.021484375
21490,21490,6646.09619140625
21491,21491,55499.90234375
21492,21492,6431.6279296875
21493,21493,7246.8466796875
21494,21494,33247.5390625
21495,21495,7782.1669921875
21496,21496,12826.9580078125
21497,21497,21594.583984375
21498,21498,10695.412109375
21499,21499,4897.3935546875
21500,21500,6236.00927734375
21501,21501,55531.48828125
21502,21502,5884.6806640625
21503,21503,4655.8017578125
21504,21504,10977.9658203125
21505,21505,7141.626953125
21506,21506,7326.89990234375
21507,21507,4489.16455078125
21508,21508,16256.1806640625
21509,21509,6386.80224609375
21510,21510,11633.3056640625
21511,21511,5692.34716796875
21512,21512,7488.248046875
21513,21513,24045.6328125
21514,21514,8001.52099609375
21515,21515,13125.4052734375
21516,21516,6187.62890625
21517,21517,7800.98046875
21518,21518,5608.30224609375
21519,21519,7284.77099609375
21520,21520,166480.296875
21521,21521,8806.751953125
21522,21522,28899.1875
21523,21523,4765.99462890625
21524,21524,4803.3330078125
21525,21525,6627.6630859375
21526,21526,12369.60546875
21527,21527,29862.10546875
21528,21528,7236.7060546875
21529,21529,3869.289306640625
21530,21530,5124.4833984375
21531,21531,8549.583984375
21532,21532,6584.068359375
21533,21533,12865.681640625
21534,21534,6282.7138671875
21535,21535,18359.0703125
21536,21536,7134.87841796875
21537,21537,11787.5615234375
21538,21538,11343.8427734375
21539,21539,4659.73486328125
21540,21540,138269.390625
21541,21541,6201.10302734375
21542,21542,7306.8251953125
21543,21543,5891.24951171875
21544,21544,238857.40625
21545,21545,60568.16796875
21546,21546,10197.3564453125
21547,21547,14604.71484375
21548,21548,11506.2451171875
21549,21549,5588.0009765625
21550,21550,4329.4765625
21551,21551,6496.654296875
21552,21552,38087.2109375
21553,21553,9012.1962890625
21554,21554,9534.4326171875
21555,21555,64031.95703125
21556,21556,7454.5380859375
21557,21557,8460.5185546875
21558,21558,9784.4482421875
21559,21559,92251.078125
21560,21560,31604.359375
21561,21561,5114.02783203125
21562,21562,5482.49951171875
21563,21563,10972.73046875
21564,21564,40190.35546875
21565,21565,5883.09130859375
21566,21566,9313.2265625
21567,21567,11080.255859375
21568,21568,36534.875
21569,21569,8220.8173828125
21570,21570,123305.4921875
21571,21571,20895.8671875
21572,21572,8634.3056640625
21573,21573,11596.86328125
21574,21574,9321.1865234375
21575,21575,6863.72802734375
21576,21576,86918.5625
21577,21577,5084.3720703125
21578,21578,14263.6533203125
21579,21579,5829.64013671875
21580,21580,196242.390625
21581,21581,2221946.25
21582,21582,17294.662109375
21583,21583,5932.52685546875
21584,21584,6970.27490234375
21585,21585,6769.73583984375
21586,21586,7069.19970703125
21587,21587,111207.6484375
21588,21588,10370.9384765625
21589,21589,8189.54736328125
21590,21590,81994.7578125
21591,21591,8383.857421875
21592,21592,110210.7734375
21593,21593,5141.00537109375
21594,21594,4471.15380859375
21595,21595,25321.138671875
21596,21596,6569.857421875
21597,21597,10791.33203125
21598,21598,5795.611328125
21599,21599,8968.892578125
21600,21600,12584.9287109375
21601,21601,46282.3984375
21602,21602,18589.8671875
21603,21603,6364.8310546875
21604,21604,8587.37890625
21605,21605,9612.8310546875
21606,21606,115640.0625
21607,21607,130897.46875
21608,21608,12473.2265625
21609,21609,8752.58984375
21610,21610,3925.1484375
21611,21611,5581.62353515625
21612,21612,10874.5556640625
21613,21613,6991.66796875
21614,21614,51485.35546875
21615,21615,6492.90185546875
21616,21616,8578.4013671875
21617,21617,90604.640625
21618,21618,16642.765625
21619,21619,6949.57373046875
21620,21620,25963.158203125
21621,21621,612467.9375
21622,21622,7324.56689453125
21623,21623,12503.4541015625
21624,21624,5198.7265625
21625,21625,6550.017578125
21626,21626,8665.7587890625
21627,21627,11614.5859375
21628,21628,19154.693359375
21629,21629,5517.5810546875
21630,21630,9709.947265625
21631,21631,26981.34375
21632,21632,159774.75
21633,21633,6024.10205078125
21634,21634,13974.447265625
21635,21635,89606.828125
21636,21636,4527.30810546875
21637,21637,53768.0390625
21638,21638,16580.001953125
21639,21639,9663.095703125
21640,21640,19960.77734375
21641,21641,8094.46044921875
21642,21642,10125.513671875
21643,21643,23107.9453125
21644,21644,5302.4208984375
21645,21645,7514.86474609375
21646,21646,13633.005859375
21647,21647,6629.802734375
21648,21648,22753.48046875
21649,21649,7502.60888671875
21650,21650,78581.453125
21651,21651,9148.41015625
21652,21652,5764.7275390625
21653,21653,8295.546875
21654,21654,12904.8291015625
21655,21655,9359.4228515625
21656,21656,8440.9189453125
21657,21657,4924.60400390625
21658,21658,39556.4375
21659,21659,2324588.0
21660,21660,1376.8992919921875
21661,21661,7067.595703125
21662,21662,9095.7958984375
21663,21663,5967.23291015625
21664,21664,5175.1513671875
21665,21665,9300.1142578125
21666,21666,7437.73095703125
21667,21667,19639.244140625
21668,21668,13612.87890625
21669,21669,8701.994140625
21670,21670,5589.1083984375
21671,21671,99927.453125
21672,21672,193667.140625
21673,21673,31598.822265625
21674,21674,10082.1630859375
21675,21675,6065.890625
21676,21676,10264.166015625
21677,21677,9412.8330078125
21678,21678,15318.0234375
21679,21679,3564.197509765625
21680,21680,6319.529296875
21681,21681,42100.7109375
21682,21682,8904.431640625
21683,21683,6319.82421875
21684,21684,15053.9501953125
21685,21685,5049.08349609375
21686,21686,122299.40625
21687,21687,136590.03125
21688,21688,53851.625
21689,21689,3851.998779296875
21690,21690,44763.953125
21691,21691,28778.876953125
21692,21692,158435.21875
21693,21693,9888.0302734375
21694,21694,6723.49658203125
21695,21695,7429.4970703125
21696,21696,19991.150390625
21697,21697,1400320.125
21698,21698,142945.109375
21699,21699,9084.9921875
21700,21700,8224.1689453125
21701,21701,8209.65625
21702,21702,19021.634765625
21703,21703,9116.2763671875
21704,21704,6163.03271484375
21705,21705,10446.0986328125
21706,21706,4495.6484375
21707,21707,8082.58740234375
21708,21708,5474.4306640625
21709,21709,5498.05224609375
21710,21710,73509.578125
21711,21711,11246.2568359375
21712,21712,6469.4248046875
21713,21713,4879.5654296875
21714,21714,8448.048828125
21715,21715,6915.95458984375
21716,21716,237090.140625
21717,21717,6353.68212890625
21718,21718,161902.0
21719,21719,9367.6962890625
21720,21720,14992.2509765625
21721,21721,6330.80078125
21722,21722,10295.830078125
21723,21723,5387.7529296875
21724,21724,9390.3203125
21725,21725,10981.4482421875
21726,21726,4254.4423828125
21727,21727,4433.11767578125
21728,21728,146879.453125
21729,21729,10617.2197265625
21730,21730,213356.6875
21731,21731,7607.5224609375
21732,21732,20372.294921875
21733,21733,89879.96875
21734,21734,54273.140625
21735,21735,30778.005859375
21736,21736,7725.103515625
21737,21737,14852.92578125
21738,21738,30898.5390625
21739,21739,8485.5703125
21740,21740,435779.21875
21741,21741,7766.21142578125
21742,21742,7701.83251953125
21743,21743,7031.30322265625
21744,21744,10754.09375
21745,21745,7313.3359375
21746,21746,15416.5693359375
21747,21747,16982.248046875
21748,21748,26684.60546875
21749,21749,10336.5126953125
21750,21750,25189.07421875
21751,21751,39669.15234375
21752,21752,7625.47412109375
21753,21753,425528.53125
21754,21754,7499.5908203125
21755,21755,4010.447509765625
21756,21756,4926.1357421875
21757,21757,30900.064453125
21758,21758,11562.07421875
21759,21759,15809.4736328125
21760,21760,5247.91796875
21761,21761,6637.4814453125
21762,21762,4068.348876953125
21763,21763,6870.6591796875
21764,21764,7875.50146484375
21765,21765,7056.84033203125
21766,21766,6784.771484375
21767,21767,11465.8349609375
21768,21768,10499.2861328125
21769,21769,58504.515625
21770,21770,12784.12109375
21771,21771,11570.98828125
21772,21772,8991.1591796875
21773,21773,18027.58203125
21774,21774,40611.8671875
21775,21775,46597.54296875
21776,21776,4190.29443359375
21777,21777,6564.96826171875
21778,21778,80023.9765625
21779,21779,17058.861328125
21780,21780,379104.625
21781,21781,10968.849609375
21782,21782,7353.8212890625
21783,21783,5222.19921875
21784,21784,5191.97509765625
21785,21785,12136.845703125
21786,21786,31629.625
21787,21787,40200.28125
21788,21788,12406.259765625
21789,21789,7820.6044921875
21790,21790,11160.646484375
21791,21791,10266.8583984375
21792,21792,6614.16845703125
21793,21793,6588.482421875
21794,21794,110051.21875
21795,21795,6816.533203125
21796,21796,8608.73828125
21797,21797,177228.859375
21798,21798,8119.1318359375
21799,21799,5509.505859375
21800,21800,11127.091796875
21801,21801,9959.8271484375
21802,21802,6132.0185546875
21803,21803,8674.5673828125
21804,21804,9203.240234375
21805,21805,107991.5078125
21806,21806,9600.5771484375
21807,21807,10615.224609375
21808,21808,9921.216796875
21809,21809,5808.0166015625
21810,21810,6314.04833984375
21811,21811,5908.76416015625
21812,21812,69150.6171875
21813,21813,11950.404296875
21814,21814,5904.21875
21815,21815,337844.84375
21816,21816,8341.970703125
21817,21817,365825.59375
21818,21818,5792.1533203125
21819,21819,5304.59375
21820,21820,36021.19140625
21821,21821,8806.751953125
21822,21822,8969.4833984375
21823,21823,4644.0263671875
21824,21824,8092.5576171875
21825,21825,14952.0068359375
21826,21826,6761.46484375
21827,21827,52679.55859375
21828,21828,10625.6630859375
21829,21829,15394.9833984375
21830,21830,46351.18359375
21831,21831,7946.65966796875
21832,21832,7326.455078125
21833,21833,108643.09375
21834,21834,13250.08984375
21835,21835,7624.21484375
21836,21836,17317.53125
21837,21837,10772.431640625
21838,21838,10165.6025390625
21839,21839,18422.640625
21840,21840,77719.3203125
21841,21841,7133.35546875
21842,21842,26487.712890625
21843,21843,23606.216796875
21844,21844,5509.1005859375
21845,21845,6238.74755859375
21846,21846,12318.7890625
21847,21847,24727.697265625
21848,21848,67221.4765625
21849,21849,14357.4150390625
21850,21850,6685.48779296875
21851,21851,11737.4541015625
21852,21852,179951.28125
21853,21853,4453.716796875
21854,21854,6166.666015625
21855,21855,4362.81201171875
21856,21856,4109.92919921875
21857,21857,11102.44140625
21858,21858,17329.90234375
21859,21859,6004.15185546875
21860,21860,4633.84326171875
21861,21861,5879.759765625
21862,21862,17639.482421875
21863,21863,9666.6328125
21864,21864,7813.44775390625
21865,21865,7355.70849609375
21866,21866,5313.8994140625
21867,21867,20431.333984375
21868,21868,12883.0361328125
21869,21869,6632.3798828125
21870,21870,5486.6005859375
21871,21871,6571.38037109375
21872,21872,5538.85009765625
21873,21873,6620.2880859375
21874,21874,3693.470458984375
21875,21875,11047.771484375
21876,21876,1870400.625
21877,21877,37339.8984375
21878,21878,41975.58984375
21879,21879,26175.001953125
21880,21880,25688.1171875
21881,21881,9633.4765625
21882,21882,5551.64501953125
21883,21883,105932.0546875
21884,21884,9306.6708984375
21885,21885,7923.34033203125
21886,21886,10897.6875
21887,21887,13611.6748046875
21888,21888,9433.3076171875
21889,21889,6967.23583984375
21890,21890,9285.29296875
21891,21891,5592.7744140625
21892,21892,8943.6083984375
21893,21893,12042.810546875
21894,21894,10787.1806640625
21895,21895,11807.408203125
21896,21896,4703.5830078125
21897,21897,33561.9453125
21898,21898,13341.185546875
21899,21899,5937.1064453125
21900,21900,13003.8759765625
21901,21901,5338.1396484375
21902,21902,6390.2373046875
21903,21903,9173.6728515625
21904,21904,9061.7109375
21905,21905,9885.6171875
21906,21906,54286.8671875
21907,21907,7335.9033203125
21908,21908,12259.6337890625
21909,21909,4819.62646484375
21910,21910,5078.1259765625
21911,21911,8087.34619140625
21912,21912,7599.5673828125
21913,21913,4987.2275390625
21914,21914,11283.9921875
21915,21915,5733.9375
21916,21916,4105.21337890625
21917,21917,10166.41796875
21918,21918,4465.40185546875
21919,21919,8550.6796875
21920,21920,17686.51953125
21921,21921,8852.3564453125
21922,21922,3214798.0
21923,21923,135989.0625
21924,21924,5426.798828125
21925,21925,7794.6640625
21926,21926,3184.481201171875
21927,21927,6897.26611328125
21928,21928,4059.939208984375
21929,21929,6817.1796875
21930,21930,2656.6337890625
21931,21931,9960.708984375
21932,21932,8289.0791015625
21933,21933,15026.5361328125
21934,21934,7147.51123046875
21935,21935,8399.6796875
21936,21936,6846.205078125
21937,21937,5293.6826171875
21938,21938,24157.095703125
21939,21939,8380.0927734375
21940,21940,7371.8896484375
21941,21941,6510.2724609375
21942,21942,10234.20703125
21943,21943,34197.6640625
21944,21944,6054.42626953125
21945,21945,7154.60400390625
21946,21946,8554.23828125
21947,21947,9332.1728515625
21948,21948,13976.185546875
21949,21949,27833.115234375
21950,21950,15899.9345703125
21951,21951,39883.04296875
21952,21952,213432.453125
21953,21953,82580.4375
21954,21954,199717.96875
21955,21955,6396.26416015625
21956,21956,26104.150390625
21957,21957,5384.7255859375
21958,21958,4149448.75
21959,21959,17567.349609375
21960,21960,8236.3486328125
21961,21961,111474.71875
21962,21962,9097.009765625
21963,21963,21841.642578125
21964,21964,7050.37646484375
21965,21965,67395.34375
21966,21966,7494.81103515625
21967,21967,5430.37841796875
21968,21968,5402.9150390625
21969,21969,8504.97265625
21970,21970,9687.419921875
21971,21971,26638.763671875
21972,21972,6385.47998046875
21973,21973,7950.509765625
21974,21974,17732.498046875
21975,21975,105043.5
21976,21976,26021.90234375
21977,21977,10729.921875
21978,21978,68735.703125
21979,21979,6702.27197265625
21980,21980,4937.00244140625
21981,21981,9032.9990234375
21982,21982,7469.10986328125
21983,21983,9679.291015625
21984,21984,12271.5234375
21985,21985,8091.68994140625
21986,21986,10312.7138671875
21987,21987,6999.708984375
21988,21988,6070.29541015625
21989,21989,35476.30078125
21990,21990,8113.705078125
21991,21991,4898.31591796875
21992,21992,4088395.25
21993,21993,17362.177734375
21994,21994,6093.263671875
21995,21995,6729.18310546875
21996,21996,6516.82568359375
21997,21997,34718.171875
21998,21998,92404.3671875
21999,21999,28601.7421875
22000,22000,14117.0810546875
22001,22001,12121.583984375
22002,22002,3952.77880859375
22003,22003,7401.6494140625
22004,22004,5824.2919921875
22005,22005,4771.6015625
22006,22006,4016.874755859375
22007,22007,5273.5986328125
22008,22008,7641.36865234375
22009,22009,31164.1328125
22010,22010,82648.0
22011,22011,12643.10546875
22012,22012,14005.0078125
22013,22013,9525.7109375
22014,22014,26018.96484375
22015,22015,7724.85791015625
22016,22016,20089.474609375
22017,22017,9252.45703125
22018,22018,178428.1875
22019,22019,21135.7578125
22020,22020,9679.1806640625
22021,22021,16830.71484375
22022,22022,8870.029296875
22023,22023,3140.460693359375
22024,22024,7587.10693359375
22025,22025,34948.8984375
22026,22026,4325.80810546875
22027,22027,8261.61328125
22028,22028,7652.06787109375
22029,22029,6889.22705078125
22030,22030,60959.9609375
22031,22031,7246.130859375
22032,22032,6710.7333984375
22033,22033,4701.1103515625
22034,22034,24644.208984375
22035,22035,8601.244140625
22036,22036,7057.51025390625
22037,22037,12713.677734375
22038,22038,5310.66259765625
22039,22039,68513.890625
22040,22040,42049.3828125
22041,22041,5753.1728515625
22042,22042,7089.98193359375
22043,22043,7922.77587890625
22044,22044,9881.892578125
22045,22045,50745.0
22046,22046,6300.298828125
22047,22047,6964.4736328125
22048,22048,20817.529296875
22049,22049,22219.669921875
22050,22050,158107.75
22051,22051,12385.7216796875
22052,22052,7810.77490234375
22053,22053,14377.28125
22054,22054,6204.52001953125
22055,22055,8354.837890625
22056,22056,14494.04296875
22057,22057,85645.046875
22058,22058,10843.24609375
22059,22059,14391.5126953125
22060,22060,9000.724609375
22061,22061,152336.0625
22062,22062,10189.2021484375
22063,22063,76356.609375
22064,22064,2972.743408203125
22065,22065,10520.8291015625
22066,22066,69498.234375
22067,22067,15303.541015625
22068,22068,18716.005859375
22069,22069,8087.7451171875
22070,22070,5980.5283203125
22071,22071,8239.322265625
22072,22072,17777.32421875
22073,22073,56770.7890625
22074,22074,17466.818359375
22075,22075,14275.392578125
22076,22076,31947.01953125
22077,22077,10995.8525390625
22078,22078,258938.46875
22079,22079,14075.8203125
22080,22080,40320.79296875
22081,22081,215770.21875
22082,22082,9363.328125
22083,22083,17657.080078125
22084,22084,7895.86376953125
22085,22085,51988.4375
22086,22086,5852.46142578125
22087,22087,3376.195556640625
22088,22088,8592.66796875
22089,22089,8702.998046875
22090,22090,5199.45361328125
22091,22091,12634.5146484375
22092,22092,256122.28125
22093,22093,6804.14453125
22094,22094,13119.296875
22095,22095,5614.45166015625
22096,22096,38517.44921875
22097,22097,7926.0576171875
22098,22098,9765.7919921875
22099,22099,22325.791015625
22100,22100,59351.1171875
22101,22101,51623.44140625
22102,22102,7948.54638671875
22103,22103,5273.986328125
22104,22104,7162.005859375
22105,22105,7871.958984375
22106,22106,4719.39892578125
22107,22107,4751.22216796875
22108,22108,7376.2265625
22109,22109,16402.603515625
22110,22110,11855.828125
22111,22111,6286.63427734375
22112,22112,9495.25
22113,22113,7844.1416015625
22114,22114,6957.94921875
22115,22115,9124.0234375
22116,22116,8930.021484375
22117,22117,7624.54638671875
22118,22118,33085.1796875
22119,22119,5983.88525390625
22120,22120,11516.7734375
22121,22121,27000.57421875
22122,22122,14222.896484375
22123,22123,7697.65771484375
22124,22124,37491.13671875
22125,22125,7262.74755859375
22126,22126,30385.130859375
22127,22127,9227.0947265625
22128,22128,60542.984375
22129,22129,154005.125
22130,22130,6184.5107421875
22131,22131,5327.92578125
22132,22132,25784.693359375
22133,22133,8563.6728515625
22134,22134,5420.41552734375
22135,22135,7684.52197265625
22136,22136,10764.3525390625
22137,22137,4371.27490234375
22138,22138,7400.71142578125
22139,22139,6970.767578125
22140,22140,7273.361328125
22141,22141,8354.45703125
22142,22142,14173.255859375
22143,22143,12437.0107421875
22144,22144,11779.763671875
22145,22145,47732.703125
22146,22146,9212.759765625
22147,22147,5726.845703125
22148,22148,10598.9384765625
22149,22149,29867.0078125
22150,22150,51388.62109375
22151,22151,48690.7734375
22152,22152,4519.27392578125
22153,22153,7459.49853515625
22154,22154,5940.2138671875
22155,22155,16244.7958984375
22156,22156,5727.04833984375
22157,22157,10660.8134765625
22158,22158,7454.38623046875
22159,22159,8224.8896484375
22160,22160,6688.84619140625
22161,22161,7814.7060546875
22162,22162,5767.56982421875
22163,22163,5230.8056640625
22164,22164,5130.08740234375
22165,22165,5745.8984375
22166,22166,12076.3310546875
22167,22167,3810.7880859375
22168,22168,5510.0419921875
22169,22169,8064.095703125
22170,22170,6411.0166015625
22171,22171,8112.3671875
22172,22172,6433.46826171875
22173,22173,10458.2841796875
22174,22174,11212.546875
22175,22175,19507.6640625
22176,22176,50343.56640625
22177,22177,4885.146484375
22178,22178,7671.27880859375
22179,22179,8501.1015625
22180,22180,3188101.5
22181,22181,6230.1337890625
22182,22182,5010.57666015625
22183,22183,20228.62890625
22184,22184,18542.734375
22185,22185,5402.06201171875
22186,22186,6952.9365234375
22187,22187,235351.78125
22188,22188,15176.958984375
22189,22189,9675.29296875
22190,22190,154920.84375
22191,22191,6825.47314453125
22192,22192,14654.7587890625
22193,22193,3519.59765625
22194,22194,4062.198486328125
22195,22195,6324.76953125
22196,22196,7110.431640625
22197,22197,8830.359375
22198,22198,16966.48828125
22199,22199,6208.45166015625
22200,22200,5809.970703125
22201,22201,95779.9609375
22202,22202,5563.45751953125
22203,22203,12046.974609375
22204,22204,18545.2265625
22205,22205,39833.58203125
22206,22206,6898.36572265625
22207,22207,6254.4658203125
22208,22208,79689.3671875
22209,22209,518810.0625
22210,22210,2232.45361328125
22211,22211,46537.71875
22212,22212,5295.16845703125
22213,22213,6065.94921875
22214,22214,5784.2431640625
22215,22215,7317.9638671875
22216,22216,7411.3291015625
22217,22217,8269.2109375
22218,22218,3675.007568359375
22219,22219,7316.92138671875
22220,22220,127642.234375
22221,22221,60437.79296875
22222,22222,9695.263671875
22223,22223,10253.0458984375
22224,22224,6066.47265625
22225,22225,7057.61865234375
22226,22226,6639.8427734375
22227,22227,90557.609375
22228,22228,14239.30078125
22229,22229,6390.6494140625
22230,22230,16407.48828125
22231,22231,12648.576171875
22232,22232,7894.87158203125
22233,22233,4927.32861328125
22234,22234,9842.9248046875
22235,22235,8848.451171875
22236,22236,9407.548828125
22237,22237,42315.40625
22238,22238,3677.02197265625
22239,22239,120799.5703125
22240,22240,27441.529296875
22241,22241,30243.13671875
22242,22242,7998.04248046875
22243,22243,5639.80908203125
22244,22244,15074.515625
22245,22245,22661.0859375
22246,22246,5928.44287109375
22247,22247,7014.0234375
22248,22248,82604.3046875
22249,22249,16815.1328125
22250,22250,14405.2705078125
22251,22251,10451.6982421875
22252,22252,7491.27734375
22253,22253,8217.9677734375
22254,22254,9620.8486328125
22255,22255,20843.611328125
22256,22256,6028.34521484375
22257,22257,337029.09375
22258,22258,20987.365234375
22259,22259,5669.60400390625
22260,22260,7444.416015625
22261,22261,12057.6396484375
22262,22262,7650.34619140625
22263,22263,8778.220703125
22264,22264,11033.7392578125
22265,22265,12771.31640625
22266,22266,12476.583984375
22267,22267,7979.859375
22268,22268,5855.85791015625
22269,22269,7255.43212890625
22270,22270,6017.16748046875
22271,22271,14679.02734375
22272,22272,5048.1259765625
22273,22273,6210.076171875
22274,22274,5442.3427734375
22275,22275,6917.91455078125
22276,22276,4994.23388671875
22277,22277,18686.822265625
22278,22278,10731.4609375
22279,22279,109230.625
22280,22280,12401.0185546875
22281,22281,4682.75439453125
22282,22282,9759.73828125
22283,22283,7195.62841796875
22284,22284,6091.890625
22285,22285,9587.0791015625
22286,22286,399904.6875
22287,22287,21007.21484375
22288,22288,10998.517578125
22289,22289,6965.380859375
22290,22290,7122.1416015625
22291,22291,11249.296875
22292,22292,13859.4013671875
22293,22293,26785.8203125
22294,22294,7777.73779296875
22295,22295,165684.28125
22296,22296,3533.714599609375
22297,22297,13251.01171875
22298,22298,23264.69921875
22299,22299,8988.2900390625
22300,22300,15958.505859375
22301,22301,94639.1796875
22302,22302,9094.408203125
22303,22303,4651.00732421875
22304,22304,39245.578125
22305,22305,49932.83984375
22306,22306,8304.806640625
22307,22307,6449.234375
22308,22308,7949.330078125
22309,22309,9363.392578125
22310,22310,7161.568359375
22311,22311,12210.7119140625
22312,22312,5508.24365234375
22313,22313,12685.1025390625
22314,22314,5778.9638671875
22315,22315,24267.818359375
22316,22316,15497.7080078125
22317,22317,4519.95166015625
22318,22318,8273.404296875
22319,22319,12597.6240234375
22320,22320,16895.748046875
22321,22321,7026.5478515625
22322,22322,5216.5712890625
22323,22323,9314.27734375
22324,22324,19154.453125
22325,22325,6908.2978515625
22326,22326,10986.3115234375
22327,22327,12003.453125
22328,22328,33863.5703125
22329,22329,3325141.5
22330,22330,7164.02197265625
22331,22331,444350.75
22332,22332,17318.935546875
22333,22333,8678.8955078125
22334,22334,9178.734375
22335,22335,7612.57470703125
22336,22336,8226.2705078125
22337,22337,9271.23046875
22338,22338,13351.5107421875
22339,22339,8875.4052734375
22340,22340,6340.353515625
22341,22341,4774.94580078125
22342,22342,13469.4130859375
22343,22343,21915.478515625
22344,22344,12502.96875
22345,22345,146504.46875
22346,22346,8297.205078125
22347,22347,22000.5859375
22348,22348,7728.8759765625
22349,22349,6429.23095703125
22350,22350,7195.80908203125
22351,22351,8152.83056640625
22352,22352,5703.7177734375
22353,22353,4826.97412109375
22354,22354,5227.66650390625
22355,22355,11340.7646484375
22356,22356,32403.30859375
22357,22357,20768.78125
22358,22358,6671.26123046875
22359,22359,14325.8818359375
22360,22360,9593.6396484375
22361,22361,6906.66796875
22362,22362,8377.8046875
22363,22363,13049.884765625
22364,22364,13939.5908203125
22365,22365,90750.2109375
22366,22366,10723.4658203125
22367,22367,5070.84912109375
22368,22368,30307.720703125
22369,22369,8259.7529296875
22370,22370,10090.015625
22371,22371,8356.5625
22372,22372,7413.3583984375
22373,22373,14190.5693359375
22374,22374,202300.640625
22375,22375,8715.3193359375
22376,22376,8009.89892578125
22377,22377,7944.1494140625
22378,22378,68011.328125
22379,22379,9630.3818359375
22380,22380,4052.580810546875
22381,22381,3694.54638671875
22382,22382,4095.529052734375
22383,22383,9745.70703125
22384,22384,15859.880859375
22385,22385,6706.40234375
22386,22386,12954.2451171875
22387,22387,7707.34423828125
22388,22388,5548.33203125
22389,22389,5714.931640625
22390,22390,9057.2490234375
22391,22391,8539.4287109375
22392,22392,5969.38720703125
22393,22393,7205.400390625
22394,22394,7362.158203125
22395,22395,7125.837890625
22396,22396,10113.361328125
22397,22397,5977.4072265625
22398,22398,11872.0849609375
22399,22399,4631.099609375
22400,22400,109403.6953125
22401,22401,7676.630859375
22402,22402,5916.8291015625
22403,22403,59609.02734375
22404,22404,7213.3583984375
22405,22405,14866.484375
22406,22406,3983.873291015625
22407,22407,7409.69140625
22408,22408,16204.1455078125
22409,22409,9420.6708984375
22410,22410,12189.2060546875
22411,22411,8147.64794921875
22412,22412,6075.33056640625
22413,22413,6226.9189453125
22414,22414,36148.9921875
22415,22415,4838.884765625
22416,22416,5533.23388671875
22417,22417,6370.7041015625
22418,22418,89105.0703125
22419,22419,20285.578125
22420,22420,18222.8125
22421,22421,10214.109375
22422,22422,4152.4716796875
22423,22423,7357.98974609375
22424,22424,213968.578125
22425,22425,9526.9775390625
22426,22426,52788.05078125
22427,22427,4504.669921875
22428,22428,6633.6650390625
22429,22429,6376.90869140625
22430,22430,21461.923828125
22431,22431,6598.1640625
22432,22432,8270.630859375
22433,22433,8057.95458984375
22434,22434,9276.888671875
22435,22435,81417.6953125
22436,22436,5069.8515625
22437,22437,5814.60009765625
22438,22438,28808.52734375
22439,22439,7908.0126953125
22440,22440,4325.701171875
22441,22441,7658.54150390625
22442,22442,18750.4609375
22443,22443,9182.7578125
22444,22444,87632.3671875
22445,22445,25955.583984375
22446,22446,6942.0556640625
22447,22447,7860.1865234375
22448,22448,5918.8984375
22449,22449,13700.9560546875
22450,22450,13048.1005859375
22451,22451,14567.17578125
22452,22452,8974.736328125
22453,22453,10376.73046875
22454,22454,9378.00390625
22455,22455,5680.8994140625
22456,22456,17281.939453125
22457,22457,7484.26806640625
22458,22458,9366.2109375
22459,22459,62745.5
22460,22460,24046.625
22461,22461,6052.07373046875
22462,22462,26905.412109375
22463,22463,15730.52734375
22464,22464,5018.4375
22465,22465,19860.154296875
22466,22466,6868.671875
22467,22467,9173.6298828125
22468,22468,24373.029296875
22469,22469,43244.40625
22470,22470,5104.45166015625
22471,22471,7782.1455078125
22472,22472,14333.7265625
22473,22473,7720.07763671875
22474,22474,3882.788330078125
22475,22475,12891.7646484375
22476,22476,62288.73828125
22477,22477,7166.66552734375
22478,22478,9739.00390625
22479,22479,8108.95751953125
22480,22480,12176.5947265625
22481,22481,10272.9814453125
22482,22482,5450.6953125
22483,22483,9231.6630859375
22484,22484,9237.7177734375
22485,22485,4037.0244140625
22486,22486,1352627.625
22487,22487,15349.47265625
22488,22488,11188.4462890625
22489,22489,105607.9921875
22490,22490,5366.88427734375
22491,22491,4609.46240234375
22492,22492,82861.125
22493,22493,6297.69775390625
22494,22494,23430.02734375
22495,22495,20298.623046875
22496,22496,12420.7666015625
22497,22497,23885.115234375
22498,22498,7954.193359375
22499,22499,6240.55908203125
22500,22500,10788.189453125
22501,22501,9689.7099609375
22502,22502,22168.74609375
22503,22503,9550.3125
22504,22504,6786.7626953125
22505,22505,168518.625
22506,22506,12242.1884765625
22507,22507,18731.3125
22508,22508,13611.05078125
22509,22509,11794.45703125
22510,22510,21805.6328125
22511,22511,4397.3349609375
22512,22512,8787.666015625
22513,22513,8393.115234375
22514,22514,6122.0390625
22515,22515,6042.57568359375
22516,22516,4388.1123046875
22517,22517,11979.9326171875
22518,22518,7273.15869140625
22519,22519,8875.6298828125
22520,22520,36251.7421875
22521,22521,7485.71484375
22522,22522,25162.1875
22523,22523,13665.419921875
22524,22524,6959.15478515625
22525,22525,14698.134765625
22526,22526,8159.74609375
22527,22527,31928.990234375
22528,22528,7365.685546875
22529,22529,14237.4775390625
22530,22530,10919.0078125
22531,22531,33751.953125
22532,22532,9273.953125
22533,22533,16622.9140625
22534,22534,8726.296875
22535,22535,8030.087890625
22536,22536,17628.591796875
22537,22537,42807.9140625
22538,22538,6699.05126953125
22539,22539,8348.1640625
22540,22540,48615.21484375
22541,22541,23376.625
22542,22542,38949.6953125
22543,22543,28690.744140625
22544,22544,16440.154296875
22545,22545,5546.40576171875
22546,22546,8226.68359375
22547,22547,58677.39453125
22548,22548,14993.33203125
22549,22549,7654.6650390625
22550,22550,14012.607421875
22551,22551,10067.8798828125
22552,22552,17923.826171875
22553,22553,137353.9375
22554,22554,17273.5625
22555,22555,9738.939453125
22556,22556,10336.9208984375
22557,22557,5195.2001953125
22558,22558,52391.16796875
22559,22559,40185.1875
22560,22560,9177.9033203125
22561,22561,149237.109375
22562,22562,9840.6220703125
22563,22563,13132.92578125
22564,22564,5580.82470703125
22565,22565,6827.736328125
22566,22566,29344.43359375
22567,22567,12279.560546875
22568,22568,113186.1015625
22569,22569,181925.8125
22570,22570,7617.21142578125
22571,22571,15126.201171875
22572,22572,4517.1171875
22573,22573,6040.7314453125
22574,22574,4952.34375
22575,22575,10620.95703125
22576,22576,11175.4345703125
22577,22577,6381.77099609375
22578,22578,6144.2216796875
22579,22579,12165.7744140625
22580,22580,8465.197265625
22581,22581,320037.9375
22582,22582,7352.84912109375
22583,22583,20928.740234375
22584,22584,7790.6767578125
22585,22585,119377.53125
22586,22586,64612.4140625
22587,22587,18524.126953125
22588,22588,130491.3359375
22589,22589,8009.0361328125
22590,22590,7153.11083984375
22591,22591,7434.875
22592,22592,3574.663330078125
22593,22593,10663.0517578125
22594,22594,31136.888671875
22595,22595,4447.80126953125
22596,22596,33147.41796875
22597,22597,4991.494140625
22598,22598,6245.97802734375
22599,22599,5099.24072265625
22600,22600,14142.46875
22601,22601,5605.5458984375
22602,22602,4697.2216796875
22603,22603,20801.201171875
22604,22604,4601.50439453125
22605,22605,18736.857421875
22606,22606,6869.876953125
22607,22607,6782.5595703125
22608,22608,7808.98974609375
22609,22609,9610.326171875
22610,22610,193564.703125
22611,22611,8744.4150390625
22612,22612,5076.88134765625
22613,22613,58775.6484375
22614,22614,4571.4931640625
22615,22615,9026.001953125
22616,22616,5761.7080078125
22617,22617,63983.36328125
22618,22618,52879.59765625
22619,22619,34270.171875
22620,22620,133698.53125
22621,22621,4787.3056640625
22622,22622,7459.96728515625
22623,22623,4385.52783203125
22624,22624,6745.72412109375
22625,22625,6280.6044921875
22626,22626,11000.6181640625
22627,22627,6019.80615234375
22628,22628,4844.5859375
22629,22629,6082.2060546875
22630,22630,8106.13427734375
22631,22631,7733.125
22632,22632,6379.84130859375
22633,22633,56042.25390625
22634,22634,4655.6494140625
22635,22635,8598.4111328125
22636,22636,13331.8720703125
22637,22637,7052.62744140625
22638,22638,8453.7529296875
22639,22639,37525.66015625
22640,22640,8253.0341796875
22641,22641,74115.9453125
22642,22642,9009.24609375
22643,22643,5113.38134765625
22644,22644,6719.2568359375
22645,22645,20030.9296875
22646,22646,7945.2177734375
22647,22647,13437.126953125
22648,22648,7527.2763671875
22649,22649,5616.435546875
22650,22650,22724.572265625
22651,22651,8578.416015625
22652,22652,30538.2421875
22653,22653,11851.412109375
22654,22654,17622.724609375
22655,22655,6309.521484375
22656,22656,5628.76025390625
22657,22657,169292.546875
22658,22658,38311.99609375
22659,22659,10578.205078125
22660,22660,8049.09033203125
22661,22661,5358.56982421875
22662,22662,7669.51416015625
22663,22663,16520.458984375
22664,22664,6112.91015625
22665,22665,3651.648681640625
22666,22666,5902.7919921875
22667,22667,7994.77783203125
22668,22668,8441.8515625
22669,22669,10525.7548828125
22670,22670,184736.34375
22671,22671,7178.66748046875
22672,22672,5381.580078125
22673,22673,7760.90771484375
22674,22674,5087.50830078125
22675,22675,37162.2890625
22676,22676,18216.62890625
22677,22677,11146.8955078125
22678,22678,240859.40625
22679,22679,6192.169921875
22680,22680,46457.625
22681,22681,6708.927734375
22682,22682,11940.0478515625
22683,22683,4589.5009765625
22684,22684,6233.80224609375
22685,22685,5449.8837890625
22686,22686,19792.09765625
22687,22687,103958.5703125
22688,22688,7223.767578125
22689,22689,7821.94580078125
22690,22690,8131.70654296875
22691,22691,19367.72265625
22692,22692,4978.5390625
22693,22693,10204.48046875
22694,22694,46278.71484375
22695,22695,7097.6845703125
22696,22696,27589.873046875
22697,22697,5619.1123046875
22698,22698,3355.280029296875
22699,22699,15966.603515625
22700,22700,10744.8798828125
22701,22701,6590.8837890625
22702,22702,13517.734375
22703,22703,8656.9794921875
22704,22704,13903.251953125
22705,22705,35717.0859375
22706,22706,7430.90966796875
22707,22707,37635.85546875
22708,22708,4526813.5
22709,22709,12201.52734375
22710,22710,13815.0439453125
22711,22711,4265.37939453125
22712,22712,6312.23046875
22713,22713,22345.845703125
22714,22714,4296.95361328125
22715,22715,7804.75244140625
22716,22716,5238.2880859375
22717,22717,120665.2578125
22718,22718,7842.50927734375
22719,22719,106967.9609375
22720,22720,21869.466796875
22721,22721,6853.69677734375
22722,22722,5700.38232421875
22723,22723,8854.388671875
22724,22724,12705.79296875
22725,22725,14932.197265625
22726,22726,8602.08984375
22727,22727,174701.90625
22728,22728,22048.765625
22729,22729,6505.30029296875
22730,22730,8535.01953125
22731,22731,49743.04296875
22732,22732,4914.10205078125
22733,22733,7599.64404296875
22734,22734,8831.8095703125
22735,22735,8335.453125
22736,22736,10597.396484375
22737,22737,5029.2705078125
22738,22738,59401.05078125
22739,22739,5351.177734375
22740,22740,52755.87890625
22741,22741,4265.947265625
22742,22742,23805.455078125
22743,22743,7000.236328125
22744,22744,20763.87890625
22745,22745,19144.513671875
22746,22746,15991.474609375
22747,22747,7127.99853515625
22748,22748,15956.7265625
22749,22749,7402.49609375
22750,22750,6068.16748046875
22751,22751,8899.015625
22752,22752,158415.015625
22753,22753,6125.83056640625
22754,22754,166696.0
22755,22755,5172.8359375
22756,22756,11339.42578125
22757,22757,6954.27783203125
22758,22758,160906.890625
22759,22759,9297.5576171875
22760,22760,8729.2138671875
22761,22761,19103.900390625
22762,22762,11384.435546875
22763,22763,4289.01220703125
22764,22764,5604.68701171875
22765,22765,10456.9892578125
22766,22766,14894.4931640625
22767,22767,37501.77734375
22768,22768,6830.9765625
22769,22769,9761.6845703125
22770,22770,86708.734375
22771,22771,5033.18212890625
22772,22772,11828.6845703125
22773,22773,5060.02001953125
22774,22774,8017.40869140625
22775,22775,10334.091796875
22776,22776,5360.357421875
22777,22777,7851.5478515625
22778,22778,6871.18896484375
22779,22779,11481.2265625
22780,22780,5558.40185546875
22781,22781,8121.830078125
22782,22782,6718.91015625
22783,22783,13842.078125
22784,22784,105737.578125
22785,22785,11710.5615234375
22786,22786,8306.4990234375
22787,22787,11813.943359375
22788,22788,113671.8984375
22789,22789,5977.306640625
22790,22790,69020.171875
22791,22791,296194.28125
22792,22792,9945.1484375
22793,22793,8238.46875
22794,22794,5734.70458984375
22795,22795,4943.5419921875
22796,22796,11478.6845703125
22797,22797,8209.0908203125
22798,22798,10746.4541015625
22799,22799,3837.906982421875
22800,22800,11375.751953125
22801,22801,7707.24169921875
22802,22802,6055.814453125
22803,22803,11690.923828125
22804,22804,51296.31640625
22805,22805,7661.1806640625
22806,22806,5061.9296875
22807,22807,34941.3515625
22808,22808,18195.34375
22809,22809,6810.7802734375
22810,22810,9422.953125
22811,22811,7076.72705078125
22812,22812,5361.16015625
22813,22813,20210.7421875
22814,22814,18775.70703125
22815,22815,9078.3515625
22816,22816,22499.931640625
22817,22817,7464.90966796875
22818,22818,6092.7275390625
22819,22819,22961.498046875
22820,22820,6621.8857421875
22821,22821,12737.2236328125
22822,22822,6932.4052734375
22823,22823,6110.01025390625
22824,22824,5322.55078125
22825,22825,6858.54638671875
22826,22826,159936.84375
22827,22827,42511.875
22828,22828,53460.11328125
22829,22829,12843.69921875
22830,22830,8099.55078125
22831,22831,4526.39794921875
22832,22832,8864.12109375
22833,22833,8926.0390625
22834,22834,151151.921875
22835,22835,19545.841796875
22836,22836,6393.9072265625
22837,22837,4993.0693359375
22838,22838,17433.69140625
22839,22839,7382.05859375
22840,22840,26171.529296875
22841,22841,8094.8857421875
22842,22842,70332.125
22843,22843,6545.8486328125
22844,22844,7911.5634765625
22845,22845,7845.03515625
22846,22846,18218.63671875
22847,22847,7260.751953125
22848,22848,7611.1123046875
22849,22849,22555.193359375
22850,22850,6554.62255859375
22851,22851,6462.29541015625
22852,22852,6215.85009765625
22853,22853,12510.193359375
22854,22854,10289.845703125
22855,22855,127895.828125
22856,22856,6858.24072265625
22857,22857,12436.45703125
22858,22858,6334.9970703125
22859,22859,4821.7265625
22860,22860,8834.318359375
22861,22861,150152.578125
22862,22862,12775.1923828125
22863,22863,7522.12255859375
22864,22864,9844.05078125
22865,22865,4357.90869140625
22866,22866,9172.8994140625
22867,22867,8243.248046875
22868,22868,5735.89306640625
22869,22869,6029.796875
22870,22870,4875.751953125
22871,22871,8299.560546875
22872,22872,7980.63134765625
22873,22873,24270.703125
22874,22874,10438.708984375
22875,22875,11661.0048828125
22876,22876,26476.3046875
22877,22877,7531.7900390625
22878,22878,5167.22998046875
22879,22879,94041.46875
22880,22880,4905.09716796875
22881,22881,9486.8681640625
22882,22882,59366.94921875
22883,22883,13786.1220703125
22884,22884,5323.24853515625
22885,22885,7271.181640625
22886,22886,6996.69921875
22887,22887,8733.9775390625
22888,22888,25872.103515625
22889,22889,7592.19970703125
22890,22890,6827.41015625
22891,22891,151491.140625
22892,22892,3792.942626953125
22893,22893,6406.27197265625
22894,22894,18100.71484375
22895,22895,5210.15185546875
22896,22896,7790.7548828125
22897,22897,11256.841796875
22898,22898,21875.466796875
22899,22899,4497.75146484375
22900,22900,7042.7841796875
22901,22901,5380.06103515625
22902,22902,5560.32763671875
22903,22903,5003.13671875
22904,22904,8483.580078125
22905,22905,8528.85546875
22906,22906,146719.671875
22907,22907,5054.75146484375
22908,22908,19402.88671875
22909,22909,70258.5234375
22910,22910,16462.2734375
22911,22911,5796.77685546875
22912,22912,12061.8359375
22913,22913,7660.6083984375
22914,22914,6814.41015625
22915,22915,9578.876953125
22916,22916,9133.8916015625
22917,22917,7111.02685546875
22918,22918,4567246.0
22919,22919,31926.017578125
22920,22920,18299.177734375
22921,22921,4066.11328125
22922,22922,63732.54296875
22923,22923,22236.3515625
22924,22924,109582.2890625
22925,22925,7918.69677734375
22926,22926,18302.341796875
22927,22927,6118.326171875
22928,22928,6118.65234375
22929,22929,7995.55810546875
22930,22930,6452.32275390625
22931,22931,19428.328125
22932,22932,7203.87548828125
22933,22933,27629.087890625
22934,22934,63059.66015625
22935,22935,7065.83837890625
22936,22936,5627.4384765625
22937,22937,10663.1669921875
22938,22938,7719.15576171875
22939,22939,33171.578125
22940,22940,13803.400390625
22941,22941,6364.267578125
22942,22942,7212.5849609375
22943,22943,13279.1162109375
22944,22944,11165.65625
22945,22945,5795.08056640625
22946,22946,67993.2109375
22947,22947,88711.09375
22948,22948,84441.171875
22949,22949,19531.849609375
22950,22950,18216.84765625
22951,22951,4063.825439453125
22952,22952,8672.7587890625
22953,22953,8151.828125
22954,22954,22259.73046875
22955,22955,12408.2001953125
22956,22956,6359.43505859375
22957,22957,4931.60888671875
22958,22958,7151.46826171875
22959,22959,7591.35400390625
22960,22960,17629.12109375
22961,22961,12945.2255859375
22962,22962,797325.6875
22963,22963,82282.203125
22964,22964,13385.7509765625
22965,22965,6680.7548828125
22966,22966,8435.18359375
22967,22967,12737.3955078125
22968,22968,5417.2099609375
22969,22969,6658.70263671875
22970,22970,9023.0703125
22971,22971,13934.6923828125
22972,22972,7198.0634765625
22973,22973,26607.919921875
22974,22974,5954.0810546875
22975,22975,14616.4375
22976,22976,217999.484375
22977,22977,130831.8046875
22978,22978,9794.12109375
22979,22979,7040.50830078125
22980,22980,17799.521484375
22981,22981,6905.56396484375
22982,22982,182693.796875
22983,22983,10476.31640625
22984,22984,7122.1201171875
22985,22985,8827.81640625
22986,22986,5890.84423828125
22987,22987,49046.46484375
22988,22988,6335.84375
22989,22989,9383.958984375
22990,22990,4860.25830078125
22991,22991,6571.0576171875
22992,22992,17327.119140625
22993,22993,10369.5341796875
22994,22994,7847.47998046875
22995,22995,8869.658203125
22996,22996,12417.583984375
22997,22997,8008.10693359375
22998,22998,8913.541015625
22999,22999,7723.94970703125
23000,23000,41255.0234375
23001,23001,1296271.75
23002,23002,15090.60546875
23003,23003,7239.93310546875
23004,23004,5518.55029296875
23005,23005,9443.1513671875
23006,23006,7613.3818359375
23007,23007,5348.8115234375
23008,23008,176230.03125
23009,23009,6320.94873046875
23010,23010,9360.0634765625
23011,23011,6607.86376953125
23012,23012,8404.7548828125
23013,23013,4339.54443359375
23014,23014,7299.92041015625
23015,23015,36073.24609375
23016,23016,44731.6953125
23017,23017,5031.79296875
23018,23018,6451.84716796875
23019,23019,5202.1181640625
23020,23020,11736.650390625
23021,23021,10313672.0
23022,23022,5643.79052734375
23023,23023,4700.40283203125
23024,23024,6695.70849609375
23025,23025,16078.6025390625
23026,23026,25865.900390625
23027,23027,5677.50537109375
23028,23028,8737.0107421875
23029,23029,6831.3388671875
23030,23030,2714.609130859375
23031,23031,6205.984375
23032,23032,481490.71875
23033,23033,5131.4306640625
23034,23034,50727.23828125
23035,23035,4900.72607421875
23036,23036,7237.46435546875
23037,23037,148086.34375
23038,23038,14008.65234375
23039,23039,8087.98974609375
23040,23040,7796.69384765625
23041,23041,25095.150390625
23042,23042,23827.525390625
23043,23043,10118.349609375
23044,23044,10728.9990234375
23045,23045,8563.44140625
23046,23046,9519.6748046875
23047,23047,6307.71240234375
23048,23048,106161.8046875
23049,23049,12727.388671875
23050,23050,84105.046875
23051,23051,14083.65234375
23052,23052,11181.9716796875
23053,23053,12381.5068359375
23054,23054,31369.0234375
23055,23055,7393.7197265625
23056,23056,6403.2265625
23057,23057,20512.619140625
23058,23058,69147.5234375
23059,23059,20266.185546875
23060,23060,5381.93994140625
23061,23061,56007.65625
23062,23062,5769.72314453125
23063,23063,15252.2080078125
23064,23064,10526.3232421875
23065,23065,8345.9921875
23066,23066,6972.6748046875
23067,23067,42164.81640625
23068,23068,7586.50341796875
23069,23069,30154.26171875
23070,23070,5139.27587890625
23071,23071,7426.9228515625
23072,23072,6858.8623046875
23073,23073,11201.951171875
23074,23074,17505.08984375
23075,23075,7024.123046875
23076,23076,9337.744140625
23077,23077,3305.698486328125
23078,23078,4783.396484375
23079,23079,7364.876953125
23080,23080,6142.55615234375
23081,23081,7969.11279296875
23082,23082,10034.591796875
23083,23083,13835.837890625
23084,23084,5854.8427734375
23085,23085,7304.306640625
23086,23086,6500.111328125
23087,23087,8223.4140625
23088,23088,18678.357421875
23089,23089,10718.2783203125
23090,23090,6957.07666015625
23091,23091,17963.96484375
23092,23092,7108.3466796875
23093,23093,7323.0869140625
23094,23094,38298.54296875
23095,23095,3748.048828125
23096,23096,50091.7421875
23097,23097,116159.5546875
23098,23098,6685.86474609375
23099,23099,5914.5087890625
23100,23100,5983.26318359375
23101,23101,4544.15966796875
23102,23102,5448.38818359375
23103,23103,10430.1064453125
23104,23104,10761.130859375
23105,23105,13504.9189453125
23106,23106,35599.0703125
23107,23107,4498.63916015625
23108,23108,7064.85009765625
23109,23109,21444.59765625
23110,23110,2046991.625
23111,23111,8475.5380859375
23112,23112,112629.40625
23113,23113,6063.4150390625
23114,23114,4872.23291015625
23115,23115,10123.1318359375
23116,23116,6035.84375
23117,23117,5919.505859375
23118,23118,12407.947265625
23119,23119,16523.28125
23120,23120,11122.041015625
23121,23121,110448.3828125
23122,23122,11654.8623046875
23123,23123,5618.90283203125
23124,23124,36041.2578125
23125,23125,19846.09765625
23126,23126,5047.70849609375
23127,23127,6762.96337890625
23128,23128,6827.5498046875
23129,23129,8737.294921875
23130,23130,7086.880859375
23131,23131,11630.2802734375
23132,23132,4123.74462890625
23133,23133,7432.5908203125
23134,23134,111738.8515625
23135,23135,24915.359375
23136,23136,38875.25390625
23137,23137,16804.1484375
23138,23138,5645.259765625
23139,23139,17744.142578125
23140,23140,5338.79736328125
23141,23141,12684.423828125
23142,23142,9239.994140625
23143,23143,5564.4736328125
23144,23144,27660.783203125
23145,23145,6850.78271484375
23146,23146,11287.8427734375
23147,23147,5558.75390625
23148,23148,6583.62158203125
23149,23149,15060.732421875
23150,23150,5020.74462890625
23151,23151,12464.4013671875
23152,23152,17652.462890625
23153,23153,6492.49560546875
23154,23154,10086.5361328125
23155,23155,3958219.75
23156,23156,6292.68701171875
23157,23157,11080.1640625
23158,23158,17813.05859375
23159,23159,248754.375
23160,23160,11944.517578125
23161,23161,10062.818359375
23162,23162,7050.37646484375
23163,23163,27296.91015625
23164,23164,10765.4912109375
23165,23165,9681.50390625
23166,23166,7786.51513671875
23167,23167,9334.14453125
23168,23168,46905.40234375
23169,23169,165579.4375
23170,23170,15461.41015625
23171,23171,7330.2587890625
23172,23172,8665.6015625
23173,23173,15495.85546875
23174,23174,9075.640625
23175,23175,6408.54150390625
23176,23176,6786.80859375
23177,23177,21655.734375
23178,23178,324452.90625
23179,23179,8071.3984375
23180,23180,7640.28466796875
23181,23181,94454.828125
23182,23182,48994.66796875
23183,23183,10164.373046875
23184,23184,5938.962890625
23185,23185,12048.330078125
23186,23186,95630.484375
23187,23187,10483.0654296875
23188,23188,10280.978515625
23189,23189,8788.701171875
23190,23190,6400.7060546875
23191,23191,6039.15380859375
23192,23192,6662.38330078125
23193,23193,27943.4375
23194,23194,97437.3125
23195,23195,13458.9443359375
23196,23196,11610.8466796875
23197,23197,6464.173828125
23198,23198,8694.6513671875
23199,23199,59690.64453125
23200,23200,25875.625
23201,23201,14296.998046875
23202,23202,37854.09375
23203,23203,7595.97119140625
23204,23204,9594.001953125
23205,23205,34614.9921875
23206,23206,13050.2353515625
23207,23207,6188.5126953125
23208,23208,66186.5234375
23209,23209,7535.0498046875
23210,23210,12080.6728515625
23211,23211,3887128.5
23212,23212,7683.0869140625
23213,23213,6633.0185546875
23214,23214,5812.1962890625
23215,23215,9590.009765625
23216,23216,11493.2880859375
23217,23217,17813.337890625
23218,23218,28614.69921875
23219,23219,30953.83203125
23220,23220,252063.078125
23221,23221,2378035.25
23222,23222,7648.537109375
23223,23223,5169.84423828125
23224,23224,12762.78515625
23225,23225,7633.8779296875
23226,23226,10450.228515625
23227,23227,14035.5869140625
23228,23228,2888.252197265625
23229,23229,42553.79296875
23230,23230,4857.603515625
23231,23231,7396.2373046875
23232,23232,37796.7890625
23233,23233,11500.92578125
23234,23234,6242.10595703125
23235,23235,7821.40771484375
23236,23236,23416.486328125
23237,23237,2389.593017578125
23238,23238,16798.7890625
23239,23239,20501.87890625
23240,23240,4890.06103515625
23241,23241,9493.626953125
23242,23242,6139.79541015625
23243,23243,112256.4140625
23244,23244,45174.81640625
23245,23245,8317.9658203125
23246,23246,6083.6962890625
23247,23247,8687.5654296875
23248,23248,9771.0048828125
23249,23249,28018.095703125
23250,23250,6879.65966796875
23251,23251,7931.26611328125
23252,23252,5997.05126953125
23253,23253,8012.8828125
23254,23254,10326.7177734375
23255,23255,10329.6396484375
23256,23256,6897.677734375
23257,23257,6961.9326171875
23258,23258,31516.345703125
23259,23259,8582.2373046875
23260,23260,6917.60791015625
23261,23261,5088.4150390625
23262,23262,9054.9970703125
23263,23263,8336.0517578125
23264,23264,4221.23583984375
23265,23265,4887.3369140625
23266,23266,6464.71826171875
23267,23267,53710.33984375
23268,23268,12510.513671875
23269,23269,6495.56982421875
23270,23270,5285.3056640625
23271,23271,6396.22900390625
23272,23272,13658.8046875
23273,23273,9056.876953125
23274,23274,6224.57080078125
23275,23275,9371.7744140625
23276,23276,13024.4169921875
23277,23277,5258.234375
23278,23278,9409.37109375
23279,23279,6877.35595703125
23280,23280,17918.94921875
23281,23281,17448.66015625
23282,23282,38253.17578125
23283,23283,7491.25390625
23284,23284,8936.0078125
23285,23285,19776.2265625
23286,23286,17228.896484375
23287,23287,41939.5859375
23288,23288,10200.1845703125
23289,23289,12149.7099609375
23290,23290,5452.05078125
23291,23291,7175.98486328125
23292,23292,4242.68505859375
23293,23293,7404.43115234375
23294,23294,42138.765625
23295,23295,7877.5107421875
23296,23296,6098.341796875
23297,23297,8440.1845703125
23298,23298,12110.1181640625
23299,23299,9692.9970703125
23300,23300,6873.0849609375
23301,23301,5731.18017578125
23302,23302,5604.24169921875
23303,23303,12688.5810546875
23304,23304,22776.951171875
23305,23305,17259.951171875
23306,23306,21570.234375
23307,23307,7022.50341796875
23308,23308,8814.9658203125
23309,23309,11776.349609375
23310,23310,47717.49609375
23311,23311,4169.87255859375
23312,23312,15991.66015625
23313,23313,5765.01123046875
23314,23314,20592.73828125
23315,23315,189233.078125
23316,23316,13646.9833984375
23317,23317,12786.4638671875
23318,23318,7832.50341796875
23319,23319,7139.173828125
23320,23320,60499.9453125
23321,23321,98807.5546875
23322,23322,3846.545654296875
23323,23323,86551.8828125
23324,23324,7647.97314453125
23325,23325,7148.6435546875
23326,23326,16908.53125
23327,23327,6638.15673828125
23328,23328,18329.107421875
23329,23329,14580.6767578125
23330,23330,7208.0986328125
23331,23331,13657.4794921875
23332,23332,7605.734375
23333,23333,18421.408203125
23334,23334,7224.9599609375
23335,23335,6819.697265625
23336,23336,7663.70263671875
23337,23337,8825.6455078125
23338,23338,162382.703125
23339,23339,5741.0126953125
23340,23340,11488.7177734375
23341,23341,6869.46533203125
23342,23342,12581.642578125
23343,23343,17366.099609375
23344,23344,19312.30078125
23345,23345,12965.4560546875
23346,23346,6666.1728515625
23347,23347,1463309.375
23348,23348,29609.609375
23349,23349,6276.56201171875
23350,23350,10712.9609375
23351,23351,33824.875
23352,23352,5520.591796875
23353,23353,22567.6328125
23354,23354,244282.640625
23355,23355,6449.66552734375
23356,23356,4287.56005859375
23357,23357,14678.748046875
23358,23358,118231.6875
23359,23359,45289.79296875
23360,23360,17542.59765625
23361,23361,5083.505859375
23362,23362,6732.81787109375
23363,23363,9252.3212890625
23364,23364,41256.4765625
23365,23365,14759.544921875
23366,23366,181417.171875
23367,23367,10457.767578125
23368,23368,39900.41796875
23369,23369,16297.927734375
23370,23370,106875.59375
23371,23371,39525.76171875
23372,23372,10125.4970703125
23373,23373,14182.546875
23374,23374,6543.03857421875
23375,23375,10312.8212890625
23376,23376,7512.546875
23377,23377,5335.89697265625
23378,23378,8347.82421875
23379,23379,11691.455078125
23380,23380,69329.765625
23381,23381,6319.140625
23382,23382,7941.91357421875
23383,23383,26233.458984375
23384,23384,6272.9755859375
23385,23385,4925.19677734375
23386,23386,7563.5625
23387,23387,5380.3359375
23388,23388,47805.5390625
23389,23389,19405.140625
23390,23390,197090.640625
23391,23391,7597.76220703125
23392,23392,6031.86962890625
23393,23393,7346.21533203125
23394,23394,44775.53125
23395,23395,151340.734375
23396,23396,3165204.75
23397,23397,27409.427734375
23398,23398,76608.5703125
23399,23399,7436.99072265625
23400,23400,5263.77001953125
23401,23401,12363.8955078125
23402,23402,9050.5224609375
23403,23403,29333.37890625
23404,23404,49088.8046875
23405,23405,5982.98583984375
23406,23406,24958.990234375
23407,23407,14916.236328125
23408,23408,6563.34765625
23409,23409,7381.697265625
23410,23410,7989.82666015625
23411,23411,10752.814453125
23412,23412,20232.90234375
23413,23413,4857.0986328125
23414,23414,23386.38671875
23415,23415,16574.73046875
23416,23416,10353.7412109375
23417,23417,115409.703125
23418,23418,3621.8876953125
23419,23419,7240.1591796875
23420,23420,13762.4638671875
23421,23421,8345.3017578125
23422,23422,7046.8037109375
23423,23423,8241.7822265625
23424,23424,5940.03271484375
23425,23425,10586.2880859375
23426,23426,7455.32373046875
23427,23427,4682.0107421875
23428,23428,6960.1484375
23429,23429,25280.5234375
23430,23430,6255.9462890625
23431,23431,6036.251953125
23432,23432,11105.583984375
23433,23433,195676.765625
23434,23434,78101.125
23435,23435,6911.0625
23436,23436,11561.3359375
23437,23437,9657.2939453125
23438,23438,39759.98828125
23439,23439,8529.228515625
23440,23440,21234.9453125
23441,23441,5250.47900390625
23442,23442,27152.005859375
23443,23443,35487.40234375
23444,23444,8826.3193359375
23445,23445,7404.130859375
23446,23446,11240.83203125
23447,23447,12283.193359375
23448,23448,3733.09619140625
23449,23449,7666.27099609375
23450,23450,311068.34375
23451,23451,5263.71630859375
23452,23452,11942.3583984375
23453,23453,8594.9443359375
23454,23454,9390.3330078125
23455,23455,4992.30029296875
23456,23456,11191.6181640625
23457,23457,11881.1064453125
23458,23458,9769.7978515625
23459,23459,8107.755859375
23460,23460,22759.47265625
23461,23461,19674.30859375
23462,23462,16254.9599609375
23463,23463,5370.3154296875
23464,23464,12439.81640625
23465,23465,17149.689453125
23466,23466,6025.70263671875
23467,23467,5954.8798828125
23468,23468,5869.4931640625
23469,23469,4956.79541015625
23470,23470,32164044.0
23471,23471,7375.556640625
23472,23472,7576.49072265625
23473,23473,12544.9482421875
23474,23474,25293.388671875
23475,23475,17291.265625
23476,23476,10328.646484375
23477,23477,47505.23828125
23478,23478,34072.24609375
23479,23479,5438.666015625
23480,23480,6385.97705078125
23481,23481,3918.830810546875
23482,23482,15807.4931640625
23483,23483,12670.53515625
23484,23484,7625.24853515625
23485,23485,6791.91357421875
23486,23486,11625.501953125
23487,23487,7610.0888671875
23488,23488,6145.88037109375
23489,23489,9378.50390625
23490,23490,5416.69091796875
23491,23491,6339.73388671875
23492,23492,5584.65478515625
23493,23493,7495.0771484375
23494,23494,5078.81201171875
23495,23495,11284.330078125
23496,23496,59271.109375
23497,23497,31518.7734375
23498,23498,8007.80615234375
23499,23499,8300.9501953125
23500,23500,13251.0234375
23501,23501,7200.5986328125
23502,23502,163621.53125
23503,23503,7120.71240234375
23504,23504,4880.31494140625
23505,23505,6857.9521484375
23506,23506,11013.623046875
23507,23507,7041.69384765625
23508,23508,21597.93359375
23509,23509,44590.21875
23510,23510,9171.884765625
23511,23511,6738.96240234375
23512,23512,166988.046875
23513,23513,114828.7578125
23514,23514,5841.09375
23515,23515,12347.875
23516,23516,20758.392578125
23517,23517,11159.74609375
23518,23518,6258.7119140625
23519,23519,6341.94287109375
23520,23520,7247.21484375
23521,23521,18056.673828125
23522,23522,7166.71875
23523,23523,6620.083984375
23524,23524,6493.0498046875
23525,23525,10265.0947265625
23526,23526,5906.08544921875
23527,23527,15026.2998046875
23528,23528,75463.6171875
23529,23529,141260.8125
23530,23530,13012.798828125
23531,23531,6475.62109375
23532,23532,63308.29296875
23533,23533,25938.115234375
23534,23534,4944.21435546875
23535,23535,3253.666259765625
23536,23536,16926.529296875
23537,23537,5503.73974609375
23538,23538,7833.83203125
23539,23539,5131.50439453125
23540,23540,5325.1904296875
23541,23541,8852.5029296875
23542,23542,2343119.5
23543,23543,8437.6865234375
23544,23544,3137.296142578125
23545,23545,24632.431640625
23546,23546,14069.8994140625
23547,23547,10234.794921875
23548,23548,11770.7236328125
23549,23549,3425730.0
23550,23550,150728.109375
23551,23551,6626.29052734375
23552,23552,5377.19287109375
23553,23553,6112.11669921875
23554,23554,5619.8662109375
23555,23555,6387.0107421875
23556,23556,10460.623046875
23557,23557,9548.873046875
23558,23558,10164.0703125
23559,23559,6453.87158203125
23560,23560,3825.3662109375
23561,23561,9319.814453125
23562,23562,9143.8076171875
23563,23563,64782.16796875
23564,23564,5872.18408203125
23565,23565,7367.6025390625
23566,23566,10992.80078125
23567,23567,5988.48974609375
23568,23568,5881.439453125
23569,23569,15715.7021484375
23570,23570,7089.4970703125
23571,23571,97909.2421875
23572,23572,4267.3232421875
23573,23573,6700.951171875
23574,23574,5699.37548828125
23575,23575,9542.337890625
23576,23576,2784.488525390625
23577,23577,16328.34765625
23578,23578,36968.75390625
23579,23579,14793.9912109375
23580,23580,21124.005859375
23581,23581,60457.515625
23582,23582,144040.15625
23583,23583,11786.77734375
23584,23584,5353.49755859375
23585,23585,12408.1591796875
23586,23586,10123.142578125
23587,23587,9787.8359375
23588,23588,12627.765625
23589,23589,4841.73486328125
23590,23590,8853.125
23591,23591,5181.57763671875
23592,23592,5434.91943359375
23593,23593,8537.1875
23594,23594,6527.60595703125
23595,23595,6306.37646484375
23596,23596,25437.81640625
23597,23597,8726.693359375
23598,23598,6576.068359375
23599,23599,15261.4658203125
23600,23600,5224820.5
23601,23601,7359.83203125
23602,23602,8465.171875
23603,23603,28178.8125
23604,23604,6163.12109375
23605,23605,13907.81640625
23606,23606,5597.05859375
23607,23607,5494.79931640625
23608,23608,5776.46435546875
23609,23609,10100.70703125
23610,23610,6419.66943359375
23611,23611,14123.8671875
23612,23612,5230.13720703125
23613,23613,7656.8447265625
23614,23614,10094.9189453125
23615,23615,8496.7958984375
23616,23616,5599.0732421875
23617,23617,50912.75
23618,23618,12496.68359375
23619,23619,6982.6591796875
23620,23620,77350.3203125
23621,23621,22901.15234375
23622,23622,6512.18359375
23623,23623,9331.498046875
23624,23624,19651.458984375
23625,23625,7472.9267578125
23626,23626,8561.7314453125
23627,23627,8072.978515625
23628,23628,5697.2958984375
23629,23629,6188.79296875
23630,23630,5354.3701171875
23631,23631,39397.4609375
23632,23632,6571.00634765625
23633,23633,6704.73876953125
23634,23634,5324.89697265625
23635,23635,13849.3466796875
23636,23636,36054.9296875
23637,23637,22593.234375
23638,23638,6831.4833984375
23639,23639,10676.1318359375
23640,23640,47676.62109375
23641,23641,7315.49951171875
23642,23642,4732.39111328125
23643,23643,7907.63671875
23644,23644,19312.4609375
23645,23645,6376.02099609375
23646,23646,14228.271484375
23647,23647,21733.02734375
23648,23648,22933.900390625
23649,23649,5154.1982421875
23650,23650,10945.578125
23651,23651,9533.8310546875
23652,23652,6003.1396484375
23653,23653,4649.87890625
23654,23654,6346.0927734375
23655,23655,8165.484375
23656,23656,4409.41845703125
23657,23657,6331.10009765625
23658,23658,8248.787109375
23659,23659,17323.8125
23660,23660,7200.46484375
23661,23661,7750.13330078125
23662,23662,6620.1142578125
23663,23663,4747.24072265625
23664,23664,6716.9931640625
23665,23665,7685.81005859375
23666,23666,20308.7109375
23667,23667,10947.57421875
23668,23668,23750.232421875
23669,23669,10329.541015625
23670,23670,50495.53125
23671,23671,9265.7734375
23672,23672,8233.986328125
23673,23673,7681.23876953125
23674,23674,6802.603515625
23675,23675,7964.59814453125
23676,23676,383907.25
23677,23677,12567.16796875
23678,23678,6522.7509765625
23679,23679,52031.41015625
23680,23680,180420.953125
23681,23681,3179.773193359375
23682,23682,6518.3701171875
23683,23683,29119.796875
23684,23684,6248.716796875
23685,23685,3921.52001953125
23686,23686,2803.886962890625
23687,23687,6481.876953125
23688,23688,7625.732421875
23689,23689,9269.638671875
23690,23690,6152.30810546875
23691,23691,12290.7763671875
23692,23692,28663.14453125
23693,23693,44526.97265625
23694,23694,8378.4228515625
23695,23695,35381.9453125
23696,23696,33206.58203125
23697,23697,7483.525390625
23698,23698,59624.7109375
23699,23699,215295.4375
23700,23700,12799.6943359375
23701,23701,169967.46875
23702,23702,6982.52490234375
23703,23703,7166.39892578125
23704,23704,54345.35546875
23705,23705,5676.19091796875
23706,23706,10625.9873046875
23707,23707,17473.927734375
23708,23708,4050.218994140625
23709,23709,7005.00537109375
23710,23710,7722.62841796875
23711,23711,7071.88134765625
23712,23712,5140.359375
23713,23713,7592.212890625
23714,23714,37793.78515625
23715,23715,8087.5869140625
23716,23716,6618.39697265625
23717,23717,7257.283203125
23718,23718,4606.49951171875
23719,23719,3244.262939453125
23720,23720,20831.08984375
23721,23721,11960.63671875
23722,23722,13587.6962890625
23723,23723,18398.408203125
23724,23724,11920.283203125
23725,23725,7808.25390625
23726,23726,4908.5009765625
23727,23727,6701.1953125
23728,23728,90197.140625
23729,23729,8668.8154296875
23730,23730,179268.859375
23731,23731,7173.95263671875
23732,23732,6566.33984375
23733,23733,12124.9677734375
23734,23734,5366.04150390625
23735,23735,3488.07666015625
23736,23736,9165.2763671875
23737,23737,9918.1796875
23738,23738,7475.12158203125
23739,23739,6852.740234375
23740,23740,193179.65625
23741,23741,5749.64599609375
23742,23742,4109.4521484375
23743,23743,6545.396484375
23744,23744,6778.79052734375
23745,23745,13571.8369140625
23746,23746,10117.25390625
23747,23747,7958.955078125
23748,23748,9602.2900390625
23749,23749,13672.0205078125
23750,23750,13171.9658203125
23751,23751,7478.52783203125
23752,23752,5326.080078125
23753,23753,8473.1103515625
23754,23754,4532.32470703125
23755,23755,6623.87255859375
23756,23756,238564.890625
23757,23757,14107.54296875
23758,23758,8191.90966796875
23759,23759,7953.59765625
23760,23760,7416.13818359375
23761,23761,8349.8828125
23762,23762,21226.759765625
23763,23763,29864.6953125
23764,23764,7324.59423828125
23765,23765,9481.5205078125
23766,23766,11307.4921875
23767,23767,13360.2978515625
23768,23768,136520.28125
23769,23769,13507.2802734375
23770,23770,6614.765625
23771,23771,10037.8193359375
23772,23772,6911.26416015625
23773,23773,148875.296875
23774,23774,6289.97509765625
23775,23775,7226.8447265625
23776,23776,14023.0859375
23777,23777,14357.30078125
23778,23778,6840.0712890625
23779,23779,146088.34375
23780,23780,9313.091796875
23781,23781,10706.654296875
23782,23782,33616.48046875
23783,23783,11396.833984375
23784,23784,5426.88134765625
23785,23785,38439.51171875
23786,23786,10296.1240234375
23787,23787,6045.48828125
23788,23788,6264.693359375
23789,23789,6547.56396484375
23790,23790,6402.1240234375
23791,23791,11739.845703125
23792,23792,6560.19091796875
23793,23793,61490.328125
23794,23794,10629.11328125
23795,23795,6005.08642578125
23796,23796,52128.9375
23797,23797,5856.2177734375
23798,23798,7896.46728515625
23799,23799,27951.099609375
23800,23800,19267.6875
23801,23801,12992.515625
23802,23802,7406.7373046875
23803,23803,6045.7314453125
23804,23804,153646.8125
23805,23805,4400.56640625
23806,23806,4305.72509765625
23807,23807,8325.7099609375
23808,23808,2566.613525390625
23809,23809,6557.62841796875
23810,23810,26706.623046875
23811,23811,6091.80712890625
23812,23812,10467.03515625
23813,23813,4760.68310546875
23814,23814,6127.78759765625
23815,23815,6304.64599609375
23816,23816,4722.65087890625
23817,23817,2132319.75
23818,23818,6321.4189453125
23819,23819,52966.4921875
23820,23820,7893.2548828125
23821,23821,25255.408203125
23822,23822,15957.3037109375
23823,23823,7216.03466796875
23824,23824,7756.29150390625
23825,23825,9115.333984375
23826,23826,18373.439453125
23827,23827,8030.73583984375
23828,23828,7759.9296875
23829,23829,123135.9296875
23830,23830,4935.689453125
23831,23831,6123.92333984375
23832,23832,61087.94921875
23833,23833,7409.6640625
23834,23834,15529.671875
23835,23835,8580.626953125
23836,23836,12976.4658203125
23837,23837,46060.4765625
23838,23838,23396.48828125
23839,23839,53653.30078125
23840,23840,6154.91455078125
23841,23841,7797.1494140625
23842,23842,8040.6875
23843,23843,5569.1533203125
23844,23844,11333.841796875
23845,23845,210441.734375
23846,23846,14282.40625
23847,23847,104557.2421875
23848,23848,65533.703125
23849,23849,8386.146484375
23850,23850,11009.30859375
23851,23851,5587.265625
23852,23852,5758.5390625
23853,23853,142635.265625
23854,23854,3195.43603515625
23855,23855,6231.29931640625
23856,23856,16810.505859375
23857,23857,11924.4091796875
23858,23858,7350.40625
23859,23859,34779.0859375
23860,23860,32497.025390625
23861,23861,11484.181640625
23862,23862,7783.18408203125
23863,23863,29131.125
23864,23864,12262.888671875
23865,23865,13149.8916015625
23866,23866,158586.546875
23867,23867,12030.830078125
23868,23868,9440.58203125
23869,23869,8533.013671875
23870,23870,11200.8955078125
23871,23871,16382.12890625
23872,23872,26700.2734375
23873,23873,9912.580078125
23874,23874,7519.55908203125
23875,23875,9226.7578125
23876,23876,7981.39697265625
23877,23877,8676.7978515625
23878,23878,8144.93115234375
23879,23879,6985.609375
23880,23880,20333.759765625
23881,23881,14337.1640625
23882,23882,9703.9365234375
23883,23883,7659.39794921875
23884,23884,46214.51171875
23885,23885,8786.669921875
23886,23886,84496.6328125
23887,23887,16716.849609375
23888,23888,151403.140625
23889,23889,6072.46435546875
23890,23890,4306.77783203125
23891,23891,19554.8359375
23892,23892,85437.5234375
23893,23893,8236.3388671875
23894,23894,5457.8828125
23895,23895,8024.4755859375
23896,23896,6407.63916015625
23897,23897,5593.40283203125
23898,23898,11449.7255859375
23899,23899,8873.9921875
23900,23900,12527.58203125
23901,23901,6202.951171875
23902,23902,7698.50439453125
23903,23903,7445.89453125
23904,23904,8698.1181640625
23905,23905,12393.267578125
23906,23906,9067.474609375
23907,23907,14550.0625
23908,23908,7183.89013671875
23909,23909,10132.7001953125
23910,23910,8616.041015625
23911,23911,8440.73828125
23912,23912,5744.28955078125
23913,23913,50896.6875
23914,23914,12887.453125
23915,23915,8414.5751953125
23916,23916,4560.21240234375
23917,23917,66421.0078125
23918,23918,4003942.25
23919,23919,57214.33984375
23920,23920,8297.33984375
23921,23921,124836.9296875
23922,23922,6057.21875
23923,23923,14220.4619140625
23924,23924,14788.8828125
23925,23925,4519.3671875
23926,23926,7065.68505859375
23927,23927,23800.43359375
23928,23928,7968.5703125
23929,23929,13169.720703125
23930,23930,9565.5126953125
23931,23931,9018.5673828125
23932,23932,34713.8125
23933,23933,2413337.75
23934,23934,42587.1328125
23935,23935,6042.48486328125
23936,23936,7090.30126953125
23937,23937,5734.64306640625
23938,23938,50346.60546875
23939,23939,21422.240234375
23940,23940,29073.34375
23941,23941,16360.58203125
23942,23942,12676.263671875
23943,23943,4496.0751953125
23944,23944,4964.484375
23945,23945,8178.80078125
23946,23946,27048.001953125
23947,23947,9367.2041015625
23948,23948,7837.27734375
23949,23949,7953.5341796875
23950,23950,15772.58203125
23951,23951,7784.77490234375
23952,23952,10668.4150390625
23953,23953,123401.2265625
23954,23954,25678.5703125
23955,23955,5788.25634765625
23956,23956,8408.25
23957,23957,4727.74560546875
23958,23958,77490.9609375
23959,23959,8540.1923828125
23960,23960,7524.79345703125
23961,23961,5522.6171875
23962,23962,6488.41943359375
23963,23963,12029.73828125
23964,23964,11119.1162109375
23965,23965,8590.7666015625
23966,23966,12487.1240234375
23967,23967,82014.1796875
23968,23968,23165.75390625
23969,23969,16433.8046875
23970,23970,8050.75244140625
23971,23971,31727.744140625
23972,23972,25810.26953125
23973,23973,15307.7392578125
23974,23974,142792.4375
23975,23975,7516.33154296875
23976,23976,12105.892578125
23977,23977,7270.93505859375
23978,23978,7159.6650390625
23979,23979,10055.744140625
23980,23980,3733.474365234375
23981,23981,21363.3125
23982,23982,5114.86865234375
23983,23983,5832.32958984375
23984,23984,14198.7080078125
23985,23985,6108.42138671875
23986,23986,8929.115234375
23987,23987,6814.10009765625
23988,23988,13562.318359375
23989,23989,13123.751953125
23990,23990,11832.7138671875
23991,23991,5765.4853515625
23992,23992,8000.31103515625
23993,23993,5499.44140625
23994,23994,9547.568359375
23995,23995,6239.58740234375
23996,23996,107735.9765625
23997,23997,13105.6728515625
23998,23998,13239.302734375
23999,23999,56871.1015625
24000,24000,31546.7578125
24001,24001,100235.484375
24002,24002,431953.125
24003,24003,12629.8291015625
24004,24004,3641.863037109375
24005,24005,13875.6953125
24006,24006,2249770.0
24007,24007,58172.1640625
24008,24008,8210.41015625
24009,24009,23026.71875
24010,24010,9046.5751953125
24011,24011,9043.75390625
24012,24012,5913.359375
24013,24013,12208.52734375
24014,24014,19408.4140625
24015,24015,6901.6572265625
24016,24016,13725.5419921875
24017,24017,7914.64306640625
24018,24018,154685.9375
24019,24019,54336.078125
24020,24020,40272.60546875
24021,24021,5918.263671875
24022,24022,39152.16796875
24023,24023,7748.126953125
24024,24024,8796.5732421875
24025,24025,18338.029296875
24026,24026,8711.8017578125
24027,24027,38663.87890625
24028,24028,3995.97021484375
24029,24029,14727.4951171875
24030,24030,3228.77099609375
24031,24031,105424.703125
24032,24032,18005.255859375
24033,24033,11492.064453125
24034,24034,90657.265625
24035,24035,10051.8955078125
24036,24036,5810.9541015625
24037,24037,16879.90234375
24038,24038,7986.70263671875
24039,24039,5466.53857421875
24040,24040,23723.619140625
24041,24041,9948.6796875
24042,24042,6584.68798828125
24043,24043,6362.62841796875
24044,24044,6274.634765625
24045,24045,426131.625
24046,24046,6027.32080078125
24047,24047,7915.09375
24048,24048,10960.0830078125
24049,24049,6299.896484375
24050,24050,17137.90625
24051,24051,9870.234375
24052,24052,9346.345703125
24053,24053,6329.0810546875
24054,24054,33282.88671875
24055,24055,6137.810546875
24056,24056,8254.3095703125
24057,24057,8151.34375
24058,24058,55004.25
24059,24059,8566.837890625
24060,24060,13096.9052734375
24061,24061,41438.3046875
24062,24062,8274.0126953125
24063,24063,14202.3232421875
24064,24064,17844.181640625
24065,24065,7748.84912109375
24066,24066,6807.29638671875
24067,24067,20316.23046875
24068,24068,8381.8642578125
24069,24069,15146.4990234375
24070,24070,9759.3671875
24071,24071,17476.83984375
24072,24072,37449.75390625
24073,24073,8731.4814453125
24074,24074,8682.0087890625
24075,24075,6799.96240234375
24076,24076,10293.88671875
24077,24077,12298.462890625
24078,24078,119849.6875
24079,24079,17622.0390625
24080,24080,9926.9580078125
24081,24081,166335.203125
24082,24082,87675.0703125
24083,24083,8247.732421875
24084,24084,9231.4189453125
24085,24085,9468.0888671875
24086,24086,12490.68359375
24087,24087,17679.23828125
24088,24088,7784.9697265625
24089,24089,9035.6591796875
24090,24090,5892.037109375
24091,24091,9537.14453125
24092,24092,9572.51171875
24093,24093,15991.533203125
24094,24094,5800.6884765625
24095,24095,5373.927734375
24096,24096,42285.3671875
24097,24097,9688.494140625
24098,24098,142198.015625
24099,24099,4420.02490234375
24100,24100,7203.2783203125
24101,24101,8279.0478515625
24102,24102,5568.556640625
24103,24103,14752.8662109375
24104,24104,57408.984375
24105,24105,8928.3896484375
24106,24106,7766.1611328125
24107,24107,16792.041015625
24108,24108,6720.73193359375
24109,24109,3984.78173828125
24110,24110,7030.22705078125
24111,24111,20254.716796875
24112,24112,12063.7734375
24113,24113,8033.95654296875
24114,24114,173326.1875
24115,24115,7347.15625
24116,24116,9434.4208984375
24117,24117,47955.390625
24118,24118,11969.5107421875
24119,24119,9975.4072265625
24120,24120,44918.16796875
24121,24121,5918.06103515625
24122,24122,116768.2421875
24123,24123,8532.6474609375
24124,24124,19298.197265625
24125,24125,4135.65771484375
24126,24126,13077.2060546875
24127,24127,5410.02978515625
24128,24128,8012.208984375
24129,24129,132513.25
24130,24130,7131.537109375
24131,24131,20157.833984375
24132,24132,6376.8544921875
24133,24133,6203.9052734375
24134,24134,4573.47119140625
24135,24135,13711.9345703125
24136,24136,7599.34765625
24137,24137,6293.58935546875
24138,24138,12659.119140625
24139,24139,7566.15283203125
24140,24140,7305.60205078125
24141,24141,5733.28515625
24142,24142,63634.8359375
24143,24143,23942.583984375
24144,24144,8691.5546875
24145,24145,7995.529296875
24146,24146,8001.62890625
24147,24147,8041.8916015625
24148,24148,170947.5625
24149,24149,41893.19140625
24150,24150,5926.33251953125
24151,24151,11053.5146484375
24152,24152,12652.5458984375
24153,24153,14907.509765625
24154,24154,7852.94580078125
24155,24155,7135.11767578125
24156,24156,6933.29833984375
24157,24157,9498.17578125
24158,24158,33336.99609375
24159,24159,7139.54931640625
24160,24160,7929.33251953125
24161,24161,8871.19921875
24162,24162,6889.71533203125
24163,24163,59500.41796875
24164,24164,20536.71484375
24165,24165,6916.474609375
24166,24166,10466.265625
24167,24167,6598.220703125
24168,24168,14867.947265625
24169,24169,68454.4140625
24170,24170,143640.34375
24171,24171,6779.56396484375
24172,24172,5835.87548828125
24173,24173,7986.94677734375
24174,24174,12570.6787109375
24175,24175,3746.616943359375
24176,24176,27642.53515625
24177,24177,7875.28466796875
24178,24178,5660.7236328125
24179,24179,44393.17578125
24180,24180,38124.19921875
24181,24181,6010.08837890625
24182,24182,7034.23486328125
24183,24183,19982.923828125
24184,24184,6454.8720703125
24185,24185,7433.20166015625
24186,24186,45634.5
24187,24187,6593.11572265625
24188,24188,5659.31103515625
24189,24189,5110.98046875
24190,24190,5554.02783203125
24191,24191,65684.3046875
24192,24192,9588.900390625
24193,24193,3816.60791015625
24194,24194,103496.8046875
24195,24195,16831.521484375
24196,24196,8120.42578125
24197,24197,8317.8291015625
24198,24198,12835.68359375
24199,24199,60329.80078125
24200,24200,10080.2421875
24201,24201,4677.05126953125
24202,24202,6991.935546875
24203,24203,8063.68212890625
24204,24204,18707.037109375
24205,24205,7329359.5
24206,24206,5507.7470703125
24207,24207,6452.99755859375
24208,24208,6175.7353515625
24209,24209,18795.9453125
24210,24210,8493.322265625
24211,24211,28614.9140625
24212,24212,6740.7177734375
24213,24213,7208.67822265625
24214,24214,63030.98046875
24215,24215,3799.73388671875
24216,24216,8954.1376953125
24217,24217,8358.2880859375
24218,24218,13155.8642578125
24219,24219,21191.9765625
24220,24220,9069.62890625
24221,24221,7670.3798828125
24222,24222,11494.8681640625
24223,24223,87164.5
24224,24224,4789.80322265625
24225,24225,13429.62890625
24226,24226,8073.3564453125
24227,24227,263187.5
24228,24228,9705.6083984375
24229,24229,24251.986328125
24230,24230,7827.21240234375
24231,24231,10560.455078125
24232,24232,6173.5966796875
24233,24233,10360.8369140625
24234,24234,6604.333984375
24235,24235,7237.888671875
24236,24236,11897.0615234375
24237,24237,23163.68359375
24238,24238,9000.36328125
24239,24239,10185.822265625
24240,24240,12180.353515625
24241,24241,6011.53369140625
24242,24242,47481.29296875
24243,24243,4079.86181640625
24244,24244,226441.109375
24245,24245,14291.1337890625
24246,24246,30974.0546875
24247,24247,15726.4404296875
24248,24248,9644.8876953125
24249,24249,8119.53369140625
24250,24250,10831.203125
24251,24251,6068.65576171875
24252,24252,7402.5673828125
24253,24253,9958.642578125
24254,24254,38664.47265625
24255,24255,10305.9248046875
24256,24256,6334.15625
24257,24257,7677.5966796875
24258,24258,7716.119140625
24259,24259,6521.89697265625
24260,24260,9353.9931640625
24261,24261,6596.71044921875
24262,24262,5475.3466796875
24263,24263,17485.486328125
24264,24264,4153.4560546875
24265,24265,82609.9765625
24266,24266,9479.619140625
24267,24267,16262.126953125
24268,24268,9432.130859375
24269,24269,22499.84765625
24270,24270,27497.7421875
24271,24271,217436.28125
24272,24272,15418266.0
24273,24273,5037.310546875
24274,24274,14703.85546875
24275,24275,4330.9912109375
24276,24276,32676.259765625
24277,24277,12552.861328125
24278,24278,5400.8955078125
24279,24279,10693.970703125
24280,24280,9534.748046875
24281,24281,15512.5947265625
24282,24282,5982.912109375
24283,24283,5332.75146484375
24284,24284,5541.52880859375
24285,24285,4011.684326171875
24286,24286,7534.83251953125
24287,24287,7559.71923828125
24288,24288,7641.37060546875
24289,24289,7930.279296875
24290,24290,73920.1875
24291,24291,6489.2138671875
24292,24292,11913.99609375
24293,24293,20908.8046875
24294,24294,21981.69921875
24295,24295,3898.102783203125
24296,24296,5299.59765625
24297,24297,18643.6015625
24298,24298,9757.1728515625
24299,24299,6588.5771484375
24300,24300,6596.37890625
24301,24301,14330.77734375
24302,24302,5643.0869140625
24303,24303,10695.2421875
24304,24304,40478.41796875
24305,24305,5674.6240234375
24306,24306,4032.284423828125
24307,24307,3600.964111328125
24308,24308,5726.45654296875
24309,24309,42434.52734375
24310,24310,95171.5
24311,24311,21781.80078125
24312,24312,24132.095703125
24313,24313,6330.89111328125
24314,24314,32154.296875
24315,24315,105255.2734375
24316,24316,25370.744140625
24317,24317,6898.41455078125
24318,24318,8763.896484375
24319,24319,5793.501953125
24320,24320,6141.66015625
24321,24321,8360.7529296875
24322,24322,7075.412109375
24323,24323,10308.181640625
24324,24324,26948.447265625
24325,24325,9738.6533203125
24326,24326,33933.5546875
24327,24327,207350.171875
24328,24328,5768.88671875
24329,24329,10095.59765625
24330,24330,56909.984375
24331,24331,21054.36328125
24332,24332,70485.5390625
24333,24333,7211.9658203125
24334,24334,5668.5400390625
24335,24335,25677.837890625
24336,24336,8374.36328125
24337,24337,7040.525390625
24338,24338,168330.15625
24339,24339,12302.775390625
24340,24340,11190.9150390625
24341,24341,7514.0634765625
24342,24342,10397.51953125
24343,24343,395144.78125
24344,24344,12212.640625
24345,24345,45216.375
24346,24346,76219.5234375
24347,24347,18509.978515625
24348,24348,9222.9580078125
24349,24349,7552.18310546875
24350,24350,6221.5078125
24351,24351,30732.541015625
24352,24352,5729.84619140625
24353,24353,13153.689453125
24354,24354,4929.98193359375
24355,24355,9977.037109375
24356,24356,15528.3642578125
24357,24357,14554.1708984375
24358,24358,12517.5263671875
24359,24359,9769.234375
24360,24360,33692.34765625
24361,24361,5870.60009765625
24362,24362,7535.11669921875
24363,24363,5946.4345703125
24364,24364,5113.689453125
24365,24365,12199.462890625
24366,24366,12422.328125
24367,24367,9665.4658203125
24368,24368,42593.51171875
24369,24369,8678.17578125
24370,24370,9111.3955078125
24371,24371,6158.7021484375
24372,24372,8836.8623046875
24373,24373,20884.0703125
24374,24374,6715.5087890625
24375,24375,7518.10009765625
24376,24376,5982.611328125
24377,24377,7100.47802734375
24378,24378,6584.51904296875
24379,24379,5995.884765625
24380,24380,40664.79296875
24381,24381,10601.3486328125
24382,24382,146969.125
24383,24383,16872.01953125
24384,24384,26575.9140625
24385,24385,6909.44970703125
24386,24386,29936.6484375
24387,24387,10304.7001953125
24388,24388,7404.1240234375
24389,24389,5835.7587890625
24390,24390,62218.5390625
24391,24391,4530.97216796875
24392,24392,8750.591796875
24393,24393,5966.73681640625
24394,24394,310145.09375
24395,24395,21381.91015625
24396,24396,9189.4755859375
24397,24397,3467.06982421875
24398,24398,3365.61767578125
24399,24399,22674.025390625
24400,24400,6132.20166015625
24401,24401,5190.560546875
24402,24402,7477.03515625
24403,24403,184524.625
24404,24404,42137.18359375
24405,24405,12206.9443359375
24406,24406,5857.126953125
24407,24407,9227.208984375
24408,24408,64863.69921875
24409,24409,117239.828125
24410,24410,150533.65625
24411,24411,7699.41162109375
24412,24412,8107.71533203125
24413,24413,8671.4736328125
24414,24414,7341.99951171875
24415,24415,5101.76123046875
24416,24416,6043.25927734375
24417,24417,5531.12548828125
24418,24418,11275.705078125
24419,24419,7640.13623046875
24420,24420,9762.185546875
24421,24421,6516.88720703125
24422,24422,3424.598876953125
24423,24423,15014.69921875
24424,24424,18779.4296875
24425,24425,5258.22314453125
24426,24426,11538.8642578125
24427,24427,6345.8671875
24428,24428,9913.7001953125
24429,24429,21368.49609375
24430,24430,5072.73388671875
24431,24431,52716.25390625
24432,24432,281834.53125
24433,24433,53467.390625
24434,24434,6232.2353515625
24435,24435,34415.30078125
24436,24436,10360.2734375
24437,24437,10779.4765625
24438,24438,7352.91796875
24439,24439,96259.921875
24440,24440,5916.73388671875
24441,24441,10157.0673828125
24442,24442,3260.9951171875
24443,24443,6944.63720703125
24444,24444,9837.7333984375
24445,24445,7306.298828125
24446,24446,164702.78125
24447,24447,13097.5546875
24448,24448,6129.8134765625
24449,24449,165250.40625
24450,24450,8017.81640625
24451,24451,12107.76171875
24452,24452,2080286.25
24453,24453,7087.65087890625
24454,24454,5414.529296875
24455,24455,6237.03173828125
24456,24456,5422.3125
24457,24457,15806.2646484375
24458,24458,14363.3974609375
24459,24459,7402.03515625
24460,24460,10041.240234375
24461,24461,10534.1787109375
24462,24462,6909.9619140625
24463,24463,5948.1455078125
24464,24464,9666.6943359375
24465,24465,7486.71923828125
24466,24466,13861.7021484375
24467,24467,30517.818359375
24468,24468,6392.90771484375
24469,24469,8571.7392578125
24470,24470,7043.4130859375
24471,24471,39502.04296875
24472,24472,16665.884765625
24473,24473,6709.13671875
24474,24474,7828.54248046875
24475,24475,8356.578125
24476,24476,4581.18603515625
24477,24477,20887.34765625
24478,24478,9766.40625
24479,24479,17180.5234375
24480,24480,29624.150390625
24481,24481,4774.77099609375
24482,24482,12523.8232421875
24483,24483,10544.771484375
24484,24484,8168.54248046875
24485,24485,11014.611328125
24486,24486,10830.9970703125
24487,24487,87573.3984375
24488,24488,9361.7294921875
24489,24489,11594.3515625
24490,24490,12653.1787109375
24491,24491,5377.22216796875
24492,24492,4517.08349609375
24493,24493,5039.58544921875
24494,24494,4094.842529296875
24495,24495,6175.73193359375
24496,24496,13641.2294921875
24497,24497,6405.609375
24498,24498,6544.12646484375
24499,24499,128195.078125
24500,24500,97048.125
24501,24501,4008.674072265625
24502,24502,5484.94580078125
24503,24503,11011.443359375
24504,24504,9536.1015625
24505,24505,5212.73291015625
24506,24506,5162.58740234375
24507,24507,8352.4375
24508,24508,5683.45068359375
24509,24509,7772.02490234375
24510,24510,3610.903076171875
24511,24511,8585.6767578125
24512,24512,10154.81640625
24513,24513,10171.7666015625
24514,24514,9712.4326171875
24515,24515,6031.05322265625
24516,24516,6179.03076171875
24517,24517,20505.76171875
24518,24518,9866.8701171875
24519,24519,6403.52392578125
24520,24520,51953.125
24521,24521,7100.53125
24522,24522,7296.05419921875
24523,24523,14681.130859375
24524,24524,27205.77734375
24525,24525,4806.7548828125
24526,24526,17233.87109375
24527,24527,15673.396484375
24528,24528,34525.69140625
24529,24529,7401.9423828125
24530,24530,10105.1611328125
24531,24531,4689.712890625
24532,24532,6786.6279296875
24533,24533,12677.748046875
24534,24534,6254.033203125
24535,24535,211440.890625
24536,24536,6930.13134765625
24537,24537,5708.40576171875
24538,24538,5657.068359375
24539,24539,6610.07763671875
24540,24540,8364.298828125
24541,24541,6861.27880859375
24542,24542,19993.45703125
24543,24543,20785.150390625
24544,24544,7504.41943359375
24545,24545,97106.5703125
24546,24546,11202.0888671875
24547,24547,10225.720703125
24548,24548,8703.5400390625
24549,24549,28541.69140625
24550,24550,6639.92919921875
24551,24551,9808.7451171875
24552,24552,11472.1796875
24553,24553,14692.0048828125
24554,24554,7245.7646484375
24555,24555,86385.859375
24556,24556,6066.66455078125
24557,24557,11286.56640625
24558,24558,10773.58203125
24559,24559,8982.6015625
24560,24560,239743.421875
24561,24561,9065.87890625
24562,24562,18840.720703125
24563,24563,48068.93359375
24564,24564,178353.140625
24565,24565,8734.796875
24566,24566,6291.54541015625
24567,24567,32368.822265625
24568,24568,7732.87060546875
24569,24569,123619.2578125
24570,24570,7077.89599609375
24571,24571,6019.53271484375
24572,24572,4893.140625
24573,24573,1950289.75
24574,24574,8762.564453125
24575,24575,10216.1337890625
24576,24576,9720.205078125
24577,24577,26764238.0
24578,24578,271578.59375
24579,24579,4378.318359375
24580,24580,117990.2734375
24581,24581,16664.955078125
24582,24582,10545.123046875
24583,24583,8110.654296875
24584,24584,18602.470703125
24585,24585,7742.64794921875
24586,24586,39899.984375
24587,24587,1168.2926025390625
24588,24588,6420.7646484375
24589,24589,7329.21484375
24590,24590,7547.00927734375
24591,24591,118661.21875
24592,24592,5103.27392578125
24593,24593,5956.0068359375
24594,24594,7030.30908203125
24595,24595,6023.24267578125
24596,24596,9529.845703125
24597,24597,8242.2490234375
24598,24598,8166.8515625
24599,24599,12478.408203125
24600,24600,6300.12353515625
24601,24601,6872.146484375
24602,24602,18421.28125
24603,24603,5141.27783203125
24604,24604,7884.4501953125
24605,24605,4933.5703125
24606,24606,6349.51171875
24607,24607,11632.58203125
24608,24608,4611.38134765625
24609,24609,4126.4375
24610,24610,9153.623046875
24611,24611,7325.79296875
24612,24612,8607.0830078125
24613,24613,7587.841796875
24614,24614,10028.515625
24615,24615,8434.1025390625
24616,24616,7230.05517578125
24617,24617,11148.3662109375
24618,24618,40883.35546875
24619,24619,4170.2861328125
24620,24620,116384.90625
24621,24621,38248.28515625
24622,24622,23254.140625
24623,24623,15524.0732421875
24624,24624,7150.8623046875
24625,24625,27787.228515625
24626,24626,3738.569580078125
24627,24627,4404.79638671875
24628,24628,6252.99951171875
24629,24629,8398.8857421875
24630,24630,6221.29150390625
24631,24631,5467.4541015625
24632,24632,15013.7197265625
24633,24633,9183.38671875
24634,24634,6918.67333984375
24635,24635,7803.86328125
24636,24636,171151.5
24637,24637,7513.345703125
24638,24638,5932.55029296875
24639,24639,293133.1875
24640,24640,7298.33056640625
24641,24641,6605.87255859375
24642,24642,16518.427734375
24643,24643,21322.94140625
24644,24644,10107.2724609375
24645,24645,6648.4521484375
24646,24646,7280.78515625
24647,24647,6952.2763671875
24648,24648,8321.2421875
24649,24649,6623.2666015625
24650,24650,4937.96728515625
24651,24651,9387.2412109375
24652,24652,7426.56005859375
24653,24653,5631.2255859375
24654,24654,57220.33203125
24655,24655,5358.36669921875
24656,24656,7141.57080078125
24657,24657,7518.93310546875
24658,24658,7949.697265625
24659,24659,6252.67138671875
24660,24660,7119.921875
24661,24661,9216.912109375
24662,24662,19108.212890625
24663,24663,8294.552734375
24664,24664,7475.55322265625
24665,24665,89284.4609375
24666,24666,20226.166015625
24667,24667,12842.513671875
24668,24668,7546.39697265625
24669,24669,5452.2607421875
24670,24670,834161.8125
24671,24671,9263.876953125
24672,24672,6566.6044921875
24673,24673,2283584.25
24674,24674,12236.6669921875
24675,24675,17262.259765625
24676,24676,4262.8017578125
24677,24677,4625.24609375
24678,24678,7161.27197265625
24679,24679,5757.8515625
24680,24680,3661.4482421875
24681,24681,4408.03271484375
24682,24682,8319.908203125
24683,24683,32410.6796875
24684,24684,9242.751953125
24685,24685,12551.6357421875
24686,24686,4414.9892578125
24687,24687,10591.5390625
24688,24688,10552.064453125
24689,24689,6925.9853515625
24690,24690,9688.9912109375
24691,24691,9983.822265625
24692,24692,6015.27099609375
24693,24693,3470.64306640625
24694,24694,6117.248046875
24695,24695,11667.451171875
24696,24696,13953.41796875
24697,24697,6641.2177734375
24698,24698,42832.83984375
24699,24699,7265.26904296875
24700,24700,6772.44775390625
24701,24701,19806.017578125
24702,24702,11096.8876953125
24703,24703,6059.31640625
24704,24704,8157.43994140625
24705,24705,7302.60888671875
24706,24706,25058.890625
24707,24707,10765.255859375
24708,24708,6864.9169921875
24709,24709,7434.62158203125
24710,24710,6711.1298828125
24711,24711,12318.9150390625
24712,24712,19320.982421875
24713,24713,7046.2490234375
24714,24714,7815.62939453125
24715,24715,7296.35400390625
24716,24716,9981.015625
24717,24717,4288.3720703125
24718,24718,179436.078125
24719,24719,6891.3115234375
24720,24720,7611.154296875
24721,24721,8206.015625
24722,24722,7779.0244140625
24723,24723,12219.955078125
24724,24724,6999.77587890625
24725,24725,11471.7314453125
24726,24726,15963.646484375
24727,24727,129173.09375
24728,24728,80003.2421875
24729,24729,6183.69140625
24730,24730,10230.3076171875
24731,24731,11042.30859375
24732,24732,7550.11767578125
24733,24733,7587.130859375
24734,24734,5452.796875
24735,24735,7486.25390625
24736,24736,2629981.75
24737,24737,8610.232421875
24738,24738,15215.828125
24739,24739,9479.1611328125
24740,24740,7281.25634765625
24741,24741,7245.71337890625
24742,24742,6752.81884765625
24743,24743,10939.40234375
24744,24744,10820.818359375
24745,24745,6393.66552734375
24746,24746,6346.765625
24747,24747,20106.748046875
24748,24748,5797.2099609375
24749,24749,8453.3681640625
24750,24750,9015.7265625
24751,24751,7062.73681640625
24752,24752,7858.99755859375
24753,24753,46745.296875
24754,24754,39607.5234375
24755,24755,19750.841796875
24756,24756,11046.3310546875
24757,24757,44579.42578125
24758,24758,2639905.25
24759,24759,8573.52734375
24760,24760,7327.9287109375
24761,24761,6394.173828125
24762,24762,8546.2822265625
24763,24763,8134.88232421875
24764,24764,71490.4140625
24765,24765,5478.890625
24766,24766,6637.63427734375
24767,24767,10943.6025390625
24768,24768,23517.455078125
24769,24769,31192.013671875
24770,24770,4810.3134765625
24771,24771,6276.8017578125
24772,24772,97102.9453125
24773,24773,2891.69921875
24774,24774,6495.2451171875
24775,24775,7214771.5
24776,24776,4135.607421875
24777,24777,88453.265625
24778,24778,6768.03759765625
24779,24779,6997.41357421875
24780,24780,6059.47900390625
24781,24781,100462.515625
24782,24782,32226.84765625
24783,24783,6744.28857421875
24784,24784,25267.291015625
24785,24785,7465.2587890625
24786,24786,9799.41796875
24787,24787,18085.48828125
24788,24788,8552.166015625
24789,24789,8521.025390625
24790,24790,34399.83203125
24791,24791,7108.96044921875
24792,24792,26683.005859375
24793,24793,12566.091796875
24794,24794,11847.4580078125
24795,24795,13286.078125
24796,24796,9062.3369140625
24797,24797,14695.583984375
24798,24798,9254.9697265625
24799,24799,35068.453125
24800,24800,8557.04296875
24801,24801,137084.84375
24802,24802,10519.7412109375
24803,24803,5885.3857421875
24804,24804,47985.05859375
24805,24805,7917.33349609375
24806,24806,7477.1923828125
24807,24807,9009.30859375
24808,24808,13380.2861328125
24809,24809,22313.76953125
24810,24810,20182.5
24811,24811,22522.369140625
24812,24812,8215.9814453125
24813,24813,8769.4677734375
24814,24814,7476.29150390625
24815,24815,4460.66162109375
24816,24816,6956.72509765625
24817,24817,7647.45947265625
24818,24818,10058.357421875
24819,24819,162649.609375
24820,24820,12088.69140625
24821,24821,6027.01806640625
24822,24822,53567.76953125
24823,24823,7814.8408203125
24824,24824,42892.1796875
24825,24825,55088.64453125
24826,24826,128954.671875
24827,24827,6133.80810546875
24828,24828,7598.13916015625
24829,24829,9901.0185546875
24830,24830,8158.181640625
24831,24831,7260.189453125
24832,24832,13275.1494140625
24833,24833,18692.9453125
24834,24834,5444.529296875
24835,24835,5264.857421875
24836,24836,69147.5234375
24837,24837,8058.33935546875
24838,24838,5395.69482421875
24839,24839,8586.921875
24840,24840,7582.8818359375
24841,24841,6757.9248046875
24842,24842,18955.255859375
24843,24843,10405.7392578125
24844,24844,9110.3515625
24845,24845,48731.91015625
24846,24846,11037.751953125
24847,24847,138370.84375
24848,24848,40603.78515625
24849,24849,2801.92236328125
24850,24850,6890.19189453125
24851,24851,6875.61376953125
24852,24852,13202.203125
24853,24853,18877.26953125
24854,24854,4616.11279296875
24855,24855,7794.74267578125
24856,24856,321555.21875
24857,24857,21918.279296875
24858,24858,58096.2578125
24859,24859,18209.1796875
24860,24860,5427.712890625
24861,24861,8102.53759765625
24862,24862,6953.603515625
24863,24863,10722.24609375
24864,24864,57881.9375
24865,24865,14455.4072265625
24866,24866,34981.94140625
24867,24867,7041.3310546875
24868,24868,7909.10009765625
24869,24869,6124.5732421875
24870,24870,14133.2822265625
24871,24871,8622.703125
24872,24872,39462.1796875
24873,24873,13764.30078125
24874,24874,17409.986328125
24875,24875,7192.32958984375
24876,24876,7080.490234375
24877,24877,8433.548828125
24878,24878,10975.943359375
24879,24879,6379.27392578125
24880,24880,21192.3828125
24881,24881,109861.609375
24882,24882,5497.7060546875
24883,24883,922955.375
24884,24884,201144.984375
24885,24885,7469.208984375
24886,24886,13378.7412109375
24887,24887,6583.85400390625
24888,24888,6156.43408203125
24889,24889,4556.81494140625
24890,24890,6165.8720703125
24891,24891,126378.9765625
24892,24892,7116.755859375
24893,24893,18427.318359375
24894,24894,25864.740234375
24895,24895,71112.7890625
24896,24896,66035.9765625
24897,24897,7147.169921875
24898,24898,17482.51953125
24899,24899,27534.94140625
24900,24900,98353.453125
24901,24901,11464.29296875
24902,24902,13625.619140625
24903,24903,7352.3154296875
24904,24904,10691.74609375
24905,24905,7058.5068359375
24906,24906,4792.25732421875
24907,24907,8344.8095703125
24908,24908,41508.32421875
24909,24909,123227.3671875
24910,24910,10784.4091796875
24911,24911,139418.234375
24912,24912,4160.55078125
24913,24913,6952.5791015625
24914,24914,7860.419921875
24915,24915,104516.28125
24916,24916,30772.736328125
24917,24917,10195.9814453125
24918,24918,30925.65625
24919,24919,6178.67138671875
24920,24920,146780.53125
24921,24921,4386.927734375
24922,24922,5500.2158203125
24923,24923,16140.837890625
24924,24924,5038.39990234375
24925,24925,7200.44921875
24926,24926,15249.9072265625
24927,24927,7965.53955078125
24928,24928,59191.5390625
24929,24929,27895.697265625
24930,24930,5097.68408203125
24931,24931,7029.16015625
24932,24932,16573.28515625
24933,24933,10333.173828125
24934,24934,7262.83447265625
24935,24935,56232.640625
24936,24936,5581.1025390625
24937,24937,19381.091796875
24938,24938,15963.6005859375
24939,24939,18855.185546875
24940,24940,446593.25
24941,24941,6753.67041015625
24942,24942,4843.77734375
24943,24943,6163.146484375
24944,24944,49232.19140625
24945,24945,23479.328125
24946,24946,24455.572265625
24947,24947,12221.1171875
24948,24948,34869.93359375
24949,24949,16244.3720703125
24950,24950,12021.07421875
24951,24951,14203.6201171875
24952,24952,36143.921875
24953,24953,12922.87109375
24954,24954,20526.220703125
24955,24955,12669.8642578125
24956,24956,6984.5234375
24957,24957,6542.50390625
24958,24958,6445.40966796875
24959,24959,7294.02978515625
24960,24960,8968.93359375
24961,24961,5425.09716796875
24962,24962,32968.828125
24963,24963,8651.2177734375
24964,24964,6151.9697265625
24965,24965,57803.40234375
24966,24966,61352.2578125
24967,24967,7035.29638671875
24968,24968,79957.265625
24969,24969,6349.001953125
24970,24970,62741.3359375
24971,24971,6500.74365234375
24972,24972,16328.501953125
24973,24973,9858.55078125
24974,24974,7715.7373046875
24975,24975,7345.05712890625
24976,24976,14260.708984375
24977,24977,16267.189453125
24978,24978,4449.8603515625
24979,24979,8477.7705078125
24980,24980,21546.11328125
24981,24981,5727.5556640625
24982,24982,6159.3193359375
24983,24983,53339.05859375
24984,24984,18399.4375
24985,24985,7417.8857421875
24986,24986,5033.22265625
24987,24987,82708.2265625
24988,24988,39772.4765625
24989,24989,24736.71484375
24990,24990,25104.197265625
24991,24991,6560.1591796875
24992,24992,7068.646484375
24993,24993,28358.296875
24994,24994,114192.671875
24995,24995,38903.59375
24996,24996,9055.248046875
24997,24997,158679.296875
24998,24998,5958.5947265625
24999,24999,12957.7451171875
25000,25000,4293.28076171875
25001,25001,3695.31494140625
25002,25002,9955.759765625
25003,25003,6750.8896484375
25004,25004,20432.5625
25005,25005,7437.5576171875
25006,25006,130203.421875
25007,25007,6800.16748046875
25008,25008,5022.08935546875
25009,25009,11482.6376953125
25010,25010,7302.1025390625
25011,25011,6943.6142578125
25012,25012,19541.84765625
25013,25013,4652.91015625
25014,25014,5599.2236328125
25015,25015,7455.513671875
25016,25016,3684.35693359375
25017,25017,57460.17578125
25018,25018,9227.4423828125
25019,25019,7026.9453125
25020,25020,6349.38134765625
25021,25021,7095.11474609375
25022,25022,5694.16943359375
25023,25023,8192.1484375
25024,25024,4671.73876953125
25025,25025,87266.0703125
25026,25026,7728.642578125
25027,25027,7375.4853515625
25028,25028,8313.7783203125
25029,25029,4264.17724609375
25030,25030,5980.171875
25031,25031,7209.0380859375
25032,25032,61002.42578125
25033,25033,8134.10009765625
25034,25034,5054.93408203125
25035,25035,18016.28125
25036,25036,11696.94140625
25037,25037,93255.234375
25038,25038,5927.36865234375
25039,25039,160742.171875
25040,25040,14869.3515625
25041,25041,7147.36474609375
25042,25042,36511.8046875
25043,25043,5551.88671875
25044,25044,6847.716796875
25045,25045,6411.08642578125
25046,25046,6047.3330078125
25047,25047,59638.8671875
25048,25048,14569.236328125
25049,25049,12452.7705078125
25050,25050,6696.83056640625
25051,25051,16467.501953125
25052,25052,36239.4296875
25053,25053,1731.2493896484375
25054,25054,7570.81640625
25055,25055,6884.71484375
25056,25056,5278.2412109375
25057,25057,12501.1396484375
25058,25058,6559.728515625
25059,25059,4617.0185546875
25060,25060,5780.060546875
25061,25061,10056.0126953125
25062,25062,9743.24609375
25063,25063,5007.62109375
25064,25064,3007.754638671875
25065,25065,58621.11328125
25066,25066,9333.6533203125
25067,25067,8124.1796875
25068,25068,6101.9716796875
25069,25069,7768.00927734375
25070,25070,15413.6845703125
25071,25071,7554.349609375
25072,25072,11382.591796875
25073,25073,25677.986328125
25074,25074,13236.8203125
25075,25075,17858.8203125
25076,25076,6363.80908203125
25077,25077,8345.611328125
25078,25078,6353.96875
25079,25079,8122.8955078125
25080,25080,5500.6103515625
25081,25081,7091.0087890625
25082,25082,11744.451171875
25083,25083,6087.65625
25084,25084,10886.4775390625
25085,25085,95606.7734375
25086,25086,107673.03125
25087,25087,4682.06689453125
25088,25088,12608.6640625
25089,25089,7298.302734375
25090,25090,9749.455078125
25091,25091,13341.7373046875
25092,25092,35529.83984375
25093,25093,398050.6875
25094,25094,17189.84375
25095,25095,231227.390625
25096,25096,3965.1328125
25097,25097,3598.528564453125
25098,25098,14786.9296875
25099,25099,7300.7333984375
25100,25100,6522.41796875
25101,25101,5811.55810546875
25102,25102,8038.2607421875
25103,25103,24861.78125
25104,25104,7564.91015625
25105,25105,7919.0244140625
25106,25106,223339.53125
25107,25107,22309.357421875
25108,25108,40979.84765625
25109,25109,48886.4921875
25110,25110,6576.79931640625
25111,25111,7299.27978515625
25112,25112,9843.6259765625
25113,25113,6101.1865234375
25114,25114,55856.1328125
25115,25115,81186.0078125
25116,25116,7569.33056640625
25117,25117,64335.05078125
25118,25118,35550.47265625
25119,25119,24790.87890625
25120,25120,11435.0537109375
25121,25121,23443.208984375
25122,25122,35251.265625
25123,25123,6408.970703125
25124,25124,10089.66015625
25125,25125,4927.3515625
25126,25126,11848.548828125
25127,25127,7061.8896484375
25128,25128,6578.1484375
25129,25129,9670.9296875
25130,25130,27128.33203125
25131,25131,60501.0703125
25132,25132,6542.89892578125
25133,25133,41901.51953125
25134,25134,10559.9306640625
25135,25135,7312.33056640625
25136,25136,12945.5439453125
25137,25137,9441.970703125
25138,25138,18689.74609375
25139,25139,4982.1181640625
25140,25140,11532.857421875
25141,25141,7168.14794921875
25142,25142,10607.6630859375
25143,25143,30022.58984375
25144,25144,2766776.25
25145,25145,5802.14013671875
25146,25146,7662.7431640625
25147,25147,7040.62158203125
25148,25148,48895.9453125
25149,25149,10515.38671875
25150,25150,6963.56787109375
25151,25151,6789.6640625
25152,25152,24376.830078125
25153,25153,9154.54296875
25154,25154,103455.03125
25155,25155,10214.6376953125
25156,25156,6534.29345703125
25157,25157,10181.5830078125
25158,25158,5890.05712890625
25159,25159,10168.78515625
25160,25160,89073.453125
25161,25161,9597.0390625
25162,25162,6950.4921875
25163,25163,13124.5986328125
25164,25164,8839.041015625
25165,25165,3359098.75
25166,25166,26391.4921875
25167,25167,8429.505859375
25168,25168,151540.0625
25169,25169,10776.314453125
25170,25170,5396.55224609375
25171,25171,15863.0908203125
25172,25172,9581.330078125
25173,25173,5335.4560546875
25174,25174,7150.8623046875
25175,25175,23003.66015625
25176,25176,7181.20654296875
25177,25177,14334.466796875
25178,25178,9121.8544921875
25179,25179,7512.09765625
25180,25180,5227.75927734375
25181,25181,12332.55859375
25182,25182,9874.1103515625
25183,25183,74120.828125
25184,25184,9049.646484375
25185,25185,6372.26220703125
25186,25186,7382.822265625
25187,25187,62474.54296875
25188,25188,6697.197265625
25189,25189,11136.5546875
25190,25190,38027.55859375
25191,25191,17527.25390625
25192,25192,7594.46240234375
25193,25193,4898.7041015625
25194,25194,6956.53076171875
25195,25195,49740.328125
25196,25196,6425.84912109375
25197,25197,13538.41015625
25198,25198,7329.505859375
25199,25199,18037.8359375
25200,25200,13508.736328125
25201,25201,10167.9345703125
25202,25202,17461.52734375
25203,25203,38793.328125
25204,25204,25657.15234375
25205,25205,6372.814453125
25206,25206,22879.826171875
25207,25207,12487.455078125
25208,25208,7516.8427734375
25209,25209,8241.7373046875
25210,25210,54557.44140625
25211,25211,7302.70751953125
25212,25212,8097.00341796875
25213,25213,18543.154296875
25214,25214,6829.220703125
25215,25215,4490.21484375
25216,25216,8359.5517578125
25217,25217,8015.001953125
25218,25218,9089.0400390625
25219,25219,9044.3955078125
25220,25220,30471.216796875
25221,25221,9075.2119140625
25222,25222,11038.72265625
25223,25223,13266.5419921875
25224,25224,22869.091796875
25225,25225,8534.640625
25226,25226,7231.8564453125
25227,25227,10404.2587890625
25228,25228,8721.080078125
25229,25229,7367.56298828125
25230,25230,13333.5517578125
25231,25231,36036.58203125
25232,25232,7245.4501953125
25233,25233,7586.75244140625
25234,25234,13439.9462890625
25235,25235,13625.9072265625
25236,25236,6266.27294921875
25237,25237,5786.4755859375
25238,25238,158327.5625
25239,25239,12040.640625
25240,25240,11796.9453125
25241,25241,6199.72705078125
25242,25242,10709.265625
25243,25243,9471.2412109375
25244,25244,16454.72265625
25245,25245,17187.666015625
25246,25246,6787.2353515625
25247,25247,4166.939453125
25248,25248,11722.607421875
25249,25249,6598.81640625
25250,25250,8424.2265625
25251,25251,38913.875
25252,25252,6184.65234375
25253,25253,5329.2099609375
25254,25254,6308.66650390625
25255,25255,3880.39404296875
25256,25256,6003.16455078125
25257,25257,21376.14453125
25258,25258,9824.392578125
25259,25259,63809.3125
25260,25260,6644.806640625
25261,25261,5337.66162109375
25262,25262,57804.5703125
25263,25263,8746.5478515625
25264,25264,9785.9443359375
25265,25265,5390.57177734375
25266,25266,6980.5703125
25267,25267,8763.2177734375
25268,25268,5072.9931640625
25269,25269,95640.875
25270,25270,12265.875
25271,25271,7620.76953125
25272,25272,10164.396484375
25273,25273,7017.54443359375
25274,25274,90997.90625
25275,25275,12865.9404296875
25276,25276,8723.8193359375
25277,25277,14696.140625
25278,25278,9888.7978515625
25279,25279,7820.6044921875
25280,25280,6899.16796875
25281,25281,6209.63720703125
25282,25282,36820.00390625
25283,25283,9379.7197265625
25284,25284,10495.029296875
25285,25285,6404.70654296875
25286,25286,6612.90673828125
25287,25287,13681.59375
25288,25288,14208.2470703125
25289,25289,17641.94921875
25290,25290,8906.2900390625
25291,25291,9894.0263671875
25292,25292,6394.44580078125
25293,25293,9345.779296875
25294,25294,56413.64453125
25295,25295,6679.083984375
25296,25296,21292.404296875
25297,25297,6146.091796875
25298,25298,3881838.5
25299,25299,12211.978515625
25300,25300,38883.3984375
25301,25301,6872.984375
25302,25302,173750.1875
25303,25303,9358.7666015625
25304,25304,5459.80908203125
25305,25305,10370.1494140625
25306,25306,6850.8662109375
25307,25307,4845.6318359375
25308,25308,74905.515625
25309,25309,7410.9990234375
25310,25310,63690.7734375
25311,25311,14171.6982421875
25312,25312,8271.1669921875
25313,25313,12279.6572265625
25314,25314,6022.63232421875
25315,25315,6736.5263671875
25316,25316,14582.8876953125
25317,25317,8189.2412109375
25318,25318,19981.662109375
25319,25319,10589.6953125
25320,25320,7163.09130859375
25321,25321,6633.01025390625
25322,25322,6423.35009765625
25323,25323,15744.0478515625
25324,25324,313267.9375
25325,25325,13186.7578125
25326,25326,11213.69921875
25327,25327,5746.86181640625
25328,25328,34122.7109375
25329,25329,6816.5146484375
25330,25330,19319.935546875
25331,25331,12961.2080078125
25332,25332,4789.33544921875
25333,25333,8780.4560546875
25334,25334,7716.09375
25335,25335,4083.580810546875
25336,25336,5668.51220703125
25337,25337,6731.7431640625
25338,25338,7563.4853515625
25339,25339,27336.517578125
25340,25340,18831.4765625
25341,25341,5945.72705078125
25342,25342,10484.47265625
25343,25343,5884.34326171875
25344,25344,8985.423828125
25345,25345,3555.03369140625
25346,25346,4558.59716796875
25347,25347,8772.4736328125
25348,25348,7221.60595703125
25349,25349,232006.015625
25350,25350,6246.77685546875
25351,25351,7739.9169921875
25352,25352,4681.43359375
25353,25353,9259.6875
25354,25354,7391.67626953125
25355,25355,6114.98291015625
25356,25356,6787.50537109375
25357,25357,12183.8876953125
25358,25358,7777.078125
25359,25359,6353.02685546875
25360,25360,7670.09814453125
25361,25361,4244.0849609375
25362,25362,7460.7822265625
25363,25363,28176.232421875
25364,25364,6172.4404296875
25365,25365,128318.53125
25366,25366,33986.77734375
25367,25367,3525.90576171875
25368,25368,45668.58984375
25369,25369,5474.25634765625
25370,25370,7314.6806640625
25371,25371,8540.419921875
25372,25372,14582.29296875
25373,25373,51231.33203125
25374,25374,6056.84716796875
25375,25375,7023.611328125
25376,25376,13737.966796875
25377,25377,18302.478515625
25378,25378,3653.94677734375
25379,25379,8857.888671875
25380,25380,36111.69140625
25381,25381,6154.474609375
25382,25382,11549.9345703125
25383,25383,7549.12451171875
25384,25384,11275.4736328125
25385,25385,6394.30126953125
25386,25386,5779.52099609375
25387,25387,2644075.0
25388,25388,5462.5751953125
25389,25389,8709.9306640625
25390,25390,101530.8828125
25391,25391,11112.005859375
25392,25392,7487.8994140625
25393,25393,13243.3525390625
25394,25394,7651.724609375
25395,25395,10039.4091796875
25396,25396,5954.60498046875
25397,25397,63586.28515625
25398,25398,6463.87255859375
25399,25399,54551.671875
25400,25400,4919.2236328125
25401,25401,7646.369140625
25402,25402,8130.83837890625
25403,25403,17323.880859375
25404,25404,6125.3798828125
25405,25405,20247.552734375
25406,25406,6866.4150390625
25407,25407,5247.2177734375
25408,25408,6756.07080078125
25409,25409,219645.734375
25410,25410,11957.67578125
25411,25411,5819.32568359375
25412,25412,14377.1767578125
25413,25413,17432.703125
25414,25414,4381.45751953125
25415,25415,60415.99609375
25416,25416,16980.38671875
25417,25417,6961.05810546875
25418,25418,14392.234375
25419,25419,7792.7138671875
25420,25420,8410.9462890625
25421,25421,4303.244140625
25422,25422,112461.0390625
25423,25423,4754.421875
25424,25424,5291.5546875
25425,25425,15076.1435546875
25426,25426,5782.44677734375
25427,25427,6742.9931640625
25428,25428,49851.98828125
25429,25429,10388.91796875
25430,25430,12364.328125
25431,25431,12242.40234375
25432,25432,6630.49169921875
25433,25433,10537.6787109375
25434,25434,10169.7373046875
25435,25435,211764.59375
25436,25436,12537.0546875
25437,25437,6734.96923828125
25438,25438,10701.7255859375
25439,25439,7668.625
25440,25440,6554.99609375
25441,25441,108035.078125
25442,25442,6191.54345703125
25443,25443,12290.724609375
25444,25444,13155.3310546875
25445,25445,9007.140625
25446,25446,7280.6591796875
25447,25447,110623.46875
25448,25448,5029.201171875
25449,25449,13438.8701171875
25450,25450,10758.298828125
25451,25451,80430.0390625
25452,25452,8971.880859375
25453,25453,11833.935546875
25454,25454,6529.75146484375
25455,25455,9837.0693359375
25456,25456,12711.166015625
25457,25457,8133.1337890625
25458,25458,9456.388671875
25459,25459,7155.0546875
25460,25460,5569.62109375
25461,25461,16661.43359375
25462,25462,31430.1875
25463,25463,10369.48828125
25464,25464,10747.4697265625
25465,25465,46734.1484375
25466,25466,5162.26708984375
25467,25467,186917.46875
25468,25468,13154.2255859375
25469,25469,10492.9951171875
25470,25470,5713.79248046875
25471,25471,7448.8291015625
25472,25472,6968.43359375
25473,25473,5234.9111328125
25474,25474,8052.37939453125
25475,25475,7934.32177734375
25476,25476,12950.8310546875
25477,25477,7259.77587890625
25478,25478,6720.54248046875
25479,25479,24340.56640625
25480,25480,90359.4375
25481,25481,9508.6953125
25482,25482,6932.29736328125
25483,25483,13402.4248046875
25484,25484,25107.056640625
25485,25485,8217.0185546875
25486,25486,13667.2255859375
25487,25487,15934.173828125
25488,25488,8563.3701171875
25489,25489,6348.6181640625
25490,25490,8626.12109375
25491,25491,10041.5224609375
25492,25492,5396.72705078125
25493,25493,4832.59765625
25494,25494,6868.58740234375
25495,25495,9014.8505859375
25496,25496,9211.9609375
25497,25497,8526.0673828125
25498,25498,6207.88427734375
25499,25499,7655.35400390625
25500,25500,12995.658203125
25501,25501,7321.76708984375
25502,25502,8101.0087890625
25503,25503,8449.1845703125
25504,25504,12662.6298828125
25505,25505,8810.173828125
25506,25506,6604.736328125
25507,25507,8448.9169921875
25508,25508,8186.96337890625
25509,25509,17452.1171875
25510,25510,40874.84375
25511,25511,8082.2568359375
25512,25512,19083.62109375
25513,25513,8600.796875
25514,25514,10951.03515625
25515,25515,4202.4677734375
25516,25516,39101.953125
25517,25517,12575.5986328125
25518,25518,10020.361328125
25519,25519,5916.34521484375
25520,25520,10609.5390625
25521,25521,158710.28125
25522,25522,12346.6630859375
25523,25523,8494.90625
25524,25524,41826.04296875
25525,25525,5977.169921875
25526,25526,8433.798828125
25527,25527,6556.3837890625
25528,25528,7018.18994140625
25529,25529,115350.5546875
25530,25530,5890.630859375
25531,25531,4370.07666015625
25532,25532,8905.7001953125
25533,25533,8374.46484375
25534,25534,37926.453125
25535,25535,5548.52099609375
25536,25536,5203.453125
25537,25537,11500.3173828125
25538,25538,11712.9833984375
25539,25539,6691.8212890625
25540,25540,98110.90625
25541,25541,8405.2802734375
25542,25542,14475.3740234375
25543,25543,7520.6533203125
25544,25544,23442.486328125
25545,25545,7273.0390625
25546,25546,7502.56640625
25547,25547,10053.2529296875
25548,25548,6724.37646484375
25549,25549,124005.9453125
25550,25550,7259.5185546875
25551,25551,15299.083984375
25552,25552,5018.18359375
25553,25553,20160.01171875
25554,25554,4349.43359375
25555,25555,6778.54296875
25556,25556,8804.5078125
25557,25557,274783.4375
25558,25558,8214.0458984375
25559,25559,8438.9013671875
25560,25560,10845.0615234375
25561,25561,5722.4140625
25562,25562,5982.49755859375
25563,25563,6764.921875
25564,25564,56112.30859375
25565,25565,6607.384765625
25566,25566,11800.447265625
25567,25567,6560.6181640625
25568,25568,43193.18359375
25569,25569,12728.234375
25570,25570,8233.884765625
25571,25571,7588.455078125
25572,25572,28235.123046875
25573,25573,112273.6875
25574,25574,9830.810546875
25575,25575,7928.9609375
25576,25576,22518.92578125
25577,25577,7552.857421875
25578,25578,9099.5810546875
25579,25579,6863.56005859375
25580,25580,6006888.0
25581,25581,22816.32421875
25582,25582,20292.55078125
25583,25583,9061.146484375
25584,25584,10130.9580078125
25585,25585,6199.47705078125
25586,25586,8302.46875
25587,25587,12072.529296875
25588,25588,89942.5234375
25589,25589,31379.341796875
25590,25590,9269.779296875
25591,25591,5410.75634765625
25592,25592,57154.12890625
25593,25593,12253.802734375
25594,25594,8577.8974609375
25595,25595,5853.47265625
25596,25596,6911.10009765625
25597,25597,9098.4375
25598,25598,18482.001953125
25599,25599,16317.57421875
25600,25600,7817.84521484375
25601,25601,7638056.0
25602,25602,7434.7265625
25603,25603,26446.822265625
25604,25604,2927.92138671875
25605,25605,8085.673828125
25606,25606,24106.283203125
25607,25607,19878.73828125
25608,25608,60297.23046875
25609,25609,15133.291015625
25610,25610,9790.7138671875
25611,25611,19563.9921875
25612,25612,8361.1005859375
25613,25613,19400.609375
25614,25614,92527.0546875
25615,25615,131078.953125
25616,25616,82814.90625
25617,25617,8489.46875
25618,25618,27589.419921875
25619,25619,12403.1240234375
25620,25620,12219.953125
25621,25621,5472.490234375
25622,25622,141816.109375
25623,25623,10434.1904296875
25624,25624,11642.837890625
25625,25625,4029.22802734375
25626,25626,5487.8115234375
25627,25627,10542.6982421875
25628,25628,30921.521484375
25629,25629,17550.48046875
25630,25630,7974.02734375
25631,25631,8730.9345703125
25632,25632,9674.8583984375
25633,25633,130560.75
25634,25634,6935.8955078125
25635,25635,7295.8095703125
25636,25636,67057.9921875
25637,25637,8716.36328125
25638,25638,33207.19921875
25639,25639,58481.578125
25640,25640,35551.26953125
25641,25641,79592.671875
25642,25642,7334.70849609375
25643,25643,63581.09765625
25644,25644,5895.28173828125
25645,25645,5823.19384765625
25646,25646,9343.24609375
25647,25647,6987.70556640625
25648,25648,6291.83544921875
25649,25649,6884.36767578125
25650,25650,6104.4814453125
25651,25651,9428.591796875
25652,25652,30830.71484375
25653,25653,7896.36376953125
25654,25654,7045.970703125
25655,25655,4121.1845703125
25656,25656,13491.4716796875
25657,25657,24443.486328125
25658,25658,190997.625
25659,25659,10211.0986328125
25660,25660,39147.72265625
25661,25661,8440.34375
25662,25662,11441.7451171875
25663,25663,6248.5166015625
25664,25664,8259.21484375
25665,25665,6811.08544921875
25666,25666,3182.8349609375
25667,25667,5569.48291015625
25668,25668,6218.56201171875
25669,25669,5895.04638671875
25670,25670,18590.439453125
25671,25671,7344.75634765625
25672,25672,5558.8388671875
25673,25673,8336.3876953125
25674,25674,5839.15185546875
25675,25675,3907.392333984375
25676,25676,9022.1201171875
25677,25677,112900.640625
25678,25678,7212.1728515625
25679,25679,7567.00830078125
25680,25680,10512.2685546875
25681,25681,39308.11328125
25682,25682,4860.6240234375
25683,25683,4318.79345703125
25684,25684,7753.396484375
25685,25685,8456.2119140625
25686,25686,6222.79541015625
25687,25687,23163.828125
25688,25688,8772.087890625
25689,25689,77796.25
25690,25690,140203.46875
25691,25691,8207.869140625
25692,25692,6738.3515625
25693,25693,139829.640625
25694,25694,5413.98583984375
25695,25695,30004.01171875
25696,25696,6149.8408203125
25697,25697,15022.822265625
25698,25698,6540.5771484375
25699,25699,163340.828125
25700,25700,86576.2578125
25701,25701,5212.92919921875
25702,25702,6703.232421875
25703,25703,9836.3505859375
25704,25704,3665219.25
25705,25705,6454.28759765625
25706,25706,7178.859375
25707,25707,12724.0400390625
25708,25708,11488.748046875
25709,25709,27799.578125
25710,25710,7803.810546875
25711,25711,14543.9150390625
25712,25712,9777.623046875
25713,25713,8218.7880859375
25714,25714,5151.3271484375
25715,25715,7553.70849609375
25716,25716,47409.15625
25717,25717,5102.50537109375
25718,25718,11180.00390625
25719,25719,90160.953125
25720,25720,45703.45703125
25721,25721,5140.52294921875
25722,25722,9315.6943359375
25723,25723,88593.5
25724,25724,34614.88671875
25725,25725,9399.8076171875
25726,25726,28230.8671875
25727,25727,32337.515625
25728,25728,221654.96875
25729,25729,18216.888671875
25730,25730,12821.9853515625
25731,25731,4763.32568359375
25732,25732,17203.5078125
25733,25733,5829.77001953125
25734,25734,6249.49462890625
25735,25735,7174.90673828125
25736,25736,7492.2568359375
25737,25737,79674.65625
25738,25738,46134.24609375
25739,25739,10880.224609375
25740,25740,70091.0546875
25741,25741,15142.1923828125
25742,25742,6643.6611328125
25743,25743,5292.49951171875
25744,25744,4502.67578125
25745,25745,7114.75341796875
25746,25746,7170.49609375
25747,25747,5388.814453125
25748,25748,17103.291015625
25749,25749,8748.5107421875
25750,25750,5292.5556640625
25751,25751,6680.72509765625
25752,25752,23193.359375
25753,25753,73280.453125
25754,25754,5385.0400390625
25755,25755,5234.87158203125
25756,25756,7426.9931640625
25757,25757,6715.951171875
25758,25758,111467.5703125
25759,25759,5527.3427734375
25760,25760,10774.916015625
25761,25761,4320.9296875
25762,25762,7099.212890625
25763,25763,26502.857421875
25764,25764,6816.1103515625
25765,25765,6386.36474609375
25766,25766,231528.0625
25767,25767,5363.3720703125
25768,25768,9895.0615234375
25769,25769,8178.4921875
25770,25770,4778.5751953125
25771,25771,222558.296875
25772,25772,5590.8955078125
25773,25773,61291.828125
25774,25774,5274.31591796875
25775,25775,6202.31982421875
25776,25776,4710.720703125
25777,25777,7795.3681640625
25778,25778,10118.3857421875
25779,25779,9872.7666015625
25780,25780,38463.56640625
25781,25781,3434.0146484375
25782,25782,9971.5126953125
25783,25783,17744.734375
25784,25784,15419.0595703125
25785,25785,6219.56201171875
25786,25786,5738.01953125
25787,25787,4261.0322265625
25788,25788,5490.9716796875
25789,25789,6086.3173828125
25790,25790,7777.3916015625
25791,25791,3783.642822265625
25792,25792,13120.94140625
25793,25793,7081.90478515625
25794,25794,11113.0380859375
25795,25795,7454.10205078125
25796,25796,4356.48486328125
25797,25797,6238.69775390625
25798,25798,16485.3359375
25799,25799,5876.22216796875
25800,25800,6366.6416015625
25801,25801,134583.375
25802,25802,15975.890625
25803,25803,9485.3125
25804,25804,9610.0
25805,25805,4796.22265625
25806,25806,9416.529296875
25807,25807,6573.79736328125
25808,25808,9100.4541015625
25809,25809,9946.09375
25810,25810,8163.6767578125
25811,25811,13229.6591796875
25812,25812,67113.796875
25813,25813,10041.845703125
25814,25814,95343.4609375
25815,25815,129613.296875
25816,25816,16596.83984375
25817,25817,11139.1064453125
25818,25818,6714.4560546875
25819,25819,6689.73095703125
25820,25820,65934.015625
25821,25821,3906.497802734375
25822,25822,5107.56640625
25823,25823,88885.359375
25824,25824,12121.283203125
25825,25825,5753.6904296875
25826,25826,6036.978515625
25827,25827,9289.31640625
25828,25828,5262.18408203125
25829,25829,6398.0087890625
25830,25830,8055.533203125
25831,25831,7094.13720703125
25832,25832,9019.3955078125
25833,25833,3936.268798828125
25834,25834,7536.06103515625
25835,25835,21476.158203125
25836,25836,27769.2109375
25837,25837,10426115.0
25838,25838,127681.2421875
25839,25839,65742.8984375
25840,25840,8254.3720703125
25841,25841,57358.640625
25842,25842,118252.3359375
25843,25843,12350.5419921875
25844,25844,8742.2919921875
25845,25845,18575.513671875
25846,25846,29775.49609375
25847,25847,5466.66162109375
25848,25848,1689176.375
25849,25849,6418.54150390625
25850,25850,46356.81640625
25851,25851,7809.51318359375
25852,25852,9757.0986328125
25853,25853,8774.435546875
25854,25854,5527.7470703125
25855,25855,6561.78759765625
25856,25856,6142.9921875
25857,25857,15086.47265625
25858,25858,9541.0537109375
25859,25859,14004.486328125
25860,25860,6023.10595703125
25861,25861,8642.3505859375
25862,25862,7424.02587890625
25863,25863,6264.240234375
25864,25864,7298.21630859375
25865,25865,22610.6484375
25866,25866,8580.8818359375
25867,25867,45535.8671875
25868,25868,3497.11767578125
25869,25869,6261.49169921875
25870,25870,8079.49560546875
25871,25871,9116.0712890625
25872,25872,5074.1650390625
25873,25873,13542.0439453125
25874,25874,61640.8828125
25875,25875,16460.767578125
25876,25876,87122.3203125
25877,25877,9952.4169921875
25878,25878,7250.78466796875
25879,25879,6355.8828125
25880,25880,26448.54296875
25881,25881,7133.826171875
25882,25882,6743.0009765625
25883,25883,2108.0791015625
25884,25884,11963.0673828125
25885,25885,51325.546875
25886,25886,44220.390625
25887,25887,7572.3974609375
25888,25888,5722.70849609375
25889,25889,6626.96240234375
25890,25890,8915.0517578125
25891,25891,9179.0732421875
25892,25892,6234.0556640625
25893,25893,5530.6806640625
25894,25894,15691.6591796875
25895,25895,7751.09228515625
25896,25896,7582.67578125
25897,25897,5705.7333984375
25898,25898,340486.71875
25899,25899,10167.0810546875
25900,25900,5329.1259765625
25901,25901,7356.962890625
25902,25902,48267.4765625
25903,25903,11990.201171875
25904,25904,11811.4736328125
25905,25905,28597.806640625
25906,25906,79788.1171875
25907,25907,11522.3115234375
25908,25908,3136556.0
25909,25909,7351.23193359375
25910,25910,14199.2314453125
25911,25911,32588.982421875
25912,25912,143659.59375
25913,25913,37213.30078125
25914,25914,8899.9921875
25915,25915,6640.46240234375
25916,25916,7513.91162109375
25917,25917,8842.0205078125
25918,25918,38607.125
25919,25919,6036.125
25920,25920,12238.9326171875
25921,25921,7781.0546875
25922,25922,7105.6806640625
25923,25923,8050.9462890625
25924,25924,6054.34716796875
25925,25925,6938.2314453125
25926,25926,13374.6259765625
25927,25927,6592.4609375
25928,25928,12294.8837890625
25929,25929,7009.29638671875
25930,25930,4824.81591796875
25931,25931,15806.03515625
25932,25932,5268.39453125
25933,25933,19062.4609375
25934,25934,8072.04736328125
25935,25935,11601.0439453125
25936,25936,183796.90625
25937,25937,8596.341796875
25938,25938,7555.98828125
25939,25939,8569.509765625
25940,25940,6458.421875
25941,25941,12532.287109375
25942,25942,8274.71484375
25943,25943,65130.24609375
25944,25944,6544.96435546875
25945,25945,27811.34765625
25946,25946,4919.1181640625
25947,25947,42658.76953125
25948,25948,61210.828125
25949,25949,5101.21142578125
25950,25950,4249.01025390625
25951,25951,12198.2099609375
25952,25952,10213.4794921875
25953,25953,10494.9912109375
25954,25954,9706.0380859375
25955,25955,7044.17822265625
25956,25956,138040.09375
25957,25957,34687.328125
25958,25958,4492.451171875
25959,25959,11826.1064453125
25960,25960,46306.16015625
25961,25961,52747.66015625
25962,25962,9297.9599609375
25963,25963,9015.8642578125
25964,25964,4671.330078125
25965,25965,14831.75
25966,25966,24539.208984375
25967,25967,14929.580078125
25968,25968,24778.435546875
25969,25969,9858.03125
25970,25970,109039.5859375
25971,25971,49477.21875
25972,25972,7382.109375
25973,25973,3246.432861328125
25974,25974,12620.9052734375
25975,25975,8912.3603515625
25976,25976,2345055.25
25977,25977,5784.4384765625
25978,25978,76918.640625
25979,25979,24866.19140625
25980,25980,6256.5244140625
25981,25981,7389.66455078125
25982,25982,10837.517578125
25983,25983,140416.53125
25984,25984,15174.4912109375
25985,25985,17450.28125
25986,25986,5365.69873046875
25987,25987,6870.41015625
25988,25988,8875.2119140625
25989,25989,8482.40234375
25990,25990,7181.404296875
25991,25991,16100.494140625
25992,25992,6233.1611328125
25993,25993,6539.47509765625
25994,25994,4825.94287109375
25995,25995,42988.65234375
25996,25996,10897.3642578125
25997,25997,10432.2587890625
25998,25998,13670.203125
25999,25999,7582.22900390625
26000,26000,5163.77294921875
26001,26001,7466.16064453125
26002,26002,10483.5166015625
26003,26003,3110429.25
26004,26004,5579.23486328125
26005,26005,5639.1171875
26006,26006,45666.57421875
26007,26007,24150.1640625
26008,26008,10396.1953125
26009,26009,44737.51171875
26010,26010,5150.77734375
26011,26011,12657.56640625
26012,26012,13859.578125
26013,26013,15224.8203125
26014,26014,6487.28662109375
26015,26015,7375.81640625
26016,26016,12712.873046875
26017,26017,10694.8125
26018,26018,4150.857421875
26019,26019,9502.8095703125
26020,26020,6080.171875
26021,26021,8616.0625
26022,26022,97102.9453125
26023,26023,82538.8515625
26024,26024,41622.33203125
26025,26025,9255.3779296875
26026,26026,96779.609375
26027,26027,6421.59912109375
26028,26028,11049.984375
26029,26029,4146.02734375
26030,26030,159512.109375
26031,26031,3724.65087890625
26032,26032,81283.015625
26033,26033,42627.21484375
26034,26034,8288.55859375
26035,26035,101844.1171875
26036,26036,10036.4326171875
26037,26037,6674.12939453125
26038,26038,7773.3505859375
26039,26039,7380.45751953125
26040,26040,8805.6279296875
26041,26041,24441.33203125
26042,26042,23143.2890625
26043,26043,10422.5166015625
26044,26044,5625.82470703125
26045,26045,51934.125
26046,26046,5749.44921875
26047,26047,76688.625
26048,26048,17023.923828125
26049,26049,6904.49072265625
26050,26050,5468.0078125
26051,26051,83386.1171875
26052,26052,4353.63623046875
26053,26053,6493.40234375
26054,26054,28314.9296875
26055,26055,267717.75
26056,26056,8855.876953125
26057,26057,6358.84912109375
26058,26058,83794.015625
26059,26059,7184.2412109375
26060,26060,1433157.375
26061,26061,5404.30224609375
26062,26062,8061.84619140625
26063,26063,12855.552734375
26064,26064,6850.90234375
26065,26065,9000.8876953125
26066,26066,4561.88427734375
26067,26067,10501.361328125
26068,26068,10126.6689453125
26069,26069,8293.552734375
26070,26070,5878.14013671875
26071,26071,33371.31640625
26072,26072,8994.1044921875
26073,26073,10047.32421875
26074,26074,24987.98828125
26075,26075,10263.6708984375
26076,26076,7469.36181640625
26077,26077,6851.38427734375
26078,26078,10343.7548828125
26079,26079,7444.9990234375
26080,26080,16356.6630859375
26081,26081,7843.4228515625
26082,26082,34002.65234375
26083,26083,47972.69921875
26084,26084,5912.30419921875
26085,26085,6780.3798828125
26086,26086,10783.4814453125
26087,26087,165154.71875
26088,26088,14561.8701171875
26089,26089,6944.80078125
26090,26090,9819.82421875
26091,26091,37503.51953125
26092,26092,11914.8447265625
26093,26093,6635.0615234375
26094,26094,7364.76708984375
26095,26095,7090.2548828125
26096,26096,6648.55712890625
26097,26097,7646.32763671875
26098,26098,7394.32861328125
26099,26099,10270.060546875
26100,26100,7286.47021484375
26101,26101,16209.1064453125
26102,26102,4356.7861328125
26103,26103,180094.359375
26104,26104,31701.35546875
26105,26105,4528312.0
26106,26106,86982.6875
26107,26107,7656.20751953125
26108,26108,9598.8310546875
26109,26109,7269.7822265625
26110,26110,8125.9306640625
26111,26111,9566.3125
26112,26112,6520.11865234375
26113,26113,12197.1845703125
26114,26114,5312.220703125
26115,26115,8682.30859375
26116,26116,10903.2607421875
26117,26117,10133.05859375
26118,26118,8236.2314453125
26119,26119,10157.7578125
26120,26120,16977.17578125
26121,26121,7788.26318359375
26122,26122,7044.55810546875
26123,26123,11919.9267578125
26124,26124,5842.77197265625
26125,26125,23445.279296875
26126,26126,8297.3173828125
26127,26127,22387.591796875
26128,26128,17593.505859375
26129,26129,10436.2138671875
26130,26130,5632.88427734375
26131,26131,17175.6953125
26132,26132,19913.802734375
26133,26133,16800.13671875
26134,26134,10110.5009765625
26135,26135,5688.15673828125
26136,26136,4799.97216796875
26137,26137,11165.53125
26138,26138,5680.5888671875
26139,26139,6497.80859375
26140,26140,9281.0322265625
26141,26141,9034.1845703125
26142,26142,15943.5556640625
26143,26143,137626.96875
26144,26144,209322.078125
26145,26145,13533.703125
26146,26146,9303.173828125
26147,26147,3830.61572265625
26148,26148,25349.26953125
26149,26149,7363.94482421875
26150,26150,11989.92578125
26151,26151,6395.91943359375
26152,26152,14470.7880859375
26153,26153,62522.46875
26154,26154,6436.443359375
26155,26155,8584.2177734375
26156,26156,10081.35546875
26157,26157,4826.32275390625
26158,26158,6532.83056640625
26159,26159,8285.7958984375
26160,26160,5518.53857421875
26161,26161,17797.177734375
26162,26162,12034.6806640625
26163,26163,6351.94189453125
26164,26164,7174.087890625
26165,26165,6409.09716796875
26166,26166,91711.515625
26167,26167,6418.2216796875
26168,26168,7770.359375
26169,26169,7034.77734375
26170,26170,10422.701171875
26171,26171,5795.9130859375
26172,26172,7147.47265625
26173,26173,4323.7412109375
26174,26174,6449.91259765625
26175,26175,7015.97509765625
26176,26176,7234.88134765625
26177,26177,14124.8857421875
26178,26178,6699.45263671875
26179,26179,8339.9619140625
26180,26180,11256.0947265625
26181,26181,71336.0703125
26182,26182,17713.544921875
26183,26183,7931.9892578125
26184,26184,10163.732421875
26185,26185,10140.75390625
26186,26186,5971.34912109375
26187,26187,5628.62744140625
26188,26188,5615.53271484375
26189,26189,8163.34619140625
26190,26190,53455.0390625
26191,26191,8936.5166015625
26192,26192,5288.21630859375
26193,26193,5913.61328125
26194,26194,7451.56787109375
26195,26195,4756.07177734375
26196,26196,7314.515625
26197,26197,7083.49609375
26198,26198,5522.94970703125
26199,26199,10530.2841796875
26200,26200,5866.73193359375
26201,26201,14504.4306640625
26202,26202,6342.10009765625
26203,26203,12322.5380859375
26204,26204,47000.19921875
26205,26205,26336.044921875
26206,26206,8522.9873046875
26207,26207,6084.787109375
26208,26208,8596.4970703125
26209,26209,6387.8505859375
26210,26210,116071.4609375
26211,26211,5933.8408203125
26212,26212,8275.267578125
26213,26213,4567.66357421875
26214,26214,11805.3564453125
26215,26215,7842.5263671875
26216,26216,7345.3291015625
26217,26217,14749.34375
26218,26218,9356.07421875
26219,26219,135874.5625
26220,26220,12671.2783203125
26221,26221,17074.634765625
26222,26222,39947.625
26223,26223,14125.9072265625
26224,26224,7604.29833984375
26225,26225,10259.470703125
26226,26226,10969.0771484375
26227,26227,154229.25
26228,26228,6003.4228515625
26229,26229,8607.3203125
26230,26230,6777.0556640625
26231,26231,4896.888671875
26232,26232,88016.90625
26233,26233,7775.287109375
26234,26234,4693.82080078125
26235,26235,6985.06591796875
26236,26236,5435.666015625
26237,26237,6447.15966796875
26238,26238,13302.623046875
26239,26239,5703.03759765625
26240,26240,14814.5263671875
26241,26241,8360.451171875
26242,26242,25477.859375
26243,26243,7495.31982421875
26244,26244,10314.3408203125
26245,26245,10346.3017578125
26246,26246,6461.89990234375
26247,26247,9060.5966796875
26248,26248,7600.49609375
26249,26249,30309.474609375
26250,26250,8612.673828125
26251,26251,13977.640625
26252,26252,90880.0234375
26253,26253,11627.740234375
26254,26254,839015.0
26255,26255,4222.75
26256,26256,5361.32666015625
26257,26257,6085.7138671875
26258,26258,10559.2099609375
26259,26259,7865.9482421875
26260,26260,7860.94287109375
26261,26261,4883.03515625
26262,26262,12389.9423828125
26263,26263,5845.0849609375
26264,26264,6612.1923828125
26265,26265,6093.3310546875
26266,26266,6160.60986328125
26267,26267,9779.5771484375
26268,26268,21442.0625
26269,26269,18026.345703125
26270,26270,12779.36328125
26271,26271,8096.6533203125
26272,26272,5292.0390625
26273,26273,5885.51416015625
26274,26274,17326.166015625
26275,26275,19254.046875
26276,26276,87496.9765625
26277,26277,4679.31640625
26278,26278,6121.38037109375
26279,26279,4514.9912109375
26280,26280,11935.484375
26281,26281,6686.54052734375
26282,26282,7665.42822265625
26283,26283,7455.00341796875
26284,26284,3807.171875
26285,26285,5505.7958984375
26286,26286,20608.76171875
26287,26287,4318.6474609375
26288,26288,186243.15625
26289,26289,16364.67578125
26290,26290,72760.6171875
26291,26291,26532.91796875
26292,26292,9623.6123046875
26293,26293,143253.796875
26294,26294,8895.0771484375
26295,26295,18488.24609375
26296,26296,11530.841796875
26297,26297,12252.1298828125
26298,26298,1601945.125
26299,26299,8249.23046875
26300,26300,79108.859375
26301,26301,6994.83447265625
26302,26302,15948.5185546875
26303,26303,10116.8330078125
26304,26304,180877.53125
26305,26305,6923.75732421875
26306,26306,215777.140625
26307,26307,12171.80078125
26308,26308,23290.18359375
26309,26309,6536.0966796875
26310,26310,40086.27734375
26311,26311,14140.0439453125
26312,26312,11275.2412109375
26313,26313,9649.9052734375
26314,26314,5357.4365234375
26315,26315,9869.357421875
26316,26316,6349.564453125
26317,26317,11766.4306640625
26318,26318,6390.71337890625
26319,26319,4946.416015625
26320,26320,5623.23486328125
26321,26321,7211.33984375
26322,26322,5983.181640625
26323,26323,6780.6640625
26324,26324,11112.1064453125
26325,26325,74657.4296875
26326,26326,6395.02734375
26327,26327,115875.7890625
26328,26328,6890.0126953125
26329,26329,20360.11328125
26330,26330,7537.0048828125
26331,26331,327057.9375
26332,26332,9785.4375
26333,26333,5971.04443359375
26334,26334,6912.1875
26335,26335,17509.1015625
26336,26336,8427.173828125
26337,26337,6401.91455078125
26338,26338,8285.826171875
26339,26339,6863.79296875
26340,26340,4925.732421875
26341,26341,7503.681640625
26342,26342,39642.80859375
26343,26343,8610.3408203125
26344,26344,7744.1484375
26345,26345,9543.20703125
26346,26346,5475.900390625
26347,26347,9776.8603515625
26348,26348,6063.53759765625
26349,26349,19275.81640625
26350,26350,4611.0712890625
26351,26351,43278.86328125
26352,26352,3097457.75
26353,26353,211619.515625
26354,26354,34377.36328125
26355,26355,43841.33984375
26356,26356,6305.4580078125
26357,26357,10988.337890625
26358,26358,6911.0625
26359,26359,4754.09130859375
26360,26360,7110.22509765625
26361,26361,5930.6884765625
26362,26362,5827.533203125
26363,26363,2554042.0
26364,26364,11062.974609375
26365,26365,7113.6630859375
26366,26366,6434.66064453125
26367,26367,18344.427734375
26368,26368,11748.6083984375
26369,26369,7911.9580078125
26370,26370,10735.76171875
26371,26371,16280.154296875
26372,26372,8460.2275390625
26373,26373,13515.83203125
26374,26374,5997.28564453125
26375,26375,42139.20703125
26376,26376,8014.89794921875
26377,26377,10262.08203125
26378,26378,8387.7978515625
26379,26379,10423.7841796875
26380,26380,6636.09228515625
26381,26381,12472.166015625
26382,26382,75922.375
26383,26383,23852.95703125
26384,26384,3912.861572265625
26385,26385,40364.140625
26386,26386,5918.66162109375
26387,26387,4608.26611328125
26388,26388,8593.466796875
26389,26389,29827.69921875
26390,26390,8071.46484375
26391,26391,2930.23046875
26392,26392,15088.9345703125
26393,26393,43095.0078125
26394,26394,8886.185546875
26395,26395,12340.94140625
26396,26396,36936.4296875
26397,26397,11171.494140625
26398,26398,33710.3203125
26399,26399,5965.095703125
26400,26400,11507.81640625
26401,26401,9318.1708984375
26402,26402,9634.4091796875
26403,26403,7950.0986328125
26404,26404,3801.954833984375
26405,26405,4634.96728515625
26406,26406,11709.0546875
26407,26407,7144.15185546875
26408,26408,11639.7041015625
26409,26409,137874.421875
26410,26410,7521.27392578125
26411,26411,7703.587890625
26412,26412,6706.5048828125
26413,26413,10117.76953125
26414,26414,23982.1015625
26415,26415,39605.85546875
26416,26416,158896.25
26417,26417,5169.208984375
26418,26418,31567.060546875
26419,26419,21016.580078125
26420,26420,7755.31298828125
26421,26421,49982.28125
26422,26422,6824.37158203125
26423,26423,10017.587890625
26424,26424,7740.98046875
26425,26425,41537.390625
26426,26426,73871.6484375
26427,26427,7737.841796875
26428,26428,5180.62548828125
26429,26429,7467.37890625
26430,26430,15463.5986328125
26431,26431,4897.06640625
26432,26432,9974.5458984375
26433,26433,6447.8115234375
26434,26434,6351.02099609375
26435,26435,7378.251953125
26436,26436,16185.3310546875
26437,26437,13591.2578125
26438,26438,33336.6953125
26439,26439,7513.45361328125
26440,26440,11818.7158203125
26441,26441,8182.96630859375
26442,26442,30525.357421875
26443,26443,4943.85400390625
26444,26444,22891.5703125
26445,26445,7000.6962890625
26446,26446,4896.525390625
26447,26447,8502.7802734375
26448,26448,9146.7958984375
26449,26449,22232.25
26450,26450,12245.607421875
26451,26451,6199.31591796875
26452,26452,10747.771484375
26453,26453,4638.13232421875
26454,26454,26032.248046875
26455,26455,6858.88330078125
26456,26456,7904.36767578125
26457,26457,82093.1015625
26458,26458,201196.84375
26459,26459,5406.072265625
26460,26460,4269.466796875
26461,26461,8985.01171875
26462,26462,12370.26171875
26463,26463,11284.4453125
26464,26464,12075.203125
26465,26465,7551.90380859375
26466,26466,38292.21484375
26467,26467,8312.642578125
26468,26468,6271.7333984375
26469,26469,14163.462890625
26470,26470,6340.02294921875
26471,26471,11981.98046875
26472,26472,5147.05078125
26473,26473,26138.6640625
26474,26474,10228.5791015625
26475,26475,44357.89453125
26476,26476,14542.173828125
26477,26477,9848.8779296875
26478,26478,7575.861328125
26479,26479,52629.52734375
26480,26480,17137.607421875
26481,26481,24469.34765625
26482,26482,176575.84375
26483,26483,6891.08349609375
26484,26484,10585.01953125
26485,26485,25082.36328125
26486,26486,11973.3916015625
26487,26487,257956.84375
26488,26488,12698.119140625
26489,26489,6560.2021484375
26490,26490,8647.806640625
26491,26491,5746.5703125
26492,26492,6622.287109375
26493,26493,21856.400390625
26494,26494,5311.94970703125
26495,26495,4108.51953125
26496,26496,43057.21484375
26497,26497,7013.6298828125
26498,26498,9638.3759765625
26499,26499,9334.6748046875
26500,26500,3892.082275390625
26501,26501,26799.83984375
26502,26502,7410.7841796875
26503,26503,17769.22265625
26504,26504,7551.14013671875
26505,26505,25065.720703125
26506,26506,5118.57958984375
26507,26507,11962.615234375
26508,26508,20930.73828125
26509,26509,9678.7197265625
26510,26510,97189.1796875
26511,26511,3268315.0
26512,26512,49949.8359375
26513,26513,5348.28271484375
26514,26514,8665.5791015625
26515,26515,116426.984375
26516,26516,132714.328125
26517,26517,247956.734375
26518,26518,7440.541015625
26519,26519,19048.01953125
26520,26520,5324.64990234375
26521,26521,150368.015625
26522,26522,6608.4619140625
26523,26523,13429.3466796875
26524,26524,10733.240234375
26525,26525,4680.9658203125
26526,26526,43254.78125
26527,26527,7845.45068359375
26528,26528,7480.595703125
26529,26529,6489.962890625
26530,26530,8362.7890625
26531,26531,3891.166748046875
26532,26532,5130.34765625
26533,26533,9286.8447265625
26534,26534,20718.001953125
26535,26535,5257.44091796875
26536,26536,6830.0048828125
26537,26537,9886.96484375
26538,26538,9160.3427734375
26539,26539,16606.3203125
26540,26540,9505.626953125
26541,26541,29397.458984375
26542,26542,10089.5400390625
26543,26543,7804.765625
26544,26544,8805.7236328125
26545,26545,10982.3505859375
26546,26546,7399.5263671875
26547,26547,11127.7421875
26548,26548,4286.78662109375
26549,26549,6634.369140625
26550,26550,218256.0
26551,26551,17163.572265625
26552,26552,37217.8359375
26553,26553,11143.1826171875
26554,26554,54918.06640625
26555,26555,6119.5087890625
26556,26556,6003.7822265625
26557,26557,4313.53369140625
26558,26558,6962.796875
26559,26559,9510.0078125
26560,26560,17536.859375
26561,26561,6324.099609375
26562,26562,11640.3115234375
26563,26563,159946.046875
26564,26564,5125.29345703125
26565,26565,11570.830078125
26566,26566,19805.123046875
26567,26567,56972.29296875
26568,26568,180013.390625
26569,26569,18218.40234375
26570,26570,8979.6962890625
26571,26571,9328.439453125
26572,26572,144976.859375
26573,26573,7655.31298828125
26574,26574,40190.2265625
26575,26575,5964.9970703125
26576,26576,14660.365234375
26577,26577,7356.8115234375
26578,26578,14622.41796875
26579,26579,16333.2265625
26580,26580,57244.609375
26581,26581,3215368.25
26582,26582,368247.15625
26583,26583,10098.4052734375
26584,26584,8684.03125
26585,26585,56078.234375
26586,26586,26041.564453125
26587,26587,11273.6328125
26588,26588,11510.1865234375
26589,26589,5968.4208984375
26590,26590,7847.02783203125
26591,26591,6362.96728515625
26592,26592,13903.9052734375
26593,26593,17254.818359375
26594,26594,39160.94921875
26595,26595,46023.2265625
26596,26596,151614.109375
26597,26597,16317.228515625
26598,26598,4120.541015625
26599,26599,9142.416015625
26600,26600,8119.9228515625
26601,26601,16547.369140625
26602,26602,10823.82421875
26603,26603,8115.3916015625
26604,26604,11975.78515625
26605,26605,5724.85546875
26606,26606,35935.0546875
26607,26607,47027.9296875
26608,26608,8083.12646484375
26609,26609,8297.3779296875
26610,26610,8575.1455078125
26611,26611,100793.4609375
26612,26612,6156.33349609375
26613,26613,9179.3515625
26614,26614,9098.412109375
26615,26615,6373.98828125
26616,26616,9881.53515625
26617,26617,10013.3779296875
26618,26618,7153.96337890625
26619,26619,8021.4072265625
26620,26620,62130.4609375
26621,26621,15111.408203125
26622,26622,8530.484375
26623,26623,8426.3974609375
26624,26624,6588.3408203125
26625,26625,6322.58544921875
26626,26626,6996.974609375
26627,26627,7903.712890625
26628,26628,9459.14453125
26629,26629,13039.46875
26630,26630,87910.140625
26631,26631,25267.291015625
26632,26632,11307.4208984375
26633,26633,5610.2841796875
26634,26634,10473.13671875
26635,26635,6769.82666015625
26636,26636,50415.90625
26637,26637,22394.7890625
26638,26638,9900.365234375
26639,26639,61208.87109375
26640,26640,9791.9228515625
26641,26641,14965.7607421875
26642,26642,72062.03125
26643,26643,7234.84912109375
26644,26644,7225.85986328125
26645,26645,6557.30224609375
26646,26646,6801.35595703125
26647,26647,104058.59375
26648,26648,5098.6259765625
26649,26649,112416.5546875
26650,26650,5304.7021484375
26651,26651,7779.99267578125
26652,26652,5577.54833984375
26653,26653,4798.89453125
26654,26654,7536.6220703125
26655,26655,7088.4921875
26656,26656,9335.6875
26657,26657,11263.7578125
26658,26658,86373.640625
26659,26659,108999.1015625
26660,26660,7227.03515625
26661,26661,20858.794921875
26662,26662,20847.400390625
26663,26663,22273.2265625
26664,26664,6650.70751953125
26665,26665,19901.67578125
26666,26666,16513.935546875
26667,26667,5805.70947265625
26668,26668,6878.77197265625
26669,26669,12068.1962890625
26670,26670,6605.4033203125
26671,26671,62474.9375
26672,26672,11582.947265625
26673,26673,24435.3984375
26674,26674,8612.1552734375
26675,26675,19965.515625
26676,26676,20465.73046875
26677,26677,119303.359375
26678,26678,6797.9228515625
26679,26679,53624.31640625
26680,26680,9771.8974609375
26681,26681,5426.95947265625
26682,26682,139203.34375
26683,26683,6310.25341796875
26684,26684,17892.599609375
26685,26685,9534.2138671875
26686,26686,6442.9599609375
26687,26687,6469.228515625
26688,26688,18367.716796875
26689,26689,24241.859375
26690,26690,7066.8388671875
26691,26691,306354.625
26692,26692,8656.828125
26693,26693,8934.5361328125
26694,26694,7713.9130859375
26695,26695,9127.8115234375
26696,26696,7206.1357421875
26697,26697,9482.6103515625
26698,26698,12699.1884765625
26699,26699,5287.583984375
26700,26700,6766.5888671875
26701,26701,28429.544921875
26702,26702,32637.595703125
26703,26703,6389.158203125
26704,26704,6102.4443359375
26705,26705,4895.54931640625
26706,26706,4985.501953125
26707,26707,4755.75244140625
26708,26708,121388.6484375
26709,26709,40227.94921875
26710,26710,30733.208984375
26711,26711,12743.623046875
26712,26712,3923.64794921875
26713,26713,46877.265625
26714,26714,7817.68994140625
26715,26715,8997.3466796875
26716,26716,6935.13427734375
26717,26717,6390.17822265625
26718,26718,5368.2529296875
26719,26719,7443.3330078125
26720,26720,11160.85546875
26721,26721,208394.96875
26722,26722,8713.2421875
26723,26723,5373.060546875
26724,26724,10254.0166015625
26725,26725,16468.677734375
26726,26726,19341.412109375
26727,26727,11227.814453125
26728,26728,9358.521484375
26729,26729,7099.1015625
26730,26730,165889.5
26731,26731,17979.755859375
26732,26732,7243.021484375
26733,26733,6979.38427734375
26734,26734,7606.615234375
26735,26735,12315.5126953125
26736,26736,6415.00439453125
26737,26737,115869.890625
26738,26738,11434.5087890625
26739,26739,16804.73828125
26740,26740,6316.0302734375
26741,26741,83670.390625
26742,26742,5788.7138671875
26743,26743,9997.3310546875
26744,26744,16271.0654296875
26745,26745,21164.908203125
26746,26746,6338.365234375
26747,26747,9214.7431640625
26748,26748,14709.64453125
26749,26749,62579.86328125
26750,26750,10170.2333984375
26751,26751,35753.36328125
26752,26752,5137.107421875
26753,26753,13002.2998046875
26754,26754,33031.09765625
26755,26755,6286.0458984375
26756,26756,17628.5390625
26757,26757,9427.3349609375
26758,26758,6661.423828125
26759,26759,6399.0400390625
26760,26760,4416.6416015625
26761,26761,5900.42724609375
26762,26762,65616.2734375
26763,26763,4796.302734375
26764,26764,60446.41796875
26765,26765,3489.85498046875
26766,26766,6158.1669921875
26767,26767,34735.7109375
26768,26768,36360.8515625
26769,26769,9136.14453125
26770,26770,6793.85400390625
26771,26771,5980.2890625
26772,26772,9885.8505859375
26773,26773,6225.107421875
26774,26774,12202.849609375
26775,26775,48335.56640625
26776,26776,5545.474609375
26777,26777,6344.3935546875
26778,26778,5447.03173828125
26779,26779,12907.275390625
26780,26780,68142.0859375
26781,26781,15163.625
26782,26782,139506.28125
26783,26783,271951.9375
26784,26784,7715.91748046875
26785,26785,7136.24609375
26786,26786,5635.568359375
26787,26787,6089.6259765625
26788,26788,5071.7587890625
26789,26789,6384.97412109375
26790,26790,8205.400390625
26791,26791,64692.140625
26792,26792,90029.2734375
26793,26793,7147.21044921875
26794,26794,6876.96435546875
26795,26795,7736.70703125
26796,26796,10688.10546875
26797,26797,8279.3310546875
26798,26798,5531.59716796875
26799,26799,9670.771484375
26800,26800,10323.279296875
26801,26801,14452.0732421875
26802,26802,7315.41015625
26803,26803,22631.326171875
26804,26804,8843.595703125
26805,26805,5124.77783203125
26806,26806,6684.591796875
26807,26807,4690.357421875
26808,26808,12396.1923828125
26809,26809,51138.921875
26810,26810,6901.8662109375
26811,26811,8000.11767578125
26812,26812,7052.01513671875
26813,26813,5545.89501953125
26814,26814,11022.736328125
26815,26815,4000.21337890625
26816,26816,5219.72802734375
26817,26817,4481.82080078125
26818,26818,5447.31494140625
26819,26819,7002.2548828125
26820,26820,11893.0439453125
26821,26821,103011.140625
26822,26822,8002.3095703125
26823,26823,7113.25
26824,26824,22060.119140625
26825,26825,38143.296875
26826,26826,101554.78125
26827,26827,345535.375
26828,26828,13228.494140625
26829,26829,8033.64404296875
26830,26830,4961.66015625
26831,26831,4598.1318359375
26832,26832,12679.0615234375
26833,26833,7971.22412109375
26834,26834,16320.9326171875
26835,26835,21498.4765625
26836,26836,64211.125
26837,26837,6582.39453125
26838,26838,7508.0185546875
26839,26839,4806.33935546875
26840,26840,6596.4130859375
26841,26841,120867.5
26842,26842,7437.43408203125
26843,26843,22045.015625
26844,26844,5017.494140625
26845,26845,6827.2568359375
26846,26846,6466.30517578125
26847,26847,129584.2265625
26848,26848,12821.5078125
26849,26849,6456.44384765625
26850,26850,6917.36962890625
26851,26851,5259.09716796875
26852,26852,7038.86767578125
26853,26853,8019.462890625
26854,26854,6445.166015625
26855,26855,5313.833984375
26856,26856,6144.56640625
26857,26857,6800.04248046875
26858,26858,14085.1962890625
26859,26859,20198.919921875
26860,26860,30268.73046875
26861,26861,2304149.75
26862,26862,141651.234375
26863,26863,11337.7607421875
26864,26864,5260.9345703125
26865,26865,6571.80810546875
26866,26866,4921.0390625
26867,26867,10435.908203125
26868,26868,6696.16552734375
26869,26869,11894.638671875
26870,26870,3946.797119140625
26871,26871,4316.56591796875
26872,26872,6333.76123046875
26873,26873,174189.4375
26874,26874,18108.2890625
26875,26875,10852.5146484375
26876,26876,9349.068359375
26877,26877,10167.0009765625
26878,26878,9210.470703125
26879,26879,7027.32080078125
26880,26880,29320.404296875
26881,26881,26748.619140625
26882,26882,10410.8818359375
26883,26883,9027.9150390625
26884,26884,208056.84375
26885,26885,6778.02978515625
26886,26886,10157.232421875
26887,26887,8834.6943359375
26888,26888,7973.67529296875
26889,26889,36829.54296875
26890,26890,31134.248046875
26891,26891,9872.10546875
26892,26892,34789.63671875
26893,26893,152218.6875
26894,26894,12034.9501953125
26895,26895,53799.1015625
26896,26896,15618.8828125
26897,26897,5342.56884765625
26898,26898,26608.240234375
26899,26899,12306.5419921875
26900,26900,58675.65625
26901,26901,78064.5703125
26902,26902,281106.1875
26903,26903,13144.8154296875
26904,26904,7156.05908203125
26905,26905,19983.677734375
26906,26906,165936.15625
26907,26907,6246.20703125
26908,26908,6486.10791015625
26909,26909,60092.38671875
26910,26910,15105.57421875
26911,26911,8649.619140625
26912,26912,74573.9453125
26913,26913,10653.35546875
26914,26914,6651.27880859375
26915,26915,12103.4228515625
26916,26916,5827.93701171875
26917,26917,15886.4638671875
26918,26918,112653.46875
26919,26919,8667.3818359375
26920,26920,26330.609375
26921,26921,6819.3623046875
26922,26922,26523.060546875
26923,26923,5863.40478515625
26924,26924,36023.40234375
26925,26925,7555.26123046875
26926,26926,11692.78515625
26927,26927,8561.4052734375
26928,26928,7888.63525390625
26929,26929,11581.1513671875
26930,26930,20008.56640625
26931,26931,7031.58642578125
26932,26932,5032.7548828125
26933,26933,8131.87451171875
26934,26934,5277.865234375
26935,26935,64796.25
26936,26936,37084.8359375
26937,26937,35268.109375
26938,26938,8663.93359375
26939,26939,21678.169921875
26940,26940,5631.16357421875
26941,26941,13620.8671875
26942,26942,7891.6748046875
26943,26943,6126.486328125
26944,26944,8797.97265625
26945,26945,84515.90625
26946,26946,22427.171875
26947,26947,72561.1875
26948,26948,6351.2939453125
26949,26949,19197.162109375
26950,26950,6785.34423828125
26951,26951,149944.984375
26952,26952,9052.3486328125
26953,26953,25946.568359375
26954,26954,16115.0986328125
26955,26955,21192.984375
26956,26956,3648.190185546875
26957,26957,77034.8828125
26958,26958,9033.0810546875
26959,26959,4805.7021484375
26960,26960,259249.203125
26961,26961,7366.79638671875
26962,26962,6347.5048828125
26963,26963,28413.9765625
26964,26964,5475.07080078125
26965,26965,7022.2158203125
26966,26966,21056.90625
26967,26967,8376.49609375
26968,26968,33748.61328125
26969,26969,26851.611328125
26970,26970,37174.109375
26971,26971,84183.640625
26972,26972,51327.59375
26973,26973,4447.412109375
26974,26974,44246.7890625
26975,26975,5528.046875
26976,26976,72978.71875
26977,26977,176917.328125
26978,26978,16655.134765625
26979,26979,10459.0185546875
26980,26980,9773.7333984375
26981,26981,8718.14453125
26982,26982,7246.79833984375
26983,26983,126311.0390625
26984,26984,7584.033203125
26985,26985,4059.295654296875
26986,26986,6823.7431640625
26987,26987,20821.234375
26988,26988,11997.3134765625
26989,26989,4793.4638671875
26990,26990,9083.287109375
26991,26991,5320.25830078125
26992,26992,5881.35107421875
26993,26993,152884.40625
26994,26994,8115.49267578125
26995,26995,7543.5673828125
26996,26996,24196.732421875
26997,26997,8022.2021484375
26998,26998,7221.322265625
26999,26999,4878.49853515625
27000,27000,5591.4765625
27001,27001,22312.609375
27002,27002,121555.4609375
27003,27003,7552.0322265625
27004,27004,14326.1943359375
27005,27005,6528.99951171875
27006,27006,7925.4951171875
27007,27007,5253.5439453125
27008,27008,8440.451171875
27009,27009,10676.2041015625
27010,27010,6775.39892578125
27011,27011,35939.66015625
27012,27012,13179.4423828125
27013,27013,26251.7421875
27014,27014,39972.12890625
27015,27015,206439.265625
27016,27016,10263.740234375
27017,27017,5558.498046875
27018,27018,52139.29296875
27019,27019,8196.810546875
27020,27020,3195955.5
27021,27021,16144.3349609375
27022,27022,6014.29443359375
27023,27023,14447.15625
27024,27024,24726.310546875
27025,27025,23051.94140625
27026,27026,44205.33203125
27027,27027,7149.52294921875
27028,27028,6286.95703125
27029,27029,9301.7470703125
27030,27030,11215.1416015625
27031,27031,12370.609375
27032,27032,10180.8544921875
27033,27033,103713.4453125
27034,27034,7635.03955078125
27035,27035,5451.70654296875
27036,27036,29064.892578125
27037,27037,10409.998046875
27038,27038,8575.3720703125
27039,27039,5159.38818359375
27040,27040,5090.74169921875
27041,27041,3521.012451171875
27042,27042,6440.1328125
27043,27043,16338.564453125
27044,27044,14240.52734375
27045,27045,22736.44140625
27046,27046,10562.83203125
27047,27047,12972.2099609375
27048,27048,17082.236328125
27049,27049,29465.423828125
27050,27050,106612.0390625
27051,27051,5177.95556640625
27052,27052,32545.125
27053,27053,7318.54248046875
27054,27054,5980.5400390625
27055,27055,6899.783203125
27056,27056,7918.5595703125
27057,27057,4068.96923828125
27058,27058,5531.48876953125
27059,27059,128469.3515625
27060,27060,13242.7109375
27061,27061,7890.42724609375
27062,27062,12221.7021484375
27063,27063,29507.662109375
27064,27064,58573.5703125
27065,27065,7467.04296875
27066,27066,6560.818359375
27067,27067,42599.390625
27068,27068,10317.2099609375
27069,27069,10301.7548828125
27070,27070,18599.4765625
27071,27071,24633.88671875
27072,27072,6401.77392578125
27073,27073,7539.12939453125
27074,27074,8575936.0
27075,27075,4853.232421875
27076,27076,4629.49169921875
27077,27077,11400.8583984375
27078,27078,8369.6181640625
27079,27079,4076.167724609375
27080,27080,9866.0126953125
27081,27081,110763.7734375
27082,27082,6297.955078125
27083,27083,406863.6875
27084,27084,9746.6611328125
27085,27085,14161.8564453125
27086,27086,9775.83203125
27087,27087,8333.107421875
27088,27088,17399.259765625
27089,27089,5317.22509765625
27090,27090,8641.65625
27091,27091,66558.3515625
27092,27092,38032.02734375
27093,27093,7016.62646484375
27094,27094,5717.5908203125
27095,27095,2493200.75
27096,27096,7591166.0
27097,27097,7294.5205078125
27098,27098,7617.75830078125
27099,27099,6169.513671875
27100,27100,3357.915771484375
27101,27101,8658.48828125
27102,27102,6765.3408203125
27103,27103,9207.615234375
27104,27104,13064.005859375
27105,27105,3677.955078125
27106,27106,6725.546875
27107,27107,18209.251953125
27108,27108,118066.8203125
27109,27109,5349.26904296875
27110,27110,47612.90625
27111,27111,14835.03125
27112,27112,11020.71875
27113,27113,5896.95556640625
27114,27114,101555.203125
27115,27115,31146.630859375
27116,27116,8821.0107421875
27117,27117,5681.97216796875
27118,27118,41234.15625
27119,27119,11103.703125
27120,27120,131079.03125
27121,27121,42043.1640625
27122,27122,7994.41748046875
27123,27123,8060.025390625
27124,27124,29737.5234375
27125,27125,16174.5205078125
27126,27126,77037.7734375
27127,27127,9086.3779296875
27128,27128,99011.359375
27129,27129,13219.408203125
27130,27130,26133.369140625
27131,27131,5532.37109375
27132,27132,5149.572265625
27133,27133,9225.2216796875
27134,27134,5552.41552734375
27135,27135,5534.77294921875
27136,27136,15445.4384765625
27137,27137,5525.4716796875
27138,27138,6142.9033203125
27139,27139,24458.392578125
27140,27140,7015.03515625
27141,27141,43740.3203125
27142,27142,6036.70263671875
27143,27143,28077.65625
27144,27144,4646.6962890625
27145,27145,15381.650390625
27146,27146,6945.77587890625
27147,27147,6624.13671875
27148,27148,5088.4921875
27149,27149,6257.09912109375
27150,27150,99548.1015625
27151,27151,8982.375
27152,27152,15978.0712890625
27153,27153,13209.9228515625
27154,27154,11129.5263671875
27155,27155,11499.8896484375
27156,27156,8685.302734375
27157,27157,49405.41796875
27158,27158,3374.239990234375
27159,27159,27489.59375
27160,27160,7129.1416015625
27161,27161,8068.74365234375
27162,27162,6514.80126953125
27163,27163,15279.224609375
27164,27164,7389.82568359375
27165,27165,11652.2734375
27166,27166,6461.98486328125
27167,27167,210377.859375
27168,27168,13625.12109375
27169,27169,8486.37890625
27170,27170,35867.78125
27171,27171,6778.130859375
27172,27172,5514.4365234375
27173,27173,28906.751953125
27174,27174,7670.51416015625
27175,27175,110019.5078125
27176,27176,9777.6630859375
27177,27177,9343.482421875
27178,27178,4219.5546875
27179,27179,8730.873046875
27180,27180,10727.017578125
27181,27181,9725.65234375
27182,27182,6562.51611328125
27183,27183,4481.73681640625
27184,27184,35203.45703125
27185,27185,6587.83837890625
27186,27186,143998.5625
27187,27187,4663.60205078125
27188,27188,6371.43994140625
27189,27189,16840.1640625
27190,27190,4267.146484375
27191,27191,81569.2734375
27192,27192,8477.9892578125
27193,27193,9234.5146484375
27194,27194,30292.123046875
27195,27195,159894.5
27196,27196,46671.59765625
27197,27197,7316.6591796875
27198,27198,5584.03466796875
27199,27199,6773.36474609375
27200,27200,28053.357421875
27201,27201,6881.91455078125
27202,27202,7617.8447265625
27203,27203,8323.400390625
27204,27204,7906.60693359375
27205,27205,6472.22900390625
27206,27206,11685.3232421875
27207,27207,64044.54296875
27208,27208,11955.79296875
27209,27209,12787.9921875
27210,27210,5571.431640625
27211,27211,60583.87109375
27212,27212,61394.99609375
27213,27213,5404.275390625
27214,27214,4856.7021484375
27215,27215,8299.677734375
27216,27216,9336.091796875
27217,27217,78382.9453125
27218,27218,9710.2763671875
27219,27219,8723.0732421875
27220,27220,7240.4609375
27221,27221,12184.8017578125
27222,27222,6905.1982421875
27223,27223,5980.4150390625
27224,27224,5282.974609375
27225,27225,8147.39892578125
27226,27226,5221.74462890625
27227,27227,143763.203125
27228,27228,8083.0771484375
27229,27229,9876.6845703125
27230,27230,3974.789794921875
27231,27231,7494.98828125
27232,27232,13968.7060546875
27233,27233,141890.890625
27234,27234,12002.134765625
27235,27235,5764.24169921875
27236,27236,93314.8984375
27237,27237,5995.12060546875
27238,27238,91593.21875
27239,27239,6846.37744140625
27240,27240,9486.7255859375
27241,27241,23979.08203125
27242,27242,14188.125
27243,27243,12188.9716796875
27244,27244,7400.4462890625
27245,27245,71150.015625
27246,27246,11387.30078125
27247,27247,14935.62109375
27248,27248,78886.6015625
27249,27249,8663.80078125
27250,27250,18226.5
27251,27251,10244.8896484375
27252,27252,3750.16552734375
27253,27253,9067.14453125
27254,27254,31984.37890625
27255,27255,15285.2587890625
27256,27256,143542.640625
27257,27257,6990.71728515625
27258,27258,9627.3359375
27259,27259,7696.41845703125
27260,27260,113699.125
27261,27261,148955.453125
27262,27262,14124.20703125
27263,27263,4929.41943359375
27264,27264,14049.4072265625
27265,27265,7299.748046875
27266,27266,8435.0849609375
27267,27267,4319.28857421875
27268,27268,6824.75244140625
27269,27269,7348.4267578125
27270,27270,5383.904296875
27271,27271,13457.00390625
27272,27272,7311.66796875
27273,27273,17403.822265625
27274,27274,6433.31591796875
27275,27275,10546.7158203125
27276,27276,12478.13671875
27277,27277,4104.71728515625
27278,27278,5981.03955078125
27279,27279,7269.0791015625
27280,27280,3729.45751953125
27281,27281,10252.82421875
27282,27282,8038.54443359375
27283,27283,9590.3828125
27284,27284,6130.68701171875
27285,27285,8684.4365234375
27286,27286,9948.1298828125
27287,27287,170456.46875
27288,27288,33900.7265625
27289,27289,5798044.5
27290,27290,7022.2568359375
27291,27291,141343.296875
27292,27292,47838.53125
27293,27293,58829.03515625
27294,27294,8979.9150390625
27295,27295,13867.00390625
27296,27296,3858317.0
27297,27297,12752.8837890625
27298,27298,9284.0517578125
27299,27299,14946.5625
27300,27300,5384.8603515625
27301,27301,7658.78466796875
27302,27302,10834.1455078125
27303,27303,4094.842529296875
27304,27304,7206.28662109375
27305,27305,11118.47265625
27306,27306,4922.0419921875
27307,27307,12920.7041015625
27308,27308,10612.380859375
27309,27309,50026.84375
27310,27310,47844.1015625
27311,27311,4378.68115234375
27312,27312,6703.81884765625
27313,27313,6061.21142578125
27314,27314,8458.5400390625
27315,27315,4634.67529296875
27316,27316,14185.51953125
27317,27317,5120.17578125
27318,27318,124178.03125
27319,27319,7051.47998046875
27320,27320,9831.3603515625
27321,27321,7536.22265625
27322,27322,7255.736328125
27323,27323,52732.86328125
27324,27324,16878.072265625
27325,27325,9383.2734375
27326,27326,307172.03125
27327,27327,4961.5009765625
27328,27328,5638.3564453125
27329,27329,69265.09375
27330,27330,9265.94921875
27331,27331,17680.18359375
27332,27332,41275.42578125
27333,27333,6379.9853515625
27334,27334,13028.654296875
27335,27335,8714.177734375
27336,27336,71678.0390625
27337,27337,7142.31884765625
27338,27338,16079.7705078125
27339,27339,61338.33203125
27340,27340,11955.080078125
27341,27341,6978.7021484375
27342,27342,10194.9873046875
27343,27343,21088.181640625
27344,27344,13487.6513671875
27345,27345,8381.7021484375
27346,27346,36123.58203125
27347,27347,28419.62890625
27348,27348,16436.765625
27349,27349,17604.458984375
27350,27350,58832.08203125
27351,27351,6023.88232421875
27352,27352,5121.18896484375
27353,27353,8153.46923828125
27354,27354,9182.3359375
27355,27355,7097.91357421875
27356,27356,51859.34765625
27357,27357,5623.62109375
27358,27358,5294.5302734375
27359,27359,13026.6982421875
27360,27360,37278.41015625
27361,27361,237529.171875
27362,27362,66986.5546875
27363,27363,7471.95166015625
27364,27364,183894.15625
27365,27365,6498.48681640625
27366,27366,4462.5546875
27367,27367,18792.525390625
27368,27368,5472.1669921875
27369,27369,11397.7880859375
27370,27370,8613.2412109375
27371,27371,6032.15234375
27372,27372,11023.0712890625
27373,27373,5613.056640625
27374,27374,138340.203125
27375,27375,6051.5576171875
27376,27376,15151.74609375
27377,27377,8439.162109375
27378,27378,13528.310546875
27379,27379,8511.84375
27380,27380,6294.56005859375
27381,27381,66055.8828125
27382,27382,31492.46484375
27383,27383,6070.17041015625
27384,27384,6597.724609375
27385,27385,14254.79296875
27386,27386,6105.59814453125
27387,27387,69328.96875
27388,27388,5943.69873046875
27389,27389,4601.09619140625
27390,27390,6331.98876953125
27391,27391,41088.0546875
27392,27392,11713.5859375
27393,27393,6861.9951171875
27394,27394,4710.82763671875
27395,27395,6609.06005859375
27396,27396,1338682.0
27397,27397,8298.07421875
27398,27398,9823.9453125
27399,27399,18037.8359375
27400,27400,182996.65625
27401,27401,86701.796875
27402,27402,10915.2958984375
27403,27403,127911.3125
27404,27404,5120.93408203125
27405,27405,35527.9296875
27406,27406,8114.45849609375
27407,27407,15413.076171875
27408,27408,28230.67578125
27409,27409,13436.4501953125
27410,27410,18867.271484375
27411,27411,34968.84765625
27412,27412,6818.2412109375
27413,27413,9976.0546875
27414,27414,5179.138671875
27415,27415,56600.4296875
27416,27416,85937.9765625
27417,27417,7059.31396484375
27418,27418,18127.294921875
27419,27419,7319.9560546875
27420,27420,11107.71875
27421,27421,5207.724609375
27422,27422,7643.197265625
27423,27423,9185.5029296875
27424,27424,12390.5654296875
27425,27425,6967.52001953125
27426,27426,10393.1982421875
27427,27427,102994.953125
27428,27428,9116.62109375
27429,27429,5543.05029296875
27430,27430,7279.8515625
27431,27431,84816.4140625
27432,27432,6621.39892578125
27433,27433,146537.546875
27434,27434,6732.482421875
27435,27435,1920868.375
27436,27436,15404.140625
27437,27437,5984.24462890625
27438,27438,13227.4541015625
27439,27439,22192.0078125
27440,27440,8057.94189453125
27441,27441,6911.58349609375
27442,27442,20003.87890625
27443,27443,8758.6123046875
27444,27444,5386.78125
27445,27445,6498.3427734375
27446,27446,12924.951171875
27447,27447,4606.9462890625
27448,27448,6049.26220703125
27449,27449,5175.015625
27450,27450,4501.06298828125
27451,27451,3999.434814453125
27452,27452,8257.7109375
27453,27453,120801.90625
27454,27454,4477.3828125
27455,27455,16202.7216796875
27456,27456,41952.953125
27457,27457,9231.3046875
27458,27458,5251.2431640625
27459,27459,4726.97705078125
27460,27460,7813.02783203125
27461,27461,52378.20703125
27462,27462,9166.07421875
27463,27463,6625.5341796875
27464,27464,6307.99560546875
27465,27465,12805.9111328125
27466,27466,8347.32421875
27467,27467,5721.90771484375
27468,27468,5682.59326171875
27469,27469,79929.8046875
27470,27470,7022.00732421875
27471,27471,19702.25
27472,27472,8719.9736328125
27473,27473,14999.8232421875
27474,27474,13403.5126953125
27475,27475,6126.15576171875
27476,27476,10616.884765625
27477,27477,36418.828125
27478,27478,8204.3564453125
27479,27479,10439.70703125
27480,27480,6343.27685546875
27481,27481,6206.51416015625
27482,27482,8844.4990234375
27483,27483,7737.26708984375
27484,27484,10227.3408203125
27485,27485,8326.9365234375
27486,27486,5701.6259765625
27487,27487,6247.71142578125
27488,27488,7689.05908203125
27489,27489,6705.01611328125
27490,27490,303656.25
27491,27491,24632.3046875
27492,27492,12240.84375
27493,27493,5991.39208984375
27494,27494,6850.65087890625
27495,27495,7030.158203125
27496,27496,7720.98193359375
27497,27497,33900.34765625
27498,27498,8415.0546875
27499,27499,14339.1552734375
27500,27500,16306.5068359375
27501,27501,10844.849609375
27502,27502,59647.0390625
27503,27503,6503.19921875
27504,27504,4252.48095703125
27505,27505,6473555.0
27506,27506,14778.3994140625
27507,27507,6214.59423828125
27508,27508,4775.7373046875
27509,27509,6263.9990234375
27510,27510,28959.8515625
27511,27511,6264.20751953125
27512,27512,12878.775390625
27513,27513,48571.07421875
27514,27514,7606.22802734375
27515,27515,5721.13525390625
27516,27516,5365.50830078125
27517,27517,5763.22412109375
27518,27518,6721.87451171875
27519,27519,6894.93115234375
27520,27520,6311.888671875
27521,27521,10880.732421875
27522,27522,7912.9423828125
27523,27523,4984.07177734375
27524,27524,6465.142578125
27525,27525,4561200.0
27526,27526,12497.4775390625
27527,27527,77046.6171875
27528,27528,2740670.0
27529,27529,35673.80859375
27530,27530,5733.0537109375
27531,27531,5588.552734375
27532,27532,73965.8203125
27533,27533,10997.576171875
27534,27534,9508.6357421875
27535,27535,13626.275390625
27536,27536,7665.71142578125
27537,27537,3046.715087890625
27538,27538,42316.08203125
27539,27539,11721.5068359375
27540,27540,4388.88720703125
27541,27541,8818.1025390625
27542,27542,25791.8515625
27543,27543,152080.78125
27544,27544,8313.1533203125
27545,27545,19125.833984375
27546,27546,8111.57177734375
27547,27547,6385.97705078125
27548,27548,35162.2734375
27549,27549,13727.162109375
27550,27550,7652.087890625
27551,27551,11092.2841796875
27552,27552,7272.94775390625
27553,27553,6175.1455078125
27554,27554,12683.7919921875
27555,27555,3408663.0
27556,27556,5390.47265625
27557,27557,130067.2421875
27558,27558,26882.443359375
27559,27559,12331.162109375
27560,27560,5704.92919921875
27561,27561,1084.2269287109375
27562,27562,5113.95654296875
27563,27563,7934.8994140625
27564,27564,6451.318359375
27565,27565,10022.162109375
27566,27566,6845.0517578125
27567,27567,12076.912109375
27568,27568,16835.345703125
27569,27569,7423.96240234375
27570,27570,6875.32373046875
27571,27571,6234.83984375
27572,27572,8210.98828125
27573,27573,7587.34912109375
27574,27574,16836.16015625
27575,27575,91905.515625
27576,27576,10087.703125
27577,27577,8324.3662109375
27578,27578,6568.82177734375
27579,27579,179365.4375
27580,27580,13984.6123046875
27581,27581,51677.17578125
27582,27582,11463.87109375
27583,27583,9553.462890625
27584,27584,5932.8212890625
27585,27585,11655.8017578125
27586,27586,9712.939453125
27587,27587,25604.66015625
27588,27588,6711.0927734375
27589,27589,7284.0908203125
27590,27590,4413.63525390625
27591,27591,8393.4072265625
27592,27592,7928.9375
27593,27593,35368.51171875
27594,27594,9886.1767578125
27595,27595,29073.26953125
27596,27596,8970.294921875
27597,27597,3737.328125
27598,27598,10035.958984375
27599,27599,5253.453125
27600,27600,6450.12939453125
27601,27601,188955.140625
27602,27602,10929.6142578125
27603,27603,11055.3642578125
27604,27604,8640.1220703125
27605,27605,8641.0166015625
27606,27606,7429.73583984375
27607,27607,10054.814453125
27608,27608,6309.85693359375
27609,27609,34143.08203125
27610,27610,4791.875
27611,27611,11272.4814453125
27612,27612,16302.7919921875
27613,27613,22215.478515625
27614,27614,3427.080322265625
27615,27615,11667.001953125
27616,27616,6099.8173828125
27617,27617,5446.00439453125
27618,27618,5837.51318359375
27619,27619,15573.80078125
27620,27620,10719.357421875
27621,27621,6883.54150390625
27622,27622,9352.6572265625
27623,27623,5115.751953125
27624,27624,6226.0654296875
27625,27625,7315.95751953125
27626,27626,136211.75
27627,27627,12210.2197265625
27628,27628,10798.337890625
27629,27629,6404.44921875
27630,27630,7427.9248046875
27631,27631,137034.28125
27632,27632,6045.28125
27633,27633,7016.93994140625
27634,27634,25495.55859375
27635,27635,10981.15234375
27636,27636,24361.3515625
27637,27637,3743.419677734375
27638,27638,4310.171875
27639,27639,13558.626953125
27640,27640,13889.171875
27641,27641,11384.8232421875
27642,27642,15974.7861328125
27643,27643,5293.154296875
27644,27644,7587.29833984375
27645,27645,7867.46533203125
27646,27646,9905.9033203125
27647,27647,7370.0615234375
27648,27648,46103.15625
27649,27649,8517.4189453125
27650,27650,7286.3125
27651,27651,10729.087890625
27652,27652,68789.8125
27653,27653,6444.205078125
27654,27654,72085.5859375
27655,27655,6006.4423828125
27656,27656,7168.36181640625
27657,27657,10233.9931640625
27658,27658,5786.671875
27659,27659,8648.0244140625
27660,27660,9381.0224609375
27661,27661,7090.283203125
27662,27662,5858.0234375
27663,27663,8209.8876953125
27664,27664,6048.83056640625
27665,27665,9597.8291015625
27666,27666,5891.7783203125
27667,27667,5741.32421875
27668,27668,4345.18212890625
27669,27669,9042.951171875
27670,27670,16658.369140625
27671,27671,80667.9765625
27672,27672,13074.416015625
27673,27673,3431.367431640625
27674,27674,109258.5
27675,27675,3334961.0
27676,27676,4021.642333984375
27677,27677,200909.53125
27678,27678,70874.4375
27679,27679,4407.41796875
27680,27680,6387.8125
27681,27681,7360.75439453125
27682,27682,6494.904296875
27683,27683,121901.546875
27684,27684,8667.86328125
27685,27685,8116.978515625
27686,27686,5742.5419921875
27687,27687,3447.92626953125
27688,27688,8325.1552734375
27689,27689,6623.474609375
27690,27690,22637.119140625
27691,27691,27805.1328125
27692,27692,8903.1875
27693,27693,21627.572265625
27694,27694,11274.4892578125
27695,27695,29416.125
27696,27696,5036.8369140625
27697,27697,127321.1484375
27698,27698,129778.734375
27699,27699,5960.76513671875
27700,27700,6334.033203125
27701,27701,7130.79931640625
27702,27702,8497.703125
27703,27703,8342.2685546875
27704,27704,9301.3701171875
27705,27705,7261.54150390625
27706,27706,45712.08984375
27707,27707,19056.50390625
27708,27708,4951.625
27709,27709,16090.9033203125
27710,27710,5499.90234375
27711,27711,8501.68359375
27712,27712,15546.177734375
27713,27713,22302.31640625
27714,27714,32038.732421875
27715,27715,261425.515625
27716,27716,59472.26953125
27717,27717,6903.6689453125
27718,27718,10653.939453125
27719,27719,4320.7412109375
27720,27720,11077.990234375
27721,27721,10093.68359375
27722,27722,12413.9990234375
27723,27723,14806.728515625
27724,27724,7226.0732421875
27725,27725,12010.6142578125
27726,27726,9548.1865234375
27727,27727,6777.2705078125
27728,27728,15411.7421875
27729,27729,14352.033203125
27730,27730,5593.44482421875
27731,27731,7719.38671875
27732,27732,4023.830810546875
27733,27733,13010.03515625
27734,27734,6417.3515625
27735,27735,12513.59375
27736,27736,11290.0888671875
27737,27737,13345.470703125
27738,27738,6344.64599609375
27739,27739,11411.3740234375
27740,27740,120844.5390625
27741,27741,72501.078125
27742,27742,5677.58935546875
27743,27743,11655.94140625
27744,27744,11553.80859375
27745,27745,7063.0302734375
27746,27746,98812.1875
27747,27747,438061.4375
27748,27748,14617.228515625
27749,27749,15373.7333984375
27750,27750,7643.73779296875
27751,27751,6765.88525390625
27752,27752,41908.6328125
27753,27753,5936.69140625
27754,27754,10324.171875
27755,27755,9286.2763671875
27756,27756,7415.9267578125
27757,27757,606.5150146484375
27758,27758,6864.87548828125
27759,27759,134407.40625
27760,27760,6383.44580078125
27761,27761,61882.54296875
27762,27762,99890.515625
27763,27763,7392.09619140625
27764,27764,11517.28515625
27765,27765,4695.1484375
27766,27766,16804.80859375
27767,27767,11943.375
27768,27768,8260.5576171875
27769,27769,17051.25
27770,27770,24259.240234375
27771,27771,26026.6015625
27772,27772,4945.0439453125
27773,27773,9111.6796875
27774,27774,86516.921875
27775,27775,124479.1875
27776,27776,7580.8212890625
27777,27777,154737.625
27778,27778,12229.3515625
27779,27779,7705.61962890625
27780,27780,6235.39208984375
27781,27781,41184.01953125
27782,27782,12698.3681640625
27783,27783,11304.7900390625
27784,27784,5205.697265625
27785,27785,30955.939453125
27786,27786,8282.248046875
27787,27787,8007.3388671875
27788,27788,46037.86328125
27789,27789,9906.8251953125
27790,27790,8702.205078125
27791,27791,13241.806640625
27792,27792,13724.990234375
27793,27793,85887.4453125
27794,27794,11514.4111328125
27795,27795,4583.56689453125
27796,27796,9424.533203125
27797,27797,1651370.5
27798,27798,3897.272705078125
27799,27799,6280.5771484375
27800,27800,130097.828125
27801,27801,10086.796875
27802,27802,5255.85498046875
27803,27803,6293.189453125
27804,27804,5354.19775390625
27805,27805,6861.7685546875
27806,27806,6220.21826171875
27807,27807,5411.89892578125
27808,27808,5187.9072265625
27809,27809,5612.91455078125
27810,27810,10512.3056640625
27811,27811,17239.501953125
27812,27812,4830.29833984375
27813,27813,8819.0283203125
27814,27814,6018.92626953125
27815,27815,16188.0986328125
27816,27816,6344.95556640625
27817,27817,13868.4990234375
27818,27818,6955.1318359375
27819,27819,8424.916015625
27820,27820,6240.92333984375
27821,27821,5396.76171875
27822,27822,119549.4140625
27823,27823,7705.62060546875
27824,27824,4675822.5
27825,27825,8269.0849609375
27826,27826,211759.171875
27827,27827,9230.1474609375
27828,27828,8014.9697265625
27829,27829,6377.126953125
27830,27830,15198.599609375
27831,27831,7459.2470703125
27832,27832,7239.2978515625
27833,27833,15495.712890625
27834,27834,8062.76416015625
27835,27835,39478.3671875
27836,27836,26634.12890625
27837,27837,6233.30078125
27838,27838,6295.27392578125
27839,27839,12815.779296875
27840,27840,8674.7177734375
27841,27841,8428.2802734375
27842,27842,35899.5
27843,27843,5983.68115234375
27844,27844,7623.23876953125
27845,27845,6575.875
27846,27846,40216.296875
27847,27847,8468.638671875
27848,27848,9624.1572265625
27849,27849,197560.0625
27850,27850,149126.96875
27851,27851,7250.14794921875
27852,27852,5950.3046875
27853,27853,7994.33642578125
27854,27854,5718.853515625
27855,27855,8431.3486328125
27856,27856,38122.15234375
27857,27857,4372.9365234375
27858,27858,15978.9931640625
27859,27859,11280.2841796875
27860,27860,90180.609375
27861,27861,7743.2216796875
27862,27862,8016.427734375
27863,27863,4855.80810546875
27864,27864,5636.59521484375
27865,27865,8025.19775390625
27866,27866,23052.154296875
27867,27867,7288.37939453125
27868,27868,9622.6416015625
27869,27869,11564.5517578125
27870,27870,62903.390625
27871,27871,3016.973876953125
27872,27872,6152.83203125
27873,27873,10931.251953125
27874,27874,3929.523681640625
27875,27875,8245.40625
27876,27876,34214.51171875
27877,27877,6917.86767578125
27878,27878,44807.41015625
27879,27879,17153.28125
27880,27880,8937.728515625
27881,27881,7146.9921875
27882,27882,9386.806640625
27883,27883,10065.6962890625
27884,27884,9403.9560546875
27885,27885,7637.34814453125
27886,27886,9511.5234375
27887,27887,16005.416015625
27888,27888,42385.5390625
27889,27889,9993.236328125
27890,27890,9074.5380859375
27891,27891,11530.91796875
27892,27892,5193.55322265625
27893,27893,10421.640625
27894,27894,3820.009765625
27895,27895,16504.560546875
27896,27896,10967.5693359375
27897,27897,4894.0029296875
27898,27898,9950.3369140625
27899,27899,57472.4140625
27900,27900,7452.32421875
27901,27901,5045.38525390625
27902,27902,9873.611328125
27903,27903,5073.953125
27904,27904,13190.26953125
27905,27905,11966.802734375
27906,27906,89286.6796875
27907,27907,9975.2666015625
27908,27908,6481.50634765625
27909,27909,7449.95361328125
27910,27910,211399.5625
27911,27911,5587.6767578125
27912,27912,10926.6181640625
27913,27913,11798.4140625
27914,27914,4853.857421875
27915,27915,10905.1123046875
27916,27916,5049.392578125
27917,27917,6055.75390625
27918,27918,19171.818359375
27919,27919,8348.517578125
27920,27920,5846.34521484375
27921,27921,5650.96630859375
27922,27922,9143.2841796875
27923,27923,17256.68359375
27924,27924,7512.50341796875
27925,27925,6348.296875
27926,27926,62620.1484375
27927,27927,216419.296875
27928,27928,13340.962890625
27929,27929,6702.4013671875
27930,27930,7565.04443359375
27931,27931,14508.7685546875
27932,27932,7071.2578125
27933,27933,10360.4365234375
27934,27934,79659.1328125
27935,27935,9923.1953125
27936,27936,43138.6171875
27937,27937,12200.4248046875
27938,27938,150168.84375
27939,27939,6407.94970703125
27940,27940,11970.33984375
27941,27941,8579.001953125
27942,27942,4656.01513671875
27943,27943,3619.486328125
27944,27944,6110.50830078125
27945,27945,5787.1884765625
27946,27946,40373.4375
27947,27947,21647.283203125
27948,27948,134066.4375
27949,27949,7931.69873046875
27950,27950,4549.7890625
27951,27951,183102.609375
27952,27952,7753.69677734375
27953,27953,14091.4326171875
27954,27954,8454.18359375
27955,27955,5135.76513671875
27956,27956,2899.885009765625
27957,27957,10371.478515625
27958,27958,9206.9228515625
27959,27959,5984.6953125
27960,27960,62606.1171875
27961,27961,35257.43359375
27962,27962,5043.4150390625
27963,27963,6865.75439453125
27964,27964,139773.703125
27965,27965,7802.56884765625
27966,27966,8000.880859375
27967,27967,7434.06689453125
27968,27968,173776.453125
27969,27969,5449.7900390625
27970,27970,6848.47412109375
27971,27971,16101.6796875
27972,27972,4891.3740234375
27973,27973,4559.32177734375
27974,27974,32977.72265625
27975,27975,8904.345703125
27976,27976,18570.208984375
27977,27977,13261.6396484375
27978,27978,4513.5546875
27979,27979,10350.5390625
27980,27980,8056.48779296875
27981,27981,15858.0732421875
27982,27982,8417.8896484375
27983,27983,8153.6923828125
27984,27984,7371.86083984375
27985,27985,16577.287109375
27986,27986,81564.3203125
27987,27987,5579.9013671875
27988,27988,16514.064453125
27989,27989,7580.38720703125
27990,27990,21891.908203125
27991,27991,7453.60986328125
27992,27992,5636.4677734375
27993,27993,7176.57177734375
27994,27994,6847.5615234375
27995,27995,8074.31201171875
27996,27996,9102.4443359375
27997,27997,7664.1796875
27998,27998,11483.2529296875
27999,27999,5739.0185546875
28000,28000,9306.5078125
28001,28001,16129.6533203125
28002,28002,36347.37109375
28003,28003,8769.8076171875
28004,28004,12862.412109375
28005,28005,10389.412109375
28006,28006,5631.28076171875
28007,28007,11557.78515625
28008,28008,7777.556640625
28009,28009,38098.23828125
28010,28010,297231.65625
28011,28011,17086.53125
28012,28012,7535.83349609375
28013,28013,17758.91796875
28014,28014,27676.326171875
28015,28015,5348.1083984375
28016,28016,14068.5
28017,28017,4918.92138671875
28018,28018,7847.22119140625
28019,28019,6723.5947265625
28020,28020,15332.1298828125
28021,28021,8899.236328125
28022,28022,6593.98486328125
28023,28023,44239.80078125
28024,28024,31851.404296875
28025,28025,22323.857421875
28026,28026,100596.984375
28027,28027,3744.483154296875
28028,28028,3617.796142578125
28029,28029,5190.1845703125
28030,28030,4749.8974609375
28031,28031,6570.6083984375
28032,28032,4807.486328125
28033,28033,112500.078125
28034,28034,107222.3671875
28035,28035,6430.8330078125
28036,28036,20328.72265625
28037,28037,7093.623046875
28038,28038,9351.546875
28039,28039,10801.0732421875
28040,28040,12656.8896484375
28041,28041,6678.47607421875
28042,28042,6547.4189453125
28043,28043,38421.84765625
28044,28044,8087.29931640625
28045,28045,155275.140625
28046,28046,11005.873046875
28047,28047,7296.3662109375
28048,28048,5559.94384765625
28049,28049,7963.53271484375
28050,28050,5613.01513671875
28051,28051,37782.50390625
28052,28052,2927992.0
28053,28053,19467.33984375
28054,28054,7482.26416015625
28055,28055,39791.89453125
28056,28056,9453.267578125
28057,28057,10381.5888671875
28058,28058,5370.40966796875
28059,28059,5241.849609375
28060,28060,7008.7939453125
28061,28061,2437360.5
28062,28062,6830.28076171875
28063,28063,4272.9384765625
28064,28064,4220673.5
28065,28065,27678.669921875
28066,28066,4455.01904296875
28067,28067,7014.9814453125
28068,28068,4688.46826171875
28069,28069,49534.57421875
28070,28070,172734.828125
28071,28071,39818.68359375
28072,28072,6160.50634765625
28073,28073,49519.59375
28074,28074,33472.3984375
28075,28075,6736.3154296875
28076,28076,4848.4853515625
28077,28077,6485.84765625
28078,28078,21641.267578125
28079,28079,148035.21875
28080,28080,24372.35546875
28081,28081,10249.79296875
28082,28082,7124.4990234375
28083,28083,21491.48828125
28084,28084,9022.814453125
28085,28085,89403.1640625
28086,28086,11251.8125
28087,28087,7139.67724609375
28088,28088,70542.9296875
28089,28089,16333.16796875
28090,28090,12189.75390625
28091,28091,6068.6005859375
28092,28092,8684.697265625
28093,28093,31675.31640625
28094,28094,9624.03125
28095,28095,8866.1376953125
28096,28096,4133.30908203125
28097,28097,17863.419921875
28098,28098,8728.232421875
28099,28099,44973.67578125
28100,28100,126355.7890625
28101,28101,5229.56591796875
28102,28102,20512.42578125
28103,28103,69801.9453125
28104,28104,6559.37109375
28105,28105,17491.63671875
28106,28106,5984.4423828125
28107,28107,11629.1455078125
28108,28108,6052.66064453125
28109,28109,15808.1630859375
28110,28110,8707.1337890625
28111,28111,19756.154296875
28112,28112,68569.578125
28113,28113,6567.99609375
28114,28114,6449.77294921875
28115,28115,31989.060546875
28116,28116,24221.341796875
28117,28117,5152.31640625
28118,28118,27916.37109375
28119,28119,7215.75537109375
28120,28120,5689.58251953125
28121,28121,112092.7734375
28122,28122,29489.095703125
28123,28123,6266.0009765625
28124,28124,8285.7568359375
28125,28125,6366.09130859375
28126,28126,48224.1640625
28127,28127,8260.37890625
28128,28128,14513.6337890625
28129,28129,14500.2490234375
28130,28130,8646.4931640625
28131,28131,54422.5546875
28132,28132,5065.46337890625
28133,28133,5008.3759765625
28134,28134,3522.617919921875
28135,28135,6138.341796875
28136,28136,11510.396484375
28137,28137,9769.9375
28138,28138,149698.40625
28139,28139,7217.51123046875
28140,28140,6660.2958984375
28141,28141,72926.7734375
28142,28142,7707.65185546875
28143,28143,47210.49609375
28144,28144,6560.0458984375
28145,28145,1410748.625
28146,28146,31777.40234375
28147,28147,11030.1376953125
28148,28148,6315.40283203125
28149,28149,7377.49609375
28150,28150,54449.59375
28151,28151,7630.13916015625
28152,28152,5215.87060546875
28153,28153,6031.2470703125
28154,28154,6233.23974609375
28155,28155,7822.10498046875
28156,28156,2410.843994140625
28157,28157,7788.61669921875
28158,28158,7852.24609375
28159,28159,15489.013671875
28160,28160,7692.45556640625
28161,28161,30463.72265625
28162,28162,51445.93359375
28163,28163,1744.8375244140625
28164,28164,8726.3369140625
28165,28165,10334.6875
28166,28166,11537.4296875
28167,28167,5394.12646484375
28168,28168,4605.73583984375
28169,28169,6947.94189453125
28170,28170,5180.24658203125
28171,28171,5461.4580078125
28172,28172,6087.083984375
28173,28173,8077.50634765625
28174,28174,5111.64990234375
28175,28175,11253.96484375
28176,28176,10174.689453125
28177,28177,5865.767578125
28178,28178,8148.5263671875
28179,28179,5137.11767578125
28180,28180,5460.32177734375
28181,28181,6138.3505859375
28182,28182,88158.703125
28183,28183,44969.31640625
28184,28184,9222.396484375
28185,28185,7512.34814453125
28186,28186,5121.48046875
28187,28187,15016.6708984375
28188,28188,15016.66796875
28189,28189,150375.671875
28190,28190,9749.03515625
28191,28191,2266533.0
28192,28192,16747.123046875
28193,28193,12969.876953125
28194,28194,7048.3369140625
28195,28195,6286213.5
28196,28196,8465.7568359375
28197,28197,12385.373046875
28198,28198,3384108.0
28199,28199,5782.94384765625
28200,28200,26349.99609375
28201,28201,6731.37353515625
28202,28202,43732.4140625
28203,28203,148668.203125
28204,28204,7498.087890625
28205,28205,6207.6298828125
28206,28206,17938.541015625
28207,28207,7549.390625
28208,28208,9775.7822265625
28209,28209,12362.8798828125
28210,28210,90686.78125
28211,28211,6288.23388671875
28212,28212,460904.09375
28213,28213,6953.302734375
28214,28214,5620.43115234375
28215,28215,4707.837890625
28216,28216,12989.681640625
28217,28217,7162.66796875
28218,28218,275091.65625
28219,28219,6991.404296875
28220,28220,4862.97802734375
28221,28221,51162.95703125
28222,28222,11914.7705078125
28223,28223,88892.1015625
28224,28224,4834.62109375
28225,28225,8191.59716796875
28226,28226,4837.21240234375
28227,28227,7044.837890625
28228,28228,7563.1787109375
28229,28229,9969.1943359375
28230,28230,5540.64794921875
28231,28231,7600.23291015625
28232,28232,16582.92578125
28233,28233,9290.6103515625
28234,28234,5924.81103515625
28235,28235,9125.60546875
28236,28236,4895.1181640625
28237,28237,11977.505859375
28238,28238,8714.0771484375
28239,28239,16048.2138671875
28240,28240,6060.8642578125
28241,28241,7779.6259765625
28242,28242,3497.108642578125
28243,28243,13172.630859375
28244,28244,11725.201171875
28245,28245,6480.68603515625
28246,28246,12286.3671875
28247,28247,13455.6513671875
28248,28248,11058.75390625
28249,28249,30280.02734375
28250,28250,15704.7900390625
28251,28251,30278.552734375
28252,28252,8539.8359375
28253,28253,5576.2080078125
28254,28254,2414.42431640625
28255,28255,11966.8173828125
28256,28256,10095.8271484375
28257,28257,6247.9560546875
28258,28258,6905.56298828125
28259,28259,8902.4033203125
28260,28260,7755.00341796875
28261,28261,9516.328125
28262,28262,7210.69189453125
28263,28263,7210.9814453125
28264,28264,5466.40966796875
28265,28265,5945.4970703125
28266,28266,10451.2587890625
28267,28267,11464.0322265625
28268,28268,3629.429443359375
28269,28269,10983.4755859375
28270,28270,9183.1318359375
28271,28271,13294.1181640625
28272,28272,12521.4267578125
28273,28273,4649.51806640625
28274,28274,28528.646484375
28275,28275,9018.2958984375
28276,28276,6575.12841796875
28277,28277,48437.2109375
28278,28278,8363.7607421875
28279,28279,6102.3779296875
28280,28280,9504.630859375
28281,28281,11110.1455078125
28282,28282,7699.04150390625
28283,28283,24429.2109375
28284,28284,10224.5126953125
28285,28285,13840.162109375
28286,28286,6801.85693359375
28287,28287,5433.70751953125
28288,28288,10791.505859375
28289,28289,243643.03125
28290,28290,6607.78564453125
28291,28291,7391.26318359375
28292,28292,8403.4912109375
28293,28293,25397.404296875
28294,28294,8028.61376953125
28295,28295,8395.8505859375
28296,28296,13383.9013671875
28297,28297,125458.4140625
28298,28298,8243.4248046875
28299,28299,7228.79541015625
28300,28300,12392.591796875
28301,28301,7478.34375
28302,28302,41411.1015625
28303,28303,7837.56005859375
28304,28304,135062.4375
28305,28305,13829.4921875
28306,28306,7420.5517578125
28307,28307,12838.689453125
28308,28308,12034.70703125
28309,28309,6866.998046875
28310,28310,10229.85546875
28311,28311,27011.04296875
28312,28312,9646.6904296875
28313,28313,4711.173828125
28314,28314,6841.71728515625
28315,28315,15802.1220703125
28316,28316,10980.41796875
28317,28317,6461.42138671875
28318,28318,34251.76953125
28319,28319,3982.4453125
28320,28320,156095.890625
28321,28321,11235.111328125
28322,28322,102494.34375
28323,28323,6412.72705078125
28324,28324,22820.43359375
28325,28325,21940.3046875
28326,28326,5388.5556640625
28327,28327,79363.4375
28328,28328,9272.978515625
28329,28329,8031.7919921875
28330,28330,26508.71875
28331,28331,5351.55859375
28332,28332,25432.11328125
28333,28333,13133.28515625
28334,28334,6808.9931640625
28335,28335,30767.53125
28336,28336,9293.177734375
28337,28337,23483.658203125
28338,28338,11995.52734375
28339,28339,100563.0859375
28340,28340,12730.609375
28341,28341,24941.103515625
28342,28342,7382.8447265625
28343,28343,8830.802734375
28344,28344,7449.57958984375
28345,28345,11043.203125
28346,28346,12017.1533203125
28347,28347,52621.6953125
28348,28348,6876.53955078125
28349,28349,38656.3515625
28350,28350,3554.70947265625
28351,28351,7485.68017578125
28352,28352,8585.3251953125
28353,28353,7220.93017578125
28354,28354,28972.595703125
28355,28355,27476.833984375
28356,28356,5398.3798828125
28357,28357,8062.603515625
28358,28358,73291.2265625
28359,28359,148934.21875
28360,28360,5015.69482421875
28361,28361,11693.5712890625
28362,28362,15019.9658203125
28363,28363,6448.14306640625
28364,28364,21146.818359375
28365,28365,7270.8466796875
28366,28366,73965.8203125
28367,28367,77078.2578125
28368,28368,5744.16162109375
28369,28369,5989338.0
28370,28370,25910.189453125
28371,28371,10630.98046875
28372,28372,21992.34765625
28373,28373,7192.76708984375
28374,28374,17527.55859375
28375,28375,12529.345703125
28376,28376,10313.060546875
28377,28377,5799.90771484375
28378,28378,12083.224609375
28379,28379,4519.169921875
28380,28380,7379.14453125
28381,28381,14130.8955078125
28382,28382,11093.9375
28383,28383,11318.650390625
28384,28384,580938.4375
28385,28385,7752.91845703125
28386,28386,176465.40625
28387,28387,13391.0478515625
28388,28388,21444.2421875
28389,28389,36147.02734375
28390,28390,8814.369140625
28391,28391,7232.2734375
28392,28392,12397.7763671875
28393,28393,7847.26220703125
28394,28394,6240.9794921875
28395,28395,44955.890625
28396,28396,32476.98046875
28397,28397,7794.5703125
28398,28398,16081.9892578125
28399,28399,53766.54296875
28400,28400,5530.29443359375
28401,28401,7304.84033203125
28402,28402,6599.78125
28403,28403,8765.9609375
28404,28404,7250.5986328125
28405,28405,5780.4130859375
28406,28406,12911.65625
28407,28407,20886.76171875
28408,28408,10637.2578125
28409,28409,14541.640625
28410,28410,4648.5595703125
28411,28411,5614.71044921875
28412,28412,171604.109375
28413,28413,29568.955078125
28414,28414,9231.216796875
28415,28415,12312.890625
28416,28416,9210.85546875
28417,28417,29561.248046875
28418,28418,5481.73193359375
28419,28419,3948198.75
28420,28420,13626.70703125
28421,28421,19798.458984375
28422,28422,94119.09375
28423,28423,16093.5693359375
28424,28424,9963.41796875
28425,28425,3501.10205078125
28426,28426,43430.953125
28427,28427,5624.43115234375
28428,28428,105894.2890625
28429,28429,7734.97509765625
28430,28430,6277.27197265625
28431,28431,32365.447265625
28432,28432,42621.5390625
28433,28433,8603.595703125
28434,28434,10313.3359375
28435,28435,9290.8251953125
28436,28436,33598.671875
28437,28437,3994.906494140625
28438,28438,13221.4853515625
28439,28439,20131.66015625
28440,28440,5890.13134765625
28441,28441,11118.7685546875
28442,28442,24985.603515625
28443,28443,66764.859375
28444,28444,6141.51953125
28445,28445,11351.1806640625
28446,28446,5955.0693359375
28447,28447,6829.6396484375
28448,28448,5963.03369140625
28449,28449,5852.67431640625
28450,28450,5853.02001953125
28451,28451,6789.55712890625
28452,28452,80834.640625
28453,28453,13696.916015625
28454,28454,31061.06640625
28455,28455,25586.408203125
28456,28456,5665.09130859375
28457,28457,11711.4931640625
28458,28458,9976.51171875
28459,28459,3122.8671875
28460,28460,11015.984375
28461,28461,9111.2216796875
28462,28462,7363.6083984375
28463,28463,51539.578125
28464,28464,7533.01513671875
28465,28465,6223.0283203125
28466,28466,7676.75244140625
28467,28467,11071.8076171875
28468,28468,5598.87890625
28469,28469,5322.31005859375
28470,28470,6205.69921875
28471,28471,11018.71484375
28472,28472,8015.84912109375
28473,28473,9048.78125
28474,28474,60424.84765625
28475,28475,6504.3212890625
28476,28476,5966.07763671875
28477,28477,6204.8740234375
28478,28478,6339.2919921875
28479,28479,15698.7451171875
28480,28480,15145.2099609375
28481,28481,54120.109375
28482,28482,6142.740234375
28483,28483,168829.125
28484,28484,3967.79443359375
28485,28485,8441.1904296875
28486,28486,18131.453125
28487,28487,6212.57763671875
28488,28488,5800.8818359375
28489,28489,17929.576171875
28490,28490,15981.9541015625
28491,28491,6704.26904296875
28492,28492,18285.90234375
28493,28493,6307.3486328125
28494,28494,9509.9453125
28495,28495,8824.1005859375
28496,28496,7260.8212890625
28497,28497,8528.224609375
28498,28498,16180.0439453125
28499,28499,10693.3994140625
28500,28500,8566.2158203125
28501,28501,6642.1240234375
28502,28502,4781.72509765625
28503,28503,21059.65625
28504,28504,7825.77880859375
28505,28505,12839.720703125
28506,28506,13330.2763671875
28507,28507,71801.46875
28508,28508,7470.48193359375
28509,28509,4307.5380859375
28510,28510,54613.046875
28511,28511,9388.375
28512,28512,13616.2841796875
28513,28513,12958.630859375
28514,28514,150443.96875
28515,28515,39035.71875
28516,28516,6892.599609375
28517,28517,9991.4033203125
28518,28518,7615.16650390625
28519,28519,9148.291015625
28520,28520,89399.546875
28521,28521,11015.1357421875
28522,28522,6573.1943359375
28523,28523,28935.3984375
28524,28524,7000.91259765625
28525,28525,11936.9150390625
28526,28526,10438.326171875
28527,28527,160570.265625
28528,28528,6576.51123046875
28529,28529,18023.53515625
28530,28530,4791.06982421875
28531,28531,8756.8896484375
28532,28532,6721.36376953125
28533,28533,5051.765625
28534,28534,3832141.5
28535,28535,18248.74609375
28536,28536,6551.65625
28537,28537,8230.484375
28538,28538,3837.527099609375
28539,28539,7297.76953125
28540,28540,175322.59375
28541,28541,56041.80859375
28542,28542,10465.4443359375
28543,28543,6822.4765625
28544,28544,17317.419921875
28545,28545,6746.259765625
28546,28546,22841.87109375
28547,28547,29037.14453125
28548,28548,5728.80908203125
28549,28549,39550.390625
28550,28550,6805.94921875
28551,28551,55746.9140625
28552,28552,78320.8515625
28553,28553,120676.3984375
28554,28554,7794.5791015625
28555,28555,12171.0908203125
28556,28556,7463.40478515625
28557,28557,6886.962890625
28558,28558,23723.005859375
28559,28559,21036.54296875
28560,28560,28085.564453125
28561,28561,149273.4375
28562,28562,19093.822265625
28563,28563,7622.18701171875
28564,28564,15114.279296875
28565,28565,8176.3603515625
28566,28566,13533.9697265625
28567,28567,10333.455078125
28568,28568,5490.90625
28569,28569,10397.6611328125
28570,28570,15918.1005859375
28571,28571,7427.51025390625
28572,28572,4060.722900390625
28573,28573,6044.33251953125
28574,28574,10173.6015625
28575,28575,2708.96337890625
28576,28576,4540.05615234375
28577,28577,69951.578125
28578,28578,13685.6748046875
28579,28579,29570.130859375
28580,28580,12615.13671875
28581,28581,6809.88720703125
28582,28582,5158.04052734375
28583,28583,27749.0078125
28584,28584,6784.20458984375
28585,28585,114152.2578125
28586,28586,10345.62109375
28587,28587,7267.61083984375
28588,28588,6828.29345703125
28589,28589,14929.2216796875
28590,28590,214641.1875
28591,28591,17473.314453125
28592,28592,8717.439453125
28593,28593,56699.56640625
28594,28594,7699.14501953125
28595,28595,4342.5166015625
28596,28596,27628.35546875
28597,28597,9668.6611328125
28598,28598,11525.2646484375
28599,28599,10225.4208984375
28600,28600,5198.39208984375
28601,28601,10491.57421875
28602,28602,270861.59375
28603,28603,7436.76953125
28604,28604,29017.931640625
28605,28605,8670.759765625
28606,28606,27135.837890625
28607,28607,13971.3408203125
28608,28608,22360.021484375
28609,28609,6009.6962890625
28610,28610,7355.0302734375
28611,28611,27760.220703125
28612,28612,3361.720703125
28613,28613,7772.79833984375
28614,28614,8651.5556640625
28615,28615,5453.84814453125
28616,28616,8702.7890625
28617,28617,13650.201171875
28618,28618,24697.427734375
28619,28619,10614.07421875
28620,28620,9148.068359375
28621,28621,6889.04736328125
28622,28622,15103.912109375
28623,28623,41928.91796875
28624,28624,12286.470703125
28625,28625,14596.515625
28626,28626,6240.96240234375
28627,28627,21057.837890625
28628,28628,6929.1728515625
28629,28629,5321.94140625
28630,28630,6864.00439453125
28631,28631,11047.5048828125
28632,28632,9787.2568359375
28633,28633,29855.015625
28634,28634,4313.3759765625
28635,28635,8256.525390625
28636,28636,8982.20703125
28637,28637,19826.58203125
28638,28638,6577.10791015625
28639,28639,22716.2421875
28640,28640,12088.150390625
28641,28641,2610.9111328125
28642,28642,124681.9609375
28643,28643,32354.224609375
28644,28644,4851.92919921875
28645,28645,7776.375
28646,28646,8881.7607421875
28647,28647,5150.59423828125
28648,28648,6307.81103515625
28649,28649,12336.0986328125
28650,28650,14265.0751953125
28651,28651,22472.697265625
28652,28652,50302.4296875
28653,28653,8562.7978515625
28654,28654,16860.439453125
28655,28655,10292.888671875
28656,28656,6035.078125
28657,28657,7049.25439453125
28658,28658,7825.107421875
28659,28659,13298.2431640625
28660,28660,5777.42529296875
28661,28661,6117.69384765625
28662,28662,6440.685546875
28663,28663,6884.84033203125
28664,28664,7527.16162109375
28665,28665,32633.22265625
28666,28666,121614.203125
28667,28667,27906.623046875
28668,28668,6084.33837890625
28669,28669,7384.05029296875
28670,28670,10230.455078125
28671,28671,10926.5703125
28672,28672,10517.970703125
28673,28673,47733.265625
28674,28674,38936.4765625
28675,28675,4867.68017578125
28676,28676,7422.30615234375
28677,28677,6490.06640625
28678,28678,23249.990234375
28679,28679,5841.572265625
28680,28680,44691.43359375
28681,28681,8763.5634765625
28682,28682,82682.265625
28683,28683,15492.994140625
28684,28684,3085.1171875
28685,28685,6257.48583984375
28686,28686,6286.52685546875
28687,28687,23733.962890625
28688,28688,22438.71484375
28689,28689,4836.947265625
28690,28690,43557.28515625
28691,28691,8117.92822265625
28692,28692,6675.42529296875
28693,28693,73100.1796875
28694,28694,181068.484375
28695,28695,9217.6533203125
28696,28696,14339.01171875
28697,28697,4609.04541015625
28698,28698,7654.81103515625
28699,28699,58366.3359375
28700,28700,2008.9931640625
28701,28701,39511.55859375
28702,28702,5475.0166015625
28703,28703,15637.90234375
28704,28704,7756.42236328125
28705,28705,5742.42333984375
28706,28706,6269.39892578125
28707,28707,19592.25390625
28708,28708,5492.41064453125
28709,28709,5450.6298828125
28710,28710,144643.28125
28711,28711,51344.37109375
28712,28712,103209.890625
28713,28713,32374.48046875
28714,28714,10699.3974609375
28715,28715,18852.046875
28716,28716,7225.6396484375
28717,28717,12169.384765625
28718,28718,50713.8515625
28719,28719,8979.1015625
28720,28720,8267.6376953125
28721,28721,8190.8935546875
28722,28722,6651.5068359375
28723,28723,12272.8916015625
28724,28724,375437.0625
28725,28725,9809.6171875
28726,28726,4352.41064453125
28727,28727,279213.15625
28728,28728,7030.46533203125
28729,28729,5677.79248046875
28730,28730,18903.65625
28731,28731,7194.49267578125
28732,28732,15284.3291015625
28733,28733,18388.65625
28734,28734,14921.390625
28735,28735,22323.673828125
28736,28736,47943.6171875
28737,28737,8647.189453125
28738,28738,12761.6279296875
28739,28739,7557.60498046875
28740,28740,8069.3037109375
28741,28741,4019.344970703125
28742,28742,15205.9951171875
28743,28743,3225.898681640625
28744,28744,7064.466796875
28745,28745,3849441.25
28746,28746,5830.982421875
28747,28747,5503.5791015625
28748,28748,8523.267578125
28749,28749,10448.5947265625
28750,28750,14109.390625
28751,28751,7144.4208984375
28752,28752,9817.580078125
28753,28753,15555.853515625
28754,28754,9179.44140625
28755,28755,4886.8974609375
28756,28756,10066.896484375
28757,28757,108474.8359375
28758,28758,5728.9599609375
28759,28759,19888.23046875
28760,28760,7122.287109375
28761,28761,6295.7763671875
28762,28762,23141.59375
28763,28763,9818.37109375
28764,28764,8551.095703125
28765,28765,129629.3359375
28766,28766,7987.0576171875
28767,28767,338423.65625
28768,28768,16009.115234375
28769,28769,8868.384765625
28770,28770,5059.82275390625
28771,28771,159670.78125
28772,28772,6378.556640625
28773,28773,5869.94921875
28774,28774,17920.072265625
28775,28775,8060.9619140625
28776,28776,4963.11328125
28777,28777,4255.15673828125
28778,28778,9057.8857421875
28779,28779,5823.462890625
28780,28780,6009.91455078125
28781,28781,16511.025390625
28782,28782,29113.498046875
28783,28783,31149.40625
28784,28784,5567.658203125
28785,28785,8492.310546875
28786,28786,8060.9619140625
28787,28787,10189.5634765625
28788,28788,117359.96875
28789,28789,6878.0087890625
28790,28790,149502.546875
28791,28791,18732.484375
28792,28792,42968.90234375
28793,28793,125707.0390625
28794,28794,14731.779296875
28795,28795,28385.076171875
28796,28796,4428.2158203125
28797,28797,3505.854248046875
28798,28798,12080.3642578125
28799,28799,8555.7939453125
28800,28800,11262.015625
28801,28801,8445.876953125
28802,28802,7256.65576171875
28803,28803,7954.18017578125
28804,28804,16007.072265625
28805,28805,89417.7734375
28806,28806,6405.9921875
28807,28807,7353.34912109375
28808,28808,5104.1962890625
28809,28809,16598.90234375
28810,28810,224959.25
28811,28811,10081.00390625
28812,28812,66008.6796875
28813,28813,12248.365234375
28814,28814,7504.6494140625
28815,28815,5232.2431640625
28816,28816,5242.12939453125
28817,28817,13766.7529296875
28818,28818,9023.05859375
28819,28819,4538.42578125
28820,28820,16199.8115234375
28821,28821,3163.17578125
28822,28822,6431.0009765625
28823,28823,7456.3515625
28824,28824,8820.4130859375
28825,28825,7970.5322265625
28826,28826,7258.98583984375
28827,28827,3007.155517578125
28828,28828,1631.53125
28829,28829,78750.3828125
28830,28830,5431.55322265625
28831,28831,8365.7900390625
28832,28832,236429.765625
28833,28833,6652.76123046875
28834,28834,5814.89794921875
28835,28835,5747.494140625
28836,28836,11364.8974609375
28837,28837,13221.7431640625
28838,28838,10412.5029296875
28839,28839,12155.8828125
28840,28840,92986.8828125
28841,28841,4114.2412109375
28842,28842,12871.9208984375
28843,28843,23267.287109375
28844,28844,9610.8525390625
28845,28845,4680.16650390625
28846,28846,23702.91796875
28847,28847,4417.85498046875
28848,28848,17158.8828125
28849,28849,8929.6826171875
28850,28850,5644.78173828125
28851,28851,7859.50537109375
28852,28852,15057.3408203125
28853,28853,25427.3046875
28854,28854,8487.3603515625
28855,28855,16316.1748046875
28856,28856,7485.20703125
28857,28857,8163.3818359375
28858,28858,8885.349609375
28859,28859,6702.880859375
28860,28860,7744.6845703125
28861,28861,49983.1796875
28862,28862,5336.916015625
28863,28863,9432.544921875
28864,28864,7349.01513671875
28865,28865,7657.2333984375
28866,28866,11389.3525390625
28867,28867,37434.83984375
28868,28868,7468.86083984375
28869,28869,35644.46875
28870,28870,47017.59375
28871,28871,3988.1494140625
28872,28872,6643.62939453125
28873,28873,6620.70458984375
28874,28874,13160.0732421875
28875,28875,10312.2666015625
28876,28876,7219.8896484375
28877,28877,7912.1240234375
28878,28878,49489.41015625
28879,28879,6233.02685546875
28880,28880,8155.43017578125
28881,28881,9477.56640625
28882,28882,6326.1376953125
28883,28883,118312.1171875
28884,28884,4628.33544921875
28885,28885,7375.34716796875
28886,28886,10676.5908203125
28887,28887,66259.578125
28888,28888,20982.580078125
28889,28889,12980.7763671875
28890,28890,6841.7529296875
28891,28891,6146.6650390625
28892,28892,41560.1328125
28893,28893,15816.236328125
28894,28894,30148.71484375
28895,28895,14932.349609375
28896,28896,6906.09228515625
28897,28897,25911.59765625
28898,28898,33730.37109375
28899,28899,13908.4501953125
28900,28900,271312.1875
28901,28901,8699.3525390625
28902,28902,4775.5341796875
28903,28903,2922.172119140625
28904,28904,61825.18359375
28905,28905,7252.42236328125
28906,28906,4348.380859375
28907,28907,13254.759765625
28908,28908,6530.9658203125
28909,28909,5133.98974609375
28910,28910,6301.54443359375
28911,28911,12826.76171875
28912,28912,7343.345703125
28913,28913,10115.7001953125
28914,28914,7494.0126953125
28915,28915,6303.576171875
28916,28916,6150.4130859375
28917,28917,13720.9892578125
28918,28918,5573.76513671875
28919,28919,8992.048828125
28920,28920,24131.458984375
28921,28921,61782.48828125
28922,28922,37330.02734375
28923,28923,10457.9443359375
28924,28924,5185.591796875
28925,28925,45774.76171875
28926,28926,10865.2431640625
28927,28927,153219.234375
28928,28928,10551.55859375
28929,28929,14003.43359375
28930,28930,10780.72265625
28931,28931,36188.51171875
28932,28932,17940.38671875
28933,28933,75352.34375
28934,28934,40288.0078125
28935,28935,14383.3994140625
28936,28936,11827.4619140625
28937,28937,5030.88427734375
28938,28938,8648.169921875
28939,28939,3946.797119140625
28940,28940,7017.70068359375
28941,28941,12170.9716796875
28942,28942,5367.63623046875
28943,28943,5137.783203125
28944,28944,10900.75
28945,28945,38425.30078125
28946,28946,1416117.5
28947,28947,10448.34375
28948,28948,4674.609375
28949,28949,6794.6630859375
28950,28950,9501.94140625
28951,28951,29559.716796875
28952,28952,7481.42041015625
28953,28953,3809.28759765625
28954,28954,8326.3759765625
28955,28955,3786.99755859375
28956,28956,5618.9501953125
28957,28957,7240.978515625
28958,28958,8253.873046875
28959,28959,6437.64404296875
28960,28960,41255.37890625
28961,28961,14540.71875
28962,28962,10541.3115234375
28963,28963,8915.826171875
28964,28964,8596.3837890625
28965,28965,158087.71875
28966,28966,8422.4248046875
28967,28967,11564.5478515625
28968,28968,8838.8095703125
28969,28969,6520.12060546875
28970,28970,79037.6796875
28971,28971,17764.4375
28972,28972,65837.9765625
28973,28973,9944.9501953125
28974,28974,8378.0419921875
28975,28975,136262.1875
28976,28976,11112.34765625
28977,28977,14979.6787109375
28978,28978,2856.98779296875
28979,28979,7855.58056640625
28980,28980,4701.63037109375
28981,28981,14354.4833984375
28982,28982,5656.515625
28983,28983,9336.2978515625
28984,28984,4995.56787109375
28985,28985,58914.16015625
28986,28986,11780.0703125
28987,28987,10445.279296875
28988,28988,12351.1103515625
28989,28989,9445.5576171875
28990,28990,11855.0732421875
28991,28991,5088.1201171875
28992,28992,11860.1162109375
28993,28993,6658.36669921875
28994,28994,16866.30859375
28995,28995,53413.94140625
28996,28996,8337.37890625
28997,28997,13356.875
28998,28998,9822.921875
28999,28999,7432.375
29000,29000,98500.03125
29001,29001,12788.55078125
29002,29002,9557.2734375
29003,29003,3911.050537109375
29004,29004,9919.7109375
29005,29005,41749.66796875
29006,29006,4211.52783203125
29007,29007,10085.6416015625
29008,29008,134464.140625
29009,29009,12806.1083984375
29010,29010,68132.484375
29011,29011,21122.751953125
29012,29012,46512.171875
29013,29013,11833.51953125
29014,29014,161579.640625
29015,29015,7240.3623046875
29016,29016,6451.1630859375
29017,29017,171368.296875
29018,29018,6362.78564453125
29019,29019,7071.39111328125
29020,29020,5101.5712890625
29021,29021,120681.1953125
29022,29022,6132.42236328125
29023,29023,8793.642578125
29024,29024,13308.193359375
29025,29025,9904.6865234375
29026,29026,6725.6455078125
29027,29027,5524387.0
29028,29028,11330.8076171875
29029,29029,6690.28564453125
29030,29030,9638.3046875
29031,29031,11095.6630859375
29032,29032,44587.41796875
29033,29033,23778.232421875
29034,29034,4801.3330078125
29035,29035,22805.376953125
29036,29036,12624.6845703125
29037,29037,7181.525390625
29038,29038,11799.1875
29039,29039,5100.3271484375
29040,29040,7388.466796875
29041,29041,8869.1884765625
29042,29042,7327.0703125
29043,29043,7846.2060546875
29044,29044,15295.880859375
29045,29045,197198.5625
29046,29046,6436.013671875
29047,29047,6560.23291015625
29048,29048,13991.962890625
29049,29049,59538.10546875
29050,29050,7782.87548828125
29051,29051,110205.8515625
29052,29052,139292.921875
29053,29053,6509.96533203125
29054,29054,7117.7080078125
29055,29055,6222.7265625
29056,29056,9049.8955078125
29057,29057,5939.4951171875
29058,29058,12258.5087890625
29059,29059,7326.05859375
29060,29060,6462.857421875
29061,29061,7490.49072265625
29062,29062,5073.791015625
29063,29063,6523.82763671875
29064,29064,15942.1923828125
29065,29065,7799.9765625
29066,29066,7262.8056640625
29067,29067,5237.583984375
29068,29068,6101.345703125
29069,29069,11009.404296875
29070,29070,42326.578125
29071,29071,5984.0751953125
29072,29072,6772.86962890625
29073,29073,5561.1396484375
29074,29074,10432.361328125
29075,29075,140019.5
29076,29076,14229.6171875
29077,29077,6988.79443359375
29078,29078,13662.720703125
29079,29079,10666.3515625
29080,29080,5992.6630859375
29081,29081,4156506.5
29082,29082,353514.59375
29083,29083,5769.4580078125
29084,29084,15293.6123046875
29085,29085,8818.166015625
29086,29086,9948.349609375
29087,29087,8520.9228515625
29088,29088,8498.2197265625
29089,29089,9704.099609375
29090,29090,23358.443359375
29091,29091,14462.9287109375
29092,29092,10108.05859375
29093,29093,8107.201171875
29094,29094,4560.0703125
29095,29095,31918.650390625
29096,29096,8835.3427734375
29097,29097,8738.0263671875
29098,29098,4049.11865234375
29099,29099,5434.4169921875
29100,29100,5889.9853515625
29101,29101,810353.8125
29102,29102,11670.734375
29103,29103,6546.35546875
29104,29104,8219.8642578125
29105,29105,7882.84716796875
29106,29106,12524.1318359375
29107,29107,5907.74658203125
29108,29108,49046.546875
29109,29109,8087.71826171875
29110,29110,14239.951171875
29111,29111,19451.072265625
29112,29112,5401.45947265625
29113,29113,178733.90625
29114,29114,40036.77734375
29115,29115,9196.3427734375
29116,29116,6404.8125
29117,29117,6988.7685546875
29118,29118,9776.3349609375
29119,29119,13107.998046875
29120,29120,48743.4609375
29121,29121,17148.056640625
29122,29122,7260.5322265625
29123,29123,27187.755859375
29124,29124,9622.556640625
29125,29125,6662.115234375
29126,29126,295435.0
29127,29127,23057.154296875
29128,29128,36553.984375
29129,29129,175423.53125
29130,29130,6072.89892578125
29131,29131,15193.912109375
29132,29132,7343.8388671875
29133,29133,53367.91796875
29134,29134,9109.6982421875
29135,29135,103760.3671875
29136,29136,10422.439453125
29137,29137,38647.32421875
29138,29138,6300.6064453125
29139,29139,41372.0234375
29140,29140,58618.1171875
29141,29141,7670.57177734375
29142,29142,7713.22802734375
29143,29143,6427.01611328125
29144,29144,7714.048828125
29145,29145,9544.7294921875
29146,29146,10467.4150390625
29147,29147,46570.48046875
29148,29148,6421.044921875
29149,29149,7340.89306640625
29150,29150,4162.46630859375
29151,29151,6925.26953125
29152,29152,9090.076171875
29153,29153,5982.2509765625
29154,29154,10756.8544921875
29155,29155,14541.9853515625
29156,29156,10934.75
29157,29157,1079.781005859375
29158,29158,6923.68896484375
29159,29159,56434.07421875
29160,29160,8208.8955078125
29161,29161,6300.08154296875
29162,29162,7806.994140625
29163,29163,123183.9765625
29164,29164,3112.3974609375
29165,29165,50931.2890625
29166,29166,7798.494140625
29167,29167,5841.4775390625
29168,29168,4430.833984375
29169,29169,7192.34765625
29170,29170,7899.06005859375
29171,29171,4456.7861328125
29172,29172,6338.51318359375
29173,29173,6361.93212890625
29174,29174,6767.3447265625
29175,29175,6545.90087890625
29176,29176,19094.966796875
29177,29177,16993.673828125
29178,29178,7275.68017578125
29179,29179,7239.2607421875
29180,29180,2817205.5
29181,29181,5839.19384765625
29182,29182,19806.017578125
29183,29183,3550833.25
29184,29184,139081.296875
29185,29185,4912.31982421875
29186,29186,4221.45068359375
29187,29187,5679.44482421875
29188,29188,5318.27587890625
29189,29189,142065.0
29190,29190,40512.01953125
29191,29191,8736.587890625
29192,29192,63822.60546875
29193,29193,18886.79296875
29194,29194,7870.1416015625
29195,29195,48312.93359375
29196,29196,1104230.75
29197,29197,8164.12255859375
29198,29198,6350.21142578125
29199,29199,16487.91796875
29200,29200,5733.4560546875
29201,29201,6655.17529296875
29202,29202,7597.474609375
29203,29203,13312.990234375
29204,29204,6730.54931640625
29205,29205,10160.8134765625
29206,29206,101087.171875
29207,29207,19426.5078125
29208,29208,5789.630859375
29209,29209,6869.58935546875
29210,29210,4594.353515625
29211,29211,8479.3955078125
29212,29212,9752.49609375
29213,29213,8368.025390625
29214,29214,5395.27880859375
29215,29215,11046.6025390625
29216,29216,9055.462890625
29217,29217,117790.0703125
29218,29218,6426.16162109375
29219,29219,23218.28515625
29220,29220,4011.118408203125
29221,29221,7170.818359375
29222,29222,18092.841796875
29223,29223,7341.33984375
29224,29224,8822.34765625
29225,29225,4254.70361328125
29226,29226,28083.2578125
29227,29227,11089.8037109375
29228,29228,9851.4658203125
29229,29229,8468.1953125
29230,29230,6325.0712890625
29231,29231,8983.1552734375
29232,29232,9604.94140625
29233,29233,29022.470703125
29234,29234,10632.6025390625
29235,29235,21080.369140625
29236,29236,8950.556640625
29237,29237,6263.18701171875
29238,29238,3439.2978515625
29239,29239,7767.4892578125
29240,29240,99540.4765625
29241,29241,6341.6337890625
29242,29242,39215.40625
29243,29243,3376422.75
29244,29244,105359.0390625
29245,29245,6408.09130859375
29246,29246,13189.53515625
29247,29247,7661.01171875
29248,29248,5912.74755859375
29249,29249,7074.86767578125
29250,29250,14732.0654296875
29251,29251,4260.904296875
29252,29252,4861.6259765625
29253,29253,15227.4345703125
29254,29254,5956.0068359375
29255,29255,6888.60205078125
29256,29256,14841.6123046875
29257,29257,12291.1650390625
29258,29258,17365.865234375
29259,29259,7693.15185546875
29260,29260,86606.546875
29261,29261,7892.3310546875
29262,29262,31600.369140625
29263,29263,11622.6962890625
29264,29264,7337.85205078125
29265,29265,16783.20703125
29266,29266,10438.76953125
29267,29267,69586.8359375
29268,29268,14201.474609375
29269,29269,15567.099609375
29270,29270,151245.40625
29271,29271,5787.6591796875
29272,29272,10065.6298828125
29273,29273,8662.0634765625
29274,29274,6121.3466796875
29275,29275,5355.912109375
29276,29276,58513.4296875
29277,29277,8218.1328125
29278,29278,9359.7978515625
29279,29279,5994.93310546875
29280,29280,71122.6484375
29281,29281,9630.111328125
29282,29282,8989.7685546875
29283,29283,75551.8984375
29284,29284,41026.9375
29285,29285,4956.32177734375
29286,29286,7010.78173828125
29287,29287,53027.23046875
29288,29288,6971.19775390625
29289,29289,7099.1015625
29290,29290,3278060.5
29291,29291,5149.41064453125
29292,29292,27286.365234375
29293,29293,4365.4716796875
29294,29294,15249.787109375
29295,29295,9581.80859375
29296,29296,20716.173828125
29297,29297,7993.92822265625
29298,29298,9240.302734375
29299,29299,103883.03125
29300,29300,11471.2685546875
29301,29301,10715.580078125
29302,29302,15779.5263671875
29303,29303,30796.6484375
29304,29304,7250.96630859375
29305,29305,7906.07080078125
29306,29306,10030.9013671875
29307,29307,8326.505859375
29308,29308,8436.09765625
29309,29309,6538.34326171875
29310,29310,26259.06640625
29311,29311,177847.28125
29312,29312,17048.4375
29313,29313,6665.20556640625
29314,29314,12865.7119140625
29315,29315,7046.78173828125
29316,29316,15871.2412109375
29317,29317,9290.3564453125
29318,29318,8783.634765625
29319,29319,7132.82470703125
29320,29320,48041.87890625
29321,29321,24692.166015625
29322,29322,4374.24658203125
29323,29323,9778.880859375
29324,29324,16298.8515625
29325,29325,5678.154296875
29326,29326,13852.8837890625
29327,29327,9337.7216796875
29328,29328,8847.4892578125
29329,29329,19196.1484375
29330,29330,12102.6513671875
29331,29331,15208.41796875
29332,29332,5828.369140625
29333,29333,12368.26953125
29334,29334,7189.5908203125
29335,29335,4768.9775390625
29336,29336,7551.6806640625
29337,29337,7865.62939453125
29338,29338,76950.2890625
29339,29339,10657.7861328125
29340,29340,7504.849609375
29341,29341,15256.5634765625
29342,29342,10677.2236328125
29343,29343,7189.64892578125
29344,29344,5517.7919921875
29345,29345,10848.212890625
29346,29346,104193.7421875
29347,29347,5360.10986328125
29348,29348,5974.38720703125
29349,29349,5573.0380859375
29350,29350,16184.56640625
29351,29351,14768.7919921875
29352,29352,7990.58447265625
29353,29353,9820.8251953125
29354,29354,4919.828125
29355,29355,82849.109375
29356,29356,5735.2626953125
29357,29357,7044.93408203125
29358,29358,2201826.75
29359,29359,160746.96875
29360,29360,9334.4384765625
29361,29361,7215.04638671875
29362,29362,36577.30078125
29363,29363,15852.1357421875
29364,29364,21437.126953125
29365,29365,4732.8349609375
29366,29366,6979.146484375
29367,29367,26595.65625
29368,29368,7451.623046875
29369,29369,16360.369140625
29370,29370,8278.6484375
29371,29371,33381.05859375
29372,29372,7292.75537109375
29373,29373,5416.61279296875
29374,29374,15291.48828125
29375,29375,22984.66015625
29376,29376,6227.96826171875
29377,29377,18319.65625
29378,29378,3713.951904296875
29379,29379,6783.4189453125
29380,29380,100533.703125
29381,29381,7214.68212890625
29382,29382,9105.7021484375
29383,29383,6542.90869140625
29384,29384,6921.0693359375
29385,29385,6944.98876953125
29386,29386,5095.23388671875
29387,29387,1965430.5
29388,29388,7720.70751953125
29389,29389,7117.22705078125
29390,29390,45688.96875
29391,29391,5872.18408203125
29392,29392,11716.7734375
29393,29393,3257225.25
29394,29394,35786.765625
29395,29395,8117.13330078125
29396,29396,6894.37548828125
29397,29397,6753.9287109375
29398,29398,9167.697265625
29399,29399,9446.06640625
29400,29400,5911.89013671875
29401,29401,6778.7255859375
29402,29402,5067.388671875
29403,29403,18922.849609375
29404,29404,15095.99609375
29405,29405,16038.486328125
29406,29406,5048.21337890625
29407,29407,10319.564453125
29408,29408,7184.1572265625
29409,29409,4783.1318359375
29410,29410,21625.869140625
29411,29411,6024.779296875
29412,29412,7954.765625
29413,29413,8004.650390625
29414,29414,13868.7490234375
29415,29415,11380.623046875
29416,29416,6115.9609375
29417,29417,196989.671875
29418,29418,142460.46875
29419,29419,61394.99609375
29420,29420,7659.3603515625
29421,29421,6844.0947265625
29422,29422,363603.90625
29423,29423,10479.9375
29424,29424,6883.361328125
29425,29425,5840.52392578125
29426,29426,11909.3662109375
29427,29427,6127.86669921875
29428,29428,5510.28759765625
29429,29429,6021.75244140625
29430,29430,15854.236328125
29431,29431,6220.41552734375
29432,29432,20833.5703125
29433,29433,7932.8955078125
29434,29434,132067.625
29435,29435,9756.2021484375
29436,29436,21886.642578125
29437,29437,3836.99462890625
29438,29438,77943.7109375
29439,29439,7918.79345703125
29440,29440,8595.419921875
29441,29441,51855.26171875
29442,29442,12320.75
29443,29443,6829.44482421875
29444,29444,41570.50390625
29445,29445,19269.212890625
29446,29446,6733.69921875
29447,29447,49440.37109375
29448,29448,25173.244140625
29449,29449,19428.41015625
29450,29450,8159.1943359375
29451,29451,6052.7548828125
29452,29452,11397.1630859375
29453,29453,4037.23681640625
29454,29454,49620.39453125
29455,29455,8160.87255859375
29456,29456,7492.30859375
29457,29457,5521.47021484375
29458,29458,24164.791015625
29459,29459,3087.06103515625
29460,29460,11801.599609375
29461,29461,6846.0302734375
29462,29462,5604.7509765625
29463,29463,6926.68994140625
29464,29464,8333.787109375
29465,29465,7655.11083984375
29466,29466,93177.828125
29467,29467,6841.44921875
29468,29468,13000.8583984375
29469,29469,69297.734375
29470,29470,13967.8857421875
29471,29471,4902.9052734375
29472,29472,22106.58984375
29473,29473,7374.07568359375
29474,29474,18035.556640625
29475,29475,21309.1171875
29476,29476,6125.51904296875
29477,29477,8841.94140625
29478,29478,21185.720703125
29479,29479,5273.8427734375
29480,29480,8270.5029296875
29481,29481,10534.123046875
29482,29482,23442.86328125
29483,29483,6710.34619140625
29484,29484,8096.138671875
29485,29485,10236.9423828125
29486,29486,5520.37744140625
29487,29487,11456.078125
29488,29488,5124.09326171875
29489,29489,5975.25390625
29490,29490,7015.0859375
29491,29491,109929.8984375
29492,29492,6807.10546875
29493,29493,8485.916015625
29494,29494,5496.91650390625
29495,29495,6296.82421875
29496,29496,7980.6513671875
29497,29497,46146.60546875
29498,29498,6770.38818359375
29499,29499,6520.5537109375
29500,29500,125703.796875
29501,29501,182843.96875
29502,29502,5861.79541015625
29503,29503,6679.892578125
29504,29504,7057.0947265625
29505,29505,10785.435546875
29506,29506,39954.88671875
29507,29507,11940.9873046875
29508,29508,6494.390625
29509,29509,5418.427734375
29510,29510,7299.80419921875
29511,29511,7811.828125
29512,29512,35738.38671875
29513,29513,8321.77734375
29514,29514,8563.033203125
29515,29515,6473.12939453125
29516,29516,7168.6875
29517,29517,6936.84228515625
29518,29518,13143.24609375
29519,29519,20746.1953125
29520,29520,29720.876953125
29521,29521,7989.20556640625
29522,29522,12580.916015625
29523,29523,6706.8974609375
29524,29524,10882.5712890625
29525,29525,45168.53515625
29526,29526,9665.7265625
29527,29527,13419.73046875
29528,29528,7662.75244140625
29529,29529,4651.72021484375
29530,29530,105395.5
29531,29531,7489.88037109375
29532,29532,82903.6015625
29533,29533,433976.0625
29534,29534,5924.71533203125
29535,29535,11913.5693359375
29536,29536,61505.0859375
29537,29537,97452.46875
29538,29538,35140.20703125
29539,29539,6682.908203125
29540,29540,94426.578125
29541,29541,5849.0302734375
29542,29542,2519.518310546875
29543,29543,15637.90625
29544,29544,18325.494140625
29545,29545,10642.9873046875
29546,29546,15836.357421875
29547,29547,43952.52734375
29548,29548,21105.056640625
29549,29549,7262.79833984375
29550,29550,5824.013671875
29551,29551,9446.3212890625
29552,29552,158287.046875
29553,29553,8210.7900390625
29554,29554,4016.3115234375
29555,29555,4245.46923828125
29556,29556,5492.1953125
29557,29557,8263.1142578125
29558,29558,20615.80078125
29559,29559,5564.1162109375
29560,29560,8576.25
29561,29561,22745.703125
29562,29562,61051.84375
29563,29563,7860.115234375
29564,29564,8158.48486328125
29565,29565,149798.328125
29566,29566,203892.296875
29567,29567,8336.5556640625
29568,29568,7020.4150390625
29569,29569,7007.892578125
29570,29570,6226.97802734375
29571,29571,8173.27197265625
29572,29572,10458.1455078125
29573,29573,8979.9384765625
29574,29574,5865.67529296875
29575,29575,9809.0380859375
29576,29576,10404.05859375
29577,29577,5987.0
29578,29578,8724.0322265625
29579,29579,7121.4755859375
29580,29580,8120.37060546875
29581,29581,5883.69921875
29582,29582,3161.06396484375
29583,29583,5146.82861328125
29584,29584,6555.5693359375
29585,29585,5871.12060546875
29586,29586,18418.828125
29587,29587,11443.3857421875
29588,29588,5026.57568359375
29589,29589,40972.76171875
29590,29590,7479.453125
29591,29591,38974.4453125
29592,29592,38558.73828125
29593,29593,7999.4326171875
29594,29594,5822.22412109375
29595,29595,9431.7138671875
29596,29596,5168.62939453125
29597,29597,34357.7890625
29598,29598,8523.17578125
29599,29599,6062.89697265625
29600,29600,4790.84619140625
29601,29601,9134.2890625
29602,29602,484168.84375
29603,29603,4480.0634765625
29604,29604,8444.9658203125
29605,29605,8925.2861328125
29606,29606,5765.63232421875
29607,29607,11359.6806640625
29608,29608,8036.77490234375
29609,29609,5695.2744140625
29610,29610,18870.369140625
29611,29611,33824.90625
29612,29612,6172.0673828125
29613,29613,9978.66796875
29614,29614,7113.75390625
29615,29615,6889.15283203125
29616,29616,7008.74755859375
29617,29617,5189.6552734375
29618,29618,60342.953125
29619,29619,9242.0224609375
29620,29620,3628.4208984375
29621,29621,11063.91015625
29622,29622,47550.875
29623,29623,83868.734375
29624,29624,43776.0546875
29625,29625,57506.03515625
29626,29626,8303.9482421875
29627,29627,154104.71875
29628,29628,4942.5576171875
29629,29629,8641.8125
29630,29630,7892.81396484375
29631,29631,9494.310546875
29632,29632,39291.58203125
29633,29633,7669.51318359375
29634,29634,3662217.75
29635,29635,7218.58544921875
29636,29636,7464.1845703125
29637,29637,73172.0859375
29638,29638,7760.1064453125
29639,29639,5022.80029296875
29640,29640,51885.60546875
29641,29641,6289.10009765625
29642,29642,53963.0
29643,29643,8113.060546875
29644,29644,78227.1640625
29645,29645,174696.921875
29646,29646,18994.8359375
29647,29647,14719.78125
29648,29648,92287.3359375
29649,29649,7157.1455078125
29650,29650,6998.67822265625
29651,29651,4903.20166015625
29652,29652,12674.6650390625
29653,29653,6224.857421875
29654,29654,103238.8984375
29655,29655,97564.515625
29656,29656,7326.56396484375
29657,29657,24739.373046875
29658,29658,214486.3125
29659,29659,8133.00146484375
29660,29660,19336.7578125
29661,29661,8863.5556640625
29662,29662,5050.84423828125
29663,29663,10583.1875
29664,29664,6830.69287109375
29665,29665,5456.84130859375
29666,29666,6398.95556640625
29667,29667,9417.044921875
29668,29668,7811.65576171875
29669,29669,6410.07470703125
29670,29670,5133.99853515625
29671,29671,11617.16015625
29672,29672,5431.04931640625
29673,29673,16642.94140625
29674,29674,7691.6416015625
29675,29675,8533.5185546875
29676,29676,6548.85595703125
29677,29677,100532.8828125
29678,29678,8381.0146484375
29679,29679,81412.953125
29680,29680,10315.943359375
29681,29681,3585.754638671875
29682,29682,86383.75
29683,29683,4399.7685546875
29684,29684,7952.888671875
29685,29685,21819.908203125
29686,29686,7040.259765625
29687,29687,9406.12109375
29688,29688,9570.779296875
29689,29689,11088.841796875
29690,29690,8031.4375
29691,29691,10436.1123046875
29692,29692,6238.13818359375
29693,29693,10262.841796875
29694,29694,8757.6826171875
29695,29695,24645.78515625
29696,29696,7162.4677734375
29697,29697,3236.1171875
29698,29698,6812.576171875
29699,29699,10582.888671875
29700,29700,28757.5703125
29701,29701,7535.75146484375
29702,29702,5079.69921875
29703,29703,7459.88037109375
29704,29704,102913.0859375
29705,29705,6554.119140625
29706,29706,4800.7021484375
29707,29707,11363.544921875
29708,29708,6534.84521484375
29709,29709,7170.49267578125
29710,29710,4767.5283203125
29711,29711,38714.671875
29712,29712,6341.5673828125
29713,29713,5529.279296875
29714,29714,57773.85546875
29715,29715,8787.154296875
29716,29716,44397.109375
29717,29717,12957.8427734375
29718,29718,6992.7099609375
29719,29719,9299.625
29720,29720,15353.927734375
29721,29721,7866.13623046875
29722,29722,7573.5732421875
29723,29723,19532.650390625
29724,29724,9540.806640625
29725,29725,6539.18896484375
29726,29726,45644.2578125
29727,29727,6767.353515625
29728,29728,4294.73681640625
29729,29729,17742.1015625
29730,29730,2980.652099609375
29731,29731,18527.228515625
29732,29732,8307.1171875
29733,29733,6340.5517578125
29734,29734,6411.6796875
29735,29735,4309.89453125
29736,29736,56330.109375
29737,29737,40641.34765625
29738,29738,7634.6103515625
29739,29739,8063.7275390625
29740,29740,5958.95166015625
29741,29741,9054.287109375
29742,29742,13984.921875
29743,29743,8565.0810546875
29744,29744,10363.24609375
29745,29745,7072.78466796875
29746,29746,12134.7783203125
29747,29747,5624.79150390625
29748,29748,5602.75927734375
29749,29749,11082.625
29750,29750,96152.8125
29751,29751,5182.8994140625
29752,29752,5780.59326171875
29753,29753,6056.1435546875
29754,29754,8617.4140625
29755,29755,12945.6240234375
29756,29756,8251.4072265625
29757,29757,4638.55419921875
29758,29758,9840.1298828125
29759,29759,7839.646484375
29760,29760,8425.716796875
29761,29761,6221.0556640625
29762,29762,71387.4765625
29763,29763,18270.609375
29764,29764,12825.7275390625
29765,29765,7585.31787109375
29766,29766,14787.107421875
29767,29767,10287.9072265625
29768,29768,6205.52734375
29769,29769,4693.32275390625
29770,29770,9495.201171875
29771,29771,15497.47265625
29772,29772,8531.4814453125
29773,29773,9695.88671875
29774,29774,16442.8046875
29775,29775,330726.96875
29776,29776,4376.06005859375
29777,29777,8774.806640625
29778,29778,11403.986328125
29779,29779,12420.53515625
29780,29780,14959.251953125
29781,29781,8859.158203125
29782,29782,6781.78564453125
29783,29783,14187.205078125
29784,29784,12391.8798828125
29785,29785,6593.28955078125
29786,29786,6730.16748046875
29787,29787,8053.953125
29788,29788,6496.5751953125
29789,29789,7125.71630859375
29790,29790,8383.19140625
29791,29791,4169.4267578125
29792,29792,14464.7490234375
29793,29793,13071.0
29794,29794,4824.81591796875
29795,29795,7489.85693359375
29796,29796,9478.435546875
29797,29797,11896.392578125
29798,29798,12815.546875
29799,29799,6546.76953125
29800,29800,7649.5703125
29801,29801,6074.47705078125
29802,29802,43650.640625
29803,29803,4468.30712890625
29804,29804,7339.7421875
29805,29805,7603.529296875
29806,29806,20670.171875
29807,29807,6469.89990234375
29808,29808,129439.5234375
29809,29809,11456.099609375
29810,29810,6523.80126953125
29811,29811,9180.767578125
29812,29812,8408.7626953125
29813,29813,20573.75
29814,29814,4926.45849609375
29815,29815,5124.4423828125
29816,29816,36446.6171875
29817,29817,11514.7509765625
29818,29818,7051.59228515625
29819,29819,8392.8720703125
29820,29820,4917.16259765625
29821,29821,40315.48046875
29822,29822,5245.0556640625
29823,29823,5896.70166015625
29824,29824,62273.34375
29825,29825,11300.9697265625
29826,29826,8639.3095703125
29827,29827,7935.1181640625
29828,29828,5426.00634765625
29829,29829,12536.62890625
29830,29830,85571.71875
29831,29831,8426.626953125
29832,29832,7833.4697265625
29833,29833,6340.20458984375
29834,29834,5275.962890625
29835,29835,4779.0966796875
29836,29836,45578.15625
29837,29837,25611.75390625
29838,29838,45044.19921875
29839,29839,5551.3935546875
29840,29840,23573.6953125
29841,29841,13745.9384765625
29842,29842,6412.13671875
29843,29843,5291.4931640625
29844,29844,6716.0185546875
29845,29845,33171.96484375
29846,29846,26686.302734375
29847,29847,11036.0458984375
29848,29848,34435.37890625
29849,29849,14890.2138671875
29850,29850,11215.0869140625
29851,29851,9191.5810546875
29852,29852,6856.41357421875
29853,29853,7685.60986328125
29854,29854,7424.23828125
29855,29855,6441.80029296875
29856,29856,8393.0947265625
29857,29857,7437.81494140625
29858,29858,36100.79296875
29859,29859,6031.22412109375
29860,29860,14783.6787109375
29861,29861,10662.0791015625
29862,29862,11753.3095703125
29863,29863,27916.7265625
29864,29864,7680.22119140625
29865,29865,3752.901123046875
29866,29866,60967.02734375
29867,29867,8932.7890625
29868,29868,7163.92724609375
29869,29869,7222.5703125
29870,29870,9807.6416015625
29871,29871,32669.03515625
29872,29872,11256.8359375
29873,29873,104500.8828125
29874,29874,138281.21875
29875,29875,263764.3125
29876,29876,7319.6806640625
29877,29877,65535.07421875
29878,29878,102945.171875
29879,29879,5991.01025390625
29880,29880,7684.01513671875
29881,29881,10609.0029296875
29882,29882,4664.86572265625
29883,29883,36908.5234375
29884,29884,84752.8984375
29885,29885,10818.82421875
29886,29886,6351.00341796875
29887,29887,7417.6962890625
29888,29888,11352.1953125
29889,29889,12946.7158203125
29890,29890,4406.39208984375
29891,29891,8580.46484375
29892,29892,12614.380859375
29893,29893,8111.86474609375
29894,29894,12322.7646484375
29895,29895,11600.240234375
29896,29896,6242.79052734375
29897,29897,13502.1904296875
29898,29898,11070.21875
29899,29899,7682.58203125
29900,29900,231120.421875
29901,29901,9994.8603515625
29902,29902,13588.9931640625
29903,29903,6278.0576171875
29904,29904,7714.9775390625
29905,29905,10259.0595703125
29906,29906,125435.265625
29907,29907,4834.99365234375
29908,29908,16237.3017578125
29909,29909,102435.4921875
29910,29910,19530.796875
29911,29911,20736.494140625
29912,29912,9815.4833984375
29913,29913,11729.58203125
29914,29914,6814.236328125
29915,29915,7727.71240234375
29916,29916,23864.673828125
29917,29917,7353.7265625
29918,29918,182782.453125
29919,29919,33626.30078125
29920,29920,8221.5498046875
29921,29921,3589.55712890625
29922,29922,6775.958984375
29923,29923,7571.74072265625
29924,29924,6057.96533203125
29925,29925,46672.3046875
29926,29926,7702.13623046875
29927,29927,5301.0830078125
29928,29928,6441.7880859375
29929,29929,6676.68115234375
29930,29930,5600.52783203125
29931,29931,7215.90380859375
29932,29932,5869.92578125
29933,29933,1699.383544921875
29934,29934,11680.4111328125
29935,29935,7300.40380859375
29936,29936,7839.40087890625
29937,29937,6450.578125
29938,29938,152067.109375
29939,29939,9643.0791015625
29940,29940,12937.0224609375
29941,29941,8863.07421875
29942,29942,15685.779296875
29943,29943,3903.82470703125
29944,29944,5777.01318359375
29945,29945,10873.4580078125
29946,29946,7942.40673828125
29947,29947,5981.7431640625
29948,29948,73361.640625
29949,29949,13936.7568359375
29950,29950,9179.9345703125
29951,29951,10922.1787109375
29952,29952,9471.6962890625
29953,29953,79608.8203125
29954,29954,6009.92626953125
29955,29955,32638.380859375
29956,29956,62276.24609375
29957,29957,14838.7275390625
29958,29958,21750.984375
29959,29959,16908.486328125
29960,29960,3684.396240234375
29961,29961,12128.5478515625
29962,29962,63857.53515625
29963,29963,62149.28515625
29964,29964,6035.54931640625
29965,29965,6368.8740234375
29966,29966,77057.7578125
29967,29967,7953.68310546875
29968,29968,8341.111328125
29969,29969,6474.7255859375
29970,29970,5559.6123046875
29971,29971,6303.40771484375
29972,29972,8033.533203125
29973,29973,10594.220703125
29974,29974,12496.0078125
29975,29975,5220.771484375
29976,29976,48599.40625
29977,29977,8976.2041015625
29978,29978,97588.203125
29979,29979,8500.4716796875
29980,29980,67058.09375
29981,29981,5883.0478515625
29982,29982,34075.66796875
29983,29983,7562.990234375
29984,29984,6543.2353515625
29985,29985,18188.412109375
29986,29986,5180.37060546875
29987,29987,25879.873046875
29988,29988,4841.2578125
29989,29989,3884.793701171875
29990,29990,6045.58935546875
29991,29991,7338.75146484375
29992,29992,8545.587890625
29993,29993,20658.0390625
29994,29994,6886.9248046875
29995,29995,7850.576171875
29996,29996,10862.056640625
29997,29997,6420.44580078125
29998,29998,8815.3017578125
29999,29999,7443.0400390625
30000,30000,10373.4658203125
30001,30001,17785.8828125
30002,30002,8822.5908203125
30003,30003,15950.46484375
30004,30004,24922.234375
30005,30005,173819.28125
30006,30006,7003.02685546875
30007,30007,8242.3359375
30008,30008,39294.21875
30009,30009,14199.609375
30010,30010,14014.08203125
30011,30011,98883.984375
30012,30012,13055.62109375
30013,30013,5748.3359375
30014,30014,11003.8271484375
30015,30015,9496.646484375
30016,30016,6529.14697265625
30017,30017,6324.375
30018,30018,33429.578125
30019,30019,9539.1953125
30020,30020,39415.21484375
30021,30021,17015.447265625
30022,30022,5212.8017578125
30023,30023,8760.3681640625
30024,30024,12162.9326171875
30025,30025,10686.4208984375
30026,30026,6397.71826171875
30027,30027,13318.5556640625
30028,30028,129574.6796875
30029,30029,7510.595703125
30030,30030,10485.1650390625
30031,30031,21856.828125
30032,30032,7001.83544921875
30033,30033,8447.982421875
30034,30034,25568.931640625
30035,30035,10736.6240234375
30036,30036,5846.73291015625
30037,30037,5569.466796875
30038,30038,7933.13671875
30039,30039,10982.083984375
30040,30040,7909.02197265625
30041,30041,12779.125
30042,30042,5921.228515625
30043,30043,8109.037109375
30044,30044,87672.3828125
30045,30045,97265.3125
30046,30046,8663.7548828125
30047,30047,14727.16015625
30048,30048,31711.919921875
30049,30049,6828.67822265625
30050,30050,6763.474609375
30051,30051,4814.06787109375
30052,30052,4973.89453125
30053,30053,6033.5068359375
30054,30054,24106.263671875
30055,30055,4945.634765625
30056,30056,10983.828125
30057,30057,23823.791015625
30058,30058,8270.607421875
30059,30059,10657.849609375
30060,30060,7247.880859375
30061,30061,171178.453125
30062,30062,4770.41748046875
30063,30063,11645.169921875
30064,30064,14664.935546875
30065,30065,6539.34716796875
30066,30066,9752.005859375
30067,30067,6355.14794921875
30068,30068,8389.548828125
30069,30069,13025.267578125
30070,30070,147927.203125
30071,30071,8803.697265625
30072,30072,14872.91015625
30073,30073,4871.93701171875
30074,30074,7368.951171875
30075,30075,3696.89697265625
30076,30076,17685.26953125
30077,30077,5454.98779296875
30078,30078,34827.90625
30079,30079,14524.0810546875
30080,30080,5982.15478515625
30081,30081,7120.5224609375
30082,30082,5706.07958984375
30083,30083,85551.4453125
30084,30084,4366.4375
30085,30085,8656.068359375
30086,30086,11558.9541015625
30087,30087,20764.912109375
30088,30088,12106.2890625
30089,30089,21121.458984375
30090,30090,6624.14453125
30091,30091,17260.951171875
30092,30092,7056.078125
30093,30093,55602.2578125
30094,30094,5611.30029296875
30095,30095,417127.375
30096,30096,8056.630859375
30097,30097,8627.833984375
30098,30098,4918.77392578125
30099,30099,6240.31982421875
30100,30100,61070.53125
30101,30101,66734.5
30102,30102,100226.0390625
30103,30103,7298.458984375
30104,30104,8925.693359375
30105,30105,14996.7099609375
30106,30106,7378.681640625
30107,30107,7723.15185546875
30108,30108,2749.16552734375
30109,30109,9705.1416015625
30110,30110,7681.326171875
30111,30111,7212.59326171875
30112,30112,100505.53125
30113,30113,6779.2744140625
30114,30114,30235.935546875
30115,30115,72563.6640625
30116,30116,119687.4453125
30117,30117,7911.447265625
30118,30118,7385.9453125
30119,30119,35302.3046875
30120,30120,7765.8115234375
30121,30121,15487.341796875
30122,30122,8524.4619140625
30123,30123,35407.234375
30124,30124,7214.8076171875
30125,30125,4677.42333984375
30126,30126,14232.3095703125
30127,30127,7204.12451171875
30128,30128,7615.71728515625
30129,30129,11332.328125
30130,30130,6487.24609375
30131,30131,130089.1328125
30132,30132,12146.546875
30133,30133,21587.029296875
30134,30134,6498.58837890625
30135,30135,16192.298828125
30136,30136,5045.1171875
30137,30137,145604.890625
30138,30138,31621.169921875
30139,30139,5172.626953125
30140,30140,112931.25
30141,30141,8038.36767578125
30142,30142,12600.8505859375
30143,30143,12286.9892578125
30144,30144,38488.05078125
30145,30145,6592.48681640625
30146,30146,6432.46533203125
30147,30147,19004.08203125
30148,30148,4655.111328125
30149,30149,5942.75830078125
30150,30150,4691.34521484375
30151,30151,7669.79150390625
30152,30152,13221.3466796875
30153,30153,6697.71044921875
30154,30154,9136.61328125
30155,30155,11921.2353515625
30156,30156,40457.7109375
30157,30157,6890.30517578125
30158,30158,4456.24951171875
30159,30159,10603.8076171875
30160,30160,43095.859375
30161,30161,5558.32763671875
30162,30162,12438.0966796875
30163,30163,18466.482421875
30164,30164,13908.65234375
30165,30165,6779.33642578125
30166,30166,7738.77978515625
30167,30167,7291.16162109375
30168,30168,8923.234375
30169,30169,7726.84228515625
30170,30170,5048.63720703125
30171,30171,10805.271484375
30172,30172,8649.55859375
30173,30173,4233.0732421875
30174,30174,15249.57421875
30175,30175,10178.4638671875
30176,30176,8551.5185546875
30177,30177,5194474.0
30178,30178,7578.5771484375
30179,30179,1352609.625
30180,30180,28482.259765625
30181,30181,4870.00146484375
30182,30182,8984.1982421875
30183,30183,106005.8359375
30184,30184,19176.205078125
30185,30185,5992.4921875
30186,30186,8765.7587890625
30187,30187,56201.921875
30188,30188,7486.16796875
30189,30189,64886.52734375
30190,30190,37623.36328125
30191,30191,8543.16796875
30192,30192,122862.7890625
30193,30193,7868.91259765625
30194,30194,5426.181640625
30195,30195,7572.708984375
30196,30196,32215.29296875
30197,30197,9964.3310546875
30198,30198,329199.6875
30199,30199,6571.6982421875
30200,30200,5538.51025390625
30201,30201,5769.41650390625
30202,30202,6798.3310546875
30203,30203,4732.380859375
30204,30204,17658.251953125
30205,30205,49233.6796875
30206,30206,23508.447265625
30207,30207,28259.474609375
30208,30208,10007.1787109375
30209,30209,422726.59375
30210,30210,12587.462890625
30211,30211,79667.65625
30212,30212,73828.6171875
30213,30213,124080.1875
30214,30214,6651.65234375
30215,30215,11826.3525390625
30216,30216,7894.0
30217,30217,10736.5986328125
30218,30218,7214.42626953125
30219,30219,10165.0791015625
30220,30220,11721.6708984375
30221,30221,4327.736328125
30222,30222,6810.9189453125
30223,30223,47191.921875
30224,30224,16078.3671875
30225,30225,9665.2314453125
30226,30226,10331.0869140625
30227,30227,7041.3310546875
30228,30228,5684.50634765625
30229,30229,6386.93896484375
30230,30230,7959.8505859375
30231,30231,22098.1875
30232,30232,9371.568359375
30233,30233,9683.1806640625
30234,30234,6836.1767578125
30235,30235,97673.8046875
30236,30236,7571.53466796875
30237,30237,39121.671875
30238,30238,14237.1962890625
30239,30239,7707.515625
30240,30240,7417.84228515625
30241,30241,9988.9453125
30242,30242,10282.84765625
30243,30243,8348.115234375
30244,30244,17221.513671875
30245,30245,10076.7060546875
30246,30246,8031.57763671875
30247,30247,9621.666015625
30248,30248,31090.724609375
30249,30249,8633.0439453125
30250,30250,15229.41015625
30251,30251,5916.94287109375
30252,30252,18305.486328125
30253,30253,4877.25634765625
30254,30254,8889.853515625
30255,30255,11112.6767578125
30256,30256,20983.130859375
30257,30257,28048.740234375
30258,30258,10775.0869140625
30259,30259,10080.115234375
30260,30260,14177.6513671875
30261,30261,83671.7265625
30262,30262,4694.95263671875
30263,30263,10996.6923828125
30264,30264,5698.20947265625
30265,30265,5974.3583984375
30266,30266,4642.2412109375
30267,30267,5993.96435546875
30268,30268,8771.841796875
30269,30269,36429.8671875
30270,30270,25889.068359375
30271,30271,7936.75537109375
30272,30272,7109.8408203125
30273,30273,30263.267578125
30274,30274,6935.96728515625
30275,30275,12014.64453125
30276,30276,6285.2958984375
30277,30277,5799.45703125
30278,30278,15964.7861328125
30279,30279,13435.392578125
30280,30280,12557.71484375
30281,30281,11966.1015625
30282,30282,10005.6123046875
30283,30283,18377.720703125
30284,30284,21269.16015625
30285,30285,6437.88427734375
30286,30286,7874.79345703125
30287,30287,7448.65869140625
30288,30288,8405.2021484375
30289,30289,260578.65625
30290,30290,13459.5048828125
30291,30291,8735.5791015625
30292,30292,11539.611328125
30293,30293,14042.982421875
30294,30294,6582.24462890625
30295,30295,9665.0498046875
30296,30296,12612.7666015625
30297,30297,3239.983154296875
30298,30298,6633.96923828125
30299,30299,13167.640625
30300,30300,124425.2421875
30301,30301,12754.5478515625
30302,30302,7662.37548828125
30303,30303,6135.9423828125
30304,30304,4949.3818359375
30305,30305,8204.873046875
30306,30306,6305.81689453125
30307,30307,7647.13671875
30308,30308,51515.6796875
30309,30309,6627.3779296875
30310,30310,7862.6005859375
30311,30311,5977.79541015625
30312,30312,228411.828125
30313,30313,10496.1884765625
30314,30314,7044.54541015625
30315,30315,4911.38916015625
30316,30316,7908.18212890625
30317,30317,6140.6884765625
30318,30318,6541.216796875
30319,30319,5698.93017578125
30320,30320,8612.5205078125
30321,30321,6273.93408203125
30322,30322,117010.8125
30323,30323,3481.482421875
30324,30324,6469.2822265625
30325,30325,16877.578125
30326,30326,8758.61328125
30327,30327,7443.697265625
30328,30328,9345.9599609375
30329,30329,8262.599609375
30330,30330,37615.3203125
30331,30331,6635.12939453125
30332,30332,8938.8056640625
30333,30333,4115.6298828125
30334,30334,5030.21435546875
30335,30335,32405.009765625
30336,30336,5342.3837890625
30337,30337,6908.71337890625
30338,30338,7302.61083984375
30339,30339,71345.3046875
30340,30340,29495.115234375
30341,30341,4457.3974609375
30342,30342,9593.5498046875
30343,30343,13017.0966796875
30344,30344,8752.30078125
30345,30345,4372.23291015625
30346,30346,165167.25
30347,30347,266098.65625
30348,30348,34253.03515625
30349,30349,9962.12890625
30350,30350,7423.2607421875
30351,30351,8525.240234375
30352,30352,146878.890625
30353,30353,8107.7880859375
30354,30354,88719.5546875
30355,30355,7863.68408203125
30356,30356,145518.390625
30357,30357,9934.037109375
30358,30358,7209.73876953125
30359,30359,9968.455078125
30360,30360,200507.875
30361,30361,6412.24658203125
30362,30362,6607.30126953125
30363,30363,6697.462890625
30364,30364,8585.3935546875
30365,30365,8131.634765625
30366,30366,6876.84716796875
30367,30367,78020.0390625
30368,30368,7905.5107421875
30369,30369,7631.85546875
30370,30370,5025.39892578125
30371,30371,18666.7734375
30372,30372,13746.896484375
30373,30373,3253887.5
30374,30374,5539.45751953125
30375,30375,15333.322265625
30376,30376,8631.0595703125
30377,30377,112530.5234375
30378,30378,3327771.5
30379,30379,10957.869140625
30380,30380,364394.75
30381,30381,9544.75
30382,30382,8069.74267578125
30383,30383,9909.1171875
30384,30384,6415.19921875
30385,30385,6855.5947265625
30386,30386,6433.33642578125
30387,30387,4865.73681640625
30388,30388,6088.51806640625
30389,30389,14736.9775390625
30390,30390,6178.49853515625
30391,30391,64731.0625
30392,30392,5642.9091796875
30393,30393,6139.49267578125
30394,30394,9383.9384765625
30395,30395,9128.1689453125
30396,30396,7762.767578125
30397,30397,6299.0244140625
30398,30398,15974.3759765625
30399,30399,65267.62890625
30400,30400,4717.021484375
30401,30401,9333.3349609375
30402,30402,8963.8193359375
30403,30403,8029.45654296875
30404,30404,6537.94482421875
30405,30405,10931.6494140625
30406,30406,16475.2265625
30407,30407,5252.0712890625
30408,30408,12244.943359375
30409,30409,61608.74609375
30410,30410,6183.19482421875
30411,30411,6415.13427734375
30412,30412,7259.0126953125
30413,30413,7399.31787109375
30414,30414,6544.84521484375
30415,30415,104844.2578125
30416,30416,109965.1484375
30417,30417,74347.0625
30418,30418,30096.607421875
30419,30419,13878.6494140625
30420,30420,7949.60107421875
30421,30421,5294.44091796875
30422,30422,7799.5146484375
30423,30423,7034.29736328125
30424,30424,7749.05224609375
30425,30425,7783.92138671875
30426,30426,10286.8916015625
30427,30427,27214.00390625
30428,30428,40296.42578125
30429,30429,24062.298828125
30430,30430,9630.662109375
30431,30431,11503.845703125
30432,30432,4862.9130859375
30433,30433,8308.0791015625
30434,30434,127090.2890625
30435,30435,5598.86181640625
30436,30436,18450.1796875
30437,30437,6937.9345703125
30438,30438,3492840.0
30439,30439,17161.291015625
30440,30440,13146.4189453125
30441,30441,3710.04248046875
30442,30442,5046.755859375
30443,30443,27208.26171875
30444,30444,26978.076171875
30445,30445,6593.64990234375
30446,30446,10889.490234375
30447,30447,8342.828125
30448,30448,104729.546875
30449,30449,6623.82421875
30450,30450,5940.71044921875
30451,30451,101204.28125
30452,30452,6223.2607421875
30453,30453,10753.1396484375
30454,30454,10978.3251953125
30455,30455,73040.9140625
30456,30456,9281.8955078125
30457,30457,7807.16357421875
30458,30458,4749.5263671875
30459,30459,9640.5146484375
30460,30460,6704.32763671875
30461,30461,7461.60693359375
30462,30462,5938.75244140625
30463,30463,6478.30419921875
30464,30464,12691.556640625
30465,30465,5048.11279296875
30466,30466,4331.630859375
30467,30467,5585.0126953125
30468,30468,29477.84765625
30469,30469,235065.609375
30470,30470,7539.99658203125
30471,30471,4957.83447265625
30472,30472,6220.41552734375
30473,30473,48546.60546875
30474,30474,9937.90625
30475,30475,76412.7109375
30476,30476,16024.5517578125
30477,30477,4728.57763671875
30478,30478,19657.72265625
30479,30479,8429.7685546875
30480,30480,8026.8154296875
30481,30481,8535.6298828125
30482,30482,21473.37890625
30483,30483,5993.75390625
30484,30484,6508.65966796875
30485,30485,7837.00537109375
30486,30486,10251.09375
30487,30487,11924.408203125
30488,30488,22199.11328125
30489,30489,15916.5283203125
30490,30490,8327.828125
30491,30491,5964.90234375
30492,30492,12291.4873046875
30493,30493,8519.8798828125
30494,30494,9301.8623046875
30495,30495,21056.921875
30496,30496,158092.4375
30497,30497,4735.74609375
30498,30498,8680.27734375
30499,30499,7137.771484375
30500,30500,8042.0947265625
30501,30501,5606.4365234375
30502,30502,6549.89306640625
30503,30503,9034.111328125
30504,30504,11528.7763671875
30505,30505,5186.912109375
30506,30506,24925.501953125
30507,30507,5241.037109375
30508,30508,6299.6435546875
30509,30509,8038.52685546875
30510,30510,6171.6455078125
30511,30511,28647.72265625
30512,30512,54549.44921875
30513,30513,5744.37109375
30514,30514,13441.625
30515,30515,79961.90625
30516,30516,11819.96875
30517,30517,8787.9326171875
30518,30518,6664.3701171875
30519,30519,8962.7958984375
30520,30520,87952.3984375
30521,30521,14356.7392578125
30522,30522,3546.321044921875
30523,30523,12362.7333984375
30524,30524,10715.9130859375
30525,30525,7764.7236328125
30526,30526,11593.51953125
30527,30527,6782.630859375
30528,30528,8691.4013671875
30529,30529,80739.1171875
30530,30530,7022.67333984375
30531,30531,7761.4736328125
30532,30532,4746.083984375
30533,30533,8222.59375
30534,30534,39031.98046875
30535,30535,6552.58203125
30536,30536,61462.953125
30537,30537,15843.337890625
30538,30538,5547.35693359375
30539,30539,12222.75
30540,30540,57232.98046875
30541,30541,56388.98828125
30542,30542,7833.71240234375
30543,30543,1109360.625
30544,30544,4807.77294921875
30545,30545,7532.5126953125
30546,30546,5612.93994140625
30547,30547,5475.236328125
30548,30548,6415.37646484375
30549,30549,6761.7919921875
30550,30550,954.1499633789062
30551,30551,6398.884765625
30552,30552,5359.75341796875
30553,30553,9186.720703125
30554,30554,3230789.5
30555,30555,9621.0751953125
30556,30556,6427.38525390625
30557,30557,3742795.25
30558,30558,37384.20703125
30559,30559,4690.130859375
30560,30560,128354.9140625
30561,30561,8588.25
30562,30562,4554.66796875
30563,30563,49565.91796875
30564,30564,8065.85107421875
30565,30565,4007.745361328125
30566,30566,7487.43603515625
30567,30567,6550.89599609375
30568,30568,6087.49560546875
30569,30569,13088.5830078125
30570,30570,16941.79296875
30571,30571,9853.8701171875
30572,30572,4747.33203125
30573,30573,5972.6669921875
30574,30574,27236.578125
30575,30575,9070.6171875
30576,30576,15866.5625
30577,30577,5699.66015625
30578,30578,18538.828125
30579,30579,6251.87060546875
30580,30580,5233.263671875
30581,30581,15257.40234375
30582,30582,17153.119140625
30583,30583,6222.4541015625
30584,30584,6542.94384765625
30585,30585,6434.80224609375
30586,30586,23863.111328125
30587,30587,9510.0078125
30588,30588,5738.24658203125
30589,30589,4365.77294921875
30590,30590,262436.65625
30591,30591,17280.42578125
30592,30592,6761.42236328125
30593,30593,4226.04541015625
30594,30594,32156.232421875
30595,30595,8528.1875
30596,30596,7505.92041015625
30597,30597,18554.732421875
30598,30598,8349.494140625
30599,30599,8045.9072265625
30600,30600,16321.0498046875
30601,30601,10338.3779296875
30602,30602,6226.7333984375
30603,30603,8961.7607421875
30604,30604,8250.5
30605,30605,4746.69921875
30606,30606,5134.3740234375
30607,30607,6777.4443359375
30608,30608,7804.201171875
30609,30609,7380.90576171875
30610,30610,4928142.5
30611,30611,6241.0556640625
30612,30612,37003.05859375
30613,30613,6525.2763671875
30614,30614,5973.7275390625
30615,30615,8589.646484375
30616,30616,11900.68359375
30617,30617,5799.0986328125
30618,30618,7756.03857421875
30619,30619,7294.91650390625
30620,30620,13423.060546875
30621,30621,20130.171875
30622,30622,3417.256591796875
30623,30623,21013.49609375
30624,30624,6898.47216796875
30625,30625,28328.87109375
30626,30626,23028.205078125
30627,30627,1413855.875
30628,30628,23406.130859375
30629,30629,7054.65185546875
30630,30630,8261.8828125
30631,30631,11768.4716796875
30632,30632,56701.953125
30633,30633,9745.384765625
30634,30634,7898.05224609375
30635,30635,25126.9375
30636,30636,5829.533203125
30637,30637,9536.16796875
30638,30638,5706.673828125
30639,30639,13031.951171875
30640,30640,11127.748046875
30641,30641,34925.98046875
30642,30642,7427.0791015625
30643,30643,7100.1171875
30644,30644,5372.501953125
30645,30645,43602.2421875
30646,30646,15144.8837890625
30647,30647,9067.2255859375
30648,30648,3351821.75
30649,30649,34356.58203125
30650,30650,5867.455078125
30651,30651,5370.1591796875
30652,30652,54801.49609375
30653,30653,7243.9892578125
30654,30654,25097.669921875
30655,30655,6480.54345703125
30656,30656,4993.796875
30657,30657,208108.375
30658,30658,9399.177734375
30659,30659,13410.0
30660,30660,16940.3828125
30661,30661,7339.77197265625
30662,30662,8167.69140625
30663,30663,8218.365234375
30664,30664,6495.67626953125
30665,30665,6343.95361328125
30666,30666,12959.0029296875
30667,30667,85024.25
30668,30668,5268.95751953125
30669,30669,8445.2548828125
30670,30670,5907.2158203125
30671,30671,12542.66015625
30672,30672,7288.1787109375
30673,30673,17800.3515625
30674,30674,10940.990234375
30675,30675,12558.5244140625
30676,30676,5757.07421875
30677,30677,7589.9443359375
30678,30678,3534.24658203125
30679,30679,7516.9873046875
30680,30680,7266.37548828125
30681,30681,247370.890625
30682,30682,85027.8984375
30683,30683,6071.7900390625
30684,30684,126687.9296875
30685,30685,5256.04736328125
30686,30686,5610.087890625
30687,30687,130969.796875
30688,30688,104820.734375
30689,30689,10371.9560546875
30690,30690,50964.91796875
30691,30691,10519.142578125
30692,30692,4271.95556640625
30693,30693,8938.689453125
30694,30694,34147.0234375
30695,30695,5920.970703125
30696,30696,15198.02734375
30697,30697,5392.55126953125
30698,30698,9373.384765625
30699,30699,9039.4130859375
30700,30700,3681.861083984375
30701,30701,117819.4296875
30702,30702,8367.068359375
30703,30703,8446.544921875
30704,30704,8819.3681640625
30705,30705,27685.443359375
30706,30706,7813.23193359375
30707,30707,12933.9296875
30708,30708,7408.0576171875
30709,30709,8169.6865234375
30710,30710,91279.9140625
30711,30711,220500.265625
30712,30712,6297.451171875
30713,30713,11020.8662109375
30714,30714,9282.671875
30715,30715,8150.8232421875
30716,30716,35137.8828125
30717,30717,242536.875
30718,30718,9486.6923828125
30719,30719,6424.92236328125
30720,30720,5227.53857421875
30721,30721,4678.4169921875
30722,30722,20403.568359375
30723,30723,6548.93896484375
30724,30724,6695.576171875
30725,30725,5043.244140625
30726,30726,13911.6796875
30727,30727,11765.4189453125
30728,30728,8066.8173828125
30729,30729,7437.7841796875
30730,30730,5580.43017578125
30731,30731,10576.3935546875
30732,30732,11927.1767578125
30733,30733,9256.451171875
30734,30734,13457.970703125
30735,30735,7591.02294921875
30736,30736,5105.97021484375
30737,30737,9330.4521484375
30738,30738,12983.337890625
30739,30739,3793.963623046875
30740,30740,8693.6884765625
30741,30741,4946.89892578125
30742,30742,147313.90625
30743,30743,61293.71484375
30744,30744,4870.22802734375
30745,30745,71305.046875
30746,30746,5003.70654296875
30747,30747,2681994.25
30748,30748,12336.9443359375
30749,30749,4322.4248046875
30750,30750,5645.087890625
30751,30751,128039.703125
30752,30752,11308.109375
30753,30753,7016.93212890625
30754,30754,11282.94921875
30755,30755,17820.623046875
30756,30756,18333.22265625
30757,30757,13429.1494140625
30758,30758,8024.0625
30759,30759,4678.3037109375
30760,30760,21299.912109375
30761,30761,14112.841796875
30762,30762,7271.55517578125
30763,30763,4794.423828125
30764,30764,9249.1845703125
30765,30765,6760.84130859375
30766,30766,13580.201171875
30767,30767,58051.19140625
30768,30768,23645.724609375
30769,30769,5711.4609375
30770,30770,8830.3662109375
30771,30771,6152.048828125
30772,30772,10510.208984375
30773,30773,2995.950927734375
30774,30774,8929.9599609375
30775,30775,4100.109375
30776,30776,7845.6494140625
30777,30777,158752.21875
30778,30778,35170.04296875
30779,30779,7981.1962890625
30780,30780,208752.546875
30781,30781,7976.9462890625
30782,30782,99093.359375
30783,30783,14798.1552734375
30784,30784,15216.5126953125
30785,30785,50057.171875
30786,30786,8123.64501953125
30787,30787,126214.4921875
30788,30788,9315.17578125
30789,30789,7329.345703125
30790,30790,73437.09375
30791,30791,25126.037109375
30792,30792,8221.2138671875
30793,30793,23128.341796875
30794,30794,7449.41064453125
30795,30795,7288.07275390625
30796,30796,36859.62890625
30797,30797,7827.1640625
30798,30798,111346.9453125
30799,30799,32930.171875
30800,30800,24695.82421875
30801,30801,19521.275390625
30802,30802,29994.484375
30803,30803,7323.634765625
30804,30804,6101.26953125
30805,30805,7465.6953125
30806,30806,139003.0625
30807,30807,15563.75390625
30808,30808,9371.2900390625
30809,30809,4180.037109375
30810,30810,24573.818359375
30811,30811,13665.216796875
30812,30812,76870.953125
30813,30813,6835.5517578125
30814,30814,6302.7265625
30815,30815,6737.4619140625
30816,30816,7096.71484375
30817,30817,66945.6953125
30818,30818,4742.8515625
30819,30819,60469.7421875
30820,30820,5889.16748046875
30821,30821,8402.44921875
30822,30822,7391.46435546875
30823,30823,51200.6484375
30824,30824,26236.1328125
30825,30825,5955.0322265625
30826,30826,12629.0166015625
30827,30827,31967.759765625
30828,30828,10282.5546875
30829,30829,20522.328125
30830,30830,4389.04052734375
30831,30831,4958.1142578125
30832,30832,7955.04833984375
30833,30833,4438.59912109375
30834,30834,34117.79296875
30835,30835,7122.34326171875
30836,30836,11217.265625
30837,30837,6596.67431640625
30838,30838,64413.9375
30839,30839,143228.15625
30840,30840,209048.125
30841,30841,32702.82421875
30842,30842,14917.8955078125
30843,30843,15063.59375
30844,30844,63659.35546875
30845,30845,8363.0927734375
30846,30846,5396.40673828125
30847,30847,4270637.5
30848,30848,6537.8203125
30849,30849,7906.5634765625
30850,30850,20832.650390625
30851,30851,11236.6748046875
30852,30852,7187.95458984375
30853,30853,6346.38134765625
30854,30854,8414.98828125
30855,30855,7254.650390625
30856,30856,107711.6328125
30857,30857,98696.421875
30858,30858,30356.208984375
30859,30859,14555.5673828125
30860,30860,26509.58203125
30861,30861,6025.6630859375
30862,30862,6261.60546875
30863,30863,60492.4140625
30864,30864,12115.5146484375
30865,30865,5592.1474609375
30866,30866,10418.080078125
30867,30867,10763.111328125
30868,30868,6850.7998046875
30869,30869,13458.724609375
30870,30870,8192.7275390625
30871,30871,9226.5830078125
30872,30872,5074.35595703125
30873,30873,15924.1865234375
30874,30874,7221.76611328125
30875,30875,6356.82373046875
30876,30876,7390.46826171875
30877,30877,6235.4228515625
30878,30878,7035.744140625
30879,30879,10270.181640625
30880,30880,8361.1962890625
30881,30881,104259.25
30882,30882,9688.0849609375
30883,30883,50186.90625
30884,30884,49869.15234375
30885,30885,11489.9345703125
30886,30886,6760.84619140625
30887,30887,25140.671875
30888,30888,19851.630859375
30889,30889,7828.94775390625
30890,30890,7062.36376953125
30891,30891,10091.171875
30892,30892,10976.724609375
30893,30893,9624.0029296875
30894,30894,8625.822265625
30895,30895,74449.4765625
30896,30896,67182.1484375
30897,30897,5563.1025390625
30898,30898,11977.3974609375
30899,30899,5745.47216796875
30900,30900,77015.4921875
30901,30901,9411.01953125
30902,30902,138378.015625
30903,30903,36561.984375
30904,30904,9197.091796875
30905,30905,17843.7109375
30906,30906,25154.060546875
30907,30907,4998.681640625
30908,30908,9305.916015625
30909,30909,5059.64990234375
30910,30910,6715.4599609375
30911,30911,6518.447265625
30912,30912,23740.974609375
30913,30913,7830.01708984375
30914,30914,5256.7890625
30915,30915,11953.0517578125
30916,30916,10099.828125
30917,30917,114138.1171875
30918,30918,9359.5615234375
30919,30919,6822.18017578125
30920,30920,7169.09912109375
30921,30921,31291.763671875
30922,30922,11600.4375
30923,30923,6335.49365234375
30924,30924,7277.67529296875
30925,30925,6619.783203125
30926,30926,10424.716796875
30927,30927,78635.6328125
30928,30928,106546.109375
30929,30929,9895.3232421875
30930,30930,5646.669921875
30931,30931,10875.3603515625
30932,30932,7495.78173828125
30933,30933,9908.673828125
30934,30934,16970.056640625
30935,30935,4294.30517578125
30936,30936,9195.55859375
30937,30937,9878.6650390625
30938,30938,13783.7451171875
30939,30939,10484.5537109375
30940,30940,9220.2578125
30941,30941,6422.826171875
30942,30942,77420.4375
30943,30943,5237.416015625
30944,30944,14129.869140625
30945,30945,9683.02734375
30946,30946,5301.6435546875
30947,30947,96750.375
30948,30948,11157.9091796875
30949,30949,6876.3857421875
30950,30950,125171.2890625
30951,30951,5172.61767578125
30952,30952,9026.349609375
30953,30953,38203.19921875
30954,30954,27121.31640625
30955,30955,14278.0126953125
30956,30956,8890.1708984375
30957,30957,9485.9560546875
30958,30958,9213.09765625
30959,30959,8490.7861328125
30960,30960,4736.79931640625
30961,30961,12466.220703125
30962,30962,39228.48046875
30963,30963,19362.1171875
30964,30964,26516.220703125
30965,30965,8650.66796875
30966,30966,7283.43505859375
30967,30967,4253.45751953125
30968,30968,9721.6640625
30969,30969,10440.5361328125
