,colsample_bytree,gamma,learning_rate,max_depth,min_child_weight,n_estimators,reg_alpha,reg_lambda,scale_pos_weight,subsample,test_accuracy,test_precision,test_recall,test_f1,test_roc_auc,test_avg_precision,test_precision_std,test_recall_std,test_f1_std,train_accuracy,train_precision,train_recall,train_f1,train_roc_auc,precision_gap_%,recall_gap_%,f1_gap_%
54,0.7792021248679025,0.21211100462348814,0.18220733316799984,9,3,800,0.034060934302257206,2.3433032099706312,65.63106079251784,0.8704869304553342,0.9935210288155885,0.7924245703184912,0.7701188769642497,0.7810962591243055,0.9149172623271112,0.7724048235395521,0.009661694526680557,0.005096550124283148,0.006764605127286918,0.9992778569864113,0.9540939959510348,1.0,0.9765071634152264,0.9999957769637597,-16.94481113167393,-22.988112303575026,-20.011210527887247
567,0.6384349847460061,0.023031531840988717,0.1868565742481217,9,2,900,1.7881503472828508,4.978672260256615,32.81553039625892,0.6298016418542393,0.9934508463781894,0.7882902228926429,0.7706108818842989,0.7793461448016962,0.9184398913333851,0.7753961774832215,0.007843426681854306,0.0059302678451346935,0.006687345626912903,0.9986849977989998,0.9194436009267554,1.0,0.9580301001980468,0.9999896417397208,-14.264428824336372,-22.938911811570108,-18.651183857314358
89,0.7513601950462396,0.11610634757340865,0.18091916892216803,9,2,900,0.1998573371724509,1.1451269546239817,98.44659118877676,0.5584490203541821,0.9934249901409918,0.7867008864016213,0.7711027051186315,0.7787839635641158,0.9129048103267395,0.770907244726268,0.009694991549974993,0.006924704331648492,0.006243755821125107,0.9993388051484047,0.9578045248893802,1.0,0.9784471168333738,0.9999953761636761,-17.864150151881997,-22.889729488136844,-20.40612618037485
556,0.8823254751924368,0.07334755700759077,0.14116134091113852,9,6,800,0.9844802170608233,0.26886155830991687,65.63106079251784,0.8228625216755268,0.9933511132361668,0.7781745606653723,0.7792258734995032,0.7786654970952022,0.916795477855187,0.7749864463012933,0.008093001146495228,0.004613203195015349,0.004108688610496898,0.9985335508727228,0.9109981327051774,1.0,0.9534234310123814,0.9999897919981149,-14.580004861853023,-22.077412650049677,-18.329519522256188
239,0.7482305761776499,0.21842535130758978,0.1486065634439554,8,9,900,0.6756711068054693,0.6567470407245335,32.81553039625892,0.8756875430145228,0.9932883176869592,0.7746296593400718,0.7797182417909853,0.7771506257310999,0.9177685206571823,0.774107760674239,0.007879559291456088,0.003986980999397075,0.005259385516497038,0.9981179955651157,0.8885779369871177,1.0,0.9410009040016051,0.999976890421029,-12.823667221966817,-22.028175820901474,-17.4123401554379
301,0.8822638973273589,0.2867644757277866,0.1916489572862673,9,9,700,0.009503545742105213,3.200991557798119,32.81553039625892,0.9465451025977074,0.9932735425597802,0.7741082585641977,0.779472057645244,0.7767365961043096,0.9188784798861945,0.7748301055101777,0.011589961031655327,0.00466265756323222,0.0066868063510481055,0.9982251164446923,0.8942503996924419,1.0,0.9441718351216206,0.9999775168478863,-13.434955261922665,-22.052794235475602,-17.733555777560706
166,0.9847061611676438,0.12906671635056377,0.13477996626284552,9,1,700,0.3926209821550495,4.849105225392724,98.44659118877676,0.6173370191307755,0.9932883182190909,0.7764907382871673,0.7762722088077602,0.7763740630036717,0.9167873584215833,0.7738921544648042,0.00617111511925892,0.004421353359453567,0.004803285927876146,0.9985372448080164,0.9111925850986703,1.0,0.9535324723452593,0.99999001887146,-14.783027102543478,-22.372779119223985,-18.579168982662743
81,0.9483051314870103,0.28799920890283,0.18430516648625103,9,6,900,0.7737084811348195,0.8544379369503291,98.44659118877676,0.9104307365766763,0.9931553402734176,0.7676871858283888,0.7802102467110344,0.7738673704044875,0.9177265018139721,0.7736570757173459,0.01141393652623485,0.00417742382364497,0.007205700092384851,0.9985704892228012,0.9130386417098406,1.0,0.95454142629551,0.999990048690817,-15.919529496501184,-21.978975328896556,-18.92783811303008
416,0.5781032843433109,0.31797016341335543,0.12386740206649316,9,8,700,0.1270268363171515,2.898630785486124,32.81553039625892,0.9186835398850753,0.9931110141141493,0.7638684735061879,0.7831642747742101,0.773374757661068,0.9199297559209757,0.7767346195175165,0.007383681049076936,0.0039240157077689445,0.004403210155009052,0.9975676155181573,0.8605324578235652,1.0,0.9250387179573889,0.9999513322389877,-11.233043383611252,-21.683572522578988,-16.3954175487071
91,0.5758374398663756,0.15586103389777411,0.0572129365647485,9,1,900,0.6136337795083898,3.570320411118071,32.81553039625892,0.9383828183808747,0.9930925448060766,0.762337096538281,0.7843946504457658,0.7731886529838373,0.9200199746570314,0.7783287419017612,0.008971444538459975,0.004012783641616258,0.005859470908276564,0.9973958526129264,0.8521547745763373,1.0,0.9201726290020155,0.9999400450919435,-10.540066278770855,-21.560534955423417,-15.973521857261874
83,0.868123591849244,0.26492001159055834,0.14437371817244446,8,6,800,1.518311869078041,4.660071711284671,32.81553039625892,0.7662947162757929,0.9930851576722857,0.76424706067906,0.7799638808795768,0.7720036171066397,0.9180918867409403,0.7748940455921378,0.009004979760934922,0.004859305393812354,0.006051504600892473,0.9978742030297073,0.875936367720136,1.0,0.9338640725856878,0.9999680180541254,-12.750847111392128,-22.00361191204232,-17.332335639691976
491,0.6619097874512156,0.33057033921434825,0.13392471709516374,9,5,900,0.39292122898252224,3.029984836355127,131.2621215850357,0.850691642779845,0.9929595673516016,0.7552985826964708,0.7856257528601874,0.7701214558640944,0.9183448692639429,0.7767662446975407,0.010864373811457653,0.003018401232398288,0.005881136324795821,0.9981143017116881,0.8883809505774352,1.0,0.9408910959838087,0.9999847607504009,-14.980326603633575,-21.437424713981258,-18.149777466132278
164,0.5657838425636299,0.3579124823410443,0.1827161789264718,9,10,700,1.1185459115668035,2.5630760260290257,32.81553039625892,0.9271925466847896,0.9928967725801252,0.7536051085584284,0.7829180906284691,0.7679320825916355,0.9188893413334492,0.7752263097396256,0.01117217218049694,0.0038177557898335913,0.00593383863023205,0.9975842375720511,0.8613690878718411,1.0,0.925517714699061,0.999953834900754,-12.510778576888782,-21.708190937153095,-17.026754821074995
275,0.9857663454505253,0.16567350355152538,0.10158780104129568,8,3,800,1.4228652612937815,2.9543372063552074,32.81553039625892,0.5027528995802104,0.9928783032311191,0.7544813740100719,0.7792256918137866,0.7666251560906967,0.9174934010954,0.7722062944785734,0.011677812033073375,0.004295195405472194,0.0076559651207100095,0.9975399117197824,0.8591696629509215,1.0,0.9242501942332279,0.9999453613703873,-12.184821398521573,-22.077430818621334,-17.054368949665122
532,0.9783602169446749,0.2996798625210828,0.14844469400495452,9,13,800,0.5085122755981759,0.25487438511221205,65.63106079251784,0.8987570226482429,0.9928450587549342,0.7513211211069445,0.782425722336987,0.7665160893691386,0.9172671404753258,0.773597179735309,0.01038072125791583,0.004494749747927764,0.00591697964278007,0.9978298771569721,0.8736772160088776,1.0,0.9325783406545938,0.9999747365106589,-14.004725390560013,-21.757427766301298,-17.806788346477465
596,0.8744815754301993,0.17849121473433194,0.13060138680976563,9,9,900,1.6370879064390775,1.0203219427330028,98.44659118877676,0.7423447584681537,0.9927970388241043,0.7479946934062273,0.7843953771886315,0.7657419117363075,0.9169602295281155,0.7743723063518336,0.005565313853847574,0.004366975596034103,0.0031014864524935,0.9978298771774385,0.8736763726102298,1.0,0.9325780835469802,0.9999764574660657,-14.385381491834448,-21.56046228113685,-17.889780464937132
75,0.8737354690668783,0.01834160144529895,0.05796301942536394,9,3,900,2.248848696025762,0.1523607636679708,65.63106079251784,0.7237061834117273,0.9927120810957932,0.7435625407194548,0.7856253894887546,0.7639646838967741,0.9180950580883592,0.776984629192239,0.01279020107546497,0.0033828524068642385,0.007465451735575018,0.9973515267197247,0.8500044746384116,1.0,0.91892041856092,0.999951774594036,-12.522514539024831,-21.43746105112454,-16.862802429269674
350,0.9834227498996426,0.11214674164252253,0.13597896644265026,9,9,800,2.2772068177751272,3.0481550582845096,65.63106079251784,0.6626475670115155,0.9926899180161591,0.7430986719250194,0.7841486479857412,0.7630473894414515,0.916350934583766,0.7733660930882085,0.00913636931515025,0.0033832866467334174,0.0056472849675331315,0.9976082475374649,0.8625542657566085,1.0,0.9262023923878128,0.9999662725515247,-13.849052584164777,-21.585135201425874,-17.61548062143703
88,0.6794152420617512,0.43860027040655414,0.08456457041030072,9,8,900,2.6990023358765196,3.1205077209091883,32.81553039625892,0.8738046900881256,0.992660367802734,0.7411041997946404,0.7858719370059285,0.7627441898154467,0.9189226760188364,0.7764740424692017,0.012918481737452187,0.004811009358152146,0.005983107217786951,0.9970744895955667,0.8368731281123916,1.0,0.9111920617303525,0.9999245293801936,-11.443661542074214,-21.41280629940715,-16.291611631581105
209,0.6771181202223873,0.26275231098432,0.10151062084162384,9,5,800,2.3079146809240196,0.05515632214323607,65.63106079251784,0.5669018681397444,0.992575409501358,0.737230483715085,0.7853788419715807,0.7605109033412064,0.9170089282987267,0.7744678832832389,0.009540614499392704,0.0048971133300010575,0.006045592838860795,0.9973496797827776,0.8499118584004797,1.0,0.9188672332825832,0.9999522129275485,-13.258007118227432,-21.46211580284193,-17.233864067136327
146,0.615026841515717,0.06566756320468903,0.17493032128113564,8,12,700,2.1938102009210567,4.547622554739092,32.81553039625892,0.8192629738320427,0.992560634374179,0.736689605813317,0.7851335662544218,0.7600980167015344,0.9174255516693313,0.7756905548788273,0.009704611348709464,0.003171059957061636,0.00493852111971939,0.9972517933321052,0.8452279592449541,1.0,0.9161225168130459,0.9999393654865711,-12.841311298858937,-21.486643374557822,-17.0309644450483
598,0.9810510520825138,0.2678172502937872,0.1274752517634097,8,2,700,0.3703495974310653,1.0299001793848084,131.2621215850357,0.5268909820886889,0.9925975726628588,0.7402187872383633,0.7809478907196753,0.7600111321337345,0.9159613220944824,0.7710656482996058,0.008354661705089526,0.006347598028039664,0.006006790349560018,0.9976987461687162,0.8670678188542941,1.0,0.9287971380076571,0.9999654284959765,-14.629655127039953,-21.90521092803247,-18.172537249197585
337,0.9835263407130175,0.1963968879046717,0.17230216220476494,8,4,900,1.921845550646662,3.333002395233096,98.44659118877676,0.9800838923643727,0.9925126142386831,0.7330813612405348,0.7885788724947811,0.7597522596245808,0.916743919785457,0.7744901677188456,0.013510034885019551,0.00461043277599013,0.007845062429456194,0.9972998131196675,0.8475217790560396,1.0,0.9174677749678021,0.999955339264537,-13.50294713877056,-21.14211275052189,-17.190305713871656
306,0.8615747432323148,0.14016723039576046,0.14060720918588515,9,6,500,1.046461601908438,0.5549904939565742,131.2621215850357,0.7885203322309554,0.9925273897751943,0.7347900468987377,0.7858708468916299,0.7594485975069797,0.9178855909407028,0.7752800912199852,0.009536132932370055,0.0050047761699088655,0.00660834741866032,0.9973829242282619,0.8515189498966862,1.0,0.9198046312212765,0.9999634868032826,-13.708315359524414,-21.41291531083701,-17.433705840487356
220,0.9899851646794253,0.30094079481816105,0.12066030505937683,9,16,700,0.4699153109214249,0.21867812939984743,32.81553039625892,0.9640418201630249,0.9925310837514217,0.7359264370096327,0.7839026455257168,0.7591011314212396,0.9189619553498561,0.7742143695563324,0.011645575750107892,0.00392385127057883,0.006281306882507482,0.9971077340308176,0.8384513147316586,1.0,0.9121204713507178,0.9999231359215051,-12.227886809962051,-21.609735447428324,-16.776220327878278
173,0.5811909473311605,0.09417454188280072,0.1488576002254665,7,6,800,2.890040498461197,1.2765326236421592,32.81553039625892,0.919057644824055,0.992497839111504,0.7335970881134836,0.7858708468916299,0.7587709262511915,0.9180395036035818,0.7745996736564562,0.014581022669133702,0.005489876295007312,0.009147563301703975,0.9971040404229878,0.8382624797772987,1.0,0.9120129862030674,0.9999228499959618,-12.4859926560976,-21.41291531083701,-16.802618194052254
386,0.8368227087374538,0.08962662786964037,0.1418504221969298,9,16,800,0.4958534704288723,0.00996067609535134,65.63106079251784,0.7659445395037571,0.9924682883659471,0.7322756955939161,0.785625571174471,0.7579524965544264,0.9179030254200805,0.7753861695241341,0.010337747891713017,0.006186901586076734,0.005567295911747727,0.997366301826438,0.8507249982235523,1.0,0.9193389323286145,0.999955440777919,-13.923336316315726,-21.437442882552904,-17.55461779100431
223,0.8180353818649125,0.11053168572686423,0.19589548297211323,8,8,900,2.329342339499174,3.2808091884053576,98.44659118877676,0.6600299162604917,0.9924387379069227,0.7318182041087069,0.7834099138628018,0.7567057183437642,0.9156709401074004,0.7719987484939481,0.008729385149067573,0.004932145521946754,0.0055412534742529706,0.9977246031836429,0.8683546847981568,1.0,0.9295377486977537,0.9999719518125086,-15.723584277222724,-21.65900861371982,-18.593330996629287
566,0.7650312275258662,0.23399023123902168,0.08803475662441658,8,3,800,2.460759956834669,3.2437355694750907,32.81553039625892,0.5686808729843371,0.9924165747863555,0.7315537419774487,0.7819328089883557,0.7558462249876973,0.9186635641645776,0.7738573524189913,0.01293181937206451,0.006503684856959022,0.008236549939363845,0.9969415118954948,0.8307128023087085,1.0,0.907528474338966,0.9999070133773063,-11.936623590689576,-21.80671910116443,-16.713773026433408
118,0.7477456581030992,0.344201198213868,0.09261719433471179,9,3,500,0.23329603223687123,0.011696953128891296,98.44659118877676,0.6360725686149813,0.9923390047649002,0.7255413571482464,0.7878401383718416,0.7553636034360242,0.9188949734125376,0.7738536022311578,0.012618486703601233,0.004083820659953698,0.007996606495559527,0.9968750230352258,0.8276740304043422,1.0,0.9057101954279451,0.9999294680979136,-12.3397218596071,-21.215986162815838,-16.59985641664138
482,0.5283402160829177,0.017336352113033193,0.08446300695934271,9,2,800,0.739559716913949,4.880163493001019,131.2621215850357,0.9430430544067582,0.9922799030691207,0.7213122070896868,0.7917787213322649,0.7548592176307136,0.918779125616175,0.7776756287995935,0.011797213018112082,0.003238123354627586,0.007072025666994419,0.9969285836847956,0.8301411284962543,1.0,0.9071813427450125,0.9999472923251104,-13.10968914450774,-20.82212786677351,-16.790703020125175
62,0.9936380646574723,0.07520844555176409,0.12288483591690567,9,25,900,2.4874926621195432,2.8454073458287383,32.81553039625892,0.7343465798974851,0.992320535538694,0.7267734135976051,0.782670998054146,0.7536641733070563,0.9177928540435234,0.7716484146098349,0.009233056762527553,0.005673370621844715,0.006698637684269052,0.9970043069535025,0.8336121450688262,1.0,0.9092554252260826,0.9999218802004677,-12.816359754739437,-21.732900194585405,-17.111941001654095
333,0.9034827454419968,0.22983243520133062,0.11384965698613603,7,3,900,2.5918847422050306,2.4066668826783246,32.81553039625892,0.5249895143298393,0.9922946794242961,0.7250006440376401,0.7843951955029151,0.7534693837563428,0.9171661158135707,0.7710535593011038,0.01068990718911055,0.0031711929066275337,0.00487800665174755,0.9969673688285555,0.8319058324728511,1.0,0.9082393632486685,0.9999078268546046,-12.850635764559303,-21.560480449708486,-17.04065973739909
2,0.5035331526098588,0.011531212520707879,0.10970718544909393,9,10,700,2.9212665565243774,1.1638567021515211,65.63106079251784,0.8925879806965068,0.9922318834248234,0.7205435557829097,0.7883326883490401,0.7528827264925643,0.9188560253424823,0.7761483418714685,0.010084189423697123,0.0040686496748082316,0.00638955720004956,0.9967992996948863,0.8242224240501702,1.0,0.9036422501036153,0.9999293358450925,-12.57899145206338,-21.166731165095985,-16.683540814272945
153,0.5729610370175727,0.051396202246332845,0.11847185535039122,9,16,900,1.8544672029543574,3.5123248527205195,65.63106079251784,0.887902367896478,0.992231883956955,0.721102614258973,0.7871019493060514,0.7526130346605294,0.9179424199014882,0.7755231546344311,0.012282804824493728,0.0034988917998490495,0.007602775772904421,0.996948899592117,0.8310510728600079,1.0,0.9077307342620542,0.9999398217937849,-13.23004833176551,-21.289805069394863,-17.088514660421705
145,0.9985622500788556,0.21309065111798647,0.09576353462263834,9,15,800,2.081046677344466,1.103848063943802,65.63106079251784,0.8864113900084023,0.9921875576748871,0.719264428880256,0.7868566735888924,0.7514856741861387,0.9181061601792123,0.7755159466712116,0.011311075944048687,0.0034484046518841404,0.005894084419750433,0.9968547070869714,0.826741859623561,1.0,0.9051533827638311,0.9999334886879899,-13.000119625277284,-21.314332641110756,-16.976979979733088
460,0.6791673283358368,0.4564462223682877,0.11748075270679109,8,15,800,1.7294173126732617,3.8094180593122196,32.81553039625892,0.7295620116433404,0.9921690886124136,0.7180485516615737,0.7878406834289908,0.7512805023358516,0.919243758735154,0.773806993536922,0.011558408617807337,0.003148054194908128,0.0067843468625197615,0.9966275367589555,0.816531708703927,1.0,0.8989975287466736,0.9998882292011846,-12.061155248786937,-21.215931657100917,-16.43130505784146
533,0.838772902591888,0.27346443799273845,0.10026707584468593,9,12,800,0.8418024397137479,1.7496892678535703,98.44659118877676,0.9218775219936468,0.9921284563884396,0.7156627599773734,0.7893177883034369,0.7506437961041416,0.9188140276470267,0.7753627259879586,0.009395868590809308,0.004126880719688465,0.005035940359330551,0.9968343910875509,0.8258390574257019,1.0,0.904606331918511,0.9999382120377404,-13.34113426310558,-21.068221169656308,-17.019838396205124
293,0.9805677427037964,0.19474094745121018,0.08324726190001523,8,4,800,0.4624351295354613,2.768557426790056,65.63106079251784,0.5841684779595651,0.9921506195908734,0.7176648252822343,0.7868559468460269,0.7506090309377651,0.9164777865388775,0.7728297302802956,0.012145172023537586,0.004493709400569857,0.00697226965826882,0.996749433062476,0.821982968118753,1.0,0.902291640974677,0.9999189442765811,-12.691034593486583,-21.314405315397313,-16.81081849246222
292,0.5580694801002628,0.4779594144776596,0.06965367630169704,9,6,700,2.9845739191779646,2.7269056060915124,32.81553039625892,0.6442027189093729,0.9921358442590282,0.7177605077898094,0.7851324761401234,0.7498792945535202,0.9197124836890324,0.7734378256336236,0.015532049214339767,0.004782091403289246,0.010270097832890015,0.996365275048508,0.8050406042388575,1.0,0.8919896070242604,0.9998498405468719,-10.841701150163585,-21.48675238598766,-15.931835007005313
531,0.5849362972022382,0.027707944221122216,0.07291783294118846,9,9,700,1.7388572916844098,0.11109241012790205,32.81553039625892,0.5492120945506844,0.9920841306385033,0.7151537532163009,0.7858717553202119,0.7488024262436924,0.9192418257065423,0.7723354964722217,0.01296827593718052,0.002244934635455352,0.008098168807044257,0.9964003663593068,0.80655262111453,1.0,0.8929185538157469,0.9998568942491571,-11.332040279272793,-21.41282446797881,-16.13989618159427
322,0.7719028639331187,0.04993341056808909,0.14072844432884263,7,5,900,1.012036640307278,0.09663815458800518,131.2621215850357,0.9744229779155652,0.9920434982507964,0.7117930190894404,0.7895632457063123,0.7486570653140433,0.9170062538145795,0.7729560919904731,0.003889833866115422,0.004400415681598786,0.0034635098609937295,0.9969802974076517,0.8325257718273824,1.0,0.9086024001266231,0.999945091036364,-14.501983821225783,-21.04367542936877,-17.60344621478985
109,0.6815296060975453,0.01711405541026456,0.16782435624739747,7,6,900,1.0882736839978362,4.305340099873608,98.44659118877676,0.9742266534810784,0.991969622287435,0.7084733103103552,0.791040168895042,0.7473616449544153,0.9166582924640029,0.7752917358423037,0.015719034301367726,0.005785270685828193,0.008362837118394128,0.9969341244342375,0.8303976435801537,1.0,0.9073339478035679,0.9999435660884268,-14.682644418899994,-20.8959831104958,-17.631028050521667
155,0.9887331931573928,0.10042954493114709,0.1417068487563094,9,2,300,0.5024477467772093,0.5228392016720013,98.44659118877676,0.5621099833640297,0.9920287233692164,0.712795816163172,0.7853797504001628,0.7473171200967915,0.9130443928766465,0.7687109220589395,0.005490323641889674,0.0018988298180371628,0.0031224366153067874,0.9968565541057846,0.8268369396876626,1.0,0.9052072598282571,0.999921129028048,-13.792456293446397,-21.462024959983715,-17.44242967753282
266,0.8496576875631019,0.41973045475038345,0.19654175171951926,8,9,500,1.8847143313898442,2.663379433807775,98.44659118877676,0.936376919783064,0.9919363775656508,0.7061451415173811,0.7932556445209947,0.7470867093644298,0.9172477664009611,0.7744397370268846,0.013548792051980353,0.004248109038796096,0.007399499226588166,0.9966072207288352,0.8156275731084536,1.0,0.8984499632055449,0.9999249474022132,-13.423091028399392,-20.674435547900526,-16.847154548381525
412,0.7934682532794535,0.29047518994408966,0.1982290398424955,9,19,500,2.028376192764871,0.6921774666469716,32.81553039625892,0.6144377312417495,0.9919843974555475,0.7113997053599129,0.7841486479857412,0.7459736802875478,0.9163349830638325,0.7699114246543971,0.006953427668502437,0.004611388422099188,0.003750254023687302,0.9969045736579822,0.8290246649534473,1.0,0.9065183754653194,0.9998924531248664,-14.18835464927204,-21.585135201425874,-17.71003208791696
410,0.9805797078550826,0.44585543260137295,0.17134401104532382,8,11,900,0.9383339676310621,3.2717100274635986,98.44659118877676,0.5078714564978385,0.991892052102247,0.7073768718771373,0.7843941053886168,0.7438618401660358,0.9158506296054911,0.7691951292891023,0.00808986025612073,0.005218671136440201,0.004838481712377836,0.9971465193792426,0.840246472999603,1.0,0.9131884513425522,0.9999432547802926,-15.813169753409785,-21.560589461138324,-18.54235135448501
269,0.9945141791750869,0.3130880857965691,0.11095013890793123,8,17,900,1.2875477801890707,1.3388833774416709,65.63106079251784,0.9278480469187698,0.9918329511841982,0.7029926336457503,0.7898099749092026,0.7438077196725804,0.9186619322158616,0.7755451762834196,0.009903674622001304,0.004468201659017644,0.0039118109767598665,0.9965296503389829,0.8122017404677346,1.0,0.8963680747878585,0.9999130990278832,-13.446056734511858,-21.019002509079744,-17.019833638250027
56,0.7641850606486046,0.218167915803278,0.1624007573150795,7,13,800,0.968059164832751,0.2170039164908638,32.81553039625892,0.9964823980596502,0.9918403377449243,0.7037412892656946,0.7883326883490401,0.7436185091105876,0.9187900630646038,0.7717029258554106,0.009529236609513065,0.003163604549557373,0.006511950087229549,0.9964428453360279,0.8084046354232725,1.0,0.8940506056730161,0.999861741699181,-12.946900793409878,-21.166731165095985,-16.825903993341353
73,0.5196560699205495,0.3997051994545213,0.12930107400327248,9,24,900,0.47093304814858117,1.886429826210363,32.81553039625892,0.6384388240736019,0.9918366449557597,0.7054937388413292,0.783902827211433,0.7425359406321602,0.9181607681081788,0.7696339688223258,0.01653745806176219,0.002185128469031468,0.009503038614423889,0.9966330773651318,0.8167782048007372,1.0,0.8991467649773389,0.9998873080466405,-13.62480846150359,-21.6097172788567,-17.417715376991406
394,0.6017182375680457,0.06369320800016964,0.06424666822251719,9,14,800,0.5503265892103035,4.274870097807372,32.81553039625892,0.7421722131457543,0.9917775427278487,0.7016111736233098,0.7873481334517924,0.7419453009043644,0.9215543683409514,0.7724446617709934,0.013204691770013282,0.005300561777905282,0.008141901070434603,0.9960642281943007,0.7922569524879641,1.0,0.8840838947570311,0.9998186744692714,-11.44146208878254,-21.265186654820756,-16.077500641693064
49,0.9750309835254025,0.47530357346877805,0.11895319874342436,9,16,800,0.27511244177544325,3.012204629505595,131.2621215850357,0.8362592280385193,0.9917332172235115,0.69894542982769,0.7895634273920287,0.7414399960179286,0.9160333473930745,0.7741182123030598,0.011380156313496002,0.004266057032405835,0.0066236962635746735,0.9967032601095284,0.8199009588291878,1.0,0.9010380762724264,0.9999424163821309,-14.752456098383071,-21.043657260797133,-17.71268989150284
500,0.546049377099795,0.40763816554528,0.17993683384321638,6,3,800,1.5433839832196825,0.4252819274462055,32.81553039625892,0.6920213191955502,0.9917258298850545,0.7005515108180965,0.7843941053886168,0.7400378948992069,0.9165190794499667,0.7702040492000264,0.014568063800843882,0.005005266188745796,0.009307716597782878,0.9965887515844959,0.8148122965890957,1.0,0.897954425015438,0.9998751471696482,-14.022957955999049,-21.560589461138324,-17.586252232513488
120,0.770950473689179,0.43647291793820414,0.14912272841781662,7,17,800,2.0768296935535573,4.2459782578265965,32.81553039625892,0.9516819063180124,0.9916888912689092,0.6978189693172897,0.7875948626546827,0.7399357000696614,0.9203687727925148,0.7704733008446188,0.011409153611052691,0.003352570666675735,0.00629455049763637,0.9962322974712353,0.7993434580210451,1.0,0.8884802163591021,0.999841141075629,-12.700984499842182,-21.24051373453173,-16.718944727678963
324,0.6988237897960181,0.38115451601096934,0.09643458900644154,9,17,700,2.9280414698376407,0.6277510738132669,32.81553039625892,0.538192472495728,0.9917258292301233,0.7007982233960602,0.7836568247514085,0.7398416614763567,0.9190509292818122,0.7687263201090752,0.013105761312973587,0.004249398006768469,0.007387972965952577,0.9962396848710934,0.799666525166662,1.0,0.8886774093764968,0.9998384536415165,-12.363691446255832,-21.63431752485915,-16.74800623148106
581,0.8982202807617387,0.36973461661936363,0.13265152771799923,8,15,800,1.2044928316946288,3.965642689815282,65.63106079251784,0.7067582651449795,0.9916630342130475,0.696559291059143,0.7878401383718416,0.7393660553251221,0.9176159836295127,0.7721314338185791,0.008425842157002312,0.005321096206290334,0.0058628521568699936,0.9965776699832799,0.8143162883898682,1.0,0.8976546925744319,0.9999149543944141,-14.460842673743368,-21.215986162815838,-17.6335776505936
8,0.5078182033705969,0.2117007403531848,0.08502748845335824,9,11,500,2.120572031542851,3.6450358402049368,32.81553039625892,0.8029799873905057,0.9916260955150357,0.6944769849300774,0.7898097932234861,0.739024420414978,0.9197807044324756,0.7703985792635226,0.011898085515543007,0.005497399325366629,0.007411202389464263,0.9957779568254366,0.7804603047600159,1.0,0.8766910760150269,0.9997678170788554,-11.01700103202271,-21.01902067765139,-15.702983567006134
210,0.7092903108119677,0.39516886793007405,0.12060816365819473,9,26,800,0.6456056160517125,0.060603873219466364,65.63106079251784,0.8146494030053681,0.9914857305174379,0.6890116011666847,0.7893170615605714,0.7356981561156365,0.9190479116103484,0.7733663206750215,0.012963659320185181,0.005175193308034856,0.008183607059374329,0.9963338774888045,0.8036838237583804,1.0,0.8911569699757135,0.9998968060140774,-14.268325329162135,-21.068293843942865,-17.444605058109307
424,0.8796462534592369,0.483880732634781,0.09355069243650262,9,8,500,0.9787617541234404,1.4969168685267413,65.63106079251784,0.5102604073646626,0.99146356751967,0.6887140276834058,0.787101767620335,0.7346114723153057,0.9172249959489785,0.7700919554861425,0.009363830349032862,0.003948249846802821,0.006867915600204973,0.9959644949806464,0.7880942203038517,1.0,0.881489730182441,0.9998515646931114,-12.610191784191683,-21.2898232379665,-16.66250358205944
431,0.5616162878581624,0.34926531260456856,0.08906761985171527,8,8,800,2.66965117942046,4.089281528275148,65.63106079251784,0.7838636589655272,0.9913084268627615,0.6804339240042353,0.7939931068439193,0.7328075422494534,0.9194568735525764,0.7744548570776463,0.010744358924656843,0.004884630950363723,0.007590055995750563,0.995759487629931,0.7797053253818725,1.0,0.8762162092361753,0.999856049824749,-12.731912704202397,-20.60068931560807,-16.366812833984845
205,0.9380525962990213,0.13887631187463056,0.1717752411347404,7,11,900,1.8076594915285948,1.8239910957226475,98.44659118877676,0.5306748135553341,0.9913010399336367,0.682203330682657,0.7875944992832498,0.7310572150464667,0.9160846371611043,0.7682101634661448,0.010700389750919753,0.0044034300479028595,0.005723151499778988,0.9964594676764524,0.8091239787195798,1.0,0.8944917675022124,0.9999158529574714,-15.686180532898275,-21.240550071675024,-18.271219299437703
261,0.6574597943064838,0.0019085670621735717,0.13951720165630782,8,9,700,0.6815386710705447,4.1852056262147,98.44659118877676,0.5385390059757303,0.9912530195934748,0.6792009982835467,0.7907941664350173,0.7307420014035607,0.9177841409624913,0.7700443060689529,0.006907527974786326,0.003579743494873908,0.004513660324635319,0.9961731961643231,0.7968288454494262,1.0,0.8869263975298476,0.9998979779895283,-14.761996611648165,-20.92058335649827,-17.609623139109555
169,0.8526927970561018,0.22318432325629278,0.1742010737580921,8,12,500,0.33575885819318363,1.348748057584948,65.63106079251784,0.5614854042648134,0.99123824413883,0.6797954434348794,0.7878399566861253,0.7297603806605503,0.9165849898310946,0.7674442021668003,0.016099168627652614,0.005189641182000932,0.010622998377845133,0.9962858578547409,0.8016271192588329,1.0,0.8898899505847413,0.9998817526629317,-15.198048181877432,-21.216004331387474,-17.994311523460947
387,0.8947160970975956,0.1483933410099253,0.11286022592988106,8,17,900,0.4972445308956621,4.454277674915733,65.63106079251784,0.5607476955438827,0.9912123878606992,0.6782851411146537,0.7888252383262385,0.7293582525117911,0.9186482876727277,0.7697036048567116,0.009442887480303138,0.00247511757796094,0.005867343753395108,0.996053146859149,0.7917788891920851,1.0,0.8837901607613011,0.9998779510200991,-14.334020472967913,-21.117476167376147,-17.473820721932643
436,0.9353345170627588,0.39629740660456736,0.12919249766722882,7,17,900,0.7961103348059263,2.7716873717017245,32.81553039625892,0.5468882631285082,0.9912825701752986,0.6829725703439585,0.7824253589655541,0.729297316513894,0.91665121898622,0.7651793620043903,0.005934696180056709,0.006549760999993494,0.004413050308260673,0.9962950924064441,0.8020137099460577,1.0,0.8901304479551019,0.9998354019315366,-14.842781130275906,-21.75746410344459,-18.068490052294038
590,0.9829161598591662,0.10289718849471086,0.15089756060869763,7,18,800,1.661979766509393,2.6727960957815435,65.63106079251784,0.8644349022441706,0.9911976126925869,0.6775541027926136,0.7895637907634616,0.7292162018082203,0.9169061140995217,0.7724599916767607,0.010227047758652836,0.0048105714511040305,0.005116088124063431,0.9960199024443644,0.7903969642062871,1.0,0.8829274889957844,0.9998787798433734,-14.276732644967804,-21.04362092365384,-17.409276424544306
558,0.8311568693653599,0.3759125729783406,0.16426978458119787,6,16,900,2.5755193636546636,0.6584345171810352,32.81553039625892,0.7989199934228425,0.9912382446300284,0.6804261088136726,0.7851324761401233,0.7290171675569258,0.9184751151652645,0.7684436655594687,0.010734921105165943,0.004857538244088641,0.008047754433896862,0.9960512998812691,0.7917044935433402,1.0,0.8837431136738004,0.99983001444492,-14.055545426000016,-21.48675238598767,-17.50802283184587
501,0.8331339307395192,0.49441776569458223,0.052888267529434214,9,1,700,0.4140464610601552,0.4051930523252839,98.44659118877676,0.993668079289773,0.9911311225122206,0.673529390042969,0.7944862018782669,0.7289693194071578,0.9156965529150162,0.7689063968804284,0.012054818230912683,0.005721551635716824,0.00798329688923772,0.9956911518531814,0.7769574070730364,1.0,0.8744755549726885,0.9998643388655125,-13.311928824992192,-20.55137981217331,-16.63925706534759
468,0.7142289519243977,0.36574823202156953,0.16664958834486435,7,23,800,0.024177310026359367,4.715874114806425,32.81553039625892,0.7156508531705073,0.9912271633972104,0.680190617275497,0.7846402895343577,0.728649324814644,0.9166292227154956,0.7681051090470277,0.011098942899923496,0.004754272620155196,0.007391953899437218,0.9960605344636719,0.7921005278101733,1.0,0.8839870547758176,0.9998365873599023,-14.128245924044558,-21.535971046564228,-17.57239872710217
413,0.7984259384438797,0.46409104905697574,0.18653650880293793,9,28,800,1.899217960498539,2.346426136628952,32.81553039625892,0.9905589539339679,0.991179142729583,0.6774292446718215,0.7873490418803746,0.7282349028481235,0.9203629827046459,0.7679785177099764,0.008678109562788602,0.0021931204335031112,0.005163947869328436,0.9956763763780713,0.7763598580307525,1.0,0.8740978844142783,0.9997762391792057,-12.742881066760692,-21.265095811962542,-16.687259421053934
163,0.7108604634367277,0.1384138986175258,0.12254656243273881,8,29,700,1.1515414556033887,2.3290640351012426,32.81553039625892,0.8665565112076405,0.9911422048502351,0.6755753818500434,0.7893172432462876,0.7279600175791957,0.9199059176346299,0.7684241994089976,0.014393541024686714,0.0033817669048831415,0.00911815876109608,0.9957816505355988,0.7805985132503267,1.0,0.8767814130883725,0.9998023877354946,-13.454180301084417,-21.06827567537124,-16.973602917170517
540,0.7819464605277011,0.13058121625543012,0.1420410926751791,7,25,800,2.20507555856947,3.0505396101811733,32.81553039625892,0.7202695799364973,0.9909981448940129,0.6703314744028971,0.7878405017432745,0.7243273900136805,0.9176520664670139,0.7675318061166689,0.009885181302355404,0.003739620678318858,0.007038705078094312,0.9957687220895349,0.7800746365399136,1.0,0.8764506373546461,0.9998131326731347,-14.068290006683403,-21.215949825672553,-17.35673874345197
189,0.9346298123255263,0.23644598281659107,0.11171803935010556,8,16,800,1.925914501329798,3.035470180443904,131.2621215850357,0.818980396657985,0.9909094940900047,0.6652097959915168,0.7944863835639833,0.7240538497964444,0.9180295894750138,0.7731543340107248,0.01018638637072117,0.005285423051486643,0.00526369584389655,0.9958462925203203,0.7832504733783835,1.0,0.878446777921792,0.9998923114966077,-15.070616794870674,-20.551361643601673,-17.57567242612087
336,0.5065147838785419,0.00709502469788359,0.1675844091221174,7,27,800,2.8311047784606624,4.8006780220272365,32.81553039625892,0.9764483979989138,0.9909501259046468,0.667796239576541,0.7905479822892764,0.7239639839156536,0.9193430893942436,0.7677719117600112,0.010930173210266118,0.0030930185220356407,0.00704335030018285,0.99564128534357,0.7749706983594744,1.0,0.873211992632477,0.9997843758035566,-13.82948529664536,-20.945201771072362,-17.091841382856476
165,0.7461389282240174,0.12361553720158852,0.17544248124177717,9,14,200,1.987863837024961,0.47630753977313145,32.81553039625892,0.6955407683258803,0.9910276960079685,0.673128625518968,0.7826722698541609,0.7237080634008158,0.9190972253755687,0.7608339761665625,0.013409723947530525,0.0035195504120830545,0.00807591297233685,0.9954215026303102,0.7662482901431682,1.0,0.8676547237017238,0.9997167005936266,-12.15267503002211,-21.732773014583906,-16.590315982696467
326,0.7853248119404674,0.28404625616893364,0.13597139576693743,7,7,700,2.5411824809516985,0.11797482322764563,98.44659118877676,0.9148815601438225,0.9908430050557683,0.6626163429668784,0.795470938461231,0.7228908558051977,0.917024808929892,0.773079436432866,0.014008205394176045,0.004365989610183473,0.007930038692567648,0.9957373248572953,0.778832083647644,1.0,0.8756581385736091,0.9998717449848575,-14.921796767343166,-20.452906153876903,-17.445995878855125
87,0.8907572408757074,0.41397044358874596,0.15259536570540957,6,3,800,0.5592149603644323,1.1784587303249987,65.63106079251784,0.7615327123845597,0.9907875981548804,0.661408604529306,0.7920245421065731,0.7207812685456126,0.9149297801602371,0.7692055270964157,0.011921256037367793,0.004067692531153212,0.0071707732886734064,0.9956745296867219,0.7762983282110696,1.0,0.8740555092315793,0.9998474211081939,-14.799687118548821,-20.797545789342685,-17.535984736337483
466,0.584101827883259,0.439665107839237,0.11583769752225667,8,8,500,0.7870289003428371,1.5652507253157344,65.63106079251784,0.9430908860646725,0.990698944690214,0.6574175352806958,0.7947318409668588,0.7195391561022282,0.9189912752928432,0.7689886072376234,0.012567234656727629,0.0048324082878591,0.008960077669009131,0.9950909055933758,0.753627527629929,1.0,0.8594783170594565,0.9997833097967144,-12.766252402138555,-20.526815903314123,-16.281872175205525
513,0.9929026604251029,9.326408533155695e-05,0.12665609669194483,7,22,700,1.1908439188028785,2.276915677403038,32.81553039625892,0.9702519764397013,0.990728496909366,0.6593220311551451,0.7917774495322502,0.7194387512466608,0.9184957625743323,0.7659336043204955,0.01332271491659354,0.006185447087154933,0.009143722768206288,0.9952626677311135,0.76012931031149,1.0,0.8637058685658153,0.9997248801387922,-13.261859237481,-20.822255046774984,-16.7032693153643
74,0.9031006398965307,0.3741298451918292,0.04505899367771169,9,15,900,0.708349599352213,3.799777044687928,65.63106079251784,0.731267358066574,0.9906620066880666,0.6564197058040891,0.7932561895781439,0.7183382023582356,0.9196266273405623,0.7693127358533856,0.009746657208275802,0.003618868439383152,0.006057521246364178,0.9950373445549427,0.7515186730699265,1.0,0.8581294845845644,0.9997835370459698,-12.65423876659797,-20.67438104218561,-16.290231805052613
537,0.8164013053307535,0.3844600222855842,0.19887551438265935,6,23,900,2.638804490135286,4.5352098020751095,32.81553039625892,0.704542574317438,0.9907284967047,0.66054863969187,0.786609399328853,0.718069290992062,0.9188284567018684,0.7638078611856506,0.008681747752298978,0.004250084308570215,0.006461906856486217,0.9958370578969843,0.782854154574403,1.0,0.878202584949498,0.9998155399996526,-15.623026864949585,-21.3390600671147,-18.234208905983195
383,0.8712654164202107,0.03831790323762441,0.1758008024838987,7,23,900,2.741365331619778,4.76407508501253,131.2621215850357,0.8161082988769746,0.9906213752827567,0.6549051295062086,0.7937478311267604,0.7176055761005404,0.9175599841883127,0.7710037996912368,0.01175188452437611,0.0045935400733843005,0.0071128149466221915,0.9958093543442071,0.7817419745037971,1.0,0.8774976610254219,0.9998923211475274,-16.22489889686388,-20.625216887323962,-18.221368788383508
339,0.5230283670949782,0.40403964117791497,0.04379874356931446,9,8,500,0.7614632344700846,1.229037196530765,32.81553039625892,0.7404450733015044,0.990662007342998,0.6581017273624385,0.7866104894431514,0.7166171594795193,0.920921536737212,0.7565287511413162,0.00759341174270406,0.0021267720367303014,0.004703485360314226,0.994597778841892,0.7357574756446308,0.9988925348497331,0.8473517505835529,0.9994903678721935,-10.554530650762938,-21.251740102203886,-15.428609312956453
12,0.7376851115910559,0.28163778598819184,0.14214805642096423,7,23,800,1.6195232739050194,1.015306123673847,32.81553039625892,0.5384899549143964,0.9906250695864499,0.6571140656000107,0.7863635785545449,0.7158566759893502,0.9186452588859902,0.7612657954829376,0.016736418982278522,0.003499140008265048,0.010893043411387356,0.9954344308103096,0.7667875196983163,1.0,0.8679913100126097,0.9997736065270905,-14.302978501978657,-21.363642144545516,-17.5272070432421
580,0.6444842624605293,0.1885269655008494,0.08473092737318585,8,16,500,2.1028060950539977,0.9713678550090071,32.81553039625892,0.751672565303077,0.9905992122440557,0.6553402223337182,0.7885790541804975,0.7157804385641858,0.9207473515591653,0.7629866299296658,0.009849969593874797,0.002779785274313586,0.006580013358204947,0.9947861642922126,0.7422275095836909,0.9998769533653254,0.8519956667342398,0.9996319041192859,-11.706287644701685,-21.132390187978057,-15.987784150613892
338,0.8817895344332862,0.427603492509185,0.12458221817239813,7,10,700,1.0710880319100364,4.63097034215891,65.63106079251784,0.9023765609948474,0.9905364168995144,0.6520303164926496,0.7927636396009454,0.7154955687850236,0.9191376576694985,0.7692123567542923,0.009474065470787617,0.005211572615502215,0.005942212934946688,0.9952497398069452,0.7595969588887571,1.0,0.8633717242411496,0.9998163728925897,-14.161015409207367,-20.723636039905458,-17.127750574192124
287,0.9448260165087832,0.006154851508037795,0.08030994358810849,8,4,700,2.0652150554764104,1.8727644351006068,131.2621215850357,0.5828141735141327,0.9905474984597981,0.6528224671433419,0.791532173815091,0.7154570970979798,0.9173689487461746,0.769709140305944,0.013106126015848464,0.0047343150745081525,0.00886290010755308,0.9954621347110172,0.767845851774692,1.0,0.8686768135228173,0.9998637967590457,-14.980009902443447,-20.8467826184909,-17.638287800439024
418,0.7679675394260591,0.24424781632995268,0.08635856797923872,7,2,800,2.5013758527564818,3.21288805161817,65.63106079251784,0.7915954021385487,0.9904773163089313,0.6494583987075647,0.794732022652575,0.7147358463541208,0.9176806150489106,0.7691791968123215,0.009608572130094497,0.005257777950470977,0.005867317158315632,0.9950336506094158,0.7513714020329662,1.0,0.8580356449467246,0.9998004324469202,-13.563598913887065,-20.526797734742498,-16.700914400998023
446,0.505142247967846,0.35802498662107224,0.14418677088549983,9,28,900,2.3834424535605185,1.390645777433062,65.63106079251784,0.5394697014732778,0.9905216423863333,0.6524084009393464,0.7900557956835108,0.7145671986768779,0.9167301507797267,0.7644909420089,0.015881461568121386,0.002779353540313976,0.010005684311721138,0.9957188555287574,0.7780747090367269,1.0,0.8751824124991345,0.9998459772070992,-16.15093083451564,-20.99442043164892,-18.352198527802965
309,0.6330840062577687,0.011013460611908499,0.12081892356666196,9,1,200,1.921428126527532,4.894905575874045,32.81553039625892,0.6073140366294014,0.990621374545959,0.6585061613146411,0.7802109734539,0.7141413322099456,0.9198412061954868,0.7578644773303171,0.014737632992279502,0.0020131118610418135,0.009443131536339891,0.9949172953214015,0.7471937362270723,0.9996308146577805,0.8551596238424312,0.9996084654614998,-11.869421625541976,-21.95008777105355,-16.490288795307894
60,0.6398817535844729,0.20560336043609312,0.12452855758442671,7,13,900,0.22860113879748944,4.702659135676917,98.44659118877676,0.86285975419418,0.9904256026884065,0.6473372434782184,0.7964554933584785,0.7141020684888154,0.9186693323005368,0.7720513624862501,0.012139577536633736,0.0058054790160853,0.006697757849947306,0.9952423519670576,0.7593441950974266,1.0,0.8631999564206062,0.9998424177141184,-14.750485003027814,-20.354450664152147,-17.27269409860127
299,0.9904936890813425,0.2417037179865733,0.17407402927776358,9,23,300,1.4742545325856704,2.6122207270273226,65.63106079251784,0.8808990956888486,0.9904625410180193,0.6492482952874802,0.7930092786895373,0.7139472721847261,0.91676290802945,0.7674625432069919,0.005259932545176234,0.0035792408093961708,0.0033628666193235937,0.9950613545408231,0.7524102062806216,1.0,0.858713922765674,0.9997943642564584,-13.710860130818824,-20.69907213104627,-16.85854237866502
476,0.6964475544465896,0.014326213788827258,0.12081795453938578,8,25,700,0.9411195361561957,1.2393667936421182,65.63106079251784,0.7941761104915767,0.9904403775699864,0.6488057077479771,0.7922703628808815,0.7133411198055697,0.919027438765679,0.7696606891399566,0.012605367832643379,0.005319965898235817,0.008735835114850758,0.9953402385405288,0.7630900199785214,1.0,0.8656242279307039,0.9998283174877912,-14.976517742134943,-20.772963711911853,-17.592288109722944
129,0.839823641346535,0.10912694393253208,0.1904926249505428,7,5,500,1.765662686919736,4.911652575400408,98.44659118877676,0.9723660111457051,0.9903923572298244,0.6460414414050263,0.7962093092127377,0.7132855539847948,0.9156006941318825,0.7700862777698102,0.008067944215816202,0.004951352271768407,0.006051680621796702,0.9953106878666061,0.7619431670478726,1.0,0.8648865021235775,0.9998446390878781,-15.211334736671278,-20.379069078726232,-17.5284211010986
391,0.848313635608695,0.24785187511594553,0.1872941745375786,9,24,300,1.5368542717304554,0.5714288499898973,65.63106079251784,0.9478373888093894,0.9904219070748508,0.6478626207699322,0.793255826206711,0.7131908373392125,0.9195702258044113,0.7680103328474518,0.011589388468956402,0.004366186552995327,0.00850200893393142,0.995046579618308,0.7519175027419793,1.0,0.8583752830328901,0.9997982801759558,-13.83860351602343,-20.6744173793289,-16.913866063419093
315,0.9535999107803111,0.47149190840802124,0.09025305921501811,8,16,700,2.025420183449004,0.5801134067408464,98.44659118877676,0.7469070202284643,0.9904071330119351,0.6469700167209517,0.794239654361093,0.7130715837702989,0.9186908844873486,0.770230018901899,0.004820254862846786,0.005443572759148983,0.0044654921996751746,0.9950927520698268,0.7535976981403562,1.0,0.8594864891035967,0.9998310160829789,-14.149151686971484,-20.5760345638907,-17.035160783737457
236,0.9199011428178085,0.191916475966522,0.11865573153316544,7,25,700,1.0867063249568651,1.6725564437096607,32.81553039625892,0.8501259797222604,0.990473621554973,0.6511739961153792,0.7873486785089416,0.7127706526893514,0.9187524061452303,0.7646216990833613,0.0115615414696787,0.002672821361545417,0.0075737443212695104,0.9951924853039475,0.7573872262268567,1.0,0.8619467249570136,0.9997268236020758,-14.023636316209009,-21.26513214910584,-17.306878481973687
245,0.5915077221173636,0.011017580148752093,0.1468015275359915,9,10,200,2.5518481735234135,2.8061139414126246,32.81553039625892,0.990258411000553,0.990384969973234,0.6491609457607411,0.7831644564599265,0.7098163981830613,0.9209130457101278,0.7546695816539617,0.014843701110091095,0.002496070487243699,0.00950257496490413,0.9945405246254255,0.7333518008755227,0.9998769533653254,0.8461087487024854,0.9995573279341409,-11.48028204393431,-21.67391659303689,-16.10813630380604
172,0.6271122899487467,0.26086502331810657,0.0751041627429739,8,20,900,0.9237898247735727,3.5234038136832337,65.63106079251784,0.8664494591706708,0.9902150542300795,0.6401813343919717,0.7952249360012065,0.7092890421431387,0.9201335883249276,0.7691678884009069,0.008877365298360758,0.0036986044344904396,0.005432914974596995,0.9947492261979654,0.740830891419534,1.0,0.8511190243608565,0.9997711826471404,-13.586036731635732,-20.477506399879353,-16.66394219354036
548,0.8312839588693925,0.4038589099907398,0.17832365914451073,7,13,700,2.990848252235009,3.600787304654701,98.44659118877676,0.5664640213539913,0.990244604934703,0.6418275489750317,0.7925169103980553,0.7092116950803335,0.9154114529252687,0.7640615828523899,0.009618611417184798,0.005258171093000805,0.0063736470762169005,0.9954362778291227,0.7668385080307522,1.0,0.8680298655569331,0.9998510253303613,-16.302123295392356,-20.74830896019447,-18.296394718481356
503,0.7013518604972802,0.33625363133682457,0.13961642095846877,7,16,500,1.0940120287030097,3.6925293925525935,32.81553039625892,0.789246254114665,0.9902704620314978,0.6436737564748376,0.7890716041576958,0.7089107804202763,0.9188484203067045,0.7595139702011792,0.013414622420000388,0.003352346010847464,0.00807276666495115,0.9948692754519731,0.7452467968290621,1.0,0.8540260009903385,0.9996709998075589,-13.629450107857688,-21.092839584230415,-16.991897249238885
125,0.9429888741180936,0.3079315940911523,0.054262300203190415,9,3,300,2.971023940025331,0.0011876178794228975,32.81553039625892,0.764468567013606,0.9903406442232977,0.6476204850522648,0.7826733599684594,0.7086949435770271,0.9211935219666038,0.753948478653319,0.011316151273782025,0.003850158504074576,0.00593156077693412,0.9943816901867248,0.7282904468944165,0.9980309812160315,0.8420805192226554,0.9994545311115827,-11.076619525375541,-21.57825010453821,-15.840002541414888
365,0.7593504971902976,0.08968234100610523,0.1944285436278514,7,28,900,1.6664862723175804,0.9490765148607799,131.2621215850357,0.7113643184469661,0.990152259867935,0.6384304231001022,0.7935012836095865,0.7075303253013964,0.9170055746385241,0.7683455941865628,0.009923158185509045,0.0033840879375909077,0.006640121576442994,0.9956061938895058,0.7735389076139212,1.0,0.8723105380078175,0.9998693099666932,-17.466281680720908,-20.64987163904135,-18.890086216629477
319,0.8837838142589591,0.2082522159519395,0.16621417849512043,9,2,200,1.9720604465103857,2.3614090208149086,131.2621215850357,0.8238565855314608,0.9901005460836773,0.6365100975779227,0.7937487395553423,0.7064695433962069,0.9172252052326474,0.7669786023007661,0.004105253164867972,0.002828571332061789,0.0016094386392641285,0.9948508064508991,0.7445673063077245,1.0,0.853578761385598,0.9998271779657059,-14.512752281006359,-20.62512604446577,-17.23440467878927
238,0.6884570823681859,0.23086640680619108,0.10137214014308323,7,10,800,2.118057022992074,3.1558532297835318,65.63106079251784,0.8639696534868826,0.9900709955018533,0.6352409781757399,0.7957169409212556,0.7064080188054619,0.9186031681656388,0.770502410345804,0.010302218871832967,0.005620967964950802,0.00577780340595355,0.9948138681417538,0.7432020488593404,1.0,0.8526818221250675,0.9997779366119085,-14.526476460781845,-20.428305907874446,-17.154558655309394
181,0.7668012733634393,0.3039525463967223,0.15532781969300438,8,14,300,2.1464727212978234,2.606170662426672,32.81553039625892,0.597888992841773,0.9902113605813176,0.642832630058606,0.7831650015170757,0.7060488196392408,0.9197441910909142,0.7560188927485805,0.008857126255703864,0.003642847129754609,0.005015795919106304,0.9948988259109978,0.7463457998487274,1.0,0.8547460157379768,0.9996695785489585,-13.86933105419792,-21.68349984829243,-17.39665273202271
585,0.6673945209453396,0.1568515623785781,0.13077261117099653,9,10,300,1.7894012262406311,4.071919603345408,65.63106079251784,0.6209190977076766,0.9901116267843637,0.6377686095186358,0.7903017981435353,0.7058496708054655,0.917703763945538,0.7632983358958013,0.01118913009164382,0.003413553489293997,0.007796418754300632,0.9946993594222896,0.7389985655851063,1.0,0.8499120907492653,0.9997548141415722,-13.69826150965816,-20.96982018564647,-16.950273035508566
494,0.9027629567880284,0.19894208777851152,0.16313599116484093,7,28,700,1.6917587002668713,2.501392676038802,65.63106079251784,0.7733481641481699,0.9900414456568271,0.6351420177952901,0.7927632762295126,0.7051251495825422,0.9169761674143532,0.7670832741112655,0.01706963924788491,0.0024934091119252822,0.01067984136035423,0.9950373445856423,0.7515226406445531,1.0,0.8581309869577178,0.9998079527824845,-15.485976942683678,-20.72367237704874,-17.830126134661374
565,0.9399573133635073,0.25276039586174515,0.10647398925582807,8,14,500,0.749918672606489,0.36682033729801333,65.63106079251784,0.9345874287015437,0.9899638736296447,0.631569812267235,0.7957173042926883,0.7041695699926844,0.9193061264314578,0.7670323498139956,0.009188412865666611,0.0018569815416131239,0.0058900413333537,0.9945589945884244,0.7340281072525503,1.0,0.8465870102189861,0.9997491920020977,-13.958361263414599,-20.42826957073117,-16.822540212312333
417,0.5848642142884616,0.00957243399841834,0.1580294914151995,9,27,500,1.3607369997685024,2.274362214014341,131.2621215850357,0.9804600734644123,0.9899121596816541,0.6291596815907242,0.7986698788701329,0.7038458541289782,0.918505269452791,0.7704535366838886,0.007248595309876056,0.00495299795240731,0.006345137881309724,0.9948452660084547,0.7443856261712701,1.0,0.853452867951111,0.9998295481987665,-15.479334974965575,-20.133012112986716,-17.529616390099577
425,0.9133091727512443,0.18279785050198338,0.07720237045033944,7,4,800,0.5103462519278444,4.491190319766176,65.63106079251784,0.6713225732612608,0.9899380174743135,0.6314656197835414,0.7925165470266223,0.7028175126002317,0.9175643641441477,0.7666722318513792,0.012110209590837947,0.005859879648722489,0.008191216634276934,0.9945072802925069,0.7321071487965801,1.0,0.8453272443231467,0.9997553579069122,-13.746830525896492,-20.748345297337767,-16.858528183014187
594,0.9059033591754432,0.1709245209586291,0.0924019229508722,9,26,500,2.9573047487572235,3.9564214624834175,65.63106079251784,0.8116051865340035,0.9898899973388177,0.6293246199934398,0.7944858385068341,0.7022998138777722,0.9195346065496214,0.7676442522687189,0.008197295105984055,0.005096240261337509,0.0061044239853042925,0.9943465991522237,0.7263804528478038,1.0,0.8415063991460744,0.999738984131657,-13.361570024888847,-20.551416149316594,-16.542546249150714
288,0.8228702550478062,0.02238922525233411,0.15476229582515894,9,20,500,0.07634327971725263,3.2291119314324215,131.2621215850357,0.50335519515203,0.98982350969631,0.6277736555479826,0.7920247237922896,0.7003094263596107,0.9171769434146416,0.7622967404692429,0.010892099892743116,0.005978816865353098,0.00577924021045771,0.9950632014163707,0.7524873583936427,1.0,0.8587622002293139,0.9998302346916654,-16.573527974196157,-20.79752762077104,-18.451298139041505
225,0.7441970650324699,0.07533805385493869,0.07505289084637383,8,11,800,1.7710430713763188,2.5418027345814,98.44659118877676,0.5529653562792465,0.9897016126969224,0.622996822429582,0.7952242092583407,0.6986276445564755,0.9183802592917253,0.7668393762567485,0.008306684515130927,0.0033800303922770906,0.005916271522599243,0.9946587273722826,0.7375333237080705,1.0,0.8489394303479649,0.9998020751179494,-15.529671351341435,-20.47757907416593,-17.70583158446054
24,0.8926703255569718,0.3344941273571143,0.12033045807292639,8,25,500,2.920991510265952,1.4196048736873284,65.63106079251784,0.7743668946832931,0.9896794491260898,0.6220816561210409,0.7964553116727622,0.6985102946349081,0.9196277853068185,0.7653963076616996,0.009519784325410117,0.004467443949975579,0.006490127751066691,0.9942450188481237,0.7228254429105888,1.0,0.8391161967698371,0.9997387653060272,-13.937498711152807,-20.354468832723782,-16.756428093771625
485,0.9962908977438817,0.07810075396529964,0.1977999888530614,5,10,900,1.0554150192310576,3.8083793810683133,32.81553039625892,0.9330507726889173,0.9897422440203659,0.6255393691977998,0.7903017981435353,0.6982419345654728,0.916606991313861,0.7603064585251161,0.015618990598600177,0.004265895434092164,0.0105237681220134,0.9945275967114903,0.7328764304364487,1.0,0.8458278886097316,0.9996689018647841,-14.645997166906643,-20.96982018564647,-17.448698019031095
285,0.6715836765863291,0.364586743774724,0.13393541323246855,6,21,900,2.555523710621843,2.0194893208506186,32.81553039625892,0.6376905871277092,0.989764408287063,0.626601401503111,0.7885792358662139,0.6982303118006729,0.9186443799815027,0.756734126601638,0.014581344504932335,0.0021779209360897112,0.009330786983952018,0.9945497592180615,0.7336397804094524,1.0,0.8463444788197373,0.9996610313555735,-14.590045655185445,-21.142076413378607,-17.500458823293307
358,0.9216390454682012,0.04875716282044873,0.11620632047895707,7,19,900,1.6392909482335418,4.835176376280731,98.44659118877676,0.7147979717880324,0.9896498987079987,0.6213782224078891,0.7952245726297735,0.6975908639284546,0.9178369174206775,0.7685770818742096,0.010171507889297162,0.0035172991653090037,0.006855566927413652,0.9948249496918035,0.7436266092194953,1.0,0.8529566138415068,0.9998255700244204,-16.439485259936724,-20.477542737022645,-18.214965144982354
250,0.725619672090494,0.49249482807043754,0.1566823704988982,9,2,200,0.2824557303770937,1.7183159630455154,131.2621215850357,0.7693508989763571,0.9895760224171717,0.6192606261041921,0.7947320226525751,0.6960281396790519,0.916817876472989,0.7647710302600177,0.015181829997385876,0.0026982216517692733,0.010482329237714519,0.9942745696960116,0.7238715843954195,1.0,0.8398163293077333,0.999799235964495,-14.451590661429126,-20.526797734742487,-17.12138530900049
70,0.7898249672358693,0.17078160522827251,0.11208004917567331,9,23,500,0.4164815179482304,3.2043737240160732,131.2621215850357,0.8482507331135395,0.9895095334648015,0.6159280404432116,0.7999011629702708,0.6959442549484075,0.917876319773514,0.7684884345428822,0.005538259291196314,0.0037856455117606666,0.003818084817375634,0.9943669153051428,0.7271032763962301,1.0,0.8419889718188561,0.9997956449892619,-15.290157473095235,-20.00988370297292,-17.3452054312498
29,0.873859386948707,0.4765359235119766,0.0728425578873976,8,21,500,2.940994751148137,0.37673128003064105,32.81553039625892,0.6925488643009626,0.9896868372422777,0.6245148912260535,0.7848873821086807,0.6955483436006121,0.9205050074593965,0.754446831334317,0.00693294198599837,0.004594757009829113,0.004555228501345975,0.9942136211553879,0.7217852515835007,0.9998769533653254,0.8383683934535169,0.9995453619059295,-13.476357426817598,-21.501602825532263,-17.035476404899008
510,0.8832636581108135,0.3510537270568963,0.07295692155990023,8,4,500,2.7919274290558795,3.380525129071759,65.63106079251784,0.7061398639158327,0.9895353910118617,0.6179601787327469,0.7937476494410438,0.6948682016412807,0.918331283369653,0.7641159087709738,0.009604918251673965,0.00277827432764434,0.006334765805465828,0.9938885642436674,0.7106691459997488,1.0,0.8308543209034419,0.9996896266483078,-13.045306355122765,-20.62523505589562,-16.36702317613209
13,0.6448757264568841,0.08061064362700221,0.18664255394508888,7,25,800,2.614381770563153,4.018360384495573,131.2621215850357,0.7082549739351831,0.9895095335057348,0.616755301408095,0.795717122606972,0.6948574972486877,0.9170974791467348,0.7675923743759135,0.008571930156097411,0.00403104944789651,0.005402410804699951,0.9948951321496692,0.7462144328012282,1.0,0.854658345100641,0.9998439589141132,-17.34878417014185,-20.428287739302796,-18.697629148304372
85,0.8407513611119646,0.3801139299448433,0.12317136071549041,8,23,500,1.046604799628986,4.64764572123913,65.63106079251784,0.8729872627743591,0.989476289848214,0.6155973761997982,0.7964553116727622,0.6943875051448646,0.9192449969184908,0.7641623602843413,0.008769458008828487,0.004467443949975579,0.004802123570061033,0.9942117743003068,0.7216845645965284,1.0,0.8383426418100562,0.9997270312173949,-14.69993867141115,-20.354468832723782,-17.171396215082147
302,0.5312287968095357,0.44173238149303035,0.0951806205201902,7,15,900,0.6622364653583452,3.6701488129465316,65.63106079251784,0.7384217341589085,0.9894615129199736,0.6151129052035528,0.7971940457957016,0.6943326182528508,0.9201643018951048,0.7667477459174213,0.013118377844383524,0.005443346004137397,0.008623290545018097,0.9941342043300175,0.7190029425103578,1.0,0.8365306907372193,0.9997365897299287,-14.449181104054853,-20.280595420429837,-16.998548177479535
156,0.9481106513425192,0.29738831868846805,0.12715487055387006,9,9,300,2.805605445898379,4.736752313155193,131.2621215850357,0.9008640415348959,0.9894171870472378,0.6136483471689571,0.7974396848842935,0.6935065547557343,0.9170843475068816,0.7686980016248096,0.013051073990438845,0.0045930335322575296,0.00902909116595067,0.9940935722800103,0.7176353365589502,1.0,0.8355961583259016,0.9997844343847065,-14.490227012595147,-20.256031511570647,-17.004578366521063
440,0.8867763709324437,0.06170040760279821,0.12900124681467706,8,1,200,1.3145358397450335,4.195901974901493,32.81553039625892,0.8980037012136417,0.989505840266305,0.6187548954082956,0.7846422880772382,0.6918307766052676,0.9198487329943266,0.7518992134687993,0.010777979364207999,0.0014576204903853118,0.006195018657714284,0.9938276162965721,0.7092119265414955,0.997907980019553,0.8291457519814395,0.9994530527206674,-12.754584031647308,-21.371278335517076,-16.56101777619017
114,0.7866471890897003,0.4190534815891479,0.08683248529431462,8,26,900,0.14089790032516514,0.831416843780397,98.44659118877676,0.5921854603394816,0.9893322295235927,0.6111531499562393,0.7954707567755146,0.6912165059008221,0.9209924292753957,0.7649409267350854,0.007428228289708523,0.002671088150016105,0.005356740239847923,0.994294885357735,0.7245727780255785,1.0,0.8402903424926925,0.9997869230343429,-15.653310683076116,-20.45292432244854,-17.740753291255018
82,0.8592286354182768,0.26751836602245527,0.10055770198401827,7,12,800,0.5611312456725701,1.6183961820212183,98.44659118877676,0.5997534636691599,0.9892768229911036,0.6095108707788092,0.7949778434268833,0.6899733843565435,0.9170670429063646,0.7632895302564316,0.007119275162651556,0.004292931999160475,0.00506300942670629,0.9940991128043207,0.717784683790032,1.0,0.8357086727790896,0.999782098099211,-15.084441818891658,-20.502215657311673,-17.438527703429674
361,0.9253401303024231,0.4909528490382696,0.12931874269477864,6,16,700,0.5607433218253849,0.09897829173627193,32.81553039625892,0.6533882997610706,0.9893396184584446,0.6134541478499447,0.7856259345459038,0.6888272398377127,0.9189257103238305,0.7565520075217526,0.016368931282949438,0.00157761587926435,0.010513197216934531,0.994200692995855,0.7213327174983936,1.0,0.8380964058772279,0.9996262705389513,-14.95545218336629,-21.437406545409623,-17.81050067662282
273,0.5521124014041738,0.19225566382240628,0.10265674303804023,8,12,300,0.8147062942531196,2.3644856640545244,32.81553039625892,0.7531330297476013,0.9893802504777528,0.615060571662109,0.7824255406512707,0.6886775235070447,0.9196999744411158,0.7495810720172206,0.010818487625473562,0.003606343112302126,0.007565678141354145,0.993354806219903,0.693934900632677,0.9971696093351138,0.8183466536876978,0.9993956627021472,-11.366243274211518,-21.535360351287558,-15.84525696980954
142,0.9660140527550087,0.05125486399533963,0.1880734125749257,6,18,700,0.9028907008404488,3.540860443226408,65.63106079251784,0.8542860023013147,0.98916970169196,0.6066083441145205,0.793747286069611,0.6875886966233443,0.9174416856697238,0.7629769016686927,0.013700283030574618,0.005174186805933875,0.009365952186074833,0.9942043869823148,0.7214281645306442,1.0,0.8381699523256533,0.9997536280023788,-15.915627648225328,-20.6252713930389,-17.965480065766393
252,0.7616648155973706,0.14356897904228777,0.16064233961642949,6,5,800,0.9370473056565407,3.213373288362118,98.44659118877676,0.9575450342035217,0.9890773563795928,0.6027530031186982,0.799409339735938,0.6872316019535645,0.9150094695826892,0.7646666707937438,0.008578775048786557,0.004523891514073045,0.0045821278696302975,0.9940160018799246,0.7149928100129245,1.0,0.8337994295006025,0.9997602966916319,-15.698032948358943,-20.059066026406203,-17.578307487548127
228,0.594012367307708,0.1776922843428697,0.15892043905222547,6,4,900,2.5441433733923158,4.199819901410913,131.2621215850357,0.8728668913656161,0.9890293356710321,0.6012802003700974,0.7991629739044805,0.6862008287549336,0.9187995457765363,0.7673128970360783,0.007673364252472361,0.00696000503700852,0.005581169622383161,0.9943059672352486,0.7249682366492435,1.0,0.8405542301352747,0.9998072969822932,-17.061166272721707,-20.083702609551946,-18.363288869000193
203,0.5695990123087649,0.449130813646353,0.1675731569768439,6,3,500,1.1959890833169393,0.7318699608112456,32.81553039625892,0.5608809555626374,0.9892066390801091,0.6090047983184711,0.7853799320858791,0.6859957148112699,0.9173438817452406,0.7507839459452622,0.010176792179020377,0.0028733373006815106,0.00689271043134869,0.9938072999696876,0.7080093899029497,0.9998769079271295,0.8289835213496399,0.9995790226028177,-13.98351391893964,-21.45233819690161,-17.248570430637322
479,0.9651992100846627,0.047680460636501776,0.09551114149098279,7,15,700,0.8619801495267059,1.398729838845355,65.63106079251784,0.8762341687932471,0.9889923979963503,0.6003390821993971,0.797685687344318,0.6850580677552527,0.9174338336441535,0.7637839686670914,0.0046076094972311845,0.006404866038324141,0.0033785930776495674,0.9937371176653208,0.7055703289754577,1.0,0.8273704071531288,0.9996869699091114,-14.914352610159277,-20.2314312655682,-17.20055952781221
310,0.7080607140355462,0.37980571434989824,0.045690141982177086,9,23,900,1.3618405443250712,4.107159958212966,65.63106079251784,0.5358879031132565,0.9889997853757405,0.6011525545071471,0.7937471043838946,0.6841451073130159,0.9199139317015179,0.7606744230620963,0.0060441553086425,0.004585328009524068,0.005250989882937966,0.9936022928850367,0.7011353299471849,1.0,0.8243105764463797,0.9996672092291261,-14.260125138405055,-20.625289561610536,-17.003963449992366
36,0.7703175608050532,0.3187149507491033,0.1479573534073057,7,18,700,2.1437853125398565,0.20533758383937895,131.2621215850357,0.6354161256310371,0.9889739288929437,0.6001520490592415,0.795223845886908,0.6840424477358783,0.9163741682531853,0.7652086398246377,0.006218602941987864,0.004081365910219071,0.00520493233014442,0.9941674484685046,0.7201499300148028,1.0,0.8373064649358399,0.999801759596391,-16.662902536572453,-20.477615411309202,-18.304411063123194
577,0.9221574320761912,0.4579037916753361,0.14640721127861936,9,19,200,0.21160691277886967,4.547147518429383,32.81553039625892,0.5213698030309757,0.9891660091483946,0.6089200131343617,0.7789825963252247,0.6834365523327813,0.9187045692037342,0.7425400802066084,0.011285359570593905,0.005058969847345121,0.005855101736529689,0.9938350039317947,0.7089190857193263,0.999753906730651,0.8295792223026153,0.9994785099655688,-14.105851372797707,-22.0825654112603,-17.61648146926753
457,0.9093701147420254,0.4917836032568315,0.05933745940057866,9,26,800,0.7202122214626995,0.7215460036080151,98.44659118877676,0.5263826289298013,0.9888631143543701,0.5967016260911774,0.7959627616955638,0.6820627544794146,0.9183174455840123,0.7624612412755262,0.0029354180664905717,0.0045613861892348844,0.0017945819790802816,0.9935358043215317,0.6989589195809875,1.0,0.8228060529537787,0.9997292809434404,-14.629943280659674,-20.40372383044362,-17.105282340730476
161,0.7313114783696582,0.43413625270419026,0.14816212325559852,7,24,700,1.8862944546178353,3.676751493328763,65.63106079251784,0.9938247818680289,0.9887781562985934,0.594206545628046,0.7979320531757755,0.6810682571168915,0.9198196203032515,0.7650496728242461,0.013910564473616398,0.0028207160191831603,0.009189710239252049,0.9937445058940716,0.7058662450352439,1.0,0.8275596380158587,0.9997022307667321,-15.818818394074462,-20.206794682422448,-17.701610152253465
471,0.8355465785429881,0.40271502152298955,0.18988368649152576,6,22,500,1.3632094634398584,3.900946342414975,32.81553039625892,0.8017644032505604,0.9887744624451655,0.5952170072427361,0.7878414101718566,0.6781097825589283,0.9190112193259683,0.7499083486660613,0.0026812829585398006,0.001527797101464492,0.0015040735411721514,0.9936392311737153,0.7023846488431772,0.9998769533653254,0.8251307320263486,0.9995539278172506,-15.257685625240459,-21.206163666420398,-17.817897668938787
271,0.9146433996583778,0.43948945014113366,0.11863674688918122,7,23,700,2.732029738305419,2.322166181127714,98.44659118877676,0.8009617155075658,0.9885565266074483,0.5874528443654414,0.7984235130386755,0.6768440890555981,0.9180622506168987,0.7654423444186721,0.0074122125355209414,0.0063357014185221544,0.005485206076678698,0.9933843573543216,0.694067239525152,1.0,0.81940603388429,0.999735289341861,-15.360816515796238,-20.157648696132448,-17.3982053992079
243,0.8318948430877946,0.4816972171067752,0.11643195485774996,9,21,300,2.4836051259665184,3.9385650776385432,65.63106079251784,0.8654104824903649,0.9885195874591712,0.5866057532871319,0.7967013141327869,0.6756727584341037,0.9206593324630878,0.7609817300277678,0.008078264019187414,0.005152813257349278,0.006322026061897336,0.9932089007491617,0.6884778201120505,1.0,0.8154987738145153,0.999647614168199,-14.79671005354084,-20.32986858672131,-17.146073037776876
94,0.9795373972820138,0.1712621285892717,0.053196686775697534,9,15,300,2.841850018835446,0.766757015580401,32.81553039625892,0.5695580970715309,0.9888483394727903,0.6003123309709572,0.7696285072156481,0.6744746309943946,0.9204827613028731,0.7359289773292254,0.008700870741090555,0.0010066716481660276,0.005690575168210221,0.9930482185241546,0.6864215039736408,0.9886784373404552,0.8102513090034216,0.9991126403133824,-12.544649680146136,-22.155831648766544,-16.757353737080305
574,0.929380714919352,0.1629406713078952,0.1912680303648363,5,6,700,2.482571081861451,0.0029896941739765426,32.81553039625892,0.9756984309895531,0.9884826515036842,0.5860409832723618,0.7932561895781439,0.6740310824163682,0.9168995282747332,0.7539726645310193,0.008301724039661423,0.0030159859023251604,0.00443294607007232,0.993035290292989,0.6833383831920964,0.9990154906080159,0.8115421819237625,0.9994953950464186,-14.238538667362244,-20.59620726247635,-16.944417994567317
196,0.878081664447623,0.17378576211949104,0.13633322765257144,6,3,900,0.7039262455663606,1.9965795790465406,131.2621215850357,0.5100131779629122,0.9884346314091216,0.5844539535887746,0.7952240275726243,0.673680629501436,0.9141243675111408,0.7588442357589971,0.010194934672486939,0.0039824042843705195,0.006733896692305153,0.9938109941505792,0.7080480508672333,1.0,0.829066248242741,0.999792992474242,-17.455608715690673,-20.477597242737566,-18.742243948617464
562,0.6814914202019358,0.43963977807850335,0.14782060404462294,9,18,300,0.9189029906626126,1.6305392625628672,98.44659118877676,0.9807083098210247,0.9883016521945188,0.57993104265096,0.8028550093477301,0.6733202466520708,0.9193744418911093,0.764966296695477,0.01350811376603591,0.0036188035754398805,0.008743479669135756,0.9929946587546438,0.6818151970019385,1.0,0.8107955847423396,0.9996982565198144,-14.94307472156401,-19.71449906522699,-16.955610104112328
126,0.969533849256448,0.3993916178868327,0.19960748100133413,6,29,900,0.26563023184085444,0.18798386603130435,131.2621215850357,0.813752731609185,0.9883644473343942,0.582367992526629,0.7964554933584788,0.6727171318135649,0.91603999772541,0.7652544298781055,0.012100231394926036,0.0028720725074811372,0.008077960752233979,0.9940640214525889,0.7165922530456381,1.0,0.8348971918562512,0.9998057263567887,-18.73091147002125,-20.354450664152125,-19.425153375124747
340,0.831217005850534,0.05925131179907578,0.06488813839274148,9,27,300,2.9797650462688923,0.22455649497807928,32.81553039625892,0.7407746701379272,0.9885676086589305,0.5909049736457729,0.7750432866219357,0.6705255395702941,0.9193236490143798,0.7410261023959995,0.006590733217598892,0.0030777484318428375,0.0031852743789577025,0.9926825298387244,0.6738062904815282,0.9936008025475923,0.8030140178680206,0.9991825714711121,-12.303434682467984,-21.996511613645563,-16.49889981366448
308,0.7391299420976117,0.07259825644233014,0.14492091072012428,9,28,300,0.8430134967261408,4.017413716484423,65.63106079251784,0.5761647947322677,0.9881612878518524,0.5767397961865464,0.7942398360468096,0.6682165977563299,0.9194759900441873,0.756781018407339,0.0072258236803858025,0.0025075009229995706,0.005385008250012221,0.9929226288891021,0.6795587214724117,1.0,0.8092069823757823,0.9996429453654724,-15.130248797791278,-20.57601639531904,-17.42327830705479
430,0.7613800707809348,0.23543367811158838,0.13465045417538377,6,12,900,2.5146912632454015,1.8070188953359319,98.44659118877676,0.8998589568093598,0.9880504727811471,0.573043668944676,0.8006400787789266,0.6679274040453516,0.9186465358666038,0.7662249552776818,0.00705598934942181,0.006347923956494094,0.0033653092228178973,0.9933141746815579,0.6918115129274772,1.0,0.8178348121551134,0.9997345494959653,-17.167659364358066,-19.935992122107336,-18.32979054960183
101,0.7575868412034064,0.48777065784137813,0.09720790772323247,6,22,900,0.2560490042359316,4.984371259229737,32.81553039625892,0.6497979558832385,0.9882536344740821,0.5806952087601719,0.7858708468916299,0.667760253872529,0.9199933112108258,0.7471787726768134,0.01732351853128828,0.004781834972139381,0.012565718716003668,0.9932587670848078,0.6902588185427785,0.9996307692195844,0.816593611904083,0.9994843417526936,-15.872830138397786,-21.38388782238443,-18.226123234605453
218,0.5104724805154564,0.04108583373821367,0.1938934066205558,9,8,200,2.9279725487963773,3.336751990232142,98.44659118877676,0.5606932090797032,0.9880615541367649,0.5737357976763525,0.7964553116727622,0.6669647504544391,0.9153597727437388,0.7597315866684088,0.006264880045626295,0.003902657815420524,0.003961620783213537,0.9929115476972156,0.6792237283921256,1.0,0.8089680584689996,0.9996803738664926,-15.530660415160503,-20.354468832723782,-17.553635959781488
230,0.6841547652534241,0.22430531547727128,0.14719347825852006,8,3,300,1.174577094533488,2.0631092042431187,131.2621215850357,0.5891862921536649,0.987891639335074,0.5693897750511248,0.7957169409212556,0.6637004522393956,0.9155251214708299,0.7587126998709205,0.01263334367739278,0.002326631715947927,0.00830102983885341,0.9928783027605356,0.6782997076340416,1.0,0.8082848626767389,0.9997175525088787,-16.05631424533597,-20.428305907874446,-17.88780380700605
311,0.8413086106117011,0.12096584015776479,0.14565100017625207,6,21,900,1.6898667928614441,0.5997684651194496,98.44659118877676,0.8876730752015678,0.9877992916076476,0.566353115730924,0.7989166080730232,0.6628068750508074,0.918479807447976,0.7657184492960377,0.006322392789768759,0.004702497906715746,0.0049775664508216865,0.9932310635422638,0.6891735817505197,1.0,0.8159878687785526,0.9997291389514759,-17.82141238026397,-20.108339192697677,-18.77245968828445
116,0.9746533985288828,0.19832468652602714,0.19127651794253028,8,5,200,0.8097336671765847,2.699213894540967,98.44659118877676,0.7975389653501275,0.9877955989412825,0.5663300091227533,0.7984247848386904,0.6626108417271408,0.9157328482917512,0.7611445917238012,0.006434878824939863,0.0024131218756543687,0.003795213967454688,0.9926751427765635,0.6720229001980488,1.0,0.8038416318913306,0.9997066480782165,-15.727572831840575,-20.15752151613096,-17.569479429908707
249,0.9360678500112383,0.27242387954225783,0.15410075339513113,6,22,800,1.9788880991842266,0.8080990564293572,65.63106079251784,0.6193981056907696,0.9877992921807124,0.5670140125448427,0.7917778129036829,0.6607954141915875,0.9182878686662429,0.7569608413607893,0.006366303434267067,0.005002816142452438,0.005677810473983118,0.9933086339116497,0.691646401567971,1.0,0.817716209198294,0.9996979217561904,-18.019668538806112,-20.822218709631713,-19.19012895201808
370,0.9723681293915398,0.3682676141673963,0.1777688267176569,5,24,900,1.8756143085913268,1.8677740052384095,32.81553039625892,0.7040758454333491,0.9877438862622214,0.5659259669960259,0.7885785091233483,0.6589179479732247,0.9173450493272953,0.7448499680489838,0.010469015068315119,0.0045868577326703686,0.00837669541371835,0.9929115474720843,0.6792780846734416,0.999753906730651,0.808927224753989,0.9995157045385626,-16.68714481373398,-21.122737924363687,-18.54422402786421
504,0.8467110640281545,0.3503057481972258,0.1531597010253234,6,19,900,2.9840524955894616,0.46250218969481893,98.44659118877676,0.5933199698988413,0.9876146015150447,0.561903477997232,0.7964551299870459,0.6588316859674156,0.9154447401259649,0.7565570263504086,0.01220814263588559,0.004939025993526837,0.008013918287335142,0.9931571869444397,0.6868583510993401,1.0,0.814358750665409,0.9997371158028109,-18.192233216952758,-20.354487001295407,-19.098101981579106
347,0.9133733840131235,0.0238206287182533,0.14808235259195737,7,24,300,2.4743635688333603,2.5782970292822673,32.81553039625892,0.7695472763680044,0.9876441514419373,0.5636117137614025,0.7831637297170607,0.6554878289474851,0.9184320018541042,0.7408259864164503,0.0057567620978428696,0.004176420442839708,0.005334915928193541,0.992215261422256,0.6590171943507648,0.9974154754134831,0.7936426470430972,0.9992904427022942,-14.476933440765782,-21.480691946112362,-17.407685765166526
502,0.7220517784533094,0.2659358832525083,0.17598752046007093,5,20,900,1.3914427491830397,1.6001365828119596,32.81553039625892,0.6528719787236456,0.987459461431201,0.5581979512574319,0.7917779945893993,0.6547093091578976,0.918057111484753,0.7426787307160656,0.013123643979529209,0.004248285711740473,0.009948961116260615,0.9924941449000663,0.6666982932694525,0.9997538612924549,0.7999350450622779,0.9994831189269179,-16.274279251554823,-20.80270702172532,-18.154691034079384
159,0.7350912963483325,0.3721395327974778,0.17564822800489302,7,23,500,0.48501763244040796,0.1043056964576905,98.44659118877676,0.6142273706656494,0.9873745016152963,0.5556041808568404,0.793993470215352,0.653730530577119,0.9176693779789707,0.7580640243179585,0.007517478448473218,0.003259819472807769,0.006294672158719983,0.992593878676549,0.6696409751006193,1.0,0.8021193103746437,0.9997013293403324,-17.029542468879523,-20.600652978464794,-18.499589509722327
69,0.573536740464519,0.4632938125807472,0.10350209568511225,6,20,800,2.940097725856431,2.463090469964348,32.81553039625892,0.6045653955392571,0.9874483792569192,0.5582112009108149,0.7856250261173218,0.6526544501521968,0.919578421787386,0.7419280032772765,0.006895432569791405,0.004084557112379615,0.005392549567595367,0.9922965254404046,0.6610888993632753,0.9987693519004708,0.7955761826609615,0.999378554048426,-15.561855380047461,-21.340695464631075,-17.96455645903511
369,0.8050037085397428,0.1564536971068241,0.0615082882151725,6,2,800,0.5222450259342878,0.5853302071208433,32.81553039625892,0.5774143062988599,0.9874816233647054,0.5597834673487524,0.7797191502195672,0.6516174334328956,0.9184927309584568,0.7372679094274863,0.012081851000222483,0.0019671575576859627,0.008112613723545254,0.9919216022544375,0.6517077926083972,0.9917549212746904,0.7865513521667541,0.999166706762745,-14.105144407085668,-21.379855698885397,-17.15513149423099
280,0.9314402514562061,0.0010519215879417065,0.14633870369900295,9,23,200,1.8113863588481633,3.4329495674630337,65.63106079251784,0.8326460509890277,0.9872156675142918,0.5514017858423642,0.7947318409668588,0.6510739615068432,0.9175475439023528,0.7545952994592254,0.002643354956694975,0.0032595669653468847,0.002898819285250585,0.9917239826003441,0.6445640567873961,1.0,0.783871848521115,0.9995676029787934,-14.453531804017528,-20.526815903314123,-16.94127519247104
349,0.5273172100004861,0.4865390814861664,0.05296381293743767,8,21,800,1.3124457798246292,4.41367190336711,65.63106079251784,0.8646723970439982,0.9870900778894725,0.5479057502264193,0.8001475288017282,0.6504101899319558,0.9203112484751582,0.7556196603041857,0.00459751567673734,0.0024479724881437794,0.0028523779872880557,0.9914820363878881,0.6379859180704393,1.0,0.7789728816099711,0.9995134772533482,-14.119460209476642,-19.985247119827175,-16.504129310933603
405,0.6093578064989637,0.29765163296374453,0.0602806551158179,9,21,700,1.3845687827658204,4.916528284092337,131.2621215850357,0.5441924734922594,0.9870162009846473,0.5460690431230559,0.80039316789032,0.6491909349245222,0.9190555174568728,0.759927552362423,0.006168074987293129,0.003516373339509704,0.004627770133393888,0.9918311036743525,0.6475789416373107,1.0,0.7860870265062747,0.9996663335336468,-15.67529330981664,-19.960683210968,-17.414877356541613
488,0.7354750293862573,0.24611615759120414,0.047051706283337005,9,28,800,2.296090091574122,1.265131704601266,131.2621215850357,0.755819291259507,0.986853672661816,0.5419341050294119,0.8023622776848152,0.6469009538650993,0.919381327392593,0.7631082799158536,0.004788991577599893,0.0050405002848596826,0.003545044809711622,0.9916482589018409,0.6425160328497642,1.0,0.7823432042082311,0.9996588156700191,-15.65438412085054,-19.763772231518484,-17.312382802660874
393,0.6109502303921864,0.3573206374543621,0.17749705643874383,8,28,200,1.6069697980427358,4.180588516036244,32.81553039625892,0.9370853410785129,0.9871344036394087,0.5505972879879284,0.780950434319705,0.6457529050618319,0.919114356950605,0.7360436209580142,0.012369457137909058,0.001891105887635292,0.007921174320637502,0.991679656686676,0.6444960278923838,0.9943393549848155,0.7820464027130122,0.9991518900268673,-14.569327946290212,-21.460371612101092,-17.4278018770193
497,0.6359772796990993,0.108945689813372,0.13574857117165967,5,14,900,2.186334163351942,1.6176520624274575,32.81553039625892,0.9186315035692544,0.9869053869372723,0.5439795647432023,0.7895634273920287,0.6441400749861987,0.9182829509074346,0.7443986377990388,0.0064765147885887595,0.0027000089913141374,0.005026298529556987,0.9914820367665182,0.6384435547700117,0.9971696547733098,0.7784656810631683,0.9992528474249934,-14.795981464773089,-20.819549249969604,-17.25517377895426
16,0.5841455210864652,0.10938210978653512,0.11603938038329482,6,17,900,2.915346248162882,4.812236474710556,65.63106079251784,0.8481521364198942,0.9867391643926142,0.5393894680426369,0.7976860507157509,0.6435749529116909,0.9188430263800337,0.7573587962414742,0.003705333823156462,0.0032144659719466687,0.002341200648070475,0.991709207002435,0.6441796091366326,1.0,0.7835802093328862,0.9995818129795015,-16.267224172842365,-20.231394928424905,-17.86738035923484
200,0.8931379783785472,0.2872936911588833,0.11764931881256953,6,10,700,2.7917856439317488,0.5818319894273805,65.63106079251784,0.8139750263863179,0.986591411565361,0.5357430406827824,0.8018699093933331,0.6422830764339986,0.916999201441954,0.7567587831730215,0.008790675334657869,0.0035161089420634307,0.006198241809770555,0.9917387578912558,0.6449782424652553,1.0,0.7841766824629989,0.9995732664165514,-16.936261503171135,-19.813009060666687,-18.094596434993516
47,0.933558303604861,0.2809333460718868,0.05533340336016464,9,13,200,0.7147084572119383,1.8886444308814743,32.81553039625892,0.7526261862239285,0.987248912809141,0.5551244208309485,0.7573234787000751,0.6406439521391328,0.9207294144166515,0.7132080640172047,0.003112139672572159,0.0037916536758970084,0.00300310880080483,0.9910812558185974,0.6343334219330836,0.9588981982664783,0.7635092960346536,0.9982133420721592,-12.486966374994346,-21.02149320238742,-16.092187028190974
385,0.760799698005679,0.39724281682424534,0.17803154393436457,6,23,500,1.2435481944503768,0.06625516751955274,32.81553039625892,0.5801827030598716,0.9867761031724923,0.5411582554165165,0.7843941053886166,0.6404152219927263,0.9165733883477073,0.7385689397882834,0.010237913812059764,0.0048577906926359216,0.008099929204808665,0.9921801699886582,0.6575940101286167,0.9995078134613018,0.793263580606362,0.9994329844218818,-17.706328360461633,-21.5219636280526,-19.26829396312385
505,0.5128448224347041,0.14227069283846688,0.09417640420414768,7,13,900,0.697623994862565,1.1301659839432605,131.2621215850357,0.9817399737371637,0.9863808622474366,0.5306489133383346,0.8011313569561102,0.6384187955044254,0.9180579529356795,0.762853140643681,0.003715379439491859,0.006747248460892982,0.004574159951189575,0.9913010395040156,0.6331168948465835,1.0,0.7753320683957791,0.9996663946737039,-16.184686010168605,-19.886864304388986,-17.65866245860792
35,0.5635302563259423,0.2611216300274022,0.15629877508873607,6,12,800,1.3717954848411855,4.210115375059907,131.2621215850357,0.7656773157840739,0.986314373417866,0.5290809704172178,0.8031011934934712,0.6378877518970669,0.9183560508559011,0.7610329914855388,0.005813433439229497,0.0039210848711364165,0.0044361276224955185,0.9916981261994121,0.6438854950822902,1.0,0.7833594538844665,0.9996935396770462,-17.82995975866798,-19.68988065065288,-18.57023634118985
186,0.7751132710781309,0.021706266427409582,0.13029876136286425,5,13,900,2.4575665782803706,4.421032316742039,32.81553039625892,0.8968719251902582,0.9866024943127076,0.5368490677306026,0.7858717553202119,0.6378567552952473,0.917813737058354,0.7400150945690811,0.010538959322309234,0.002244934635455352,0.007415731374544737,0.9915448313537966,0.6402062674792872,0.9974157026044628,0.7798222689869121,0.9992553106259748,-16.144359247783935,-21.209205623278738,-18.204855046791103
330,0.7891491997101803,0.07348135479410484,0.16411351628735948,6,15,700,1.9284567444005227,4.049300936802931,98.44659118877676,0.958742921565995,0.9861961715408357,0.5263969362502751,0.8031011934934712,0.6359132718217216,0.9172215225424744,0.7587427731942071,0.006970752783094985,0.004523921284709852,0.00467140618140671,0.9914044669087946,0.6358559450392187,1.0,0.7773931238235209,0.999632754598402,-17.2144350686526,-19.68988065065288,-18.199267226078163
39,0.8650196582809093,0.023858063845824395,0.11754706999387449,5,5,900,0.043180465889267605,0.5803632025345812,32.81553039625892,0.5470784941342801,0.9865507810196484,0.5357717674988436,0.7821799015626789,0.6358811644028721,0.9172007959892289,0.7366200192681482,0.010936245180416986,0.0022461721573779803,0.007941540576129705,0.9916076268109008,0.6419060584986663,0.9970464718240474,0.7809959496355768,0.9992731788394366,-16.534240422665093,-21.550306463477142,-18.580734676078315
204,0.7391170115240362,0.2530537774233754,0.05418475808942222,7,28,700,2.89746648345966,2.16248939165066,32.81553039625892,0.9682245869418302,0.9866874511814213,0.5395022192047324,0.7738129109503799,0.6357138848948458,0.9205096049765847,0.725461104656893,0.007955091607613924,0.0014450673815238426,0.005110280292270921,0.9909131875342876,0.6259863995182693,0.980310311980471,0.7640610562923666,0.9987033423082355,-13.815664426589969,-21.064493406471975,-16.798025542661478
321,0.8410969403133053,0.2340770706505152,0.1200432985211972,7,28,500,1.1033579632684587,0.2904597604017489,65.63106079251784,0.8910076674664836,0.9860299493645766,0.5226311963600958,0.7989162447015903,0.631888799638258,0.9188654354147027,0.7527826867584101,0.002947808213937759,0.0035779007813942364,0.0028197500733077273,0.9908817906499782,0.6221179801616282,1.0,0.7670277652636126,0.9995233284322254,-15.991626503976853,-20.10837552984097,-17.618523311070756
526,0.8711467690851313,0.1220808043580765,0.12362173229246243,6,15,900,1.5351223413441026,2.416471424831626,131.2621215850357,0.6353099973467984,0.9859819305798765,0.5215974935799427,0.8008857178675184,0.6317039674337817,0.9189176646876781,0.7576247774997612,0.00714519248777383,0.004030629943526022,0.0044792529190524535,0.9915319034603279,0.6392934770966514,1.0,0.7799608708104069,0.9996883773567519,-18.410321352131497,-19.91142821324816,-19.008248865431042
170,0.6155654562138233,0.02584841862076348,0.1316005636990136,5,6,800,2.8016250525837147,1.5807805248837525,32.81553039625892,0.7923353502212944,0.9860705824481478,0.5240772528803016,0.7863650320402762,0.6289277709752942,0.917900232962098,0.7360828155830467,0.007866365451315761,0.0017046299814447831,0.005153900319648226,0.9907340369426677,0.6190631955270417,0.9947084948888391,0.7631626413713967,0.9991402021758686,-15.343496969784077,-20.945177800240433,-17.589287409939725
148,0.8258334126879425,0.18426317186188057,0.17422806746953104,5,8,700,0.5565765471093634,4.343115839778054,32.81553039625892,0.5768290190805563,0.9860705833486784,0.5244063104919703,0.7811957100368639,0.6274791818731869,0.9167115766898032,0.7334147161729527,0.01387263368880802,0.004127765937364586,0.01129959462015681,0.9910775627735963,0.6274669495043336,0.998154118727098,0.7705405122159261,0.9993028155280911,-16.424871316931654,-21.735962875844418,-18.566360635772728
595,0.8708136437259444,0.40254865602056744,0.17055753329036208,8,1,200,0.06006968919656286,0.31253470755205404,131.2621215850357,0.7251751928903964,0.9856531772563949,0.5144130559865312,0.7947318409668588,0.6245246007871447,0.9153377141444485,0.7560714101392921,0.010422460214177346,0.0036788442770880983,0.00880778379576164,0.9907118748044931,0.6178260734956059,1.0,0.7637396256419059,0.9997062174623256,-16.73820868775785,-20.526815903314123,-18.22807409498416
411,0.5085748909575991,0.4583016508212055,0.14417011540262029,6,23,500,0.01603848256309337,4.69206871929072,32.81553039625892,0.932216623434182,0.9857861565119307,0.5177626507578695,0.7824255406512707,0.6230948765257841,0.9170346908605858,0.731875533000743,0.013202385343622261,0.003989339426162198,0.01079381983380904,0.9902150543428472,0.6067215740742179,0.9899093580691601,0.7523126755586046,0.998931234837014,-14.66223175796718,-20.95988038971479,-17.176076281962704
45,0.9072342412944678,0.14092738738669996,0.03245131724811469,7,18,800,2.8099444555671216,0.19593163337823127,32.81553039625892,0.9017404651924243,0.9860225617395871,0.5234985540779428,0.7647070045294249,0.6215133600867558,0.9198311920679827,0.7160119840272682,0.0009344882956537299,0.006573626868314765,0.0028134388644601447,0.9898936914175865,0.6022914461452252,0.9617277710438371,0.7406995461908469,0.9980913892884388,-13.082186800355755,-20.486126370310643,-16.091029988748208
171,0.8441039329332978,0.1986894942322005,0.10118044550249392,5,11,900,2.855435356269717,3.195599689077502,32.81553039625892,0.7900561148477341,0.9852985728123665,0.506630020203243,0.7866104894431514,0.6162955840205656,0.9183334550433164,0.726930154451573,0.004870198075320864,0.0016446763474285214,0.0033629690566431567,0.9898696816466043,0.5981139474856096,0.9907705027590982,0.745919757754168,0.9988898717031386,-15.295401096555716,-20.606186069064623,-17.37776381254168
178,0.7722445489804248,0.0028793302490607853,0.07167130768105136,6,26,800,1.141259112698393,2.742498608257384,32.81553039625892,0.6187720654371638,0.9854721823680156,0.5105496326831406,0.7772576721335899,0.616274211982483,0.9197957663142372,0.7249438452573597,0.0049191681609016095,0.00146945360986112,0.003849329570608505,0.9902205946010932,0.6068731846979022,0.9896629012942434,0.752359709748944,0.9988766427090469,-15.8721054815943,-21.462381673888963,-18.087823683683368
197,0.8685901125036215,0.3842999023942542,0.05629477605213466,8,21,700,1.8707570640082791,0.4456221605800831,98.44659118877676,0.9323430960167701,0.984792516734739,0.49606686790355853,0.8045779349964844,0.6136812599471422,0.918841266009855,0.7548764286219681,0.009058904707473696,0.0033183335598400976,0.006902143580325192,0.9893857911557756,0.585790608687419,1.0,0.7387854234818695,0.9995226671268632,-15.316691570884755,-19.542206500351554,-16.933761760636234
421,0.6002764889226333,0.10811350456388985,0.14133024378344267,9,23,200,1.3950285525792827,4.236939652856869,65.63106079251784,0.5639684622558916,0.9849254971773377,0.4987219918756076,0.7932560078924276,0.612373040525341,0.9179793664073364,0.7406253297468554,0.006633138968233478,0.0033693987267001037,0.004066069920694397,0.989936170077077,0.5986557733840069,1.0,0.7489324439270061,0.9994282132986602,-16.69302894107344,-20.674399210757244,-18.233874698446726
4,0.9828160165372797,0.40419867405823057,0.06787661614294042,7,2,700,0.7230763980780351,3.416317594127291,131.2621215850357,0.7475884550556351,0.984641071118321,0.49312240108033606,0.8038393825592612,0.6111683711965806,0.9169369613808295,0.757453974905138,0.011617847198141266,0.0030437240928058865,0.008617146280076529,0.9894689017629409,0.5877605218648859,1.0,0.7403315416001912,0.9996022160683062,-16.10147624142494,-19.616061744073875,-17.446665871405475
222,0.5987352449299687,0.44346245010463475,0.13270405440448915,5,26,900,2.584109989090308,4.232571693451391,32.81553039625892,0.7720082895913758,0.9849144138159932,0.49835990979638267,0.7861173944088038,0.6100051397582755,0.9185837662953785,0.7286207055639471,0.0019861767039376405,0.003988194446509604,0.0026169433873016457,0.9898936915608519,0.5982559408370021,0.9943392186702275,0.7470426817691972,0.9990233841269842,-16.697875310834,-20.940723281526363,-18.3440043460944
33,0.8249819653888826,0.3509834386288517,0.16120060719285922,6,19,700,1.7365946865226762,2.192370615090435,98.44659118877676,0.517971136898371,0.9845782772064419,0.4916151162962896,0.7964551299870458,0.6079215665828944,0.9163309314613609,0.7478022740213288,0.007243482101120246,0.0028972101219235423,0.005162999871783518,0.9904256021360069,0.6105968251653464,1.0,0.7582015501344997,0.9995946324749397,-19.48613290559399,-20.354487001295418,-19.82058511024498
332,0.7238367127052092,0.06713742545113777,0.1920074830007864,5,2,800,2.847213588944532,4.811551014938921,65.63106079251784,0.637351907523946,0.9843455660778128,0.4869768923064693,0.8006395337217773,0.6055726424792319,0.9153418695167957,0.7443069327676559,0.004956634977307114,0.003785569937351754,0.0027478595860084658,0.9900894642779982,0.602316362507113,1.0,0.751797024764243,0.9995159369304841,-19.149317099829176,-19.936046627822268,-19.449981506759194
167,0.9418548348303764,0.22101218689142876,0.07286897896794266,7,10,700,2.4866500976478285,2.1544376183090295,131.2621215850357,0.7939421855551935,0.984183035872054,0.48383936496865165,0.8038397459306942,0.6040545325899861,0.9174120848663914,0.75655941401464,0.005208001520836799,0.004267595399663624,0.003991352819184768,0.9891900179883667,0.5813063003709632,1.0,0.735221196694117,0.9995865146431426,-16.766880961054888,-19.616025406930582,-17.840435598689876
335,0.7033370349992916,0.4765100105894496,0.10928254617909011,6,11,800,1.3109876569968626,2.96780467689393,98.44659118877676,0.6069785193441184,0.984042671856853,0.48114365358773475,0.8028548276620137,0.6016544814725361,0.9166990226802684,0.7510429315569818,0.005614331822376688,0.0051596281753327365,0.0033996494459816247,0.9890773563798149,0.5787854426545547,1.0,0.733200351415532,0.9995368544246235,-16.870118332450346,-19.714517233798635,-17.941326635895727
459,0.9103480803833897,0.23867519906120066,0.07665563077365296,8,15,200,0.984538448392836,1.04529686853423,32.81553039625892,0.917295476297636,0.984969823295673,0.49966763334495284,0.753879625945447,0.6009310844531145,0.9178413284233825,0.6949184998785713,0.008819400031979476,0.009140946626760382,0.00703990769215941,0.9888889710113604,0.5795985761035297,0.9456072078792014,0.7186824179778943,0.9972714626022716,-13.790741739900225,-20.275604959035697,-16.384334802024014
264,0.5554947346067405,0.2235277719032127,0.097468071528366,6,21,900,1.141201646911229,4.884001642553296,65.63106079251784,0.7395350315516755,0.9839724892966544,0.47980494328640994,0.8018699093933331,0.6003316587304037,0.9177158153041343,0.7473012168749259,0.0074017300075441125,0.0030150064473048964,0.005611787077657625,0.9890478053374953,0.5781206033658508,1.0,0.7326684146232894,0.9994368867813447,-17.006081344799263,-19.813009060666687,-18.062298476580054
55,0.8835974265542859,0.41139517593834657,0.1514002148192266,5,13,700,2.8865176454236257,1.8743528976185204,32.81553039625892,0.5414456608466771,0.9842458347368511,0.4848255909303158,0.776764940470675,0.5969186594035905,0.9177114937398789,0.7227876553718655,0.012797168985372594,0.003105338642491801,0.009731627546298945,0.9895944913775273,0.5911709285824961,0.9944622198667061,0.7415231213232182,0.9990320529318887,-17.98893222086785,-21.89095523661124,-19.501005128685243
234,0.7200994989777453,0.07372626335314197,0.0723566231857692,9,1,300,1.1142660056191374,0.3127111344868422,131.2621215850357,0.8678315571195949,0.9837360826363358,0.47543374667993016,0.8018713628790645,0.5968595482400613,0.917538882587854,0.7561789183733683,0.009858789426842006,0.0026565066791729417,0.007022773102417176,0.9886045471218053,0.5685164841201976,1.0,0.7248789429234298,0.9996106943122678,-16.372917943499342,-19.812863712093552,-17.660796458932516
484,0.9121752236246747,0.19849608110373707,0.039700224434683566,8,11,800,0.24607105563441256,0.17469623202994222,131.2621215850357,0.5406148174033363,0.983654817042258,0.47384764634505544,0.8031011934934712,0.5959942276808786,0.9175094246533719,0.752873386998442,0.008571138699155026,0.0039210848711364165,0.007567747506523645,0.9884789574151199,0.565874709245747,1.0,0.7227134507734649,0.9995337263576238,-16.262798353959695,-19.68988065065288,-17.533812738225418
591,0.6507315297294003,0.29968649643599315,0.048240119745549766,8,17,800,1.016470447268422,4.760312233195013,131.2621215850357,0.7915639117264346,0.9835920236215773,0.47265873230394684,0.8053161240622746,0.5956815803800829,0.9198511764094871,0.7572270227514286,0.004182339156840637,0.0030436538586867444,0.0036201131025478664,0.9885565265974493,0.5673829340427686,1.0,0.7239864967549803,0.9995421001311735,-16.69493318452219,-19.46838759377254,-17.72200406360891
50,0.87618726471884,0.39578952186292427,0.16002744713096526,7,21,300,2.9227446256032303,4.979656210151646,65.63106079251784,0.7207652506866885,0.9836067985031572,0.4728578473391401,0.7989162447015903,0.5940459646599306,0.9180331319422175,0.7430449738242859,0.00957133817586092,0.0031451956358895116,0.00814946302399388,0.9886562605478972,0.5695971066159385,1.0,0.7257670385276388,0.9994099163928568,-16.983804544152413,-20.10837552984097,-18.149222391654806
135,0.8676063272617264,0.14069548028876339,0.05800332785256817,8,8,500,2.170260341065755,2.4793786753938543,65.63106079251784,0.9810609862960249,0.983521841757243,0.47142802291711866,0.8006404421503595,0.5933471934079276,0.9192101091904276,0.7439575133260902,0.010181640355718537,0.0030989354480443743,0.007349701847447188,0.98788794350687,0.5535351922625414,0.9996308146577805,0.7124843125028248,0.9993029634564207,-14.833233820204772,-19.906386396816366,-16.721367334586034
212,0.5746188889750881,0.0635998813437248,0.17428547450667936,6,18,500,1.1276648554373079,1.9723813928501766,65.63106079251784,0.6961968607642373,0.9834405776367605,0.46991770237598623,0.7994082496216395,0.5918266243751785,0.9173976841596625,0.742929759866746,0.012495846950331572,0.003159911502548316,0.010760287892076677,0.9888741958023145,0.5743739143471317,1.0,0.7296250936977103,0.9994369567108322,-18.186099570673708,-20.059175037836052,-18.88620203893684
191,0.8587988828290881,0.3462180756621848,0.1983386388034158,6,14,500,1.8096582306401165,1.686135663777102,131.2621215850357,0.6370803332799029,0.9833408444538048,0.46788103254243274,0.7986704239272822,0.5900376224889792,0.9155994125983682,0.7503250382981222,0.00624595341145764,0.005620700543850914,0.004613523575945782,0.989293445444312,0.5836812426144697,1.0,0.7371072821845868,0.9996034494386973,-19.839631911646816,-20.132957607271784,-19.95227333255112
246,0.6137047479306894,0.20198893816327412,0.11308370264513035,9,22,200,1.6306146520279383,0.4086267287338913,65.63106079251784,0.9234593640442799,0.9832448050833436,0.46608110434898026,0.7994100664788036,0.5888385960661163,0.9195402362876886,0.74116456908453,0.002407374967888659,0.002371394112030104,0.0015563895862156082,0.9877531191154492,0.5506797499884261,0.999753906730651,0.7101771966885279,0.9992898704012078,-15.362585176088983,-20.039315565867856,-17.085679628717887
84,0.5259117684112135,0.1683021390969603,0.03553878861840511,9,10,700,0.6051913869907075,3.4228577393991664,131.2621215850357,0.6273203273818819,0.9829973185000696,0.4617910332053439,0.8031006484363218,0.586395829565158,0.9187212826638543,0.7524822245602544,0.0007520522581216413,0.0018940708661500695,0.0005306396868519039,0.9877992921809625,0.5515934741871301,1.0,0.7110009797642598,0.9994984006075018,-16.28054811818176,-19.68993515636782,-17.525313430709478
549,0.8192443923995678,0.15987159770384746,0.02085226104038422,8,21,500,0.6619531788652454,0.6906264657012362,32.81553039625892,0.6047278847547555,0.9845080937866459,0.4890114007437231,0.7179458249530798,0.5817395438412368,0.9164528716733998,0.6615359773635737,0.0030780473412632525,0.011683864005692412,0.00535513072954734,0.9873985117344709,0.5505925896852107,0.873861250651811,0.6755206587891598,0.9933267746135557,-11.184529195479243,-17.842126033444583,-13.882790071294249
506,0.5540222796882035,0.23924553505359458,0.12125710847072735,6,9,700,1.9557025966873818,4.162085917051264,98.44659118877676,0.7927938419363063,0.9826020799082064,0.45500726156530275,0.804085385019286,0.5811344556550802,0.9179929055947017,0.7516721369078775,0.0045202266611887995,0.00253024841106573,0.003160497295680598,0.9875481117135676,0.5465804726772837,1.0,0.7068131902869254,0.9994797272623717,-16.753838764753738,-19.591461498071403,-17.781039793672626
168,0.9742916774257169,0.12626389103770963,0.07825764210408666,6,25,500,2.2092060451969218,3.3190226381090255,32.81553039625892,0.8908951649225147,0.9833223755959972,0.46603064747340456,0.7627380764206461,0.578554386994972,0.9181736907875049,0.7028062511701396,0.002654289042548628,0.003397292468890356,0.0022353142550703207,0.9872876962749061,0.5438550897249067,0.95225236228637,0.6922579882383864,0.9972951033412224,-14.309775475461183,-19.901687133723435,-16.42503274433279
263,0.935602241131526,0.3830323882676513,0.15980499521812677,7,15,300,1.952305642676242,4.371133620691758,98.44659118877676,0.78022031549022,0.9822659424799912,0.4499354569196494,0.8043321142221762,0.5768586586331271,0.9176652331618581,0.7480915285546482,0.016596726464079385,0.002055498749051305,0.013260822493333683,0.9873763496372293,0.5432355574096555,1.0,0.703995149192194,0.9994837237013167,-17.174888355043404,-19.56678857778238,-18.059285025607185
449,0.8755885684770214,0.3769340413549565,0.11979931141187677,5,24,800,0.3443907817538403,4.707664551422205,32.81553039625892,0.5034389811098247,0.982469104336659,0.4513435840818767,0.7740590950961209,0.5701173257979336,0.9158751527214762,0.7061976959710198,0.012268843088810679,0.0017407710598084784,0.010060485738065304,0.9874853161848307,0.546183005116573,0.9840016655825113,0.7024335119929601,0.9984234554831315,-17.364037354925486,-21.335590967938877,-18.836827106898134
561,0.7386000397089807,0.39653151418532795,0.1964359035165378,5,20,900,1.2066712045413373,2.343949402533955,131.2621215850357,0.8485120830021498,0.9813535653087531,0.4343995283239604,0.8023622776848153,0.5636359718486498,0.9178580912232134,0.7468520009471499,0.00353879641180959,0.0023251782789656785,0.0032983926619713747,0.987271075704833,0.5411237948616128,1.0,0.7022340171905332,0.999521599970597,-19.72270810322545,-19.763772231518473,-19.73673190831461
232,0.5520686789601437,0.11271937773184693,0.1435592537859486,8,24,300,1.7981068969888017,3.010728220262405,131.2621215850357,0.912524705090031,0.98117626271834,0.4321564575842996,0.8048237557707926,0.5622391384057861,0.9184320132946001,0.7493949500846823,0.012124753716978694,0.0031103894642797963,0.010031915209869223,0.9864842894683002,0.5265085041155512,1.0,0.689718657567156,0.9994906300995114,-17.92032717301455,-19.517624422920743,-18.482828869821834
508,0.6538854526465745,0.3068189514946919,0.18060770575431,5,20,900,2.680905760038401,0.373192155397144,98.44659118877676,0.7330907955637784,0.9811023872871103,0.4307548077342865,0.8028544642905809,0.5606067040525242,0.916345225758524,0.7428469166730715,0.009737627752359222,0.0031678737456774554,0.007947636435927831,0.9870586792760075,0.5370493086319023,1.0,0.6987825665325854,0.9994685181581541,-19.79231686721542,-19.714553570941906,-19.773799332988627
409,0.966785541728824,0.4006739959369043,0.13810917998123484,5,13,500,0.7244894557706035,0.20175413429849853,32.81553039625892,0.659052223451736,0.9817525021748303,0.4386585153207779,0.7686452241184155,0.5585044827740124,0.9153153390755945,0.6996561828168715,0.01132504129623089,0.005544419100246673,0.010466514533849176,0.986266353589655,0.5229281886029157,0.970464809116865,0.6796261851455343,0.9977501905236253,-16.11496092939212,-20.796177574136642,-17.821812198949495
124,0.6699374818840331,0.3623833857643807,0.02241770475179905,9,24,200,1.6152044711423628,3.3082758754027077,32.81553039625892,0.8129456882185045,0.9842125898104008,0.48123788015448477,0.6637983942616383,0.5579554648236391,0.9120342808091403,0.6083300704790661,0.013353503546319138,0.01633973247456666,0.0146067132282448,0.9865249219276372,0.5347782136238303,0.7861186402201826,0.636524286301999,0.9850945862205163,-10.011689351841557,-15.560023602071539,-12.34341299604127
588,0.7878929313872058,0.42682727447055596,0.1478045460273655,5,21,900,0.6064481976758123,2.7274517024741787,65.63106079251784,0.6489886177479218,0.9808770646021346,0.42708069472720256,0.8011326287561252,0.557100732586537,0.9183068289793921,0.7361255942239998,0.007300394921434176,0.0027509773906727797,0.005804400553088136,0.9863328433402163,0.5234180846966557,0.9998769533653254,0.6871229622625363,0.9993143016450841,-18.405437791719603,-19.876878243895767,-18.922701876803284
438,0.8862581430397021,0.3512441707942344,0.12689819412365866,8,18,200,2.1122498139640173,4.675860433632467,65.63106079251784,0.6989328515087136,0.9808770596492167,0.42696315670824575,0.7989167897587396,0.5564566012560748,0.9166676683265117,0.7336332354713925,0.009711504252342453,0.003110894928396157,0.008660826894821694,0.9854130817879577,0.5073672723230899,0.9993847668266272,0.672971993904512,0.9991618081639642,-15.847320077760763,-20.059138754379745,-17.313557429400195
507,0.7721724438171605,0.11687039601837212,0.1311770869506624,5,11,900,1.5696391649126247,1.3589325804006458,65.63106079251784,0.6261559635348435,0.9807625554733354,0.42534860160590204,0.8001468020588626,0.555359740995505,0.9165918048670267,0.7352543410549082,0.00891435246346664,0.004400941880064636,0.007133243657132918,0.9861222949739948,0.5196033236553325,1.0,0.6838559522122506,0.9992920049326255,-18.139745794226712,-19.985319794113742,-18.789952884238957
162,0.5200545957062412,0.4335157480612243,0.11994832762875475,6,26,800,1.1865455095470456,3.0309435678058576,98.44659118877676,0.9503509320056293,0.980020093431254,0.4149976499341723,0.8082701521254503,0.5484035518644402,0.9188666531328934,0.7466878637307225,0.0038664852280011794,0.0024041462313492395,0.0033025916174969994,0.9855589874326642,0.5096730844590603,1.0,0.6751963832097486,0.9993824157717323,-18.575717928163982,-19.172984787454972,-18.77865973489974
376,0.6665174359026992,0.4424821540902939,0.08282400553201825,6,27,800,2.3603085100713823,1.9872407844954583,65.63106079251784,0.8714407468339695,0.9799979334625434,0.41443076833703313,0.8048250275708074,0.5471021312515768,0.9183340402100303,0.7357635046841674,0.0062720552078682395,0.0039642871999719794,0.005804129704995915,0.9849882902503952,0.49997500317917526,0.9996308600959763,0.6665510516415045,0.999160884066986,-17.109702344756183,-19.487776968636727,-17.92044586768902
575,0.5685104550181603,0.2687923128462829,0.04513485651875743,8,25,700,1.2521843469874439,1.8843344017359427,65.63106079251784,0.9887481291044466,0.9799277490603505,0.4136380670949194,0.8018709995076317,0.5455769170263599,0.9197542621077711,0.732341650491175,0.014641230149030243,0.0022412223883290956,0.012282443569641494,0.9842938510863478,0.48953837810907547,0.9985233495075135,0.6567155112989069,0.9990597565334015,-15.504465923046485,-19.694316622327722,-16.92340021826617
175,0.800304771273118,0.4704376781690324,0.16709938790525672,7,9,300,1.0457210017259113,0.7964372262140257,131.2621215850357,0.524106019430278,0.9797098133454328,0.4097614469330669,0.7989162447015903,0.5416827503677594,0.9160622674467679,0.7372192164632251,0.002552889274245297,0.0040543522316586625,0.002347778677993964,0.9853595197364334,0.5062098564835926,1.0,0.6721602879457272,0.999460943170715,-19.053048516381832,-20.10837552984097,-19.411670090885092
480,0.5256469244906078,0.24626769035714463,0.0940003365891468,5,15,700,2.081416670902235,2.7638118401679157,32.81553039625892,0.7859979391417964,0.9805852516139929,0.4194197470410563,0.7632304447121281,0.5413171765780943,0.9175462170690333,0.6879465727342855,0.006016862123551969,0.007098758453141425,0.005467441090011945,0.9845099393014856,0.4916593416012547,0.9404377497624038,0.6457167716576254,0.996214990370836,-14.693017796616203,-18.84306591212934,-16.16801663855284
281,0.9001774395117033,0.33133225652967774,0.02753411049391888,9,28,700,2.7009638042228143,2.021198648221046,98.44659118877676,0.6773856459179921,0.9793588999713743,0.40554512463666326,0.8045779349964844,0.539228088084512,0.9191276806856052,0.7388012234751886,0.006141011928503855,0.004523933295063197,0.004897701903802249,0.9838967655677745,0.48243076648203703,0.9998769533653254,0.6508283548611771,0.9992746053337637,-15.937134856890712,-19.53230522130902,-17.147419276234466
6,0.9211423872974993,0.22487706668488283,0.08507854484034473,6,14,900,0.5879485872574356,0.22613644455269033,131.2621215850357,0.9222669243390758,0.9787457248868625,0.3980386707988315,0.8092554337655636,0.5335011073437544,0.9171532402657164,0.7503747417001673,0.010122449817585748,0.004554430772628178,0.0081370565812319,0.9841220885597468,0.4859739897273651,1.0,0.6540649164763732,0.9994201949011812,-18.09465543163451,-19.074456623443638,-18.43300352847681
329,0.981384175126603,0.03780252030837539,0.07947934216966054,5,26,700,1.8592037142992677,4.480375558972867,32.81553039625892,0.8906609278736526,0.9795990011809851,0.40420836459443404,0.7563418307742901,0.5267710341149315,0.9168453593027062,0.6746072793263526,0.008882268964548825,0.012106114932047723,0.008306448238158405,0.9832706609729537,0.47087318284859464,0.9237017716716113,0.6237410692032661,0.994887496276191,-14.157701199050043,-18.11839557203101,-15.546520804249585
544,0.9453292277309212,0.2984726117065863,0.16393060709234347,5,25,900,2.739124400669568,2.8606148186110314,98.44659118877676,0.5823102566182524,0.9783837341277074,0.39251580102750977,0.8006389886646281,0.5266703783704118,0.9159285540151908,0.7315221257891712,0.01182780095447072,0.0028278367675063022,0.010585025513347777,0.9845302557716353,0.4924410995941839,1.0,0.659908760648115,0.9993746812571308,-20.291827519884443,-19.936101133537186,-20.190424831888286
573,0.7812146870589605,0.1397226536594513,0.15867502743225578,6,14,200,2.572591823255771,0.4868344689561055,32.81553039625892,0.7673304615377619,0.9796802633366738,0.40485997358454445,0.7521543383823793,0.5263504445767534,0.9163423409884229,0.676026791014746,0.005476737514279228,0.0026469311211922038,0.004058665858191456,0.9840851495854407,0.48427429197751143,0.9292394154903172,0.6367179411568455,0.9955186716516843,-16.398623612391717,-19.05699157353309,-17.333812893597234
107,0.9151099322834958,0.1985917648092274,0.13693617594842278,7,14,300,0.039005770532208106,0.4275426542723404,98.44659118877676,0.9240640477334418,0.9776929825542938,0.3844944007411828,0.8065474081624124,0.5206374187073616,0.916963583364589,0.7436477184118472,0.010849446473396241,0.002125699977097565,0.009529137337101796,0.9827110479195121,0.46494037960652523,1.0,0.6346818513460261,0.9992965994924224,-17.30242895517553,-19.345259183758756,-17.96875590452135
534,0.6624613972033206,0.3436477812912588,0.1927070033387715,7,12,200,1.8921523334757877,3.6984144888155406,65.63106079251784,0.5904459506894492,0.9779811043087326,0.38664849094906,0.7959629433812802,0.5204423872507689,0.9171365641081528,0.7226205994099381,0.0053159754008483455,0.0025597316101200773,0.004491910688981021,0.9834922909199247,0.4762459184546975,0.9995078134613019,0.6450952971685472,0.999053211325679,-18.813269370656116,-20.364510145763106,-19.323177593280406
92,0.6710408743579537,0.41062865233600643,0.031020030021489377,6,13,700,1.1918618716811018,3.986476828897768,32.81553039625892,0.7431787409978039,0.9800496469193355,0.4066223471912493,0.7174556368901946,0.5190536425539851,0.9141242161091944,0.6400758667653009,0.0074948381800136535,0.018301788276263026,0.010830307698016777,0.9829677668748018,0.4637738166885814,0.8605702602645339,0.6026987266203786,0.9898556982545709,-12.323134131504599,-16.630207896139325,-13.87842389105941
313,0.5000673465022427,0.2555645696186149,0.018901862620244594,8,6,200,0.1880688648655976,4.196692461780012,32.81553039625892,0.6701853731528813,0.9831192182829153,0.45317281052168673,0.5973419379688627,0.5152804126799804,0.902316595343425,0.5448550511536177,0.018014356699780236,0.008444916196900883,0.01471208506244811,0.9849513504983625,0.49982735772741727,0.6930854788795088,0.5805304074638534,0.968973395786468,-9.334132372796965,-13.814102852859056,-11.23972042548621
5,0.5171942605576092,0.45466020103939103,0.05916819650400321,6,2,900,1.5602040635334324,2.7335513967163982,65.63106079251784,0.5156566462277793,0.9774270323526628,0.3802654697646301,0.7984247848386903,0.5151088113582202,0.9183165959856111,0.7229869664619719,0.009773885534792822,0.001810436017915039,0.009312971221004393,0.9823508983462045,0.45954547673677987,0.999261493000973,0.6295611341664473,0.9989175173911803,-17.25183055551215,-20.098513709272613,-18.17969957115674
262,0.6701900463333375,0.433193257125671,0.05095067507035305,9,21,500,2.289465873776668,2.0415317137972555,131.2621215850357,0.9691524092242414,0.9770428704500319,0.3770314350354709,0.8090088862483897,0.5142366806192787,0.9200046448079938,0.7452665294769254,0.010691102559183336,0.0034905131398227205,0.009304204594587369,0.9820184542802238,0.45534630681693283,1.0,0.6256349981825182,0.9993425265397432,-17.19896935783156,-19.099111375161026,-17.80564033131998
158,0.7632013304680566,0.36579476087766594,0.025509696585812022,8,12,700,0.478634040339565,4.3589178329610085,65.63106079251784,0.6645087189073311,0.9770465659817212,0.3757534248522385,0.7989175165016053,0.5110533898226872,0.9195792067505361,0.7181156857401136,0.008009494687158619,0.0017894581220982498,0.00709609303409919,0.9815456441114557,0.44847252489211287,0.9964312840888706,0.618509557802894,0.9986693770964079,-16.21483948372714,-19.822116260417346,-17.373404602172815
198,0.8042432063298957,0.2534192159102413,0.04026776391760626,7,14,700,0.9093850678359858,1.3155628495542144,65.63106079251784,0.6904547627554936,0.9769616098088719,0.37480226830656477,0.7986716957272971,0.5100991398917855,0.9183961915000683,0.7225888059124287,0.00951750741296754,0.0026602523974851014,0.008500776687193682,0.9816232139384796,0.44954039323997574,0.9976618413120079,0.6197714413651306,0.9988049834893263,-16.62545258608472,-19.945650654837333,-17.69560424271519
17,0.856135294962221,0.07404346497669995,0.19957069215929896,5,17,300,1.5080370696865844,0.25739375624994676,32.81553039625892,0.6725356240133415,0.9772201757420365,0.3735042615832354,0.7642146362379428,0.5017511109597765,0.9148601816283497,0.6660291405124313,0.0032385629853873984,0.005877360083331262,0.0027021813187382226,0.9815105529746221,0.44527398226769704,0.9436375983986852,0.6050447245744089,0.9955429315348274,-16.11810335716268,-19.01396918321354,-17.072062513608323
253,0.76651443362307,0.078977411417674,0.14222083245207248,6,2,500,1.0893022099020313,4.485931704823095,98.44659118877676,0.9917607363576111,0.9754360530095364,0.35907802440530956,0.8097470753141801,0.49747145101808493,0.9170951590348576,0.738469133782443,0.007995983703115571,0.0024645702054287124,0.007526979753348477,0.9806129556276536,0.4365986497157888,1.0,0.607748186885988,0.9992353043786583,-17.755580637031887,-19.025292468581988,-18.14513613490889
470,0.9421775752278767,0.2797027128636785,0.1674127454400958,5,17,700,0.9730374230851672,1.1694846573610174,98.44659118877676,0.6729030492052125,0.9749595587294313,0.353800954079086,0.8048235740850762,0.4913773653359608,0.9147583836595289,0.7304594356915151,0.013737684077652523,0.0015721471753905145,0.013386023673110103,0.980965713697572,0.44086877298974825,1.0,0.6119470731723203,0.9992315730689763,-19.74914628682192,-19.51764259149238,-19.702636571383337
452,0.7429087144563158,0.05846176776269574,0.13960910069671065,4,26,900,1.7882458657149178,2.169219614276221,32.81553039625892,0.7918025185040498,0.9762080675573026,0.3617069239662522,0.7649517351894346,0.49115172670558777,0.9157207497443727,0.6702094213063295,0.005108553482973757,0.0019691815756410396,0.005111985796510568,0.9806628197529189,0.43364768471901605,0.941053573632324,0.5936813951591642,0.99530399330991,-16.58967943052162,-18.713263875420296,-17.270150166334343
295,0.9832086929332037,0.27885441312502196,0.07598263741579643,6,24,800,1.3321312476066087,3.131171607105319,98.44659118877676,0.603654501593779,0.9747896391385552,0.3519251236832432,0.8067930472510042,0.49003954301333125,0.9177451426175645,0.7309537956000431,0.006791122658404251,0.0003198555236140602,0.0066377049421025595,0.9803285288011575,0.43276504281020517,1.0,0.6040972117823059,0.9991987711885769,-18.67986346633256,-19.32069527489958,-18.88068121229416
538,0.6771885914930676,0.1514149444893711,0.14886712843121946,5,23,900,2.8159944398801167,1.7492719209042722,98.44659118877676,0.58072891703212,0.9746344988500454,0.35032120967376273,0.8063008606452385,0.48836805390846055,0.9180118570267334,0.7250166117875342,0.0069913634486521254,0.0036290162051718514,0.006156018954555957,0.9805372298006357,0.435420033326636,1.0,0.606669062482442,0.9992127075047813,-19.54407632618852,-19.369913935476145,-19.500089239741857
451,0.553528589277093,0.22002902325469936,0.14864526223451024,5,26,800,1.2898728593394653,4.154745855275342,65.63106079251784,0.5866715264876404,0.9743648474679426,0.3462424170885032,0.7971938641099853,0.4827925075024518,0.9177480692005154,0.7127287459072296,0.0024719983218822864,0.002310670612767127,0.0028206046096336795,0.9798889647049595,0.42738531128891594,0.9992616293155608,0.5986793775457072,0.9988804274174786,-18.98588745497608,-20.221707636665776,-19.35708400685772
593,0.845708028756576,0.13087555006724122,0.12860574002952846,7,3,300,2.7516617754745885,2.76779266331179,131.2621215850357,0.8810872935908223,0.9740176271286479,0.34423654997672964,0.8067934106224371,0.4825160086040632,0.9169926293220866,0.7405245916494217,0.006968990771721894,0.0035105914881191813,0.006398694993541766,0.9793902975724308,0.42140424406132326,1.0,0.5929290124764535,0.9993155519236718,-18.31203533711068,-19.320658937756285,-18.621622748941647
90,0.9699160618067375,0.31385402653570893,0.07363206678484636,6,15,800,1.4862708792118968,3.7073045556952273,98.44659118877676,0.8942986056122654,0.973932667844875,0.3435825219670798,0.8090088862483897,0.48230773460631965,0.918534928879939,0.7364006627463998,0.003474809430819906,0.003045416813145945,0.0031154031030096035,0.9793127284105679,0.4205819991568657,0.9998769533653254,0.5920634833760458,0.9991546818918824,-18.307839456787413,-19.089155568045,-18.537834514616623
26,0.924611705247089,0.3288064461501717,0.1179786346337396,6,27,500,1.9089978545576862,1.2523090930279208,65.63106079251784,0.9865052773762228,0.9740841182504778,0.3444290857862818,0.8028573712620434,0.4819691411248919,0.9177597697801477,0.7207393017767814,0.007969709141477087,0.006884214327311213,0.007206012447322181,0.9794697141726698,0.4223957810156842,0.9977848425084864,0.5934606544165016,0.9987022465897398,-18.45820880168957,-19.536022491220105,-18.78667312852099
455,0.7884286905663501,0.2319908490834437,0.03255472814673118,7,6,800,0.6788257524497995,4.478489815996862,65.63106079251784,0.8694333385665163,0.9740988912900636,0.3441999796310857,0.8013795396447317,0.4815408437210125,0.9184880602587201,0.715814552408856,0.0034007600429524026,0.004159914752006832,0.0025825228004575885,0.9786145940934706,0.4121374611462267,0.9956929134044313,0.5829523547987447,0.9985050418270193,-16.48418013887768,-19.515391858651633,-17.3961920288911
0,0.6872700594236812,0.4753571532049581,0.14907884894416698,7,21,300,0.46798356100860794,0.2904180608409973,131.2621215850357,0.6668543055695109,0.9737184261061849,0.34144435783061217,0.8072857789139191,0.4798412844338966,0.9176925220684765,0.7368971773669676,0.008034007788045425,0.002588669423672104,0.007557769503262987,0.9791280363327126,0.41843508126735623,1.0,0.5899510250315881,0.9992947171434423,-18.39968178661181,-19.271422108608093,-18.664217185112243
397,0.9712729698384526,0.021418777559556623,0.09481350915000701,5,22,900,1.1175998212786524,0.3435683886198049,65.63106079251784,0.6872401999840085,0.9732530074101153,0.3365826984038742,0.805071030030832,0.47468258091645293,0.9159949404025226,0.7142855081431057,0.004379662109890365,0.0033040361633725067,0.004288992132159739,0.97901352705042,0.4168280778696635,0.998154118727098,0.5880754177773256,0.9987369628553844,-19.251433318962007,-19.344015625813014,-19.282022923088547
535,0.899578985552391,0.16709635708655496,0.1488653656974705,6,28,500,1.116360645725096,2.6094216407897157,131.2621215850357,0.93321159176985,0.9726952359927683,0.33234339101383253,0.8117165484801081,0.4715779479924355,0.9170469457269155,0.7378452718647183,0.0036101284680131835,0.0030663506522263404,0.0031028224649549884,0.9787734285935707,0.4142153317880608,1.0,0.5857810191872229,0.9992801483083721,-19.765550546091138,-18.82834515198919,-19.49586406081326
359,0.6544172120036704,0.2411321806260961,0.03251354816599611,8,3,500,1.1896610459698898,0.6585751428954678,65.63106079251784,0.9043949922817692,0.9730498439161193,0.33411227412806555,0.8008873530389661,0.4714896471230317,0.9186634910571053,0.7111266909290938,0.0037353247464339758,0.005217064039501928,0.0029972924691160046,0.9773660808448387,0.3983312240730564,0.9943392186702277,0.568776852267472,0.9983566000467082,-16.121997489509553,-19.45531886894425,-17.1046351054192
23,0.5943535541706897,0.13943567629609094,0.14306798769482656,5,20,900,2.339626637572872,3.2101582307714387,98.44659118877676,0.9678174971104738,0.9727210950134239,0.3325617313140989,0.8097478020570458,0.47137659298337353,0.9167968087932005,0.7309688544698972,0.009133624639047247,0.004820882330341451,0.00839883980866294,0.9784890034248601,0.4111817678830157,0.999753906730651,0.5826387886436862,0.9991277491530411,-19.120506479091947,-19.005287540706327,-19.09625617602938
334,0.9218248320259119,0.4905962645820579,0.1606971460593805,5,28,700,2.8818809265395995,0.9846285222671419,98.44659118877676,0.7491180002496365,0.9723664890548669,0.32915484876534723,0.8097474386856128,0.46801722994569533,0.9165022754541594,0.7273961495993378,0.004783869824196104,0.004059159837949392,0.004322131312784135,0.978313547269963,0.40902348864644145,1.0,0.5805703350896211,0.9991296350780919,-19.526663406397283,-19.025256131438717,-19.38664419127636
27,0.6965488623333802,0.44602327758855664,0.12991633893947996,4,21,900,1.9353100860916945,3.3446202983154985,32.81553039625892,0.5976214938990223,0.9741875454915276,0.33884266167651295,0.7553545505912962,0.467763575761565,0.9146306641872912,0.6455310752089397,0.008823142681621422,0.005132314774748816,0.008823681765717383,0.978498237833298,0.4054583806729825,0.926408933949039,0.5640179895109785,0.9937085130782055,-16.429730441358824,-18.464241555679163,-17.065841079443068
10,0.8329611783087483,0.29564889385386356,0.062197140668112195,5,1,500,0.3587827378149051,3.566223936114975,32.81553039625892,0.8608647605824367,0.9754471420196635,0.3466188269434875,0.7174558185759111,0.467392734928967,0.9108201145151908,0.6121534803796246,0.012455667585215465,0.01679608562236683,0.014727422340375013,0.9781713328282736,0.3938709198609162,0.8416182159183087,0.5365588194956223,0.9847619354547895,-11.996847326051485,-14.752817250624872,-12.890680770408935
316,0.6938244027278235,0.31635593937430045,0.14373284741052295,4,15,800,2.139138151902956,3.331927067891032,32.81553039625892,0.6392197041252172,0.973825551089317,0.3361507113207874,0.7624915289034723,0.4665706611669311,0.9145420980056183,0.6529521645958035,0.006434783644443685,0.0026498886466170286,0.006578985035309165,0.9783874237961543,0.40445454815249354,0.9312088432180493,0.5639564675288141,0.9941868572644248,-16.887889416427882,-18.11809622979178,-17.268319802876864
278,0.9371112623425879,0.24677329017005933,0.14342916554601623,5,11,800,2.788280083419342,0.8260196966892508,131.2621215850357,0.7109140892694157,0.9720414322454715,0.32682671596532725,0.8136858399603198,0.4663141475756574,0.9137384514257908,0.7322226765858294,0.0050264074231641705,0.003948528696086112,0.005047289242645539,0.9783080057734943,0.4089709938900996,1.0,0.5805147733106041,0.9992562966729729,-20.085599994127335,-18.631416003968017,-19.67230309810629
458,0.8460056279733273,0.22896449721701395,0.053039108946860085,9,1,200,0.41365580806803126,3.4438127040568265,65.63106079251784,0.9117761133059095,0.9715981776523663,0.32092307456345087,0.7964574919013591,0.45734393169003923,0.9193608133131542,0.7022963612299682,0.011605005054482144,0.006806045029959191,0.011218367731261478,0.9761822060299923,0.38627874085906394,0.9926162022792163,0.5560260975772783,0.9982132631836356,-16.919301888130178,-19.761788083595988,-17.74775794107828
268,0.613175747170743,0.36512307354507295,0.12377357631286337,5,4,700,2.5567916231735444,3.3390234161320325,65.63106079251784,0.6702029216747823,0.9713322184863632,0.3190601067665344,0.801871544564781,0.45646644786176954,0.916176823850645,0.7105127034800603,0.0059337932958958796,0.003963538019830399,0.006607694568842377,0.9770207083532606,0.3949505864438975,0.998154073288902,0.5659542253001423,0.9985912927787206,-19.215183438686534,-19.66455219456984,-19.345694853732766
318,0.7492853997528546,0.19256005995125003,0.17450583139224748,5,15,300,1.9032724358597508,3.853903091319399,32.81553039625892,0.5261775100937363,0.9733601285455262,0.32867457182422255,0.7430493403900066,0.45574118545100406,0.9120925360261238,0.6341467673523451,0.005726968488062563,0.007021045584592045,0.006578465781866615,0.9777797888368687,0.3961770316627525,0.9166861142145398,0.5532362369475822,0.9927316622267578,-17.038458679752967,-18.941791648421933,-17.6226799666081
473,0.9584710241004579,0.3881452387579739,0.034795240182265,9,25,300,2.6938939405433655,0.4206383112969142,65.63106079251784,0.6702724177399484,0.970704269584535,0.3131275837025549,0.7949792969126147,0.44915688488413014,0.9195988934472868,0.6960712749265395,0.010003828523702518,0.004864473885005099,0.00960690641077031,0.97501680519981,0.3744212794628657,0.9890476226826747,0.5431527319860722,0.9976388823395063,-16.37024900086903,-19.621737246956073,-17.30560145729918
80,0.5932835120256529,0.14254758434692355,0.042940983106003416,9,9,500,1.573534168710764,2.0519841349483077,131.2621215850357,0.9986277673841972,0.9698879244567141,0.309442893792162,0.8109781777286015,0.44767168189237744,0.9176882345721618,0.7356601113650808,0.016400363023651686,0.003560012479272999,0.016512550240647184,0.9746566627283744,0.37311966172831207,1.0,0.5431132637315509,0.9992123248979624,-17.06604461453346,-18.902182227139853,-17.573053028281073
18,0.8171756723506819,0.3403527257773834,0.11087757083025591,4,6,700,0.24255997899814574,1.8482722803070222,32.81553039625892,0.8641081743059298,0.9721670216246917,0.3169583337220058,0.7398511267239704,0.4437876537821172,0.9120986950115416,0.619916356154104,0.004183760735917399,0.010714009928888876,0.005855869580971071,0.9758959369124421,0.3722604187566237,0.881736916843921,0.5234551074239832,0.9885937437629865,-14.855752115503106,-16.091624089849265,-15.219538889194117
201,0.8371519032045243,0.2662405962797131,0.14707019279245903,5,16,700,2.4562050122228105,1.612639889232076,98.44659118877676,0.5867622574932543,0.9687539284825637,0.29929842936459206,0.8060543131280647,0.4364805732207713,0.9164515699731742,0.7147190859245452,0.005216857616999749,0.0017752660198227042,0.0052703166209191075,0.9749946433788662,0.37509479658290384,1.0,0.5455489900845506,0.9989479411525322,-20.207256381270323,-19.394568687193527,-19.992414768630695
59,0.8234241808343619,0.1941341919949361,0.05358500168394044,6,28,800,2.9231844229984993,4.931053722398015,65.63106079251784,0.5161579755548252,0.9688684377341624,0.2990763406032867,0.7981787823786658,0.4350533815248847,0.9172968498523478,0.6985707241166548,0.007786783997657802,0.0006639182906913589,0.008162873930775248,0.97379415030666,0.36368816169799806,0.9947082222596633,0.5326143612140108,0.9979388021182226,-17.765720168907826,-19.757496267050513,-18.317376847809964
66,0.9260907501592701,0.27595341938724277,0.11657821459172339,8,27,200,1.7698676914129083,2.4002298350923756,98.44659118877676,0.8775686278368096,0.9682737270048056,0.2964147777012893,0.8104852643799703,0.4340537537499692,0.9193478113019761,0.7234112107904176,0.004269085394694872,0.0018973285654516445,0.004340782979843538,0.9735041849922691,0.36162611508153447,0.9993847668266272,0.5310588253685437,0.9989344216515312,-18.03280644306957,-18.90157912317141,-18.266351482108412
554,0.6618654128052118,0.382596916877196,0.03720065798412667,5,6,700,1.1300293212883874,1.6962033058691817,32.81553039625892,0.9516240525475652,0.9731384984859822,0.3173411032597114,0.6854591470582356,0.4338221026917975,0.9067418064510196,0.5649601131267087,0.01007709224234045,0.015287094342579771,0.012430142865207579,0.975711245213217,0.35977566332661065,0.7928872956439855,0.49494291577817945,0.975097253090624,-11.794727768558499,-13.548980942934197,-12.349063121811554
441,0.8768670352140022,0.10775037943377552,0.07384134120812065,6,1,800,0.3347789998717424,3.0415975000388586,131.2621215850357,0.9611837423350514,0.9675718992742915,0.2923296768643064,0.814916397317592,0.4301980660660349,0.9163214607122961,0.7351709291547772,0.00882074909750127,0.003951962193467258,0.008969800155064375,0.9731606610033245,0.35903134798256814,1.0,0.5282494624628381,0.9991605293007574,-18.57823042279313,-18.508360268240796,-18.561570501115476
77,0.5598810659096256,0.4452636403699475,0.12278256617526924,6,10,500,1.946468520874728,2.397910508771251,131.2621215850357,0.768553270909274,0.9676642475747829,0.29240814122756004,0.8124536474315999,0.430006463932976,0.9157912412419796,0.7304856743323382,0.005134131247738132,0.003368227576763377,0.005298844735750498,0.9731551194352231,0.35869127904341824,1.0,0.5279662392419749,0.9991161143596896,-18.479160684538098,-18.754635256840015,-18.55417411720194
110,0.8818028970798804,0.07005658788322627,0.17500891542060346,5,14,200,1.4543351014510386,2.562288279409608,32.81553039625892,0.7708171073304335,0.9711327515473865,0.30549035316628687,0.724838072605246,0.42980422306823457,0.9090152122754857,0.6027465325180795,0.006584112295751388,0.013504845692555995,0.008380235122098524,0.9743112857955681,0.3536430626721936,0.8582319652619539,0.5008276243001376,0.9850323294365877,-13.61618948271055,-15.542871630980637,-14.181206823635573
439,0.9137765261370234,0.08535418165624009,0.015788100398702425,7,16,200,1.5317422723786795,3.075645702705999,32.81553039625892,0.7341650929669068,0.979281335353102,0.3668927008775565,0.5183379027291011,0.42942548789577156,0.884485829775638,0.4430741564411335,0.024789584586009206,0.012730698129200932,0.020943516295414834,0.9810211181322496,0.4106841689139196,0.5984504393782674,0.48675938668117724,0.9397911367483004,-10.663052377249516,-13.38666184828865,-11.77869402299967
519,0.8392455843252906,0.16154985083316864,0.19767241242884584,4,13,900,2.166198192611356,0.20142759388999232,65.63106079251784,0.7347593326728168,0.9678932682883734,0.29296002562988005,0.8038397459306941,0.42932277549759856,0.9146060210565068,0.6972489838553457,0.009788990248686005,0.0006277102935636695,0.01054378275178627,0.974189389297616,0.3674627509076751,0.9974157480426588,0.537052305560291,0.99839312960535,-20.274905441099754,-19.407754739369288,-20.059411149962646
429,0.8321008565358928,0.09962297720415703,0.018542673902394717,9,7,800,2.9683533928951693,4.447596555218816,131.2621215850357,0.5079115859984105,0.9674647835011307,0.29013540381461594,0.8065477715338454,0.4267225941357093,0.9190069445419509,0.7243702342370136,0.005579188899693814,0.002955914253583581,0.005970896531151024,0.9725641059670028,0.3535770629572626,0.999753906730651,0.5223983898326203,0.9989197275549655,-17.942809584997022,-19.325369363008484,-18.31471872024073
208,0.8076097191155054,0.15312681039330583,0.12854020889541132,6,6,300,0.3921311302205984,4.433021076202333,65.63106079251784,0.8270378976859991,0.967627312233294,0.29048999684421517,0.8011340822418563,0.4263451408925678,0.9158184401715751,0.6978487479864318,0.007662399499964836,0.00578852331998228,0.009048570130387523,0.972586268258676,0.352998252402084,0.9921240157405181,0.5207119103046312,0.9979177250124304,-17.707808787299196,-19.25061085796895,-18.122644699418554
179,0.68662589581467,0.11363481363157574,0.023907225516004292,5,8,900,1.927727906841569,3.79672163961433,32.81553039625892,0.6898928900896149,0.9725179338526204,0.3097513552109539,0.6768457906144792,0.4249863718930544,0.9045840243118701,0.5513459982522758,0.006211681099383323,0.019797126358439544,0.009513632774945694,0.9749466245736954,0.34968907895462725,0.7778733797420893,0.48245129502651624,0.9710308255882758,-11.420923942796424,-12.987665056889664,-11.911030963302416
270,0.7607228445217947,0.03182045464332117,0.16796096773328487,5,12,200,2.2126972472784803,2.626198787600801,32.81553039625892,0.8346001314690392,0.9709480552329364,0.30223203050677533,0.714747429601327,0.42476716000798703,0.9082061110671743,0.5926057429758175,0.0019218863744949752,0.014046223669765224,0.0010499701521611102,0.9742595734235006,0.3516646228527735,0.8465408537546217,0.4968474909701868,0.9830502566733875,-14.056743025497177,-15.568465900819529,-14.507536471895953
98,0.6995013519350651,0.027380819411015667,0.07368747591272116,6,25,800,1.811164595190417,0.5713365002784387,131.2621215850357,0.7686978014689614,0.9668183604201782,0.28679950815766736,0.8129469241516639,0.42394088344467784,0.9168976813324861,0.7288811576284907,0.007870148974370538,0.0024462968558483316,0.008404639540565978,0.972178103165069,0.35070146814535397,0.9998769533653254,0.5191840020694073,0.9990937015452963,-18.22118405309937,-18.695303315523347,-18.34477145773009
445,0.6587748501287942,0.42405461750781503,0.1899606779510471,5,20,700,1.0512397500305921,4.564655023873449,131.2621215850357,0.981680160223019,0.966626283111918,0.28530231163694403,0.8119627326258492,0.4221879726318978,0.9165497364550378,0.7284190968960308,0.0066445407194592795,0.003254426355612571,0.007122272373517876,0.9728245217126613,0.35585648559591937,1.0,0.5248957000713986,0.9990822247808326,-19.82658088718684,-18.803726737415083,-19.567264015599683
67,0.8101547756767323,0.3520398840496118,0.05046319068669304,8,28,300,1.051762676419791,2.9495884342731653,65.63106079251784,0.7774078042711128,0.9672209919174143,0.28693886054325385,0.7954714835183802,0.42165388993440245,0.9185710393133228,0.6892992815729668,0.008447141007207875,0.0033471375163188054,0.00869428981068974,0.9717237589376347,0.3455886310878511,0.9875708358756002,0.5119493088755309,0.9973568990996577,-16.97097799773629,-19.45170365292338,-17.637570239025713
272,0.946261644977423,0.22169000718959386,0.12534701995656328,5,6,700,2.366406791716079,3.198027805888409,98.44659118877676,0.7561818887728953,0.966489612540813,0.2844022218196529,0.8122081900287245,0.4212474329240796,0.9148268905774906,0.7172759314741404,0.006315426228043105,0.0014572201168915207,0.006980320888059708,0.9724348234097477,0.35263035862193703,1.0,0.5213687789567717,0.998837299962566,-19.348344558000196,-18.779180997127554,-19.203556114930585
119,0.7951153334345435,0.1804869484700134,0.027400593932060492,5,17,800,2.3700406763755684,3.452801162228203,32.81553039625892,0.5925664644193098,0.9720562069223854,0.30545609120554723,0.6766005148973203,0.42089501292080156,0.9047702809356012,0.5505562250816222,0.009235540840707513,0.01995178194516377,0.012615320693756036,0.9742835822632574,0.3432781467385617,0.7808264989742781,0.476867546904946,0.9714173607448915,-11.017903671514373,-13.348161750897647,-11.737543128574746
402,0.653452256597285,0.2074856077000391,0.1454277584811979,5,25,800,0.6447379111091875,2.124254214340435,131.2621215850357,0.8621722031647698,0.9662421257528729,0.2831935565330297,0.815409128980507,0.4203711826045941,0.9171548237283993,0.7296565142920367,0.0056745476974255655,0.005294737785335641,0.006962154314689574,0.9725327093385245,0.35343560808319197,1.0,0.5222501019480523,0.9991012819322517,-19.874073224005386,-18.4590871019493,-19.507687784729622
214,0.5192131744811626,0.45088099606771176,0.09768071827869948,5,23,300,1.1590467295449465,2.2506221620987983,32.81553039625892,0.8069667923800309,0.9711253590104124,0.2999778340654371,0.6928441263733168,0.4186245409565475,0.9079581296867628,0.5673738508570937,0.0027450895464851163,0.018716998494472014,0.005059102086947181,0.9737405903631839,0.34142845602156296,0.8059299662903111,0.47957678850857227,0.975562464799098,-12.140353630485922,-14.031720453022423,-12.70959083353036
516,0.7884908062088409,0.17274042686172286,0.1625722574900009,4,20,500,2.0351756565090393,2.963854704350924,32.81553039625892,0.6981563127491103,0.969308000929832,0.29220932739274025,0.7344361656319665,0.41804849064707694,0.9104304057282776,0.6133780430059649,0.004639770235581818,0.010017337598352683,0.005339402965020162,0.9730055182793033,0.3439195052327914,0.8784147031459044,0.494253528891742,0.9873693705836469,-15.035546705921698,-16.39072490456972,-15.418208225146834
43,0.7291264452457583,0.27280839465796747,0.1888783136675398,5,1,200,1.954454315573364,1.033421799383727,32.81553039625892,0.5346806504375827,0.9697032405859586,0.29330270507471073,0.7223775029478507,0.4171921913819296,0.9104390744659904,0.5978694230626673,0.008062074570355203,0.016503512671058852,0.01062482115174491,0.9738643322835631,0.3508445573722643,0.8717692306713639,0.5003227152716978,0.9875812825320606,-16.400953381898596,-17.136613964737446,-16.61538070375729
351,0.8563106665492564,0.408389733252818,0.044506653873754506,8,16,500,2.998631756157283,2.028755843075305,131.2621215850357,0.8771241298410404,0.9655846251640243,0.27886840940342433,0.813193108297405,0.4152125898062362,0.9179429861050341,0.7306894534998473,0.009170873500134931,0.002700858108956496,0.009953934105602025,0.9706913365852508,0.3388905026299651,0.999753906730651,0.5061209673313735,0.9990586949531107,-17.711353006572438,-18.660672109132193,-17.961788464222362
569,0.6406964910860815,0.4111140562885053,0.1530412446176192,5,14,200,2.1720875663187638,4.644039803439426,32.81553039625892,0.8527813558248456,0.9698805456732972,0.29199109453185335,0.7053942489203325,0.4129827725202555,0.9066120763776179,0.57441949294381,0.010905230499227713,0.012208389171885504,0.01302075977726472,0.972944569155385,0.3360580468286964,0.8221744848535408,0.4770885537621436,0.9783418307696428,-13.11289901036231,-14.203826326964053,-13.436872617541052
195,0.7811484079389549,0.4788126422526901,0.04330755904795534,9,15,200,0.5114338145217526,2.0473892650260197,65.63106079251784,0.7251854681290926,0.9657434586510307,0.2763799021973878,0.7917810832465785,0.4096855881084191,0.9175826151008803,0.6828599055473639,0.0048524129329028,0.006469048565946392,0.004541737553518822,0.9701261802035898,0.3326301175962119,0.9830175196960947,0.49702533954737943,0.9968354127096161,-16.91074031579657,-19.454021176411796,-17.572494697855255
199,0.6731608842945018,0.1195276660986328,0.10684760688282265,5,20,900,1.341607621514507,3.0029716668030866,98.44659118877676,0.5808821056760548,0.9648532476294172,0.27349447005627453,0.8097470753141801,0.40887006012431876,0.9162866521815846,0.7108775562645416,0.003955307779076547,0.002062985043343715,0.0044306681868557145,0.9706507058143989,0.3383815047441782,0.9998769079271295,0.5056276267883237,0.9987573112516536,-19.175703688935165,-19.015323896929715,-19.13613132229257
448,0.8550663202822686,0.13647499736574392,0.07487080122481668,7,25,300,0.5681802536545383,0.025132763049015572,65.63106079251784,0.8309568163185057,0.9648495525479932,0.2722222211916194,0.8013795396447317,0.40635598777978904,0.9171184222791879,0.6894436542797742,0.004203534289122935,0.005771052072033445,0.003977679120804665,0.9694889958495371,0.3284654352435332,0.9880631132906905,0.4930008812906373,0.9972386259553675,-17.12302361745113,-18.893891608221193,-17.57499769250286
512,0.5830262607407681,0.030552333809816146,0.10486755974272179,5,16,900,1.0641856701906378,2.003520834172333,98.44659118877676,0.726043298405683,0.9642068272500565,0.27003682850760197,0.8122092801430228,0.4052686423807092,0.9159055332045082,0.7141380886016931,0.005669381710634084,0.004618708237377871,0.006040334752776477,0.9701317222526535,0.3345117844314008,0.9997538612924549,0.5012632312999341,0.9987070408701721,-19.27434515749351,-18.759075449529096,-19.150534674223074
579,0.6061428208342956,0.05777918834031587,0.16891997536727152,5,17,200,2.4089439039273115,4.903969027072924,32.81553039625892,0.6420921478558643,0.9683402191499658,0.2814813980732163,0.7132715965268958,0.40363056360580957,0.9061524051646535,0.5764508221694213,0.01165670195799368,0.016622979585227047,0.014596029406754134,0.9714411828650859,0.32482980116830257,0.8370651723679788,0.4680336235723563,0.9792081204664669,-13.344958787394734,-14.789000895937733,-13.760348984113158
587,0.734520373759077,0.40046936077071515,0.04423014306919766,6,18,800,1.0287889882775878,3.41935062454516,65.63106079251784,0.5361384737865883,0.9646426985980252,0.27005591389820316,0.7959649419241607,0.4032749827884297,0.9179143730883302,0.6854531333337479,0.0036894261329800506,0.005143107523074276,0.004516629486013672,0.969500077952182,0.3284131944985756,0.9878170654595374,0.4929406716295844,0.997112081426453,-17.769468942766707,-19.421827203008093,-18.18995550615331
103,0.6470223396104857,0.3570295998949141,0.1102530687275093,8,28,200,1.2022891826259778,2.7982016565410897,98.44659118877676,0.5514907396656578,0.9639482590246323,0.2679828712495644,0.8092537985941158,0.4026106726612077,0.917453991848752,0.7065344722649544,0.004290888200926267,0.0019804654997083258,0.00470873700571644,0.9694816090739069,0.3296862605261425,0.9991386281190824,0.49574298728600746,0.9985408156888346,-18.715790332938475,-19.004853198642934,-18.78641090510661
559,0.5409828673218311,0.3234186144631905,0.1287461521914467,5,22,800,0.1609043745624925,3.587324953059561,98.44659118877676,0.6088562564890758,0.9637081629316722,0.2666748724795656,0.8097476203713293,0.4011905392405531,0.9162663285780205,0.7065154637915715,0.005723839641724139,0.0033635658875278605,0.006758906010880553,0.969090062913054,0.32683989804912716,0.9998769533653254,0.492641645778568,0.9986640073212371,-18.408103150404898,-19.015273064757654,-18.563413654053974
237,0.792905072985951,0.2932395460943535,0.1425574192288143,5,13,500,2.8220377353460213,1.2964837943288687,65.63106079251784,0.6127706649628664,0.9638078967695592,0.26545564508585795,0.7979325982329247,0.39835031063751186,0.9159304112443122,0.6820736648400669,0.006788853624084967,0.00512676549480086,0.00823083185447656,0.9695056182718275,0.32914738427852624,0.9936007571093964,0.4944758450281306,0.9976689942506703,-19.350522663966252,-19.6928351228026,-19.439884750113556
404,0.7746713224513788,0.26662569963955124,0.13098472623842217,5,29,200,1.5861732572953071,4.129588536580152,32.81553039625892,0.8473204794468638,0.9685175251378348,0.27821350849451537,0.6876757127984869,0.3961402980433613,0.9058477022951607,0.5502695228876024,0.011864085785426375,0.021026865161124914,0.015474973112415967,0.9711973890402886,0.31720156188466203,0.7959627344997137,0.4535660866700393,0.9722046486069296,-12.291255174942407,-13.604534107904986,-12.660952905073374
132,0.9845513150704057,0.44189294248171285,0.18627293380709048,4,17,800,0.7807001038545819,2.576239621573629,65.63106079251784,0.8480103090268961,0.9628844334944517,0.2609932775479622,0.8040861117621515,0.3940699079442811,0.9153757233540002,0.6887688082175573,0.003265781638094848,0.0027514717158705583,0.0040486240467664655,0.9687040603669516,0.32375380718117674,0.9956929134044313,0.4885929628848776,0.997692928817377,-19.385263815011434,-19.243563860181133,-19.345971416061523
423,0.6053965507750143,0.11468288851883618,0.09913037009903995,8,24,300,0.22446361558491912,2.192283576252891,131.2621215850357,0.9865383989561491,0.9620163842426098,0.2584042511567524,0.8173775120321366,0.39260245663484844,0.9186565889262951,0.7263370953113774,0.0067172648508727435,0.004182031196155262,0.007275797646689306,0.9673890583399166,0.31546156248073015,1.0,0.47953927387627243,0.999018794280218,-18.08692979115738,-18.26224879678634,-18.12923820372111
254,0.5703557640243793,0.10100783420124498,0.045002719455224965,7,28,500,0.9394859844518471,3.9929663619137563,65.63106079251784,0.5417320424946916,0.962282344431943,0.25541353721745375,0.7898105199663519,0.3859834420340744,0.9174582577181613,0.6750345884729748,0.0027704981763432353,0.003920963188077686,0.002765451326557934,0.9671748142475836,0.31128180378494724,0.9790799819483135,0.4723786456808667,0.9962704630458298,-17.947809954895643,-19.331358568410938,-18.289396533212432
304,0.8966970071526739,0.4952730163850667,0.048123693306714635,4,17,900,0.042945833001179934,3.6893475928076502,32.81553039625892,0.8164531653392171,0.9670326023226012,0.2676956559787031,0.6893979117043756,0.38563524913763514,0.9021168809365013,0.537522354542079,0.006956030421599198,0.018146570495070832,0.009874453877012005,0.9693320091664429,0.30071729710575384,0.7868570563428178,0.43511650891193937,0.9688738619383986,-10.980958343556125,-12.385876678976004,-11.371956421060192
582,0.5199057197228769,0.1369940497349859,0.19157339878063298,6,27,300,2.204125710795077,3.497982665117641,98.44659118877676,0.6961088967167701,0.9608639132297379,0.25120778053346693,0.8112243618743425,0.38359881183401523,0.9169013529274229,0.7026885020540653,0.003635964612568056,0.003364060844603262,0.003945130514433246,0.9670362967599951,0.3128736078745488,0.999753906730651,0.47658221154869995,0.9985886710398565,-19.709501149680765,-18.857595212888846,-19.510463769204932
61,0.8067075979678949,0.20912151814530944,0.18721841183726254,4,27,800,0.49450278341100284,2.0562755829268453,65.63106079251784,0.9052766653909164,0.9607641799239824,0.2505024420530299,0.8102394436056621,0.3826794885514342,0.9165366032522025,0.6810472762557822,0.0023808073789754235,0.002109890433728952,0.0026182476416762015,0.9664064998569666,0.3080343315330103,0.9929856602506116,0.47018860333336215,0.9973455046829058,-18.677103033826935,-18.403711549956082,-18.611492103708926
518,0.751245438413466,0.1003854873783393,0.06985197075157899,4,12,700,2.4859587183548677,3.9173478002463384,32.81553039625892,0.5975985822859413,0.9663898770246644,0.26399568982844723,0.6933348594933512,0.3823896145627091,0.9034508111285643,0.5485237686332481,0.004843740779074009,0.015322903351462904,0.007395895541607077,0.9692821429331294,0.30252329675200157,0.8013782858858604,0.43921359461828685,0.9728101559267124,-12.735418176781932,-13.4822003909272,-12.937664214369892
140,0.7537338668804181,0.00319293585841679,0.06453724530323343,8,27,200,1.6795329369264884,0.5792192839012883,65.63106079251784,0.8170028515498057,0.9609414869351817,0.2497932284722645,0.7981795091215315,0.3804122883143975,0.9177379107398039,0.6708070283696802,0.007336960865423824,0.005920406439570359,0.007908033307918286,0.9655716923592842,0.30141457294461244,0.9798181708799687,0.46093994638009267,0.9961043918266904,-17.126359873062214,-18.537996860714333,-17.470314451612268
224,0.8765936679567015,0.13466564915101253,0.11251568189414597,7,18,300,0.39518632036368573,3.6298995499264777,98.44659118877676,0.9825648710634982,0.9599219807693572,0.24715880841297988,0.8114705460200836,0.3786745935921814,0.9171056246897092,0.7147444278055851,0.013524713499611745,0.0034670949543803915,0.015360625729476196,0.9654073216635363,0.30330052844442235,0.9987693519004707,0.46505530765891795,0.9985239653993254,-18.510261198483214,-18.752958881246464,-18.57428840057237
136,0.554734430027227,0.4472399654840337,0.19838031367755915,4,8,800,1.441759731979944,2.962038923297588,65.63106079251784,0.785659470959787,0.9603578604677,0.24743074226951964,0.8038390191878285,0.37838099928467944,0.9152553799360593,0.6837855797407549,0.0023259011734338454,0.0015798210653212405,0.002593307010663831,0.966149777432607,0.306269102872371,0.9922472895661724,0.4680604568881914,0.9972859925866798,-19.211327571417026,-18.98803578095126,-19.15980217592581
399,0.5476858011365293,0.05183929036713825,0.019244956095725532,6,8,200,1.7511407631940918,3.9097998857897958,32.81553039625892,0.6751014955453651,0.9775452328788975,0.32369233478876686,0.45533183987674436,0.37837767154923135,0.8677683227141536,0.3802067568883962,0.010735538815315403,0.014575369483104386,0.012190434752059793,0.9788750080380781,0.3599960476155686,0.5236279073402498,0.42663930080431123,0.9150874116309633,-10.084475390010283,-13.042862404032851,-11.312044896964679
256,0.989891228927261,0.32806700901029034,0.03466702530082634,7,25,500,1.5821988663680289,3.596768111845793,65.63106079251784,0.6048764738418406,0.9591536744425743,0.23941126222878684,0.7905497991464405,0.36749943099226984,0.916855158823712,0.6644495001915612,0.0029441240936702927,0.0071658867732718335,0.0031559952888832394,0.9637598718353863,0.2897295952203893,0.9742808905668306,0.44662901211924894,0.9952829913504176,-17.36734314398456,-18.858123278338812,-17.717071435084396
290,0.7270008105980574,0.3441371178901185,0.03670506383988855,7,24,500,1.5957381195727902,0.6789452353196856,65.63106079251784,0.5194980062874558,0.9590465486407779,0.2387975631405884,0.78956488087776,0.3666558017946165,0.9167421628386268,0.6633822169378383,0.004770354127914258,0.0047626581576346175,0.005370816045883983,0.9633369300284466,0.28715195300236246,0.9718193671767922,0.4432686541963595,0.9951053297836748,-16.83930384460114,-18.753946716301307,-17.283616081683284
296,0.8911941647300436,0.3672889615607066,0.06709298326408215,8,25,300,1.384336535661938,3.654090143559044,131.2621215850357,0.5197297664454497,0.9571774769806058,0.23345342417742995,0.8109770876143031,0.36251692300151156,0.9179834523248097,0.7064981287442201,0.004733862547402717,6.577725548601099e-05,0.005727870525731641,0.9626535706236311,0.28673311618183833,0.9998769533653254,0.44564108726869806,0.9985860601285635,-18.581631837258673,-18.8923112104179,-18.65271552420098
64,0.8844937075902553,0.472382864941214,0.1714330042287082,3,21,900,0.6151359855195747,1.2572121975589923,32.81553039625892,0.80308731722544,0.9614918620496997,0.24014921895350275,0.7236060617622425,0.3606136901645554,0.9050311585151963,0.5519816950964191,0.001374351969318826,0.00898187710227826,0.0026214262125080273,0.9646814816344471,0.2782358027524086,0.848387689229639,0.41901923411715064,0.9782146317236461,-13.688599174563333,-14.70809030488195,-13.938630782821305
128,0.6485014382274411,0.4264109108459507,0.14595512989450599,7,25,200,2.731017306172603,0.2255033861016159,98.44659118877676,0.6921633235798408,0.9567009613743004,0.23169405104867977,0.8124549192316147,0.3605085340724959,0.9187344487487232,0.7014896035535724,0.007543514525598799,0.005217512091220377,0.009460190342666364,0.9627182177147416,0.2871643351031312,0.9980310720924234,0.4459005591565304,0.9982036779004533,-19.316564515064183,-18.594225976525834,-19.150463781781934
38,0.6251214490822976,0.27461333235306024,0.14577322531301184,7,21,200,2.8645958419895825,3.6894845834788423,98.44659118877676,0.7178364493389455,0.9566935746498416,0.23110610862416178,0.8090085228769569,0.3594567479691835,0.9165605004969155,0.7006166600811392,0.00657614615273583,0.0011903080052408875,0.0078757132571694,0.9624522620997004,0.28569634313337744,0.9982771653617726,0.4441627171323141,0.9982239267963225,-19.10778202846306,-18.9595283807003,-19.070931867047513
345,0.9462791137432373,0.2097239969786568,0.15826944557130754,4,20,300,0.6140403271718519,2.9556515162925825,32.81553039625892,0.6478473370208021,0.9625372226516608,0.24188575107295165,0.6997340121111698,0.35945330851589935,0.9032121578373699,0.5309011189219257,0.010273295430659083,0.015302506680594387,0.01310587801119672,0.9654036219055264,0.27623291229346875,0.804208085854199,0.41114688919099596,0.9697834372584809,-12.434130652768417,-12.99092555530088,-12.573020016474612
95,0.5503973015079433,0.1280077659268311,0.14795816135185616,5,12,700,1.6953995507676267,3.483254119384461,131.2621215850357,0.5115113023938187,0.9560767185239955,0.22922605984005862,0.814423120597528,0.3577117935696996,0.9151597496672425,0.6984325478522847,0.005985597879532113,0.0012111300954804392,0.007210456486889172,0.9616599304268996,0.28134661301252334,0.9998769533653254,0.43911995136704646,0.9985838611468805,-18.525388528542454,-18.547665504601163,-18.538933961873283
41,0.5240294620985169,0.47457286579569297,0.17846927358662903,6,10,300,2.8003089242384487,2.505199419576296,131.2621215850357,0.8293468158094726,0.9557442722476165,0.22818734849267389,0.8176240595493104,0.3567860333382347,0.9156089574146922,0.7113506802525729,0.004265615310768841,0.004873383989895233,0.005633931664879765,0.9616322280407122,0.2813022550973175,1.0,0.43905410977914155,0.9987080350488832,-18.881791966533758,-18.23759404506896,-18.737571203305748
489,0.5305035715026974,0.14391564942580293,0.027721574887852284,5,13,500,0.972988132054554,3.382418747603022,32.81553039625892,0.971964141738229,0.9687650097563151,0.257133493689242,0.5719956904148066,0.3547717010905627,0.8850121708706178,0.4343296651953774,0.01030598489081779,0.019060649981046972,0.013419962288582606,0.970379208078661,0.2861185736251908,0.6512429436753576,0.3975622610836107,0.9379320566700066,-10.130443322396342,-12.168616033413105,-10.76323488965386
180,0.9316668247859126,0.259540892568109,0.10104455674964888,7,29,300,0.3267550255401943,0.7449592798509735,131.2621215850357,0.7900861846136662,0.9551163199483321,0.22538939157283103,0.8161469546748643,0.35319301151529475,0.9178948353725519,0.7164431528200651,0.004783428286271348,0.0036025105575638837,0.0056335516530209625,0.9612702343855327,0.2794669348061769,1.0,0.43679942724292714,0.9987495070723545,-19.3502473810904,-18.38530453251357,-19.14068803966963
379,0.7497158849334177,0.2675127522994664,0.037433650105396774,9,28,300,2.474229712041023,1.4619155520609657,98.44659118877676,0.7994227000397195,0.9553527272226487,0.22559513972899445,0.8114701826486508,0.35302735073429353,0.9187803316003725,0.7025789096707498,0.003359786921960092,0.0024457988320851537,0.004092283676032652,0.9601232990668883,0.27321684037629623,0.9980309812160315,0.4289901019691705,0.9980572705830343,-17.430001965366905,-18.692886501385896,-17.70734356951108
76,0.7663086332275115,0.12123525181736483,0.061156213880382386,7,28,300,1.6918952760565091,4.203549929389656,65.63106079251784,0.6637486760889573,0.956527364712611,0.22680357252325303,0.7868581270746238,0.35208719011313433,0.9170654024273257,0.6588694106588336,0.0033112910803186333,0.006577410761530706,0.003593149021365486,0.9611261727510655,0.2751301208620153,0.9724342368445971,0.4288947934857097,0.994806308201896,-17.56497914054248,-19.083666816600353,-17.908262011843355
20,0.795446471594121,0.3387821809211412,0.013151687496292669,5,19,700,1.9355183712283495,0.8718321450249572,32.81553039625892,0.6987860105437611,0.9693892673835073,0.25700341871388227,0.5478732778465155,0.34977758928267183,0.8786272956587523,0.40946204395435387,0.013157014315066598,0.014753333708886505,0.014616125299751639,0.971254643788884,0.2880344509973391,0.6214615232082856,0.393609281626299,0.9278168650382576,-10.77337525980303,-11.841158722405199,-11.135838098767682
3,0.5998368910791798,0.2571172192068058,0.12255876808378806,5,5,500,2.040922615763339,2.2524962598477147,65.63106079251784,0.9744427686266666,0.9550276635774081,0.22270184888728575,0.8013799030161645,0.34852334630654463,0.91519813390659,0.666130818297458,0.0030711636966753567,0.005087174941480591,0.0034470338518858908,0.9608232838104689,0.2750549786186855,0.9825254240337885,0.4297279013667686,0.9957064575387795,-19.033696461091143,-18.436726072077146,-18.89673786643811
407,0.815019939239991,0.42906019712555177,0.15891675391327736,3,24,900,2.6643545668021074,1.626453091808739,32.81553039625892,0.7182097993647965,0.9598111769552835,0.2301230005336737,0.7147467028584614,0.34812453354235,0.9035537832998735,0.5357520912524131,0.006095452916932526,0.011214322655199534,0.00782941451894005,0.9629509226829523,0.2662093226498925,0.8357118865775387,0.4037778051765836,0.974973645765441,-13.555619223628025,-14.474507980790097,-13.783142837654195
368,0.8118243891451331,0.3242524100593441,0.06080638529293285,4,22,500,1.1197794433882766,2.818299855143811,32.81553039625892,0.8533149349393547,0.9634311271583033,0.2363760101345025,0.6428789191880102,0.3456270356728528,0.8934316841356464,0.46806495617467264,0.011341213642611161,0.018835735843442263,0.014770180420719292,0.9652780330072672,0.2628599167172791,0.7276643549530087,0.3861929395737389,0.9504897544581213,-10.075292921614054,-11.651723103912904,-10.504051147506942
498,0.5636847367239406,0.06313556855386593,0.16455255164161017,3,9,900,2.755192626244674,3.248940233821498,32.81553039625892,0.9471325591282069,0.9595526032038767,0.22775930789913454,0.7090851942492836,0.3447729731456268,0.90230632023892,0.5365605705303772,0.0020340236862524293,0.00960227533386859,0.003380032285322042,0.9633073801015509,0.26625502762450526,0.8218063445898286,0.40215152471313614,0.9734863922403755,-14.458213265989684,-13.71626674369436,-14.267893577784829
514,0.8243826930796929,0.4772829644294054,0.038772139730293025,4,25,800,0.3336262420146562,4.340846476632521,32.81553039625892,0.5634120112752095,0.9629915611791754,0.23467185928478215,0.6475553278427909,0.3444842854626215,0.8938135528835133,0.473333929571585,0.009399461130001681,0.016554433350172523,0.012465140522806624,0.9649197317523948,0.26144710659229714,0.7325864929691662,0.38535693062682,0.9520996239544134,-10.241171782890879,-11.6069796457405,-10.606438321406408
427,0.8902780134436069,0.15181196907192013,0.06922106741785787,6,16,700,1.4635029556320376,0.4113616213853094,98.44659118877676,0.992117249617217,0.9533395883201439,0.21804845011869425,0.8127020118059378,0.34371321978925057,0.9165188836316404,0.7034641445490738,0.009007914904915468,0.005850578544594813,0.010750246318713286,0.9584444578803809,0.2655122290535769,0.9977849333848785,0.41929569590913146,0.9980422734376294,-17.87630615134683,-18.549380270863246,-18.026055801980114
475,0.5677297683973455,0.11573760688264906,0.17499780954991748,6,25,300,2.7807490389933243,1.068490707851642,131.2621215850357,0.7869749330345053,0.9529184929589515,0.21682745236997766,0.8176236961778777,0.3427269595986866,0.9165513845642529,0.7047657640569208,0.0036946139803361302,0.00531550974153576,0.004168725409187311,0.9588581651765503,0.26735836400221163,0.999753906730651,0.42186543170761553,0.998571807414887,-18.900067637987185,-18.21750426046017,-18.75917440985727
465,0.8379114625520367,0.32907991214878674,0.02332054653183882,9,4,500,0.08746555806626699,4.536244721782029,131.2621215850357,0.7095914379510606,0.9528778638459011,0.21633171417487262,0.8144240290261101,0.3417946721527095,0.9178014845088086,0.7132908920465422,0.006768823273401942,0.0034681070636878794,0.008377662342607516,0.9579716465654893,0.2632664013889096,0.9995077680231059,0.4167087124583893,0.9985719024898375,-17.827830276261814,-18.517488799818626,-17.977555560026936
106,0.6696356229480955,0.28472175888175016,0.17861749167756558,6,15,300,2.4159449020737154,4.943643909777214,131.2621215850357,0.9278482340531429,0.9524789194071808,0.2153241724280779,0.8183620669293842,0.3409027708080102,0.9153808521232749,0.7119871995524493,0.005584792844698958,0.005315683297801682,0.0070764516585696165,0.9587085698638133,0.2668901866904218,0.999753906730651,0.4212207767059481,0.9986108966709727,-19.321060433802206,-18.143649010029485,-19.067911731715803
341,0.8177218228297614,0.04536085111746552,0.016197410184897634,5,17,500,0.8266438176584502,3.110197811854969,32.81553039625892,0.6255006916311501,0.9692193484884958,0.24960475024252157,0.5237544989925527,0.3380847976062296,0.8739245018808971,0.3891449842454702,0.006629808603920615,0.01329756486211677,0.008800648757374692,0.9708926495913427,0.28033578461621467,0.5993116749445973,0.3819854608047144,0.9203115209287732,-10.962223183802422,-12.607325889159327,-11.492757631665063
46,0.6410172862856532,0.08871977188986141,0.1526168028117631,5,17,500,1.2378530307342794,1.860090428963916,98.44659118877676,0.7902720061719549,0.951869442351284,0.21275782767828358,0.8171307828292463,0.3376010385599586,0.9163597185792346,0.69634380584557,0.0024852177350689173,0.0016762922452760905,0.002998559495806138,0.9573898714352728,0.2603906026460718,0.9982771199235766,0.413009244389043,0.9979149168346665,-18.29281643951324,-18.145896913694457,-18.258236795797245
93,0.7044775885427466,0.38594099029912254,0.01231858374042846,5,19,700,1.6281733300427885,1.2589952945347638,32.81553039625892,0.9133994139045392,0.9692008787301578,0.24712404909423755,0.5139067697914793,0.333721402385849,0.8700818131964629,0.3800023853201197,0.005349688841997881,0.011679559295593249,0.006577388543839099,0.971027474883289,0.2781581995271381,0.583313931223656,0.37667894727191986,0.916717115929956,-11.15701442044773,-11.898766293233686,-11.404286116117957
112,0.5091953382737333,0.4571494032802495,0.03237270574912682,6,9,900,0.20152619974713026,2.0262404401384435,65.63106079251784,0.9148709018536008,0.9522499131020786,0.21109877208198657,0.7959656686670264,0.3336373705798994,0.9159080502471665,0.6568210098148026,0.00505071916922997,0.007528615974129842,0.005735707210111378,0.9565993899228911,0.2533865419031897,0.9704656270043923,0.4018075526766953,0.9940114731597186,-16.68903545688699,-17.98105501953817,-16.96587872544233
509,0.5949680682287805,0.3508691369386286,0.11572828109627618,5,19,800,1.5891418983251029,3.661942232987774,131.2621215850357,0.5284406988888233,0.9507465251948926,0.20850585047489859,0.8156542230119493,0.3320921898849376,0.9160039645167952,0.6937592891227391,0.003266635597559574,0.003491968094992712,0.003875702995981756,0.9567212870041383,0.25748859220277437,0.9998769533653254,0.4095134351732139,0.9983684035553756,-19.02326674313457,-18.424540112993938,-18.905666734848168
48,0.9132287330538709,0.16002480051530588,0.1801494134142781,3,4,700,2.875624490649595,4.235715720477949,32.81553039625892,0.6596568187952074,0.9568893566997625,0.21513110467163613,0.7071188097405345,0.3298810836884061,0.9000551667510623,0.5147090221513949,0.003351691873138337,0.017227225409668825,0.0055319051209524765,0.9600328023492537,0.24816489077163725,0.818606359638959,0.3808273300776314,0.9711057300418666,-13.311224644745979,-13.619189319222402,-13.377781048130133
57,0.5368982823676994,0.2769271422006604,0.19416748176762882,4,15,200,0.6504273197594737,1.4724697341971493,32.81553039625892,0.8137790400420317,0.9585146391094108,0.21686339215474737,0.6753714110257794,0.3282988650307496,0.8934244332058968,0.47602258896222976,0.008622830724359268,0.024224503165245853,0.012646978377466029,0.9612185190969904,0.24500632011933698,0.7610132190617231,0.37067467402711274,0.9547595600034494,-11.48661305997406,-11.253655769808335,-11.432075608506121
323,0.5157109107556365,0.368100212530381,0.072746128073917,6,22,700,0.02977146338350689,2.3204757972675196,131.2621215850357,0.5208284091913412,0.9495127885879427,0.20438589874121113,0.8166378694806151,0.32691889398060625,0.9157510663605292,0.6998636226513036,0.003940953319301561,0.002724014485448157,0.004866959570828076,0.9554358340341733,0.2519405150470381,0.999753906730651,0.4024497102551972,0.9983612901431119,-18.87533503571206,-18.316111196689743,-18.76776510205366
260,0.8104642837392155,0.1761874733048272,0.1698750350861044,5,15,500,1.9024264148872105,0.6313237078225137,131.2621215850357,0.5531718631278872,0.9493022402933485,0.20347230426270846,0.8146698498004182,0.32556383091345453,0.9152770172188865,0.6848168718762905,0.0055214925373626355,0.0041808091074023316,0.006773120850667018,0.9551938883640793,0.2509801339605006,1.0,0.4012360704186176,0.9982133735983435,-18.92892036836229,-18.533015019958178,-18.859779836397237
523,0.6322359083335953,0.2517734907559431,0.022940714697469285,4,12,900,1.398348877975467,2.226932629889361,32.81553039625892,0.7070705341078332,0.9632907579036519,0.22466605042082702,0.5892222216166032,0.3252549293916421,0.8823706016461994,0.4136988175174467,0.0076638526456142605,0.013680086492701096,0.009562164255903454,0.9648144595903498,0.24788928000514934,0.6609648546459375,0.3605505706969557,0.9310617390154353,-9.36838800929185,-10.854228106843145,-9.78937330125036
529,0.7271391983949113,0.22578279330278755,0.1880162941089164,3,17,700,0.36985133789684055,2.5928084433286696,32.81553039625892,0.5830374261667568,0.95618014531478,0.21110539330388559,0.7009638427255765,0.3244674559688363,0.8991567420493652,0.5082265655900433,0.005758683372634533,0.012607420519422421,0.00786190721214226,0.9599035163945612,0.24747717756469645,0.8176223046289345,0.3798853485709068,0.9701752443808361,-14.69702564847718,-14.268013634523047,-14.588057373243647
307,0.8488781380367147,0.003044374119919535,0.029178827995729087,8,16,300,0.23058622582849053,2.503121340352089,65.63106079251784,0.6211156089122835,0.950772384583947,0.20438203076220582,0.7856275697173515,0.3242452191285067,0.9154390412731233,0.6383377223432144,0.007786837620364906,0.009665129863055032,0.009122627432615762,0.9550941540043018,0.24525083576318796,0.9553287099060174,0.3901838010087981,0.9922153369183683,-16.664083885302105,-17.763638675253524,-16.899364276479687
372,0.8362302490125144,0.48850347721947174,0.02935968916585799,4,27,900,0.9811339324554533,4.4502851273262625,32.81553039625892,0.9572743319242795,0.9619498985648963,0.2208787537945326,0.6074338527727966,0.32395299830801877,0.8858361396726996,0.4292821740733885,0.003803960278383702,0.01058772786439092,0.005456927386410711,0.9640313677803064,0.24751430263119678,0.6843474866043655,0.3635353112628101,0.9388092417085439,-10.761216040251176,-11.238973670116536,-10.888161817704722
553,0.8726073713454172,0.11611234545067156,0.08701181852292113,5,15,900,2.3501616599875153,4.546263472184962,131.2621215850357,0.8975290088030656,0.9486669003281415,0.2018797541981525,0.8186082510751252,0.3238426986482907,0.9160760122333226,0.7103110514966939,0.004613908925679441,0.004823288559256925,0.0055826510097552184,0.954383096357763,0.24772728660225288,0.9996308146577805,0.39700023786806665,0.9984312832517069,-18.50725975040145,-18.10894191418334,-18.427580701875566
478,0.7749342813881026,0.02528655191211443,0.09096303521092385,8,11,200,0.6653459345769558,1.5877728993475086,131.2621215850357,0.9086526561066184,0.9488257291487625,0.20199413001240474,0.8161474997320136,0.3238089814559813,0.9141208601541146,0.7090228716876531,0.0037074635515055143,0.007485797377016127,0.004489132326260239,0.9539047461251803,0.24575097788436776,0.9992615838773649,0.39442654513188585,0.9985513213847103,-17.80536063321455,-18.324939845563403,-17.9038567630614
65,0.6143214027517314,0.33585034220292836,0.1274443656870002,6,8,300,1.4944955599376788,2.3810534839450708,98.44659118877676,0.7600817505559967,0.946277002252348,0.19352848496080519,0.8131934716688378,0.3125986179976962,0.916864061319793,0.685160061420247,0.005853262008972082,0.004499277751717666,0.007499598012084492,0.9521871124065105,0.2386284989464481,0.9970464718240474,0.3850680043934658,0.9973929943770093,-18.899676352472916,-18.439762373248215,-18.81989299784038
560,0.5440760790683222,0.09726751658424204,0.16590490645858658,4,21,200,0.5675873771710647,3.6019199929322285,32.81553039625892,0.6539370626371837,0.9571072893446896,0.20569110763283505,0.6492769816915304,0.3124009815234643,0.8892426559894512,0.451207515742279,0.0005927116260277201,0.008798207792851722,0.0014112431071952312,0.9593642185218806,0.23055324875486052,0.7301256965902633,0.3504294907189973,0.9466091064169189,-10.783687176952583,-11.073259751889564,-10.851971709774666
279,0.7055105376327728,0.45380550127827746,0.14566620244870274,6,29,200,2.471371152663884,4.775302557424944,65.63106079251784,0.8606967255531441,0.9471635154090795,0.1934896369664233,0.7952263894869377,0.3112312321634992,0.9165569891057608,0.6367751324225964,0.0028330414429638745,0.004550773002734725,0.003468575232819976,0.9521889603974817,0.23490942402227896,0.9681267413052649,0.378070601847656,0.9930530939623293,-17.632237288158937,-17.85926825915545,-17.679070881869265
177,0.6635165807816193,0.33379669278179236,0.16349072896883915,4,13,200,0.9515871502961958,4.344503127702855,32.81553039625892,0.5601045276853043,0.9566012399391747,0.20381526375878536,0.6507540865659763,0.31040689685470585,0.8890284630281937,0.44871999853823613,0.005565978983842771,0.01577283651744636,0.008195779085948273,0.9586956353494354,0.2279197338074274,0.7336941398722169,0.347790955752364,0.9492377679654128,-10.575859161457357,-11.304445381107408,-10.749002606116232
401,0.8749888992260354,0.45411424435016146,0.15415591102114495,5,21,300,2.6673837718200297,2.8940337725597027,65.63106079251784,0.8791336460280296,0.94465910071371,0.1863878650883707,0.7984253298958396,0.3022176012306653,0.9129465740691133,0.6331951150152293,0.0023251517361922757,0.0015258762373378343,0.003131593341104074,0.9496549959185366,0.2257614013003619,0.969111432450033,0.366209478358996,0.9929118425152592,-17.440331245821373,-17.612639459084477,-17.474118205536794
68,0.5455010455256651,0.36319851632511413,0.1140147983108312,3,24,700,0.8938783546258514,2.618011380075056,32.81553039625892,0.9747603118288211,0.9546398201013111,0.1959304384849233,0.6512482717146226,0.3012229680945127,0.8901141899678452,0.4454607213237134,0.006549914185692944,0.017113480086154226,0.009441053127185373,0.9571220656291125,0.2210765312406031,0.7355400211451188,0.339953993143137,0.9460085534609569,-11.374383619359707,-11.45984542068389,-11.39301959377682
312,0.6357046902233572,0.24834771140897327,0.06401207765622817,4,24,300,2.165164658151538,1.357735237056212,32.81553039625892,0.6587933976305583,0.9597077472173083,0.20241850337194434,0.5729729778833977,0.29913065677814255,0.8757225328147976,0.38595081294651146,0.0046691293522061255,0.017166190846304243,0.007043733127582502,0.9617411947213457,0.22761412290742142,0.6470604486131263,0.3367596853326946,0.9238032894902949,-11.069444731127254,-11.449853083822937,-11.173851916798549
362,0.6764792517261783,0.31064622452480506,0.07346949347706615,3,28,900,1.8165142998476296,1.2356577733069596,32.81553039625892,0.642879162296353,0.9538530333735565,0.19298975871826282,0.6519855523518308,0.29782185781252263,0.8873069293355004,0.428349372594315,0.005533643519175755,0.01576807506556013,0.00823314162432283,0.9561395081694869,0.2148311179244882,0.723972365216225,0.33133424936911443,0.9422717931905596,-10.16675769191988,-9.943309485700368,-10.114375927149677
463,0.5581792425822479,0.3063979177682552,0.1883116100606894,6,3,200,1.944707692146291,1.157400479564941,98.44659118877676,0.701603878066626,0.9422913542971862,0.18219099668995806,0.8149160339461593,0.2977748563125168,0.9156774621337324,0.6732113727252097,0.0036072327972590046,0.004526212065744503,0.004552625408577579,0.9477970024314576,0.2229354502715355,0.9961850090667376,0.3643083685273112,0.9967763133307868,-18.276345700941988,-18.196316293737212,-18.262965652903063
182,0.503781437489071,0.3237373570773015,0.18062580430049752,3,4,500,1.1402235268116159,0.9857706328643867,32.81553039625892,0.6758113436198172,0.9520208916516903,0.19005986406070383,0.6731535734855133,0.2964086755581572,0.8916170665877153,0.45157171715795535,0.0063050078370927975,0.01732492730667671,0.009103562440348687,0.9546342749934071,0.21510605788317969,0.7634743335079978,0.3356385945174509,0.9524267121531298,-11.64364875120254,-11.830228739646076,-11.688143020529186
353,0.6344233712264217,0.31421702370949944,0.10155482106217716,3,4,700,1.8964784975593723,0.6497068613397061,32.81553039625892,0.5512579820332373,0.9529443513246759,0.18890118525378016,0.648294788708596,0.29255666204695846,0.8874317693611088,0.430317500371096,0.0053654930163364615,0.01830360176050563,0.008297489884220079,0.9552142051719262,0.21263146696977867,0.7340633706526325,0.32974625179565,0.945648591399345,-11.160286882360303,-11.684084150361883,-11.278244876529675
130,0.7337007556249349,0.30670569460535385,0.0417364497574943,6,4,500,1.2047407092764624,4.189128676416227,65.63106079251784,0.8038683974394296,0.9420918869488776,0.17885244698486244,0.7944885637925804,0.2919092250992798,0.9137579382151003,0.6268381081287889,0.005558669746222084,0.0067229580761606796,0.006969025827746893,0.9464838493470857,0.21341537467221652,0.953359645683853,0.34869578269544094,0.9904937274718629,-16.19514420666228,-16.66433885790426,-16.285415658657342
426,0.93232946092907,0.07746265557172133,0.02571999876745608,4,23,500,1.6902250934515624,4.0190244524173755,32.81553039625892,0.739248058127981,0.9618723280522424,0.1998616819210528,0.5126776659199384,0.2875945942348902,0.8615874962357136,0.3428583146598209,0.004943683701716754,0.008369364581795153,0.006321711718867034,0.9633387754099405,0.22191591067600772,0.5756833586605837,0.3203432279526202,0.903924533623308,-9.938101638486662,-10.944504785970866,-10.222982994531616
367,0.9842686658499461,0.30181860027968754,0.024626098742343595,7,15,900,0.2050023145368126,2.1518737484539665,131.2621215850357,0.7995222935751908,0.9378144323911544,0.17197293575294026,0.822053739001201,0.2843689867245101,0.9173508009543049,0.6989425316014426,0.006566072594161875,0.0032983539808820197,0.008745238362812754,0.9435121685070826,0.2102872513959193,0.9992616747537569,0.34734333593235034,0.9979696163241414,-18.219989746712027,-17.733886951706058,-18.130288591489
193,0.915931556625711,0.33480130806698094,0.023287005084792485,7,8,900,1.778435974960268,3.400659655517257,131.2621215850357,0.6621668765576878,0.9379658815278279,0.17197716852860898,0.8205779059267698,0.28432265205252677,0.9166305434362414,0.693882788195301,0.0038921941933938186,0.0057509076046227325,0.00496198887993961,0.9436155939982448,0.21030296474969914,0.9988924439733413,0.3474014749069527,0.997793754868907,-18.224087457209748,-17.851225036529595,-18.157327303034865
499,0.8224514526461779,0.14412578858368424,0.0667687455003078,5,1,800,2.136411137641815,1.7829808799310283,98.44659118877676,0.5741087310496623,0.9383352701862071,0.1720515888185515,0.8149160339461593,0.28409646621442014,0.9150490259221661,0.6662242160568458,0.0034164705809377697,0.0029749154626910056,0.004529064577808375,0.9441308806672889,0.21128120316028873,0.9953237280622118,0.34854496535817825,0.99629564087886,-18.567489087978938,-18.125529315701826,-18.490727323382316
495,0.9199101761017442,0.0637428400701231,0.16203920605988004,4,12,900,0.42984437610792325,3.57359416751018,131.2621215850357,0.8634194155241188,0.9375669497374681,0.1713583144208386,0.8237755745356568,0.28370004105683244,0.9140016591952526,0.6789857533455059,0.0010031909395230316,0.0015117682094606805,0.0013187159996863173,0.9438206015638584,0.2108033080085158,0.9992616293155608,0.34814269282829596,0.9976098258639173,-18.71175265716596,-17.561572428244077,-18.51041343074997
283,0.8062867341724096,0.4368492967331725,0.14755488053855784,5,21,300,1.5899745687792561,4.1450886627274555,65.63106079251784,0.5710685618967288,0.939484047304718,0.1717216182837107,0.7917799931322799,0.28217924319566917,0.912056068628747,0.6089203048557201,0.005252225560599084,0.005920216872392098,0.00685557528046075,0.9442490823396552,0.20740324811404012,0.9612353573141591,0.341159416592604,0.9909394773589364,-17.2039879581394,-17.628915009469047,-17.288156365728025
515,0.6958712252811391,0.08133040755274257,0.1495294785335215,5,22,300,0.6447495941601575,0.20982036721817143,65.63106079251784,0.9359565306402527,0.9388487023865933,0.17048114653188032,0.7949809320840623,0.2807401047399913,0.9137894489003674,0.6245923031612833,0.0030211532895970026,0.007389267441162662,0.004169720453058038,0.9438095227665514,0.2063918133298154,0.9625889157337751,0.33984917892947014,0.9909903097603433,-17.39926900130947,-17.412207943610735,-17.392737088750167
380,0.6005493637213337,0.29511632957544637,0.08745024301613459,5,22,700,0.6300880485488448,1.4051904069051413,98.44659118877676,0.7048355266879963,0.9367543134036955,0.16915817173870631,0.8205769974981877,0.2804535265935508,0.9149898060403325,0.66991919794216,0.004701948329014332,0.003562889705924526,0.006300181610029953,0.942629340311079,0.20690495118156896,0.9953237280622118,0.34256471667488175,0.9963120269677695,-18.243536090993807,-17.55677330271601,-18.131228073987227
348,0.6412362131850018,0.21261409271884696,0.017138507175792402,8,21,900,1.5960650369527554,2.9521554491134667,131.2621215850357,0.7612550905427942,0.9363960063465332,0.16872595628555953,0.8237772097071044,0.28005116573661243,0.9184955523743757,0.7000562947715011,0.003879193235133044,0.005139400217985645,0.005037071839974837,0.9422027059810336,0.2062394157356895,0.9993847668266272,0.3418775259341111,0.9979643159973222,-18.18927740670393,-17.571566322461972,-18.084359312174925
433,0.5926351776916619,0.1393215315575182,0.05155486206148081,7,22,300,2.709572336503287,3.0192549127013897,65.63106079251784,0.9849632626725955,0.93856059704637,0.16895991961562948,0.7890726942719944,0.2783054648358478,0.9123766539772831,0.6189213667254106,0.003023742057371455,0.003983509744147863,0.00394548435335771,0.9432942254856326,0.20378241195024935,0.9553289825351933,0.33590284796316333,0.9901982412136473,-17.088075463117637,-17.40304034553606,-17.147036256635715
215,0.5333260202803449,0.25920401097260204,0.038532110155237914,6,1,800,0.1434924611823164,0.19010924118727457,98.44659118877676,0.8581616940313411,0.935402366528408,0.1652722804779899,0.8151623997776167,0.2748007379385434,0.9147307776559411,0.6770072565892425,0.0032285968431427104,0.00542993850902808,0.004228331297547556,0.9405090862187432,0.20077887501511116,0.9933547092782433,0.33401126208467374,0.9962210406332926,-17.684427474976605,-17.938437079550205,-17.727104103190428
105,0.9198944297282853,0.43349688000576175,0.0875170541193205,3,23,500,0.6932243897642142,3.359463717993642,32.81553039625892,0.7975244898502103,0.9525454223177742,0.1780566424029374,0.5970972073088531,0.27428916165067824,0.8771887640972507,0.37336372754094155,0.007294634146797876,0.013631337578733738,0.009992401358649304,0.9544588161983327,0.19743431247285068,0.6636730165636764,0.3043270708869808,0.9234224719170726,-9.814742851538494,-10.031417218005224,-9.870271858745639
265,0.5090000444726075,0.2107220207896237,0.01516325305726039,8,23,900,2.5750250303973625,1.4610911523094887,98.44659118877676,0.9130195258332859,0.9349332426813458,0.1647235077529409,0.8186082510751252,0.27423434040545785,0.916404565645626,0.6761858772849955,0.004026783021117046,0.003812709966075218,0.005568141691927632,0.9400547489396818,0.19987829293444825,0.9952006814275373,0.33284642876220333,0.9964803229135254,-17.588095568254957,-17.744404083315544,-17.609348724188933
364,0.5994960694797185,0.20916693205114006,0.1526785616890305,6,29,300,2.823817344725555,4.573655574782518,131.2621215850357,0.533751273341911,0.9345084691850767,0.16356762770871627,0.8173758768606888,0.2725742344764293,0.9145724364324644,0.6652360795709837,0.0024059940551539585,0.0030009913115864252,0.0031668819443846988,0.9413014079550632,0.20358208852182513,0.9996308600959765,0.3382704367681304,0.9972966692155429,-19.655197126450098,-18.232228566631992,-19.421207161751752
86,0.7042591464679584,0.4664690335499773,0.1982766005269042,4,12,500,0.19948880210033249,3.7056032464502953,65.63106079251784,0.5240473219820438,0.935321103062857,0.1618468050023911,0.7915330822436734,0.2687274493291516,0.9091043659934348,0.5912966566016209,0.003433521745310845,0.0007685147310884102,0.004769731756099362,0.9410760855770856,0.1989952593853197,0.9668968202168711,0.33005230777848854,0.9910194940422082,-18.66800972931575,-18.136758163488874,-18.580345298023047
557,0.7552852043642517,0.05997647086548491,0.06929216848388392,5,11,900,0.015418882756680907,2.227047605528934,131.2621215850357,0.6644113089243047,0.9325507389435875,0.1600049660535748,0.8213162766782763,0.26779817349973856,0.9150149498797665,0.6829954151153115,0.0038742029055119542,0.006059063861633802,0.005193154872508321,0.937936333014402,0.1946876678543394,0.9988924439733412,0.3258425421307854,0.9974138442263601,-17.814534522398905,-17.77730609200645,-17.8136250262095
477,0.6988422072165273,0.48690020667857475,0.1133977458757034,5,27,500,1.6982149393444952,3.757264722296718,98.44659118877676,0.6873609852536882,0.9324768574542434,0.15968817420723844,0.8208220915296303,0.26735654313348695,0.9142974741483623,0.6574580175990666,0.0017495848520914555,0.0033185189196151695,0.0024302831257906003,0.9379400304289991,0.19396691256465437,0.9927395215430667,0.32450564358352135,0.9956254414320426,-17.67246686776536,-17.31747616396053,-17.61112682631214
131,0.7563442555082542,0.11533490585887934,0.04354032608104657,4,9,200,2.871810788949977,4.13102847896983,32.81553039625892,0.5289213382816982,0.9628290335112756,0.1894777370711863,0.4494248738646913,0.26652502973055564,0.8454835897848177,0.2888105398282575,0.01033049284196102,0.012031867456287813,0.012331560025703485,0.9638928470590127,0.2087825431565589,0.5033226226417803,0.29509714289493605,0.8808841647329065,-9.246369832221358,-10.70838987808591,-9.682273736737933
481,0.9027161646499932,0.3800804648950795,0.039240981891817,6,25,900,1.0396762794496428,2.0385788533261264,131.2621215850357,0.8398486084166726,0.9312357313393766,0.1576274169025618,0.8245150354014618,0.26465695492617974,0.9175766473984387,0.687401444660864,0.0005112529204451527,0.003577912424582686,0.0006486109766198912,0.9366268755128763,0.19137707749195118,0.9986462598276002,0.3211865426002237,0.9975347145254917,-17.635163537706756,-17.436727240754834,-17.600235432156808
578,0.9323261773013729,0.0593303072372694,0.04265653730582561,3,27,800,2.5789360360578195,0.8440500289228209,32.81553039625892,0.7414256372050524,0.9526931698237107,0.17198702857016776,0.5643641635825516,0.2636295697378329,0.8683107374260285,0.3461986938013508,0.004599394475091985,0.019314814402431314,0.007491859913554088,0.9540728143787907,0.18938880693127633,0.6278613567954368,0.290987137555033,0.9107736475945826,-9.188387974492684,-10.113250724167944,-9.401641614494427
355,0.5610152471609243,0.06256262857087347,0.17158960680455917,3,17,300,2.421212711600109,0.9762030147824602,32.81553039625892,0.6066966739878448,0.947241078553756,0.16562998552219407,0.6229396385544358,0.261672192312761,0.8778250389316865,0.3705426062037405,0.0009704023057175718,0.007707191934230426,0.0011422733668643107,0.9494887763312917,0.18451219530986065,0.6916071471737714,0.29129727226502883,0.9249467333802827,-10.233583615411835,-9.928686957609234,-10.170050588497869
420,0.8453398855740033,0.2983882099808448,0.10529938298441019,5,15,500,2.2122782573120316,1.4325977446356148,98.44659118877676,0.5626102797584157,0.9309402274449979,0.15559670462866756,0.812946015723082,0.2611819648952524,0.9134484138203668,0.6438869649800901,0.003598418365324228,0.0003848006539066939,0.005092360169214709,0.9370128796246653,0.19177829393497361,0.9936008934239844,0.32147672416132306,0.9952009579151943,-18.86636311332197,-18.181835271741676,-18.75555980712731
546,0.5886632766119697,0.3615358180248344,0.15680748774435166,3,20,300,0.849853210477732,2.0015641808649702,32.81553039625892,0.8024197146812906,0.9490879964261317,0.16667075752087712,0.598083215691832,0.26069204596628,0.873881573051885,0.36898989304915847,0.0040346193624080096,0.014301880621144429,0.006276175506933131,0.9507502166751992,0.18486614113063896,0.6692106603823825,0.2897019226272476,0.9197192733000255,-9.842464119432092,-10.628558225583074,-10.013698355151723
52,0.85048456572956,0.036381503182096764,0.1661534112651677,4,2,800,1.5399785060771787,1.166140362122639,131.2621215850357,0.6871353978780601,0.9294220641241003,0.15388834223378922,0.8225455622355339,0.25925101207617396,0.9136376626776794,0.6602205628521504,0.0033171653204857694,0.0018765503307932975,0.004621621456223045,0.9357329688163297,0.18921229761148575,0.9984001211200552,0.3181139138124177,0.9968843030322218,-18.668953246489338,-17.613635572002817,-18.503718064640662
247,0.7143152734852378,0.07047981376088464,0.1361957037560293,3,2,300,1.3868866830018216,2.0588277079225428,32.81553039625892,0.8746418563478882,0.94961620698742,0.16594639964892668,0.5852850921419112,0.25852687494908805,0.8722731353406008,0.35534788410918083,0.003261076526657482,0.019601084553413046,0.004799817538158544,0.9516515127568531,0.1847295331992288,0.6503816626708318,0.28770194237137825,0.9168219418989593,-10.167910471599962,-10.008979998236356,-10.140726608174845
492,0.5567204085519584,0.49845460929467766,0.044855956218543575,3,2,700,0.9959145142075364,2.32668466969743,32.81553039625892,0.8113661411464166,0.9527744300964716,0.16821661265553647,0.5444294250918875,0.2569930566586242,0.86090838404334,0.3234171321204075,0.002224531206451843,0.019892631651397697,0.0047439929170028,0.9539028991063674,0.18367741261183113,0.6010336008189053,0.28133900632813086,0.9015336732819458,-8.417365933267062,-9.41780553531365,-8.653599082208851
486,0.6447197608097439,0.23384060624243852,0.12768409417963536,6,10,300,1.856316231123015,3.3268260420945217,131.2621215850357,0.925287264007558,0.9283840990063043,0.1519768877290659,0.822793199867006,0.25653134514662773,0.9149714075119352,0.682689970561773,0.0032083934004389384,0.008650417551882093,0.004175635542870691,0.9343348542787461,0.18594201043044126,0.9980310266542275,0.3134491434378731,0.9973131108911231,-18.26651364194071,-17.558354610946726,-18.15854325425098
517,0.6481629009499,0.07173472850901003,0.03877464916771789,5,4,800,0.24184621550880525,4.697842945125829,65.63106079251784,0.7349576860167977,0.9306484096676714,0.1521673315016639,0.7917816283037277,0.25526193648852025,0.9109528423582213,0.5936775562509198,0.002240032244283351,0.009073721161137093,0.0031399140631215663,0.9346118942682127,0.17910929823816849,0.9357614323864195,0.3006357993183249,0.9853151217429538,-15.042193231464074,-15.38637938042694,-15.092634653852732
552,0.8358544296220304,0.3646549002386031,0.11926150895717479,4,23,900,1.1008842210216014,0.7361353720525848,98.44659118877676,0.8226092879223319,0.9274791150269714,0.14970619450996503,0.8186071609608266,0.2531135008829828,0.9134365567183798,0.6454379960283061,0.0022047274340788207,0.0008741497799408955,0.0031178015667357923,0.9333799993281069,0.18320923119309362,0.9943392641084235,0.3094071119810007,0.9950603738474708,-18.286762334490682,-17.673253937645462,-18.19402622570442
536,0.5298086626723295,0.3460252765198724,0.036597601577134944,5,8,900,1.2082184542404923,2.5980583790150376,65.63106079251784,0.5295885359317709,0.9300463234295541,0.14990785314437557,0.7836584599228562,0.251662824592658,0.9095079992420416,0.5903070938952717,0.0013680138935608093,0.006228767699334083,0.0016151100701144263,0.9348095105658016,0.17916834676743354,0.9332998635581852,0.3006123423027904,0.9850926642547232,-16.33128515777347,-16.03358250421514,-16.28326945432873
133,0.5769479531699275,0.4079165624953089,0.05264370864896553,7,15,200,1.7788198045251096,2.9004310391890558,65.63106079251784,0.7287160488868536,0.9294590034361101,0.1485884840794349,0.7821829902198579,0.24972746955983074,0.9100991314684546,0.5877340466006103,0.0009847723882197854,0.007484862244832896,0.001092214451368418,0.9330143117376339,0.17456142542774014,0.9286240005641607,0.2938728689873921,0.9836186148337102,-14.87896955737038,-15.769677528831528,-15.021937744601843
375,0.5385725842697909,0.45558414259003954,0.07742355784176808,4,3,900,1.8201951741523092,3.364358342990399,65.63106079251784,0.6861001959126096,0.9282585043876336,0.14782811419528527,0.793011822289567,0.24918541606283026,0.9086817220177611,0.5917667348106747,0.0024019983075943665,0.005978161783010227,0.0032028411719859317,0.9323992916502707,0.17476695785237348,0.9404377952005998,0.294725836431687,0.9855323740829837,-15.414151501019768,-15.676313060087733,-15.451791034075935
188,0.9255871304263854,0.3357123347653072,0.16381069539600396,5,4,300,1.3553030362116874,2.9330423158773704,98.44659118877676,0.6176177924009925,0.9254327454837051,0.14596831910707464,0.8163925937634561,0.24761199895720645,0.9141449108438362,0.6361858708129448,0.005809723048275267,0.0030472696340894463,0.008464342097057693,0.9310879754230997,0.17794560705593485,0.9911398244159056,0.30169399882969317,0.9944035235820233,-17.97025983271875,-17.630936256186747,-17.92611058962963
277,0.6467444116040608,0.4658768597164082,0.08543285783506642,7,17,200,2.4546200062447427,2.6579973230221543,98.44659118877676,0.7537059693589044,0.9235340944656656,0.14285946316081233,0.8181167912122254,0.24321388147697498,0.9161155984133758,0.6524793303171698,0.0037971987886459215,0.007189015855083135,0.005383275559694361,0.9288550702317542,0.17332550517733983,0.9899089945635925,0.2949426445755949,0.994549131648209,-17.5773565381251,-17.354343105762236,-17.538583873842505
233,0.7491278411317268,0.03852913956716558,0.021124676556356047,7,12,900,2.9459075713384357,1.049209974282047,131.2621215850357,0.7586345282208047,0.9227473145737565,0.14227249588485577,0.8240228487956962,0.24262681910346873,0.9164550101567643,0.6827901050082802,0.003335443940609463,0.0041839204777258865,0.004694449591512805,0.9285318569823424,0.1736601694310861,0.9986463052657962,0.29581221930544804,0.9970639265377154,-18.074192630962482,-17.48601637529945,-17.979446666150544
525,0.8938710941511849,0.1416820344455591,0.16907507146214545,5,7,300,0.24031717982880674,2.209168524009773,98.44659118877676,0.571480438800376,0.923700336003331,0.142467495236444,0.8124540108030326,0.2423865989456262,0.9119773097819625,0.628758564497796,0.004266956796775433,0.004545693296833192,0.00601716086713376,0.9297175684497249,0.17487145145926644,0.9891708510701331,0.29717147680874456,0.993999201623101,-18.530157983145944,-17.86514837916218,-18.43544288013117
374,0.6210110399904386,0.3570263616890634,0.02736438240303752,3,21,700,0.041236662034035754,1.2418813018490011,32.81553039625892,0.507906598116481,0.9539823157466074,0.15897117205806602,0.48142081863950104,0.2390114041744057,0.8426941492368858,0.27498799181857075,0.004650293936854084,0.011037838449543909,0.006566125475297515,0.9551975825245043,0.17489956187638575,0.5339651423605942,0.26348779142266787,0.8764552387484125,-9.1071639330792,-9.84040334333458,-9.28938191637082
447,0.7213990682718687,0.13052426311742404,0.0752434734137524,3,12,300,2.785891686346182,0.30904230344611316,32.81553039625892,0.6199946819349788,0.9511713183800338,0.1560314787394593,0.5107096462397416,0.23899999737764718,0.8489607920135033,0.2895046687768335,0.004167345132550615,0.009967330102954416,0.005293417975691973,0.9522535997317929,0.17021063648834753,0.5617767715943662,0.26119008891430157,0.8854915139087343,-8.330359395523978,-9.090287804120523,-8.495763230868658
305,0.5345147704439248,0.002832907264783635,0.18804729540717102,6,9,200,2.5377643190331964,3.068020571187292,131.2621215850357,0.6995500940368615,0.920320476981287,0.13828659311087213,0.8227928364955731,0.23674692375091225,0.9129525199307148,0.6572946858985887,0.003456613608933968,0.006300573152991108,0.004807981748660175,0.9260551430768286,0.1685421472088915,0.9971696547733098,0.2883180106613468,0.996163664965494,-17.95132825768534,-17.487176574519648,-17.88687664434847
113,0.6032106358803015,0.005497914329240239,0.03600826971307338,3,6,500,1.792239306510925,3.002584302168267,32.81553039625892,0.7471369250691358,0.9543480074406352,0.15597102396116572,0.4624684548174876,0.23325954932545165,0.8382047168282877,0.26714640326041017,0.006165000182169721,0.011939151295945053,0.008384000648855482,0.9556925529996962,0.17184286053545847,0.510830284884766,0.2571479415986678,0.8704978894726946,-9.23625021419946,-9.467298924570999,-9.289746643392881
22,0.587477463547968,0.4910841716647178,0.10816081934149271,3,2,200,0.27930830341769763,4.486078789766633,32.81553039625892,0.9413181715946699,0.9522129723164734,0.15253841759921194,0.4794502553592744,0.23144242765060027,0.839781156687355,0.2743602254665944,0.0029268822846284783,0.01038097772156694,0.0045778653207916445,0.9533894552195729,0.16721065676408542,0.5290433224118085,0.2541054221740344,0.8736035062785009,-8.77470338841757,-9.374103206982888,-8.918737085394612
325,0.6912901617853178,0.18386682540255495,0.04453044623479797,9,21,200,2.3194256217560145,2.5898026385628947,131.2621215850357,0.8209299794276776,0.9171622582520884,0.133383954477484,0.8213153682496944,0.22947077740099353,0.9168307032723098,0.6772388679680019,0.0032848291176568395,0.005219324910896213,0.004675346799930948,0.9228193499156961,0.16267764637203158,0.998400166558251,0.2797582807351882,0.9969605947292354,-18.007201694789153,-17.736855845989552,-17.975340426757736
111,0.8167391099130736,0.12894384271660114,0.03647765407383659,5,14,700,0.39682863337599117,4.502861506181929,65.63106079251784,0.6361536632596845,0.920937343012969,0.13435597416231423,0.7841530084429352,0.22940156487688224,0.9065761653039085,0.5591845271620384,0.0006490677730898682,0.010549785143731658,0.0012169248412333988,0.9250448823100239,0.15762721378979802,0.9192710477448206,0.2691033188098015,0.979691140851427,-14.763465690966838,-14.698389515623322,-14.753349794611747
219,0.8075064840194333,0.387316890318894,0.13234180817281482,4,23,900,2.687443792115646,1.6110775172231417,131.2621215850357,0.6464110183504823,0.9159137465179595,0.13251647465588082,0.8296836306620082,0.22852473571455745,0.9141679734248522,0.6431145420751828,0.0015044613940984094,0.004641173122942531,0.0020943763545901222,0.92243149927629,0.16197984493271866,0.9985232131929257,0.27873660029233566,0.9957100798983802,-18.189528634921214,-16.908929136562378,-18.0140909106004
432,0.7896572333309689,0.2448122310251224,0.13250159722959554,6,28,200,2.2248078583553568,1.39707942088036,98.44659118877676,0.7854387084197381,0.9158066225172243,0.13113164875331815,0.8193462584551989,0.2260772463009062,0.9132925124046031,0.6300932903617041,0.0006330896101086767,0.005022180846459034,0.0007571453089385913,0.9210592437900483,0.1584825908239669,0.9880632041670824,0.27314504229254627,0.9932367357342229,-17.25801044042028,-17.075521586102226,-17.23179582415012
415,0.6865613092111917,0.4708459933290153,0.04179783612498839,7,23,200,1.9327701709524345,4.87123827072378,65.63106079251784,0.6376441067259301,0.9199695700337417,0.13151386234397933,0.7728298095388634,0.22477149355526072,0.9059853397501989,0.551664770638861,0.0028156002230188748,0.005967412296489051,0.004353987295281211,0.9236227551361492,0.15321182417784704,0.903150121074617,0.26197817679137103,0.9761741984253458,-14.16206741894862,-14.429529321292833,-14.202207104349851
327,0.8030732824667399,0.1455721238925895,0.04934803445354853,5,4,500,2.1304062953941973,4.686892190821604,65.63106079251784,0.7420385348551009,0.9185105041925034,0.1307952999164038,0.7846461034772828,0.22420947958727003,0.9069238662967324,0.5548258019044613,0.0010111100420556983,0.013030473488565893,0.0017974587730545661,0.9221249118670723,0.15239610450885896,0.9179171712578329,0.2613844492144149,0.9784028276086795,-14.174118598418307,-14.518855508272843,-14.222334090215927
231,0.5145356901719769,0.08344255892743546,0.04445066318584599,7,20,200,1.7646068008451716,2.404864449430619,65.63106079251784,0.8617023828061432,0.9185991557333092,0.12970896412104335,0.7747996460762243,0.2222156310256058,0.9052846631787564,0.5534401947183681,0.001165083746727434,0.007803909017888111,0.0019726124699666506,0.9219974748652763,0.15139285429333812,0.9113946091033789,0.25965249864639567,0.9774736906777844,-14.32292843246099,-14.987466643184932,-14.418065613061081
543,0.8572070507352489,0.18082354742052226,0.03382131635443592,5,1,700,0.8266097014225535,2.4726056256020397,65.63106079251784,0.7885585411939533,0.916696829404584,0.1280621472779044,0.7834151827485778,0.22013443264175073,0.9059068359079664,0.5538211413609875,0.0008491544470453654,0.011713520001888073,0.0015415264132207604,0.92097798166505,0.15068551909296732,0.9193940489412992,0.25891590618333354,0.9781555665481204,-15.013633659850978,-14.79005289944,-14.97840519466671
442,0.847812326177029,0.3053853653425193,0.04796984154356851,5,11,500,1.9545470499866773,1.0539072467734412,65.63106079251784,0.8386965649444365,0.91459135001983,0.12484959656053975,0.7804600645711037,0.2152575192250302,0.9063623771400694,0.5496858765591431,0.0008323766849210679,0.0071973282493857345,0.0009990891968706624,0.9182556307840927,0.14570285885579023,0.9139792700044839,0.2513272821248932,0.9772799266896491,-14.31218471553125,-14.608559495307272,-14.3517100869052
589,0.5448797502800786,0.4554131323431576,0.0111489382049559,3,28,900,2.436978540741185,1.7141948240272535,32.81553039625892,0.5808472766369934,0.9612259084915458,0.15451548378800964,0.3541715948917244,0.2151483905639069,0.8116736896410354,0.21305777518022637,0.004642810081321079,0.013278918536725992,0.006796853556810209,0.9620089977440635,0.16878040865011187,0.3903542252705799,0.2356427460413197,0.8365134392201546,-8.451765803976674,-9.26917861687675,-8.697214669964492
437,0.743065242607462,0.4603698251713177,0.01761123261963195,8,8,500,0.714439960997089,4.542172759396877,98.44659118877676,0.5032176057483979,0.9107165246261503,0.12359074630085677,0.8117174569086902,0.214493745160949,0.9123172384213335,0.6230031146447063,0.0029283780080080943,0.008961646041207612,0.004192657903001151,0.9159155918602151,0.14924783091904095,0.9778491975341964,0.25894121504190853,0.9903035058449072,-17.190926300363984,-16.989505237048206,-17.165081222688293
483,0.9478449721333082,0.14864360214066324,0.0536988132530157,5,6,900,2.625354133674141,3.9526025513583676,131.2621215850357,0.8365460654556085,0.9083081553593565,0.12236679435010232,0.8277141574960801,0.2132093030079265,0.9148000985556637,0.6560317671511934,0.0011361846899966852,0.0023895492882133515,0.0016476576565786674,0.9138008759487765,0.14804349661157523,0.9974156571662669,0.2578149764000776,0.9954984849945494,-17.344025809415598,-17.014120286854283,-17.3014283401954
241,0.624773099924753,0.1359748630643155,0.1542856698594131,4,25,800,0.8044170602865401,0.7819090220172398,131.2621215850357,0.5168068000916413,0.9080126593650867,0.12200416597016518,0.8272212441474488,0.2126338966450575,0.9110633172596373,0.6129333832859722,0.002736189481159757,6.012452259267129e-05,0.004147750389868526,0.9149237945378325,0.14973256907339802,0.9977847516320946,0.2603876212557067,0.9945187413349981,-18.518618410694966,-17.09421868851493,-18.33947573250955
360,0.8385762062288369,0.3125145930426029,0.0701444364008953,8,19,200,2.390044191574117,1.252339493962495,131.2621215850357,0.9676485492726639,0.9067567347501803,0.12105983649628833,0.8314076464250609,0.21131138375937622,0.9176438020260597,0.6690518324119709,0.003863410729729612,0.0085086665943356,0.00572538531786017,0.9131821645458302,0.14744303356839442,0.9987693519004707,0.25691757111628155,0.9964477727694474,-17.893824098422193,-16.756792262092524,-17.7512916530975
563,0.8395812841597814,0.3156879888216883,0.06140625873271837,5,15,800,0.8948173627023682,3.877526483594997,131.2621215850357,0.7913143230201828,0.9052976870014189,0.11921845596290397,0.8309134612764147,0.2085096466585612,0.914533481099443,0.656761424564375,0.0019839748431656587,0.003749865159548817,0.0029537006309995812,0.9115143979916994,0.1447518679172042,0.9970465172622432,0.2527937039863772,0.9952456564860365,-17.6394352084665,-16.662518058034813,-17.517864024889807
28,0.8612260576307527,0.1403861812204279,0.014620033621976228,3,17,700,2.821375753058743,4.769642885012937,32.81553039625892,0.9417470111331294,0.9602950609479716,0.14847557126349328,0.3475262581281647,0.20804690769350018,0.8109889612105446,0.20961256808922898,0.00010111216497175631,0.006057610736562253,0.0010792746725152593,0.9610633792075781,0.16209988819037333,0.3826011967693806,0.22771290428856542,0.8351440306824296,-8.404889774433022,-9.167493185432441,-8.636311875476244
183,0.5507104142246082,0.24293587959316282,0.05878754786689651,6,14,500,2.7888176322659675,2.661301066695201,131.2621215850357,0.6556538495780018,0.9048211849849377,0.1188665208071414,0.8301754538963411,0.20789347425677343,0.9151875741228072,0.65280060830342,0.005808927155303363,0.003634156624323412,0.008794598151526199,0.9107700901792924,0.1440654101400128,0.9974157480426588,0.251697791803034,0.9950354350055842,-17.491283513774313,-16.767360498820295,-17.403536690754763
592,0.7894826601479021,0.027255963718913145,0.06966832331450216,5,15,700,0.6809356184145631,3.7195259365107596,131.2621215850357,0.7436922208360215,0.904459194921647,0.11829457577852913,0.8306676405021066,0.20707726214241692,0.9134307553516446,0.6483421236847291,0.0030038236095291347,0.003287052628799918,0.0045151474393534475,0.9096951861690772,0.14221289552014363,0.9964312386506746,0.24888885221771373,0.9948953040054329,-16.818671509452955,-16.63572876067576,-16.7993020590261
583,0.9738898489846148,0.07059953176859246,0.15506801029696032,3,16,900,1.1448494973274048,3.8761726944952803,65.63106079251784,0.8839849890309157,0.9077097519227015,0.11762776557023852,0.7920283575066179,0.20483433723851696,0.9047832416267519,0.521401150594666,0.0016271483716334943,0.01033953123195992,0.00280376262076005,0.9121405007650026,0.13811514999467045,0.9261625680505142,0.24038003193349702,0.9778351209322201,-14.833553325049786,-14.48279332064092,-14.787290944704612
176,0.9885870921106586,0.2034539803614353,0.17544315556407925,3,21,800,0.8660567865919143,0.5455481588287486,65.63106079251784,0.7020701608255164,0.9070707196595285,0.11708422804140638,0.7935050990096312,0.20404734727385132,0.9023816221059459,0.508844832659365,0.001404956968347888,0.00829046915023701,0.001854180281217667,0.9126133112100684,0.13896670262934427,0.9277626286832429,0.24171730540574302,0.978004979779903,-15.746559552688977,-14.471107751361046,-15.584303353315754
346,0.7969012404048077,0.01640481206430422,0.130848069068194,5,4,300,2.8223535615093236,2.5346021898091733,98.44659118877676,0.5475265227663464,0.9032845567767535,0.11566377142780031,0.8188535267922842,0.20268439306892294,0.9110562542263678,0.5953204579623507,0.0016671260727268167,0.007951170853819366,0.0023531261306114076,0.9086886191840674,0.1392664670776205,0.9810486826649102,0.24390170590388152,0.989960880970318,-16.94786702434634,-16.5328345818722,-16.899149057695308
434,0.7856302349685487,0.0715005613328632,0.08116416624212043,5,10,500,2.6819556151408825,1.6874016283744908,98.44659118877676,0.9225604257480173,0.901759000591416,0.11463944747949963,0.824762127975785,0.2012925444719388,0.9125675081010924,0.6199608476790867,0.0009765491232652299,0.007190954487975747,0.0012919463516652251,0.9073311418540463,0.13770821988695928,0.9828943367468325,0.24156071889736866,0.9908804433264606,-16.751921146316572,-16.088424041024684,-16.67000107022305
456,0.5162217230235935,0.3293588193635111,0.11113545643077634,6,7,300,2.368476895272157,3.740804131938428,131.2621215850357,0.969157864325658,0.9003442699147511,0.11386194512002569,0.8304207296135,0.20023869035385458,0.9148196204891667,0.6524133332910034,0.0034961620451950375,0.006043974399181553,0.005326698801914062,0.9051480848957368,0.1363457078475634,0.9963081920160001,0.23984669267762446,0.9950244320589174,-16.490260736828542,-16.65021563928243,-16.513883048204715
572,0.7544470350349401,0.4307228430106621,0.17454677825869375,5,26,300,1.3822008007250215,4.944202706518316,131.2621215850357,0.6603622622299787,0.9004033755810518,0.11385350611831906,0.8289443514819195,0.20016649137333734,0.9112363428113026,0.6243390147387188,0.004577546962673465,0.004268889108457983,0.006999718031965034,0.9061731204520242,0.1377178696095229,0.9960622350612388,0.24193928559443967,0.9939424276443675,-17.328443693521724,-16.777855609498616,-17.26581696662759
352,0.6965976005139611,0.2953189169973189,0.13559270830699086,5,23,300,2.1279624854178287,0.8366065200053019,98.44659118877676,0.758798150657761,0.9011975462088739,0.11368944389146389,0.8210682756753712,0.19970904410028104,0.9111992022799936,0.6047534160576885,0.002062072751823202,0.007844537104040636,0.003004636715866853,0.9069820676601418,0.13727433335330522,0.9830177468870747,0.24089782806341933,0.9901646714455254,-17.180844288742968,-16.474725072314243,-17.09803043649478
303,0.8438610212152804,0.36135347884911423,0.14158116199205054,4,21,700,2.413311623038515,1.3937993620727651,131.2621215850357,0.7642890548610985,0.8999157958110752,0.1133323983052752,0.8299289063791672,0.19941476177774833,0.912348677015812,0.6216921017428185,0.0031444658740726523,0.0008650300614628833,0.004858737241967885,0.9055507103553256,0.13679331009720755,0.9966774227964157,0.24056655259831858,0.9938752338729228,-17.15062803528963,-16.730439819675645,-17.106198004708773
227,0.9959049756746817,0.04958904979360795,0.08628392001364477,4,2,500,0.9327867900226625,3.711740252862546,65.63106079251784,0.8079927251300896,0.9050539014348837,0.11381480349701793,0.7846439232486859,0.19878738895591863,0.9026523510489133,0.5231323847637327,0.0017811705172136017,0.0068706731554217405,0.0027384490243470543,0.909233455769774,0.13239297387252438,0.9089336764098882,0.2311204580020274,0.9727990382019067,-14.032595410534842,-13.674237888524798,-13.989704470828435
522,0.5946418229580047,0.2296657204002714,0.15290445291327853,4,1,700,0.1450881331463426,4.102437922401374,131.2621215850357,0.5997057988792676,0.8995020821804905,0.11269237354090855,0.8279592515275227,0.19836888551031914,0.9108439675478901,0.6118670303758235,0.0029855642162967466,0.0011038245686244615,0.0046465269873646395,0.9059367151322756,0.13715443275484054,0.9950776347928626,0.24107128507877137,0.9934198756449918,-17.835412769820714,-16.794507023577875,-17.713598512779726
51,0.9438520913791499,0.17545750627603934,0.032242733121245114,6,9,300,2.5108916227121214,4.334343526554207,65.63106079251784,0.5420534030574987,0.9050982220681693,0.11210012988181108,0.7688928617498879,0.1956622234185931,0.9005675221363939,0.5048072174817141,0.0019448385612163349,0.008466761628836937,0.0029515148904240714,0.9081511681869344,0.12784885002814883,0.8790298908810813,0.22322023885757494,0.9655657290518862,-12.318233713381321,-12.529383843909937,-12.345661656855922
298,0.872930019313506,0.274661239701587,0.020970799855143017,6,9,900,0.103383778275,4.848038634240477,98.44659118877676,0.7313378025326968,0.8980540884848983,0.11083090193152945,0.8247615829186357,0.19540025726706048,0.9126632192746866,0.6155487632394375,0.0010365761640367488,0.0065718964002485225,0.0016045302982077615,0.9033953704781431,0.13259554784430128,0.9804333131769497,0.23358774449389727,0.9898171881715827,-16.414311239415603,-15.87784994309126,-16.348240918878552
371,0.5076974458456542,0.29146302840213156,0.05808929244412567,6,19,200,0.6614510804199123,3.6286295518205165,65.63106079251784,0.5942703028746256,0.9031774300744266,0.1102233114237572,0.7703699666243339,0.19283895018606642,0.9000536504749208,0.5071206929166358,0.0019621772701982738,0.009393449667132358,0.002871464038984396,0.9058499150515112,0.12551563913163422,0.8830909296454966,0.21977750466881982,0.9651768877541685,-12.183603424780575,-12.764366526379433,-12.257193712043824
530,0.5295529104378273,0.34536315755663155,0.14846938222874945,3,18,900,1.1464184244977078,2.7736590164117714,65.63106079251784,0.8361949063993522,0.9001337099951265,0.10941041029541822,0.7917812649322947,0.19225047041812907,0.9022770724189365,0.49908919782493566,0.0012136267206462356,0.005684471300658058,0.0018559619528082676,0.9046235669598612,0.12752092926564554,0.9163176558834558,0.22387669698116489,0.9726799873198001,-14.201997330571793,-13.59096271380812,-14.126627286133575
11,0.6179924598744779,0.12803416138066198,0.017682382012301955,9,15,300,0.07625738023228557,0.5394571349665223,98.44659118877676,0.9478817978367597,0.8956567943109418,0.10839865687590174,0.8237768463356717,0.19158553404408576,0.9128590603550973,0.6225324595723427,0.0011075279441181323,0.004472683755078,0.0018040831554542447,0.9003867483101876,0.12995133588046878,0.9894164899575225,0.22972208316224732,0.9920088431412265,-16.585192340301546,-16.74114443240804,-16.60116806934343
564,0.9977370761734072,0.4557573629329254,0.0520882817014901,4,15,700,1.5826909469982597,0.85798183532595,65.63106079251784,0.7203324417121468,0.8979026397984903,0.10615747174021449,0.7819366243884005,0.18693133448691515,0.9000188106454178,0.49220878237140503,0.0009315691831511622,0.0060815102658942095,0.0013170135745723523,0.9010553299988123,0.12130628717953473,0.8953970471352216,0.21365659903816128,0.9663171841096688,-12.488071139214584,-12.671520763870292,-12.508513507917773
207,0.5711246843435981,0.06069246971121445,0.06762227803784315,5,7,700,1.854155022861558,3.1659481300673202,131.2621215850357,0.9069851347530093,0.8893034211426571,0.10387083081375233,0.834359130888207,0.18471108304238784,0.9135071217054437,0.6362395992598137,0.0037645419079617966,0.007581463469371914,0.005860317795757419,0.8947758233384592,0.12453138739704173,0.9950775439164709,0.22133031373206247,0.9934490933472153,-16.59064193785751,-16.151345592193856,-16.545058863470928
213,0.9781110953244742,0.06657250208904847,0.02940841063493224,3,9,200,2.426650384908984,0.38208429719025716,32.81553039625892,0.9204357897129614,0.9677492062036244,0.14739849027335336,0.23972321997961488,0.1824956470124133,0.7845181420628288,0.17456927695429955,0.005457347930499187,0.0038521068920975227,0.0046702506835589516,0.9682663382548102,0.15988508130219461,0.261507041375476,0.1982364051774066,0.8037603571089713,-7.809728667079751,-8.33010892604744,-7.940397300337699
240,0.8284775781335698,0.478307310541729,0.023102023107720027,6,10,900,0.10886286784050647,1.3785992654777612,98.44659118877676,0.9531272902605183,0.8883097778452095,0.10219530112219503,0.8274688817789212,0.18192171203768148,0.9123912132700084,0.6047774543627326,0.00023035340907684272,0.005076015644155604,0.0003703735177244685,0.8933259994783146,0.12161233916049485,0.9811715021086048,0.21639704224703857,0.9888653772447084,-15.966338755045795,-15.665214490980029,-15.931516369803289
317,0.564800325597721,0.33805411570720556,0.18935663801900984,3,21,700,2.3454715900348067,3.2207461073795796,65.63106079251784,0.552404032498786,0.8937138490206014,0.10280569247752848,0.7871055830203796,0.1818570039702151,0.8978750253906638,0.46810828309780916,0.0004484499627500314,0.00838409135806288,0.0008536083135705782,0.8980245413947195,0.11955867256072489,0.9105339187954007,0.21136388119408536,0.9692945195817311,-14.012350358513249,-13.555599986688227,-13.960226816981802
154,0.9706187521161933,0.03620813607317075,0.11150601913552456,3,13,900,0.0996093263740997,0.3928924857751037,65.63106079251784,0.6610473511096677,0.8933887888546831,0.10236775125330773,0.7856284781459336,0.1811307287531124,0.8977747209790724,0.4769239436884829,0.00043416897262250697,0.0075257405101510615,0.00057389337421546,0.8972636158570815,0.11795529861642672,0.9022882039353477,0.20863268392029652,0.9678029996959383,-13.214791998286913,-12.929319621003621,-13.181997494549147
524,0.9789729299630687,0.27055691243942237,0.12496700852270229,6,19,200,1.7148229484488315,0.9241919897351247,131.2621215850357,0.9124268837435519,0.8860676239188295,0.10080600631498134,0.8321431102051049,0.17982604504175717,0.912044952790866,0.628363474552712,0.001218136328738823,0.004588286895215538,0.002005977100044214,0.891955589127969,0.12158579612011132,0.9956927770898435,0.21670580619331367,0.9932468517347619,-17.090639259048146,-16.425715908350025,-17.018353960787604
150,0.7407611757562751,0.05865409448119724,0.033785300518484586,6,20,700,1.6752380177495938,1.1277007122186773,131.2621215850357,0.5321044685375671,0.8857905897009225,0.1005066294297861,0.8311591003650065,0.179321540729766,0.9137268522376516,0.6285627833262839,0.0017334739868231058,0.006645739484054302,0.0027452835313388213,0.8915788186571246,0.121095032086125,0.994216217473749,0.215888349746952,0.9924936054304242,-17.001855734012327,-16.40056903548225,-16.937833403259994
487,0.6007641890031564,0.4672165193767207,0.14092665421216366,3,11,800,2.3385501042721906,0.08100198669733605,65.63106079251784,0.6267920584981845,0.891829991467817,0.10081833135224359,0.7836600950943039,0.1786445200693512,0.8967559809401102,0.469367864701435,0.00113641445062458,0.008036491949131619,0.0015729442300242218,0.8955127412950294,0.11656729615884343,0.9061036492505696,0.20655801743135574,0.9674072898062911,-13.510620324536916,-13.51319512481135,-13.51363539848115
160,0.998166958028371,0.48739658107339157,0.13356188040591802,4,19,500,0.6616833747669698,2.0919989433382638,98.44659118877676,0.6288414442556068,0.8857795178008754,0.09941443960466993,0.8198375366323827,0.1773132126082356,0.9063151080562184,0.560230809515211,0.0016604129942816065,0.010251625881684592,0.0024702844810393088,0.8912611442947039,0.11899410269117511,0.975141262807437,0.2121032844938159,0.9858657881169063,-16.454313822022083,-15.926279822057165,-16.402420155164855
152,0.9873499259353449,0.36094381396346753,0.13482693293725367,3,1,700,2.339552966680049,0.19809412674178573,65.63106079251784,0.8745808195506415,0.8891261185931771,0.0989769763656511,0.7880890478033288,0.17586109258826946,0.8981433833268128,0.47113797907426697,0.0010389568097133007,0.005886039041527463,0.0014994096093061905,0.8926500250173781,0.113145559358318,0.8995811779725077,0.20100503519294496,0.9649168677772115,-12.522438417398918,-12.393782006473486,-12.50911081930849
521,0.9369374777605092,0.006453613990495988,0.0530712238942355,5,21,300,1.9318697383428405,1.904759225117375,65.63106079251784,0.5635481201092196,0.8901493064143343,0.09855623134400493,0.7755380168277309,0.17488146713456687,0.8960395610418391,0.47378240200517946,0.001219716437408007,0.007757428678535727,0.0018579428080482633,0.892799625252306,0.11118465044051888,0.8779226983599902,0.1973667653632638,0.9583944790194119,-11.358059809946386,-11.662152228609612,-11.392646673471884
138,0.8541814883575174,0.418506664181836,0.1425195777171639,4,4,500,2.258149918672924,0.7930255264653685,98.44659118877676,0.9806576440924537,0.8818751320423354,0.09721639991784607,0.8289439881104869,0.17401965383486082,0.9093340322119324,0.5753605375383737,0.0014772644131903882,0.004240803604860474,0.002370205268316334,0.887388173226463,0.11537342988737842,0.9751415808748088,0.2063308278753996,0.9860428819519758,-15.737618260336284,-14.992447828259635,-15.659886781461019
157,0.669725096271403,0.4074125568732561,0.025221820813088276,6,16,700,1.7924275878957903,3.91916276709431,98.44659118877676,0.8217888475982624,0.8818862151171478,0.09693156853870183,0.8257457744444504,0.17348923145455494,0.912135063627837,0.5945106181075787,0.00147514850316233,0.006259723742856645,0.0022537049059135235,0.8868784252704449,0.11492037574789922,0.9750183524873505,0.2055994854233456,0.9863965437884111,-15.6532791440392,-15.309719828564628,-15.617866894303312
282,0.9708628558094625,0.334286323361457,0.13894729176778733,4,19,500,1.7960772069572921,2.5107680498099345,98.44659118877676,0.9566434737881184,0.8811289797080147,0.09661120224714415,0.8284525282475869,0.1730364916940852,0.9086721528853373,0.5692809114581889,0.0014864052724821266,0.007178406062987006,0.0023407174254682504,0.8866327849998964,0.11484404616688242,0.976741096249186,0.20551721917586094,0.9857576091691792,-15.876176892308136,-15.181972845316604,-15.804382529126194
597,0.5134338270224676,0.19024094274651793,0.030163861243289146,6,29,300,2.8714044976193884,2.135525226801716,65.63106079251784,0.6498343419207454,0.8904115707854457,0.09754992857294481,0.7627393482206609,0.17295642360001942,0.8933165324464021,0.4713079500201718,0.0032264683526678196,0.008717314848417639,0.005101153223210247,0.8934626667543175,0.11071726292285099,0.866231541414462,0.1963223779246376,0.9549257441885128,-11.892756379898339,-11.947405312072746,-11.901829313410051
104,0.6671814056552411,0.03775168190194461,0.15311678194201567,4,10,500,1.9319986297170473,2.043670855490482,98.44659118877676,0.9894657178079806,0.880549048649423,0.09591343539648835,0.8254992269272767,0.17185086330233393,0.908322160364249,0.5675143876218484,0.0017643989612745085,0.00383828791270742,0.002762228582564932,0.8856059001837154,0.11363697786392159,0.9734186553601895,0.20350888440517942,0.9852908860958816,-15.596633068381038,-15.195869487232994,-15.55608797884982
40,0.6557066546956472,0.4897552643107543,0.043312751278974326,4,26,800,1.4204153123416972,0.8660093495500759,65.63106079251784,0.8248868413213817,0.8874712737720083,0.09650060657885606,0.7767691192421525,0.17166444496610592,0.8970111538433739,0.47118331833636135,0.0011158907727924804,0.009188568345757911,0.0015410896839583345,0.8902785930978242,0.10947036943315813,0.8840751209701092,0.19480808540792957,0.959319874937217,-11.84773827060237,-12.13765653875749,-11.88022580960164
141,0.7699926898579277,0.3899226975755718,0.0303263213771221,8,7,300,1.2967223516775368,4.200607513706094,131.2621215850357,0.816310946566974,0.8787058258994046,0.0953546347063514,0.8343594942596398,0.171148376773548,0.9137381979073321,0.6369111846977664,0.0008270834751053856,0.0018806081122326708,0.0013432792076612436,0.8848412811201135,0.11498679941525707,0.9959387340446048,0.206162140824148,0.9934336761067786,-17.073407390014516,-16.22381319870709,-16.983605190860917
229,0.6012402800826186,0.4790367400596901,0.07990874274739605,5,16,500,2.525911114490126,2.3515952705089282,98.44659118877676,0.9981671688136237,0.8776309348956902,0.09381919077928864,0.8242686695700044,0.1684297450840314,0.9093604969534308,0.580532622545848,0.003716892597010429,0.006825493728314109,0.005882611213299219,0.8823460965762066,0.11105285054810336,0.9739112054044554,0.19933716359309925,0.9854273802349743,-15.51843080457429,-15.365110803125626,-15.505095965024463
357,0.7533363244913729,0.19361863558904796,0.18224872002771095,3,19,500,2.516991983154032,0.05708991727036816,65.63106079251784,0.8079559578383606,0.8809738450682874,0.09205586330633514,0.7819364427026841,0.1647175681739029,0.8944890980398007,0.44258264681693477,0.0007222696614808919,0.005998254669449676,0.0011517949054082703,0.8849336218377538,0.10517845329703591,0.8880133402908298,0.18808007392154003,0.9590515029286566,-12.476500252044097,-11.945417121031632,-12.421574099010135
15,0.6762844281670846,0.15239062907901452,0.04128461209715893,5,9,900,0.6663234314121907,0.599326836668414,131.2621215850357,0.6220627611238871,0.8720828077345971,0.09088139579595796,0.8350971382682809,0.1639127415379883,0.9109065789430867,0.6108508428989653,0.0017833261344248248,0.009349759221613699,0.0028158349415059337,0.8779467491329757,0.1088755626737269,0.9924931556445417,0.196222066924194,0.9905413461636708,-16.52727796382831,-15.858650156035093,-16.46569414574951
461,0.6516429454246415,0.46627743920965603,0.03254231549090026,8,26,200,1.2622836052977773,3.0084108200914805,98.44659118877676,0.7377980959110042,0.873560326346893,0.09038473706399297,0.8188558887065976,0.16279104639296346,0.9090562563194237,0.5801937337307579,0.0012553933372547535,0.009597923710289847,0.0018792869428851315,0.8773280392343165,0.10682201959126834,0.9740337522189743,0.19252256530401168,0.984691431619829,-15.387541435903508,-15.931466764766766,-15.443134608194775
217,0.887326765590591,0.3306853055352072,0.04518715789481891,5,26,800,1.6488481311567735,4.1526722820241995,131.2621215850357,0.632523214162502,0.8696965974950502,0.08937344729057328,0.8358356907055038,0.16147523526216503,0.9111878312088287,0.6025145902161688,0.0009178993997561445,0.00784472595616327,0.001377777451466322,0.8751394408716378,0.10660959771675034,0.9917550121510824,0.19252287182000485,0.9901029909772313,-16.16754100505243,-15.721556184263186,-16.126726276380886
34,0.7327990090662301,0.2713223173537883,0.06444283790437404,4,26,900,0.7507540815475922,0.194173672147116,98.44659118877676,0.6800953207056315,0.870343012307495,0.08909644162639213,0.8272210624617324,0.16085101943100186,0.9067915869857842,0.5577278773573254,0.0026784743037406053,0.005758240705657168,0.004328905136980893,0.8751486786365796,0.1044799125456216,0.9661581769032561,0.18856124899158222,0.9818191951933838,-14.72385508794546,-14.380369360102808,-14.695612014013237
71,0.7058306071787641,0.43715880242720856,0.10789485042420006,4,29,300,0.6715471977189618,4.108953184222246,65.63106079251784,0.6392951695159793,0.8789717887903296,0.08969819223209964,0.7715992521815913,0.1607013887720268,0.8923968489641622,0.44646399786237145,0.001957951423327406,0.005619242265406917,0.003040618018184399,0.8818141855303222,0.10142979290383881,0.8743531645613333,0.18176553357820727,0.9532607187128123,-11.566227570691579,-11.751991820295416,-11.588635310289618
422,0.6737535412125906,0.2176968230878678,0.08523270186204493,3,10,900,0.918154390568364,2.759385682105928,65.63106079251784,0.535517444522001,0.8745059574498867,0.08686697188080929,0.7735679986046536,0.15618779461886764,0.8906900867044424,0.41938253650127755,0.0017836995559717993,0.005123050049385124,0.002893371805654668,0.8768977012473947,0.09788626663310963,0.8764459115529157,0.17610165997752678,0.9523204724891269,-11.257242850625904,-11.738078938149144,-11.30816447795009
378,0.6842244599582894,0.44767304457658463,0.1366279790300988,5,21,300,1.8907416583684737,1.2419180437160375,131.2621215850357,0.9168215670719793,0.8642518888971672,0.08602598528028617,0.8353442308426038,0.1559783740719338,0.9094241116459615,0.6006159280951369,0.0018411063468460752,0.006271700713426314,0.0029542729557489903,0.869354913159603,0.1024585013194335,0.9924931556445418,0.18573680840452242,0.9898754240394402,-16.03821628028298,-15.83375400708762,-16.021829269175736
539,0.7358699187592195,0.27673588810492494,0.11835451835896418,4,24,500,2.4824962249070204,1.2727027146083059,98.44659118877676,0.8901063242678168,0.8656518530016929,0.08587729529024468,0.8245153987728947,0.1555513658166521,0.9069277191240439,0.5446858292794073,0.00025412747754909645,0.011391141353833937,0.0006096373545147502,0.8707290145083008,0.10131708441327854,0.9673885069354137,0.18342361272722219,0.9812656007773929,-15.23907760714276,-14.768948270341365,-15.19556097285043
37,0.719485710352818,0.03922819067113298,0.014816641248936929,7,23,200,2.065499702296099,0.29096797754221804,65.63106079251784,0.5782185213355431,0.8763750073745263,0.08574496961068785,0.7482184807077022,0.1538389508844823,0.8825889230765878,0.41700327691918876,0.0020759174158081436,0.009279691988395625,0.003142234133595405,0.878578404966314,0.09539809863412242,0.8346050575620154,0.17120403655641173,0.9380958641279978,-10.118785554056942,-10.350593501872495,-10.142918368754483
493,0.9033787818945631,0.421007830753372,0.10171555988461754,4,1,500,1.644435608184066,0.8732359294816477,98.44659118877676,0.8167058701210635,0.8597047870506618,0.08241671528946802,0.8237753928499404,0.14984168064659353,0.904926098990356,0.5305617980065073,0.0006108257401316836,0.003641231511834319,0.0010480056433143366,0.8647708760433295,0.09701301830531757,0.9640656571026534,0.17628495953196002,0.9789604137190371,-15.045715792402559,-14.551940857880275,-15.00030346070017
467,0.9671520570837451,0.4582102722660331,0.13072872780376288,3,16,500,0.2741223145812276,1.5741291467582441,65.63106079251784,0.8387190356141472,0.8674138004973967,0.08258704168588778,0.7750471020219803,0.14926573229720114,0.8893548907389383,0.40439608531861077,0.0002763711637668031,0.01204486839991854,0.0005890247760023036,0.871000511619811,0.09308144054965202,0.8686922923551689,0.16814540773630982,0.947172268954124,-11.274426783464165,-10.780018558619975,-11.228183804291758
32,0.7764099884539539,0.14825507182389924,0.08975836272479253,4,25,800,0.24478254120072107,0.02592431386993388,131.2621215850357,0.8991475894833876,0.8562141334654486,0.08180441978889412,0.8390342677429729,0.14907027364511097,0.9104044474955124,0.5844387857043525,0.0009929453984727687,0.007429563790807077,0.001593711886649229,0.861961715226993,0.0972672078247724,0.9899090400017885,0.17712949281925483,0.987885613582352,-15.897226189256507,-15.241276335706866,-15.841076902295336
9,0.9631504392566745,0.32553851275097223,0.18384233835331837,3,8,700,0.9926940745579476,0.3177917514301182,98.44659118877676,0.8344206263318037,0.8554753642125318,0.08036565026711591,0.8262366892502012,0.14648041173898788,0.9024098365598441,0.49336364174761177,0.0007615066037960369,0.00693875602959015,0.0012125597944028803,0.859920877397199,0.09376624620975887,0.9617276347292493,0.17087207310195818,0.9765175804294687,-14.291492391265503,-14.08828659864726,-14.274808586430598
363,0.7163834397996314,0.34272194161095076,0.07316666985825528,4,15,700,2.946148611047888,3.9243091147944007,98.44659118877676,0.81614107681882,0.8548252477693499,0.08005236605578707,0.826237052621634,0.14595606642605605,0.9058815729512117,0.529272128752963,0.0015197455943080599,0.006383304285475859,0.0024782874610142424,0.8601739060295305,0.09373994099595484,0.9593892034120813,0.17079042932418806,0.9773571624693856,-14.601646635086352,-13.878846073823825,-14.540839903266678
53,0.6853210735334454,0.4063997836287513,0.18997722970293315,3,13,700,1.0506547401009407,3.5409059779159993,98.44659118877676,0.8885734579637183,0.8516559359367036,0.07871641956833429,0.829930178179182,0.1437925545351371,0.9024172304789383,0.4885558194765743,0.0013094426305236295,0.013427512220778108,0.0023307172894485736,0.8568309960923526,0.09160584896091413,0.9576661415828741,0.16721552667985065,0.974960071134627,-14.070531018253462,-13.338256189423625,-14.007653840399026
443,0.7828907774204982,0.46457235860584367,0.08359127841530967,4,6,800,2.248278017942426,2.155562025485025,131.2621215850357,0.8876220259174746,0.8487156608225314,0.07855123129117858,0.8456799678779653,0.14374327919337074,0.9094105650461574,0.5771078519424051,0.001749494466799139,0.006535633890468686,0.002914844118136108,0.8546645653017012,0.09276573597351478,0.9889244851716082,0.1696187930277243,0.986662981563736,-15.323011813752585,-14.484879223997138,-15.255098431294822
453,0.6950601173441696,0.17756582387690628,0.018597345913588692,6,15,700,1.7442513167460616,0.5292661793895442,98.44659118877676,0.7833026294527314,0.8511942116261936,0.07835253329523056,0.8282072525304277,0.1431588438577617,0.9064065596340782,0.5502550433347441,0.0006856126120814698,0.00581104250342102,0.0010802903373754054,0.8557671743587475,0.09131728978822433,0.9618505450493359,0.16679742240635678,0.9784573960936456,-14.197482780161986,-13.894392762656615,-14.172028684595661
108,0.5613884448313542,0.4382220379376469,0.13215585708670813,4,2,200,2.4523306852153226,1.7090867584893799,65.63106079251784,0.9125536657113299,0.8604694120905111,0.07827504368762946,0.7698777800185682,0.1420973708644552,0.8843118451466069,0.4007800088940387,0.0005335017868998242,0.01051217532730651,0.0007113749706186824,0.8635759215408837,0.08751525543973428,0.8579862354981724,0.15882611774775526,0.9397914681482398,-10.558401167517495,-10.26921549952906,-10.532743052920523
541,0.6586527387102432,0.4559797920998166,0.021576457126936788,6,9,300,0.8645535778785884,0.032321788948552754,65.63106079251784,0.9540075446874872,0.8626598399117383,0.07830192106100393,0.7565845628914191,0.141914110049432,0.8819317954421653,0.4131019857289859,0.0011658104162631207,0.003032291835936782,0.0019400677482503063,0.865456084769438,0.0879762853185686,0.8498652030478487,0.15944089865739627,0.9397734236158884,-10.996559155155373,-10.975933574159736,-10.99265543254716
192,0.5397096844944933,0.04282912479821527,0.17989626618618249,5,9,200,0.6799692066809641,1.7749815291596867,131.2621215850357,0.7212049682403348,0.846281420991918,0.07691526141501011,0.8375577079256761,0.14086344830915024,0.9086203611254126,0.5584445494665928,0.003990411572905957,0.00527935373146278,0.006695843892492261,0.8520955128786948,0.09124718262190672,0.986340369528855,0.16701976067120486,0.9853466907362689,-15.706699971529625,-15.084312292139867,-15.660609413484883
344,0.718307094884383,0.2900444173347273,0.10817269319299087,4,19,500,0.43144305094444113,2.1505143826490003,98.44659118877676,0.9732282565752027,0.8476259776634242,0.07675098277225999,0.8296834489762919,0.1405011137749299,0.9043963910960987,0.5181063872635794,0.00093592802114768,0.005540441001566877,0.00151463805827649,0.8514490885800189,0.08861917828457021,0.9582817837000105,0.16223377072632425,0.9752614006864588,-13.392355630064145,-13.419678523699897,-13.39588968073463
428,0.6978539817868963,0.3575932273901206,0.06356461815189854,4,9,900,2.1750182288973563,2.871437875451055,98.44659118877676,0.9958864404896247,0.8473784837940395,0.076440279447591,0.8269752416874243,0.13993991241920353,0.9040818011012676,0.5236165056107832,0.0016241297619728897,0.0036295795341750553,0.0027203067556088854,0.8521989389940848,0.08897241212613478,0.9574202300663089,0.16281166844536357,0.9756695090368384,-14.085414095300875,-13.624632557623128,-14.047983319964164
147,0.6987971989813971,0.13710760117433501,0.19695575311236738,3,26,700,2.173268017842351,3.7291850601548218,98.44659118877676,0.5155670414422557,0.8472344328840556,0.07587785137469562,0.8210686390468039,0.13891773467905996,0.8979626512250235,0.4520043464260895,0.0006984318542626673,0.00676523885564255,0.0012634218287463678,0.8517870766598463,0.08867249999516735,0.9565594488819387,0.16229854187581402,0.9719735520632374,-14.429105552644895,-14.164389886431138,-14.406048832308272
286,0.6531567493891064,0.39449257996039666,0.09481970811630061,4,3,500,2.5726870129838515,4.583176179206037,98.44659118877676,0.5494368088203176,0.8462962089721238,0.07540409155114167,0.8203304499810139,0.13810895045703422,0.9018501206373241,0.5004501748797482,0.0010667157774939947,0.004334911533576115,0.00173094352213342,0.8498755180717361,0.0871375970537709,0.9500363414691332,0.15963293877587362,0.9722921239445032,-13.465491245287286,-13.652729461648017,-13.483425465880394
381,0.827586857262169,0.13011829899261468,0.040303529882858076,7,5,200,0.5569401147037291,3.3210969249448414,98.44659118877676,0.860282774322203,0.845147414170468,0.07518208076591414,0.8237773913928209,0.1377785021388334,0.9046319879537448,0.5373985986619747,0.001907372678776263,0.00540862803345525,0.0031325922407269475,0.8499918809323517,0.08860592351528862,0.9677576014012413,0.16233717620215413,0.9782738898681772,-15.150051166791634,-14.877714192060875,-15.128188525799214
58,0.7921571559615501,0.4505790052454945,0.018634812264876996,6,10,900,1.3669702583571388,3.1006629890076836,131.2621215850357,0.5848399519477827,0.8410731363281666,0.0748015395493114,0.8429744858748439,0.13740207376657096,0.9095197222596446,0.5850908877591243,0.0014382516481732863,0.007631346424736007,0.0023371342454750624,0.8458529420817413,0.08770209531816804,0.9857247728499146,0.1610698509489702,0.9855396380994378,-14.709518309745794,-14.481759098166203,-14.694107583111638
382,0.9132440450978812,0.22310061048877183,0.16311046119738828,3,4,700,0.7498708391928637,2.5750282985486157,98.44659118877676,0.6274411244574412,0.8430567126554182,0.07432951635785258,0.8252530427815357,0.13636904784053003,0.8982591201237285,0.46121879683823536,0.0015243734556884487,0.009016656629490524,0.0025325583504867497,0.848795075563393,0.08682353561847585,0.9532366899255704,0.15914869815881835,0.9712469484621474,-14.390129556028553,-13.426219164311416,-14.313438049965043
151,0.7909857009571994,0.13449670221754884,0.16153622912106577,5,13,200,0.03486161972430191,0.3622344389727944,131.2621215850357,0.6977725419399843,0.8411802686383426,0.074242316991462,0.8346058600910972,0.1363454082774248,0.9055634250570991,0.5559519119366099,0.002093654357765535,0.0029643169236432134,0.003508088341675006,0.846283267358973,0.08770313568326488,0.9824022410845261,0.16102463779545514,0.9838549717390834,-15.348161256646398,-15.044385569628659,-15.326368595456575
403,0.8728766895380631,0.27896372257535035,0.1210869371315067,4,12,500,2.465492839756078,3.297553843203851,131.2621215850357,0.7155434313116447,0.8400721035637352,0.07399271944003878,0.8382978955343469,0.13597900679162792,0.906872356250865,0.5462061556019991,0.0011268790914336422,0.003568203628628107,0.001855922920665926,0.845568519890905,0.08753236101374413,0.9854787704569574,0.16078103167749594,0.9837136672015648,-15.468155339234357,-14.934961496366295,-15.425964510302048
221,0.612307805921926,0.18608351191875666,0.09209460775939723,6,26,200,0.49105140439590445,1.3689565375705326,131.2621215850357,0.560750688150459,0.8387127895709945,0.07331289048222962,0.8370669748056417,0.13481172696531218,0.9059572646930141,0.5561396914017683,0.0008112601510528731,0.011963986698732809,0.0012260431603233802,0.8436384878707258,0.08635919505099214,0.9830175196960947,0.15876805548841258,0.9837368264131195,-15.10702428509103,-14.847196714822985,-15.088884504760347
127,0.9368385570931694,0.49204173459964756,0.15597194863425848,3,7,700,2.2127469047666746,1.1938857288415117,98.44659118877676,0.7336553832688263,0.8410952847127797,0.07325963715822183,0.8225459256069666,0.13453092969041844,0.898970539061766,0.4667214403595332,0.0015137756025173253,0.005370501507763932,0.0025191083889081274,0.8455260426947685,0.08511181371282268,0.952867186515979,0.15626239501207959,0.9708785593940887,-13.92541885500349,-13.676749787713149,-13.907034587548228
284,0.505853305365452,0.2110171300638195,0.06605773445428968,3,23,800,1.1981062451840727,4.550673183910671,65.63106079251784,0.7793211982252126,0.8492327891276715,0.07246429047360216,0.7666799297239649,0.13241194938807463,0.8796719145254434,0.3683186024000246,0.0005776278917694331,0.014646359453596939,0.0011829318977900052,0.85210105092656,0.08002558337885697,0.843587461893257,0.14618321496549463,0.9304937569675085,-9.448594544394828,-9.116723000681992,-9.420551860670601
389,0.6678369165195298,0.3746952264005795,0.11866331873161413,5,29,200,1.2473253105699658,2.1447216671507214,98.44659118877676,0.8394892465190209,0.8358020426072494,0.07156202848566558,0.8301761806392066,0.13176562482099405,0.9023174810563473,0.5057779990598886,0.0006126623872428947,0.005480739789485963,0.0011043089387455197,0.8403177435510257,0.08286351054707293,0.9572971834316344,0.1525230980287942,0.9720326844287611,-13.638671577868077,-13.279157715343493,-13.609396528177943
599,0.5110429226505899,0.17898059726638232,0.0733955692204016,3,16,700,2.214504811610531,4.284822073881195,65.63106079251784,0.8001257050497915,0.8479251761889616,0.07173515942946869,0.7649570040752106,0.1311673713399564,0.8785825151228849,0.3636695917426034,0.00034858717182714466,0.015055005356772665,0.0008042534850838615,0.8500066508508098,0.07899221392244364,0.8435881434661964,0.14445508652224404,0.9288812093844482,-9.187050384611439,-9.321034203717037,-9.198509725195114
139,0.7327350043849918,0.4395357401140658,0.010977582443395806,5,21,900,2.7261039278081034,0.0056005574005474346,65.63106079251784,0.9160670889788709,0.8472454914398777,0.07072773645311314,0.7556016431656193,0.1293403397595242,0.8754264740240038,0.3808719711358237,0.0015432892387096857,0.006868170103148227,0.0025389535977445882,0.8501100898498551,0.07860787152757003,0.8373122198394433,0.14371029397604193,0.9272252710947715,-10.024613211531996,-9.758674809438727,-9.999251841286583
259,0.912989106354041,0.050318739261766665,0.0555760814236295,6,2,200,2.219013902180291,0.9563020895729335,98.44659118877676,0.8255737924408371,0.8324147878145082,0.06998299363084708,0.8269752416874242,0.12904267811991701,0.9011233310582712,0.5058010740946977,0.0012220701464669514,0.0006681725345400009,0.002078966030777191,0.8363284233142507,0.08111394209499988,0.9582815110708346,0.14955986185361256,0.972953432386454,-13.722608193689245,-13.702264717252222,-13.718375692120876
149,0.7268468173026413,0.26517719686412805,0.013393759570880681,7,12,800,2.735508104879733,4.837556318068889,131.2621215850357,0.8982686454880882,0.8260946420941947,0.06891046925353916,0.845435418903672,0.12742624443946707,0.9101053953120557,0.5850319412990788,0.0019007982368948308,0.003590032750562196,0.0032347256439775943,0.8316797450421486,0.08136429657246293,0.9916316474490361,0.1503795095180268,0.9869248099887765,-15.30625574551905,-14.742997454896944,-15.263558946379064
291,0.5154778954596717,0.19399337997343474,0.04040473792800687,4,6,500,0.44118555169976514,2.439255985962032,65.63106079251784,0.9500415915082403,0.843089950132025,0.06941529228989797,0.7620002507262886,0.12723810587899742,0.8753126489837012,0.3628606220211538,0.000985752855629452,0.0050447270284285734,0.001693071615491215,0.8455075742667563,0.07634372983564315,0.8371893549575525,0.13992502751676816,0.9244300286019058,-9.075319689856777,-8.9811347679016,-9.06694239259691
202,0.8474755444512309,0.17304986326889277,0.19536593816338385,4,25,300,0.3975740182255453,4.310072411363112,131.2621215850357,0.8031854722166878,0.8264972978648218,0.06873592872796457,0.8412504701117912,0.1270842916442698,0.9060482653487659,0.5231097704488862,0.001208097789927989,0.0027534611606655894,0.0020427143681811598,0.8318902787134306,0.0808083584478454,0.9831407480835533,0.1493405961957777,0.9805278627612779,-14.93958044906024,-14.432346360208381,-14.903050555879027
342,0.7820370144167589,0.17928923076243658,0.13475990400449647,4,1,300,2.6320668366157802,4.871861193396288,98.44659118877676,0.7529789538674658,0.8291753209697106,0.06875290029250603,0.8274687000932048,0.12695511229655956,0.8995452464932577,0.47937681478382105,0.0006862793782575544,0.004473765685318987,0.0011232998324896375,0.8326124210618584,0.07850141603314337,0.9454832070424114,0.144966551616454,0.9674668080983969,-12.418267380707515,-12.481925228304224,-12.424548365852207
388,0.8173196282436903,0.29107190378889924,0.03249885744342706,4,28,500,0.7360569424986332,0.28866079612558604,65.63106079251784,0.6338003994308538,0.8437363756280365,0.0690936358850252,0.7546169065826552,0.12659563946282396,0.8723797961217645,0.3594399835885069,0.0004270022992313887,0.009172986735652843,0.0008452507373542793,0.845869565558056,0.07613488711940082,0.8325132193343522,0.13951052558999202,0.9213835596894651,-9.248389931061386,-9.356765867811689,-9.257284403847542
63,0.7074097511688326,0.13670353596535312,0.02071134436367615,8,28,200,1.6030388250883894,3.749553747349859,98.44659118877676,0.7777158528013137,0.82637166939439,0.068230795875174,0.8333773012767055,0.12611546756824302,0.9040592128991408,0.5270019714726527,0.0027206100122402106,0.010223494973800974,0.004594915821865693,0.8309686879789048,0.07922798521155551,0.9639422924006071,0.14639969376481346,0.974083985890208,-13.880435438332405,-13.544897049671079,-13.855374744947502
474,0.9024818651996273,0.02619564779743061,0.04032873127211178,4,10,500,0.7049828326040748,4.150754914989591,65.63106079251784,0.9873452980242757,0.8399797411003549,0.06785798354657148,0.7583098504544868,0.12456470408059944,0.8734455564367051,0.3585287034540496,0.0014003447754848003,0.009182176007816376,0.002395020502817534,0.8427113519148302,0.07515086170709466,0.8380505905238823,0.1379271743404716,0.9245365464339065,-9.704317415477737,-9.515027012814093,-9.688062068818336
235,0.9991737556964748,0.46655666567177884,0.1320873879116864,3,6,700,1.4884991523396582,0.8912623345232079,98.44659118877676,0.7049524448481441,0.8254149972549865,0.06712336375468726,0.8242695779985865,0.12413536703989526,0.8949574060963874,0.439433787646732,0.0007562080244044754,0.010412994103357432,0.001302360024562591,0.8300193587757705,0.07739152396763826,0.9453604784751087,0.14306943476143696,0.9646338344809392,-13.267809814993036,-12.808965810782047,-13.234180838914734
294,0.6234537133337927,0.4192746074514141,0.07767527295234289,4,13,500,0.5315127758155965,2.537231830598711,98.44659118877676,0.6351238460653916,0.8225633625887213,0.06629421817393714,0.8267296025988324,0.12274063011345122,0.8971455318791176,0.47385450074094515,0.001399484203950811,0.008607820075590666,0.0023883676575385936,0.8269885750120025,0.07597223016859289,0.9427759993267877,0.14060990914190305,0.9648185278740075,-12.738881000569414,-12.309010497808703,-12.708406638978909
444,0.6172128000057573,0.17254187275661687,0.015719735720150597,5,2,500,1.9112841024733276,2.9864621017673465,65.63106079251784,0.8392499841463189,0.8386979835801783,0.06657985887824415,0.7484624846248463,0.12227779860627108,0.86941443967636,0.3569386048445256,0.0009487523538460773,0.007845165777152972,0.0015488120240880136,0.8412375157049258,0.07330054455298288,0.8222995762070339,0.1345970492681611,0.9178132143314279,-9.168670868305629,-8.979342044996663,-9.152689994968654
216,0.5360421679993367,0.0356283638826293,0.012300610294628617,7,20,800,1.1627856944483086,2.3097346833547787,131.2621215850357,0.6748516148729248,0.8137535866739217,0.06494320983798511,0.8513412948014266,0.12067818372722576,0.908653728385644,0.576949599396468,0.0011082018128803785,0.0051306848423735086,0.001921278501560946,0.8181640287286654,0.07538291356873826,0.9863401423378751,0.14005853469978793,0.9829648230113723,-13.848899222014888,-13.686845109686718,-13.837322383890049
527,0.5970814345230411,0.2372174468103675,0.011393488658874252,5,13,800,2.9837459671057798,1.0092091768187905,65.63106079251784,0.9798955102024252,0.8355729964332049,0.0654949774074427,0.749693223667835,0.12045754267485471,0.8683045106215515,0.3569120302047512,0.0016302587724486663,0.004167081511031963,0.0027092517108692764,0.838173492131333,0.0724627072070017,0.8279603575368064,0.13325133799825273,0.9178085555268392,-9.615607901115986,-9.453004984661007,-9.601250925950012
96,0.825683605494123,0.385623334259869,0.08114272024688018,3,22,500,2.2093327068741684,4.671835073845074,65.63106079251784,0.9553430991278565,0.8324591131141791,0.06502893655883239,0.7595405894974755,0.11979862546270599,0.8714119144496989,0.3330183216213813,0.0012115588273243323,0.010508928191353923,0.0021288089186468273,0.8349025992988409,0.07107935118187964,0.828451635311585,0.13092427059720388,0.9169267340523537,-8.512197315314951,-8.318052964937628,-8.497771332808558
206,0.8903807930342199,0.2299002118846601,0.0210511211460404,5,18,800,1.858493254222763,1.4867752411841946,98.44659118877676,0.6195900521079628,0.8167308203387105,0.06435250612303699,0.8279603416418212,0.11942175180368297,0.8978958845922914,0.4863907155130584,0.0005486346589659542,0.0031513820799877685,0.0009126576000546523,0.8213148548185346,0.0737775513501042,0.9438837825444263,0.13685770539557174,0.9645711770469524,-12.774949906295452,-12.281537520446683,-12.740205998260834
187,0.8233029567114301,0.08738672141368858,0.07854677863101396,4,8,200,0.7106116769234462,3.902627576219309,65.63106079251784,0.8659790337928173,0.831616906018512,0.06404813486300596,0.749942496470755,0.11800525265773505,0.8671244046014319,0.33755732595469307,0.0016046109955436642,0.011574429732283929,0.0026341829618275335,0.8340641110258176,0.07086412332655935,0.8291899151196324,0.13055773245326882,0.9144324435492317,-9.618391004632388,-9.557209657746968,-9.614505061986078
7,0.8736600550686904,0.2698460661945399,0.12148272147613116,3,28,700,1.6280882494747453,0.7046211248738132,98.44659118877676,0.5826334695315012,0.8140860418737396,0.06352373889496726,0.8284518015047211,0.11799733203569918,0.8920648644707269,0.42857273429342096,0.0008842367271752543,0.003926626061194598,0.0015062481245697813,0.8174751228642574,0.07188211535323527,0.9369922622387327,0.13352059458884927,0.9593189900669047,-11.627894389576854,-11.58392284635078,-11.626118503254846
586,0.712998759734214,0.4838714124168578,0.134975422821794,5,12,200,1.5782475552522088,3.796554275751026,131.2621215850357,0.6020438305778801,0.8092434209875693,0.0633568737114873,0.8488814518868969,0.11790639243913824,0.9041718485940441,0.5135195228962026,0.0015821556453946214,0.004831515645818207,0.0026968349466871926,0.814056493680038,0.07326911671692486,0.9771106450969733,0.13631134962925048,0.9765014358029868,-13.528541696133045,-13.123303266985731,-13.502145815569566
496,0.8923848409124939,0.4972076337794367,0.1250414375999296,3,13,700,1.8434573325348937,2.905977118604783,98.44659118877676,0.5005560470980936,0.8131404214952459,0.06294420711210653,0.824513763601447,0.11695878664260877,0.8924244703966537,0.4193876364512781,0.00038204012591541524,0.0060441131656228005,0.0006520296191914404,0.8173938564515296,0.07189034613040055,0.9376075408503013,0.1335413276211954,0.9590977052719464,-12.444145145812458,-12.06195261039511,-12.417534911458139
134,0.6955848830401898,0.13647968742815747,0.10056859738276999,5,25,300,2.586382851796352,4.04758037362439,131.2621215850357,0.965794744159495,0.8063917885726304,0.06272798844677195,0.8530653105644794,0.11685790121331129,0.9060026987196208,0.5388002899183245,0.0013387715869789616,0.005723976128889688,0.0022919426971105853,0.8114246428834524,0.0727572550389519,0.9841252574755375,0.13549275576609576,0.9799829087178056,-13.78455878635142,-13.317405067648702,-13.753395484076103
123,0.9222746992675352,0.15955023662162782,0.1674939400886287,3,14,500,1.682031582010542,2.405309419220432,98.44659118877676,0.8481443879390699,0.8095315424145425,0.06203802155509965,0.8279608866989704,0.11542698987512345,0.893700570000946,0.425190235777481,0.0009529905361507543,0.008898879682643898,0.0017333498299659169,0.81371850373776,0.07066818870451488,0.9390842822191797,0.13144394701875975,0.9588544280122951,-12.212237652645342,-11.833165310531035,-12.185389671348156
300,0.6932702534115139,0.2556377311003756,0.10354184120022457,4,17,500,2.6833576704726965,2.2798963787996844,131.2621215850357,0.9137594610531515,0.802731211753486,0.06145636337239289,0.8508500166242431,0.11463189514905453,0.9043244321487786,0.5148585974573721,0.0005120163294536523,0.004680501575761121,0.0008745998900819456,0.8080392465402179,0.07131535581136213,0.9806794064462987,0.13296137394915178,0.9770257651595902,-13.824501507147335,-13.238718889032263,-13.78556663163466
14,0.9416401294594341,0.16217251050263698,0.03319671139312794,3,7,900,0.3301557735830303,1.1396758127097084,65.63106079251784,0.5002601884976579,0.8259358327168465,0.06189873763365256,0.7487108489991843,0.11434404760910526,0.8639458540233865,0.31886364235496667,0.0005383322696005617,0.008633281602307684,0.001013725190272599,0.8277384176692689,0.06752635920882148,0.8179906720836266,0.12475398118715512,0.9084149126508198,-8.333962679323214,-8.46951260556179,-8.344369838132026
406,0.8494744142436927,0.18417360689717566,0.09214578301663598,3,5,900,0.10102921162339207,4.3959288630062385,98.44659118877676,0.9121634459396346,0.8053501314024675,0.061170053620649756,0.8341144002281973,0.11397927698633732,0.894516270207019,0.43311040276470614,0.0007492176682050274,0.009199479563291308,0.0013019303037569898,0.8092083429225463,0.06912246325903143,0.9394531494940276,0.1287698998265272,0.957995316758743,-11.504812275830789,-11.21277301827812,-11.486087090317776
137,0.8310560050532823,0.2718894539986996,0.17425364725839623,3,6,500,2.604482412154641,1.2264276612766727,98.44659118877676,0.9336471004799012,0.8065875690261562,0.061166293422223045,0.828453073304736,0.11392150001287753,0.895374552444513,0.42356530119663494,0.00021495226933041273,0.004559439857379542,0.0004145207503042874,0.810678484184066,0.06965448623521298,0.9398221985216592,0.12969574839924183,0.9583601016071559,-12.186139431603227,-11.850020715844634,-12.162502303318767
19,0.6838915663596266,0.31615291529678974,0.13037064504457,5,16,200,0.4521526318962884,2.5409938837035932,131.2621215850357,0.520387570777382,0.8017782182403579,0.06072943934452223,0.8434655823663112,0.11329684282057804,0.9019524429323532,0.5009707285184307,0.0010647817823780127,0.008154257561294795,0.0018093847554029486,0.8069107768149766,0.07054267014758799,0.9741571169210207,0.13155592986594625,0.9737511351161586,-13.911056644913932,-13.415857902653428,-13.87933410829445
576,0.9039328228419906,0.3687049721559731,0.1120378498009751,3,16,300,0.8929508327048413,1.4903310058500208,65.63106079251784,0.8370087674419837,0.8220277511400846,0.06077405682221516,0.7511726904565944,0.11244877961828371,0.8650665563792924,0.3174844034151319,0.0007077569942400165,0.01063026047647129,0.0012700922347426992,0.8249329629043879,0.06694026122872464,0.8241445032778204,0.12382177164778574,0.9098165037990791,-9.211503351384454,-8.854249774281042,-9.184969555962097
408,0.8333859548919487,0.04716371314552181,0.15212089991056665,3,22,800,0.20176774190210356,0.47458968410834856,131.2621215850357,0.9515468639382691,0.7974674982486482,0.06000846830010969,0.8518332997214758,0.11211745129745926,0.9018143486304107,0.4732968046316792,0.0011550353722061418,0.006398475950924963,0.002066834436199665,0.8013368034453784,0.06878009254945615,0.9756336765371151,0.12849935407209964,0.9727109312426285,-12.75314400462495,-12.689227503406054,-12.748626553755804
44,0.5503890006887133,0.009110912825774864,0.027944162543626395,5,23,200,1.9671679061422265,1.9269831048278252,65.63106079251784,0.511635967867913,0.8213296128422124,0.059376673535008556,0.7339423438547531,0.1098553099857134,0.8543174169327648,0.3124000808424465,0.0017330397705010733,0.008145037662920187,0.002916600619145585,0.823472059858073,0.06432078817932095,0.7932567536153808,0.11898302693368716,0.8949423747279815,-7.686651212246687,-7.477328051768084,-7.671444560795138
414,0.8247544648537237,0.4022070298387367,0.14586903064390302,3,14,500,2.847602079542674,4.164159509345379,98.44659118877676,0.8387658069418423,0.7947119180981304,0.05791467592988023,0.8304218197277985,0.10827717429669746,0.8910831804361793,0.4057955940010305,0.0003475762643930652,0.005540567362398845,0.0005901448896382436,0.7986125981879049,0.06529658079609867,0.9326845395084206,0.12204858077108222,0.9524365030016394,-11.305193589339513,-10.964341687760848,-11.283544951837499
79,0.6780483629489231,0.49325762439648985,0.12509721567780857,3,21,900,0.6759983931375847,1.8267840983702883,131.2621215850357,0.5803406866297778,0.7890160417937725,0.05747287291924761,0.8474038019553017,0.10764066307749202,0.8977620994281263,0.4485328084146176,0.0012919757551207284,0.004089089555394502,0.0022435315928694397,0.7941449157354178,0.06631191517630414,0.9719416413621355,0.1241514429696966,0.9684058869770219,-13.329493249525493,-12.813304225992328,-13.298902934406165
398,0.6847409670156901,0.022659639480447302,0.07648953851063156,5,11,300,1.9850528651995694,2.419946840898736,131.2621215850357,0.8159943401980945,0.7859797138421144,0.057229199856902245,0.8565095266905401,0.10728634271630695,0.902526797345864,0.5135120240017694,0.001255789268884726,0.0052801989718695205,0.00220544799248408,0.7908481812685658,0.06574377098852409,0.9789564809316792,0.12321128739464697,0.974953954807584,-12.95114503411754,-12.507905777854955,-12.924907299549805
184,0.8051668916554592,0.3580753371115968,0.06179856013937142,6,26,200,1.5674431215483549,0.6161132708608302,131.2621215850357,0.5907191738478135,0.7798405888799661,0.055455975076513064,0.8520813007243809,0.10413020208219241,0.9025285758724951,0.5064736828553863,0.0011470401753460736,0.005752638816990179,0.0019855585622005497,0.7840995546396036,0.06361036740990393,0.9753874469531781,0.11943059527667033,0.9723475317147381,-12.819281927494819,-12.641760626914888,-12.811116916091192
551,0.8228012885292058,0.46727194035775776,0.0676432532895353,5,5,200,0.4556585170098908,1.6427907494289924,98.44659118877676,0.5653586617948787,0.7824521284766012,0.05451079812144091,0.8250088571786751,0.1022581564158964,0.8892631270232879,0.43310533167509907,0.0011680221247479922,0.010413709162565872,0.001988759342766316,0.7868791546408719,0.06190592487380831,0.9320694880878317,0.11609729717730721,0.9505520282169647,-11.945749566688391,-11.486335759021005,-11.92029538833731
314,0.9702242528680862,0.04135773076217675,0.18686860069155362,3,1,500,0.8111798591535766,4.213559510802774,131.2621215850357,0.7859045818035768,0.7737642219312756,0.05420161435897722,0.8555256985361582,0.10194424091529623,0.8959819613469238,0.4250872904570237,0.0007467386949087773,0.007865878854102263,0.0013695489816510297,0.7777406412950256,0.06153072339170618,0.9687422016696173,0.11571098472569465,0.9644610020178686,-11.911299963225952,-11.686958918309909,-11.897525410430099
462,0.7038740525013661,0.08060940598756128,0.13471782466512483,4,4,200,2.7843055065293596,4.224311637448164,98.44659118877676,0.7088334979084974,0.7772844385829404,0.05355077324732382,0.8299298148077492,0.10060883383268844,0.8878644349664775,0.4033229191188196,0.0005619658410660001,0.005913878547937454,0.000992349582789725,0.7802025732170854,0.05989631224525029,0.9285008176148982,0.11253298351782455,0.946640326334527,-10.594206487945623,-10.616146042860242,-10.596137516648529
97,0.5614053909228669,0.1179530172975406,0.04144889696978506,6,22,200,0.9964392379648168,1.557221320228206,98.44659118877676,0.7956377178724646,0.7728924728497577,0.05294403460277519,0.8360840550798417,0.09957560646574896,0.8905813568597951,0.4456810308533839,0.0013855139289015998,0.011516926077765097,0.002413725750066462,0.7757312036753454,0.059634211828363655,0.9431450937926154,0.11216956427424592,0.9531492099156594,-11.218689776338142,-11.351491877273645,-11.227606962710224
42,0.5814672135407148,0.03528437370021492,0.13205966285919998,3,28,500,2.4028478840471994,3.3858417119149085,98.44659118877676,0.8216441092211766,0.7723421193070391,0.05254960110821035,0.8318985612308117,0.0988534045740992,0.8865641720246984,0.379578231639825,0.0004693581684354387,0.0055408201111628455,0.0007935508112854744,0.7755317197184888,0.05849175107687399,0.9243166413394163,0.11002031261757139,0.9431423795495365,-10.158953799919656,-9.998530371008208,-10.149860310148506
450,0.6062236385977364,0.33176179695672614,0.0881275228876837,4,23,300,2.6866885443955164,4.545876320267928,98.44659118877676,0.6494285676295154,0.7716439731499913,0.05218055550443431,0.8277130673817816,0.09816909027735622,0.8860335380060982,0.41316284583057183,0.001231525289548257,0.0035543129012214673,0.0021807357549929658,0.7764016227533,0.0587157313173155,0.9244396879740909,0.11041686348106379,0.9448902519479191,-11.130195718015257,-10.463270005670744,-11.092303129773317
242,0.5313266017276772,0.4532187266722055,0.03645662051234308,6,18,200,2.315573178544864,0.4321230538127324,98.44659118877676,0.5109116983877448,0.7666572836706923,0.05141288253361733,0.8326391122109152,0.09683745216923538,0.8878943416281636,0.43042353401828964,0.001499844608777618,0.009481564895394541,0.0025983016491892582,0.769161739836031,0.05728704523416605,0.9291159144736829,0.10791165773772911,0.945804180705402,-10.25391111819005,-10.38372077798484,-10.262288431717659
194,0.6665009565290989,0.33474347759909506,0.19888647863202183,4,6,200,2.9864414721127712,2.231761755988211,131.2621215850357,0.5300711713003926,0.7631777310890357,0.05132740205202991,0.845437599132269,0.09677890946306245,0.8913950083760525,0.4138779232005844,0.00048019769970672363,0.013529601112356094,0.0009369453532817874,0.7676324783463292,0.05852969133877741,0.9600047546528258,0.11033230685738991,0.9594754369481548,-12.30536010357499,-11.93401959368301,-12.28416026127861
511,0.9673649577441505,0.12543954994535012,0.032884994599347434,6,11,200,1.13351764118156,0.3101838181439076,98.44659118877676,0.5383614134264426,0.764481638467421,0.050964814176935415,0.8321454721194184,0.0960355607471829,0.885754461244705,0.4210192039374756,0.001993942689541899,0.008060102528012886,0.0034935766118945437,0.7682881407681107,0.05720332315782071,0.9305932011009129,0.10776978691371554,0.9455532514204572,-10.905850633316538,-10.579029469055723,-10.888233615908959
185,0.7625816918335301,0.35452313086121634,0.030306615388001328,4,29,300,2.753257467514132,2.1226371259818095,65.63106079251784,0.902996274887579,0.7920597175014775,0.05078192669933598,0.726066813105354,0.09491914523383439,0.841223483566249,0.2703244309436272,0.001139552691912081,0.008075649901347758,0.0019479060152987964,0.7931457532704845,0.054566255938257556,0.7823042854216636,0.1020107164592674,0.8777542204817195,-6.9352921028769,-7.1886954174100515,-6.951790431022664
289,0.692937251447558,0.39586012963067324,0.12323788001486154,3,6,800,1.5932560346557285,4.208616808723381,131.2621215850357,0.994017983077796,0.7541721707092562,0.05007613167044078,0.8557724277390485,0.09461500527058825,0.8956490247990411,0.43281836049767114,0.00047136430540956623,0.0026732325893426222,0.000826112205228443,0.7582409278233921,0.056837477272553345,0.9688647939223323,0.10737571054398053,0.9615650500175156,-11.895928402469046,-11.6726675272659,-11.88416375430229
395,0.5066838416296978,0.20486961822146954,0.133077104260565,4,19,300,0.20092083607581457,4.386752265664193,131.2621215850357,0.5908616466140783,0.7512983958040858,0.049548588378707965,0.8557713376247499,0.09366928707985057,0.8946140490353253,0.4386568611437261,0.0011482553509349752,0.008475267369417889,0.002027527638611342,0.7562388660604701,0.0562114793770799,0.9649274833655307,0.1062324257089549,0.9606142035323685,-11.853256794178435,-11.312367781261612,-11.826086569390382
174,0.9723071097370116,0.3416240141448229,0.10446320516160118,3,26,200,0.09116117909051058,4.654743477534889,65.63106079251784,0.9593388984967521,0.7868662271625785,0.049851388143282375,0.7307430400744185,0.09333275919064998,0.8407729185186336,0.2532879669127062,0.0007355246958806595,0.00652070142011892,0.0012533005111105395,0.7890492852918655,0.053801288151951766,0.7869803301684722,0.10071630184123533,0.8757825476739519,-7.341645793895546,-7.145958791881723,-7.331030345240864
258,0.9506480053873244,0.32583395935321297,0.06967155104861908,4,22,500,2.6394657418550858,2.6271745627284644,131.2621215850357,0.8560070101653904,0.7482620434153038,0.049318837503773964,0.8629086793083588,0.09330428425739128,0.8980186739266817,0.46200967569542756,0.0007868751510564781,0.006199723168838228,0.0014358772366446,0.7531194423808624,0.055795383302530886,0.970218715847516,0.10552193135532174,0.9639500640330553,-11.60767327941834,-11.0603964638446,-11.578301250751611
78,0.7934205590104395,0.372719737092165,0.09201531378363909,5,10,200,1.0123405016157543,4.498236985725061,131.2621215850357,0.7853891523344559,0.7483506955701076,0.04916988206083883,0.8594640998108652,0.0930158327449393,0.8985370470903721,0.4717541651536136,0.0009981907239446678,0.007181201159890312,0.0017830414840626651,0.7531730046882178,0.055859647566224226,0.970957268284739,0.10563966344615378,0.9651218791004709,-11.9760252648468,-11.482808988168337,-11.949896742759925
542,0.6212891330369126,0.04565440127233511,0.07055102475819948,4,8,500,0.5232278013344985,2.358247453752977,131.2621215850357,0.515465440696783,0.7460679167467975,0.04840243536392572,0.8530658556216286,0.09160630013418196,0.8940244918910771,0.4508471892997263,0.0004042407484488276,0.0073763188527104385,0.0007142023491829244,0.7506870583185828,0.05491245166421116,0.9629585100197584,0.10389955030491525,0.9593810303266667,-11.855264339851546,-11.411982266595777,-11.831860806573413
555,0.6337076392360539,0.40619536209307544,0.02565713465377016,6,19,300,1.637770599927,4.631026009421725,98.44659118877676,0.9286154686848955,0.7495659421567825,0.048422544971372626,0.840514461274598,0.09156649944299766,0.8876692988518625,0.42934112982083045,0.0011187938579957544,0.00785400474888389,0.0019967151154199297,0.7528922878734429,0.05442298060350039,0.9433911416237685,0.10290393821006254,0.9484918289960899,-11.025554950479554,-10.904986893569802,-11.017497448854908
390,0.705932370208748,0.3767973153728765,0.04869675617681012,4,19,800,2.6115808988081524,3.157094606091882,131.2621215850357,0.9725570943780044,0.7409962912747198,0.048013783908314345,0.8634026827712886,0.09096797063316514,0.8972218330399896,0.46204967603623714,0.0004463718266500042,0.004178528003670437,0.0007821866884721036,0.7456874628349618,0.05432829729829303,0.9718186401656568,0.1029036219322396,0.9632151480629988,-11.62288108406645,-11.155986612469949,-11.598864136127208
117,0.5257129067421251,0.24818312360061817,0.12340014129420894,4,9,300,1.4227119261011087,1.7219186602211662,131.2621215850357,0.8640943781018017,0.741077573856078,0.04774818268212108,0.8572480791277632,0.0904542845978162,0.8932168986908154,0.44121175369384075,0.0012525101499944028,0.0036941876097720755,0.0022403544880396048,0.7443595228961115,0.05393781625434354,0.9688655209334677,0.10218439556979948,0.9606230040433488,-11.47549901359608,-11.520426663358297,-11.479356418926756
419,0.796420090254055,0.177462330438505,0.019877976875764425,7,8,300,0.25369613429171356,3.0342347777006955,131.2621215850357,0.6231430094052658,0.7378971646219973,0.04768585835332261,0.8668483523830807,0.09039300821240627,0.8993816304273935,0.4976888672006823,0.0014877358198136762,0.006422140825528738,0.002649165697613587,0.74131028587,0.053755731510885564,0.9768641883220565,0.10189849592031568,0.9670685755577213,-11.291583217193867,-11.262142399543606,-11.291126138806472
550,0.7081313903439537,0.17828566297540954,0.1832279166134274,3,20,300,2.041438387573122,4.6584898684058444,98.44659118877676,0.9882805116614521,0.7462599832896245,0.04761744006030048,0.8370698817771043,0.0901074636342576,0.8782410971072928,0.34492063486878255,0.0004389702299239215,0.010765777585731152,0.000769545683607096,0.7489878984515449,0.0522433670558532,0.917302119837244,0.09885593800606703,0.9319572327707094,-8.854572850572906,-8.74654449445459,-8.849720662478067
584,0.8142832003236415,0.3166316008047052,0.0955536719279899,3,23,500,2.4778227573357547,3.4828070107202307,98.44659118877676,0.5345184684556874,0.7469544395228324,0.04751357424749281,0.8326380220966169,0.08989602724859762,0.8772443640157882,0.3400890257230748,0.0003526079846474587,0.008849345149291614,0.0005988541397127749,0.7501680706635394,0.05218408771881877,0.9116412021928837,0.0987173066696966,0.9297960831229014,-8.95007209188342,-8.666038777781292,-8.935899609391251
102,0.6549684631343055,0.19865905772879894,0.09108989201398238,5,29,200,0.10964900354428464,2.360334725549996,131.2621215850357,0.7937268021170372,0.7333390094591202,0.04656909405907442,0.8604479279652472,0.0883529771836416,0.8937193561497377,0.46170938103581277,0.0011163249205798412,0.004221458108466772,0.0019969313452461285,0.7377826682185687,0.05263702674376702,0.9686189278439631,0.09984604636075611,0.9617387060503969,-11.527878871712927,-11.167549669867839,-11.51079045793023
115,0.5451684802888039,0.38549296276773926,0.022967444017277402,5,8,500,1.0670181493948474,3.5952295259212272,98.44659118877676,0.8052023335039789,0.736057665156382,0.04599102709470516,0.8400217296116832,0.08720640925746365,0.8818167712422237,0.40087713753012255,0.00034205880129216463,0.007987203828038948,0.0005855440279242187,0.7391955571772385,0.050950671375444546,0.9291155509681154,0.09660359218999226,0.9380172756691388,-9.734207905118343,-9.58910022156002,-9.727570910662397
255,0.9412081842036694,0.4018017677207676,0.10598928697956127,3,13,800,2.0037599964108814,3.173356366269707,131.2621215850357,0.9985390785408308,0.7281306905342754,0.0458511028792255,0.8638946876913378,0.08708014369174721,0.8913743785788917,0.40501638760135567,0.0004647006332041047,0.0035952309557452677,0.0008497826919851179,0.7318060639248292,0.05129943071841018,0.9643115231810228,0.09741621684394969,0.9544330239308597,-10.620639962052048,-10.413319044289226,-10.610218182420027
297,0.7377730187434133,0.2715122919788316,0.05327244985960983,5,21,300,2.1664297063677176,2.666933143826813,131.2621215850357,0.5189907816449267,0.7258996328632001,0.045259468499374324,0.8587275459165227,0.08598412389728316,0.8927414148944256,0.4447069755190012,0.0007076399442676487,0.009501687117131622,0.0012315659413883512,0.7300367181513222,0.0510065295308939,0.9645580708323314,0.09688776863922288,0.9574266973682132,-11.267304567425363,-10.9719184480501,-11.253891894797563
121,0.8233324595585817,0.34658760572846237,0.0198032032651549,4,15,300,1.764791270909793,4.9967674978291745,65.63106079251784,0.7839726152763147,0.7692466425454816,0.04550889898318777,0.7191738387103221,0.08559605294042623,0.8248043953711276,0.23627190351190186,0.0009527152420531706,0.008180598567593813,0.0016308186079852414,0.7704989076749754,0.0487324228784892,0.7708597670038363,0.09166439598016479,0.8579083454466024,-6.61474169535764,-6.704971579254426,-6.620174577980842
384,0.6867600884498437,0.13574937709093393,0.05403888215497651,3,21,800,1.1781922298142486,2.766855948748859,98.44659118877676,0.6744450375209118,0.7320830948319162,0.04492334504381313,0.8316520137136378,0.08524140858767432,0.875314457576699,0.3425496089774979,0.00046299623701576354,0.005342760295593492,0.000826117825139648,0.7353816880299048,0.04938159050880909,0.91127228947984,0.09368610972158498,0.9260020079165733,-9.028152838051383,-8.737265105652437,-9.013824097303747
248,0.6452937799031775,0.39348506745883316,0.031267826134090765,5,10,500,0.15586973266280524,3.9313909969201655,131.2621215850357,0.6698887357809425,0.7201815846785689,0.044720877312614295,0.8663548939773001,0.08505041042837835,0.8940679465652428,0.4596153503867764,0.0007109326311404852,0.0006048162226819282,0.0012846539885371163,0.7246345005236838,0.05022452999991132,0.9684958357710926,0.0954963131590874,0.9589213130124407,-10.958096944474626,-10.546348060698707,-10.938540332240054
100,0.5881934932531117,0.24918388636973987,0.0895958354058641,3,17,800,1.7417650508341302,3.1613214395976517,131.2621215850357,0.6063403921706132,0.7212343364257747,0.0445797688420382,0.8599564681023472,0.0847640560472306,0.8870431646332627,0.3893143993243249,0.0005414934833654036,0.005583109542678358,0.0009563504972076836,0.725413890887232,0.04988006352008925,0.9582820108909903,0.09482416384423513,0.9495137382176796,-10.626078444981035,-10.260606133806283,-10.609223840380999
274,0.8170520156881657,0.035466108066886715,0.05833440035995093,3,29,700,1.8122150312136576,4.536900823564235,98.44659118877676,0.6384071538956528,0.7283818916013131,0.04450829564890065,0.8353445942140367,0.08451323870304144,0.8730321492027926,0.3368500315480553,0.00019509118143749176,0.005319676954388642,0.0003390941250733269,0.7315622652290075,0.0487026302036891,0.9111494700361452,0.09246290494404391,0.9232396211098183,-8.612131495252873,-8.319697076606026,-8.597681681981983
122,0.9577441487940209,0.01697298929289942,0.1425098507768996,3,19,300,1.2652879791915375,3.976709189795487,98.44659118877676,0.9310213254946567,0.7249613830405489,0.044296124296226126,0.8419912027776113,0.08416379206957257,0.8742071766682664,0.32484678555828533,0.0004911614370599216,0.008105114574653844,0.0008962388397650943,0.7269690030779482,0.048131774080181454,0.9153328738622957,0.09145292518800391,0.9224770842850853,-7.969059643564391,-8.01256823380715,-7.970366287843433
464,0.9168220052375862,0.4073355023549946,0.12624789381961207,3,7,500,2.88678433982747,2.2205762324816614,131.2621215850357,0.7065862586038598,0.7164323526755633,0.04388109552412297,0.8606961106538688,0.08350400801418917,0.8870131287492224,0.37865528089938705,0.00029229516299669316,0.008413617083647382,0.0005065151642758673,0.7205620552611016,0.049072970865634835,0.9586511053568181,0.09336620910764858,0.9474760886782333,-10.579908348584755,-10.218002582544317,-10.562923339951148
21,0.75887567526374,0.418855052953664,0.13838112223746335,3,25,300,2.774080854835688,4.386696766904905,98.44659118877676,0.6142750108986499,0.7235540698701137,0.04357856186126275,0.8314087365393594,0.08281429496934267,0.8706023127069585,0.31655967690328063,0.0005265806681210231,0.011738751464431645,0.0009250091168981996,0.7266383884909992,0.04782730690676018,0.9101643699476134,0.09087810967486913,0.9198922323102553,-8.883513039486834,-8.65290226783838,-8.873220112495783
392,0.6021581916994851,0.25390253197938956,0.08966161562154418,3,17,500,0.20713771894379918,2.3712751048847682,98.44659118877676,0.9428098821208866,0.7205287899544438,0.04350648885322154,0.8395293613202011,0.08272463381521178,0.8739120143128124,0.3325236982338999,0.0004978985045690084,0.00564233236424793,0.0008720451048811519,0.7238661897454023,0.047611293010247115,0.9153335554352352,0.090513481216905,0.9225868746506402,-8.621492712122148,-8.281592394915505,-8.605179357788872
251,0.7489062540171452,0.05273684997831529,0.13478821989761589,3,27,300,0.2802239159258868,2.2053607912539186,98.44659118877676,0.6018832295638445,0.7207356647803467,0.04335853531051182,0.8355922318455091,0.08243690105367002,0.8699263838153687,0.3126427208748795,0.0006596654550945604,0.008499246177876249,0.0011538102255415014,0.7249022977953179,0.0475698270998064,0.9107799211883579,0.09041591526620618,0.91867149962501,-8.85286335066734,-8.2553081807893,-8.824789517469378
144,0.7971979296142726,0.1918061302028109,0.022468967469062462,3,6,500,0.7575262490651467,0.005147399228166982,65.63106079251784,0.636813333140833,0.7599603884373268,0.04313399446631094,0.7078542735205787,0.081312220401972,0.8188746100366848,0.2160343337618076,0.00024427097818710146,0.012582845024413519,0.0004996404991241814,0.7617131290058499,0.04621145032153116,0.757445502790905,0.08710796038580342,0.8475022634000281,-6.659509350621584,-6.547167959622313,-6.653513591825511
31,0.8355717584120252,0.17932339064808195,0.058291093323250366,4,2,300,2.2223058532626134,3.48507870497634,98.44659118877676,0.8544554984550593,0.7125649025041115,0.042510756775141,0.8432224868777491,0.08093954818093868,0.87293791262305,0.3520764131206682,0.0003682133608653347,0.009211581122020663,0.0006286714296841599,0.7151302920761627,0.046424664615201915,0.9200092821146718,0.08838801849646456,0.9242708629398777,-8.43066476085924,-8.346306578606,-8.427013572912955
400,0.8387367074117364,0.37925094045819535,0.012779369186758385,5,12,800,1.1598605179015027,3.312419734708041,98.44659118877676,0.9452047586096642,0.7102230038106784,0.04236579593908063,0.8469130688352674,0.08069220607057716,0.8756502175858931,0.3704187370107476,0.0009323126399378948,0.00601896367274242,0.0016722809061315463,0.7125427759733696,0.046393094697580746,0.9275165808520898,0.08836287721638421,0.9303986608407482,-8.680815075503311,-8.69025025329182,-8.680875258308996
545,0.5905859254250101,0.39534555095008395,0.08309918953641454,3,29,800,1.7639748883914983,2.1324987362093055,131.2621215850357,0.9157703931688328,0.6992191141622658,0.04189246723632645,0.8705392977120318,0.0799377451651985,0.8876532825279974,0.384936240005693,0.00046655560863544397,0.0040055291847928476,0.0008557967792486356,0.7027818257401899,0.04630362395742316,0.9595127044287156,0.08834383070391853,0.9452625955935857,-9.526590672800971,-9.27277005359275,-9.515192483437529
99,0.9599278082063802,0.17317299718298063,0.07592110836028326,4,27,200,1.7612046724097017,0.16423335121719174,98.44659118877676,0.5704285101898999,0.7100309760315974,0.04184124850955103,0.8363295124827171,0.07969378334949906,0.8703588492386806,0.32893300153330934,0.0005637097693193501,0.007255173596685572,0.000997542908874578,0.7128050110159813,0.04579085273283103,0.9139796789482476,0.08721170872219584,0.9179334915056948,-8.625312671777829,-8.495830733883004,-8.620316563965492
396,0.8715407698156901,0.42396394188167424,0.11366118470713808,3,13,300,1.1264067853995012,4.019072725967233,98.44659118877676,0.6157742179825244,0.7055983649758147,0.04118476554735771,0.8353444125283204,0.07849837192008899,0.8646082736269998,0.3084931671405596,0.0005293147939137564,0.0031331514104052925,0.000949517612491521,0.7087067168432023,0.04503753900734387,0.9110263325250787,0.08583148276206914,0.9127428686991332,-8.554582565796764,-8.307325188613579,-8.543614307943448
190,0.6284419238228574,0.31600774301020923,0.02110637668062524,3,2,500,1.7911407506870751,3.3792062254368798,65.63106079251784,0.7140998074628073,0.7499242651369619,0.04143397842452451,0.7076059091462407,0.07828352073706145,0.8125681106025997,0.20676515526950948,0.000441415919081948,0.010442066521499866,0.0008310546443096097,0.7509991856585826,0.044013394938845714,0.7524008633984245,0.08316170898201153,0.8395337748765953,-5.860526137338795,-5.953602186187712,-5.865906683092891
257,0.6895135631095487,0.4867286949880866,0.07399969535360962,3,20,900,1.6223812649566332,3.5512139931165576,131.2621215850357,0.994032783326387,0.688048993414155,0.04045367077333951,0.8707856635434892,0.07731519511810288,0.8851958920816759,0.37246141141530603,0.0003279455029929741,0.001769616061182223,0.0005919705691722605,0.6909597287387345,0.044549613675075934,0.9581590551327078,0.08514056524904744,0.9424429965464238,-9.194115422886318,-9.118881789111432,-9.191118367671525
72,0.5885052421383734,0.044351266878527806,0.03292081550911415,3,12,300,2.682651788687777,0.6437419914982195,65.63106079251784,0.8451974143146826,0.74639663982064,0.04085284017060842,0.7071146309690571,0.07724043299827424,0.8081094859053627,0.19588181410751562,0.0003108075962482249,0.012969489749712198,0.00048388141125372646,0.7468565722851439,0.043099359742751725,0.7479706847299853,0.08149922462932953,0.8338703664502277,-5.212419826076697,-5.462253346957979,-5.225560918431926
244,0.9906485452486233,0.1282650312221239,0.13429317428007415,4,5,200,1.3917974600650087,4.860026648157685,131.2621215850357,0.9836780888941377,0.6796233680634884,0.03954094960359275,0.8730018659123076,0.0756525331183139,0.8851239091793476,0.38418536987353025,0.0009170495437198179,0.0057145613957949775,0.0016574661189867142,0.6828942679942284,0.043653532084081285,0.9623424589588582,0.0835168451017182,0.9438450578398211,-9.42096156747928,-9.283659077373208,-9.41643805369572
570,0.6538514066949219,0.12108732517373527,0.02387068265092919,5,1,700,0.7034984330222812,3.74689508362078,131.2621215850357,0.9971651513428574,0.6778429321029716,0.03949737020658681,0.8766937196698407,0.07558532844917641,0.8894755012134717,0.42433979473863515,0.001181279573889118,0.004892935260128986,0.0021428555841019495,0.6814776915165094,0.043883765160803605,0.9719415959239394,0.0839727014702002,0.9522722468479254,-9.995484521767217,-9.799753056515181,-9.988213876863606
331,0.6452522528357102,0.2349941340789683,0.17912681610524278,3,14,300,2.07028967471353,4.653034024232685,131.2621215850357,0.8154608951145816,0.6768714797197383,0.038956146439373236,0.8673407206745627,0.07456315649964868,0.8781077166434099,0.3411294085018611,0.00016329771842122569,0.003829455654398969,0.0002931668138509467,0.6798911804255345,0.042793780660838436,0.951390217956121,0.08190350744539172,0.9336992606470931,-8.9677382138314,-8.834387372840824,-8.962193652862972
143,0.7367869442175443,0.028960230279399146,0.024191939373992263,4,18,900,2.920466907532191,4.8443892764284575,131.2621215850357,0.8237868217009539,0.6549153611986688,0.037099629102668175,0.8811233991217312,0.07120050450356659,0.8828472047153628,0.38832718811450456,0.0005098238962909173,0.0035810568943607473,0.0009285325252160222,0.6584300605625509,0.0405211795926629,0.9592664294065827,0.07775714955274751,0.939133877816456,-8.443857075212746,-8.146123734695065,-8.432208596758217
356,0.8325730971192027,0.07866314000091412,0.03258613432364368,3,12,800,2.8412720013255575,2.4812937644118076,98.44659118877676,0.7412502101176803,0.6665435305372718,0.03680390506755068,0.8429768477891574,0.07052811857702145,0.8571492307519497,0.2858688154402746,7.325551714592292e-05,0.010597592808297336,0.00014189823001997762,0.6685529877911877,0.03940720459295712,0.9019194729750876,0.07551470501743339,0.8983503598657051,-6.606151215992895,-6.535242552364573,-6.603464105780111
373,0.7170104863543794,0.12935582107772048,0.09253663061125586,3,27,300,2.9887868595746303,1.1458597560708106,98.44659118877676,0.8188441234479678,0.6645821043956945,0.03656840908847866,0.8422362968090539,0.07009307956066078,0.855274245451076,0.2766369289612199,0.00029154760244238544,0.004785491812666091,0.0005267937896936796,0.6673543431295158,0.039207442288958304,0.9003197758479268,0.07514221224409653,0.8961343836059011,-6.730949652440998,-6.4514276590414195,-6.719435764060078
435,0.8979631935717511,0.08756157006517662,0.1378252767383687,3,21,300,1.5658590104356915,2.944665374727821,131.2621215850357,0.5003266953806498,0.6478010773924319,0.03587869688034007,0.8683252755718104,0.06890943852654922,0.8701141565507878,0.3130583212976643,0.00023182747087163177,0.007983821665119637,0.00040359875719583774,0.6518107084475137,0.03926883863653514,0.9459760297158532,0.07540712205780463,0.922001413443775,-8.6331602204322,-8.208532954832592,-8.616803498049553
490,0.8829145196174549,0.002702461836334935,0.010255791481747102,6,6,700,2.305743992739606,1.131362150015931,131.2621215850357,0.9715309487034858,0.6363907857254606,0.03539670120749361,0.8838325148391809,0.06806385653174525,0.8827593964496515,0.3981040732360788,0.001018033541115736,0.008187357523380288,0.0018592267840169914,0.6401013137010583,0.039186083799526476,0.9757563596662219,0.07534252693768126,0.9456756163879555,-9.670225306052805,-9.420778447038302,-9.660772875266687
30,0.9255683357584285,0.15846100257813883,0.042203621870357574,3,10,900,2.088089390024919,2.8503058504468246,131.2621215850357,0.6044593588076801,0.6373733935534144,0.03513587713875149,0.875216796481111,0.06755909466547622,0.8726800729714114,0.32542045610271125,0.00035091698833913194,0.004176171488619218,0.0006410003024191921,0.6412500678663932,0.038161030654116156,0.9462217140414385,0.07336320318905133,0.9231110185007565,-7.9273370333837185,-7.504046515383389,-7.911470970833124
354,0.7569272321033839,0.25444527779552795,0.0801633463409528,3,24,300,2.0916281457289103,3.571633178674988,98.44659118877676,0.9017590542174672,0.6431800427263422,0.03467305647221615,0.8478992589039628,0.06661896649227105,0.8497535035783601,0.2647187266893155,0.0007464107149134794,0.010404130193292976,0.0013472123329641304,0.6446927339396935,0.03681695778566276,0.9004423226624456,0.07073908879567291,0.8872454896500757,-5.823135431036319,-5.835250347087473,-5.8243926710770495
267,0.5562901952059685,0.3518429887303979,0.11273271056253296,3,9,200,1.4063038963935175,1.5063263038000019,98.44659118877676,0.5371204364941933,0.6450380624209383,0.034585469333536206,0.8410071929375128,0.06643608753854739,0.8445161183394969,0.2566919481788694,0.0007598406220734664,0.008665321248089726,0.0013734677580671966,0.6467834299185379,0.03669777764608245,0.8919513778587668,0.070493427899805,0.8820103567940718,-5.755957030743353,-5.711542824626992,-5.755629258126682
1,0.5714334089609704,0.32544423647442644,0.020718200015149048,6,6,300,0.5454749016213019,0.9170225492671691,131.2621215850357,0.8058265802441404,0.6253536741959925,0.03435594762894229,0.8838314247248823,0.06614017015935582,0.8823274440128569,0.40483374464417254,0.0003998853982674315,0.00508644113418982,0.0007264239667203355,0.6289551741119535,0.037897019089623236,0.972556919973704,0.07295079921312557,0.942724544559339,-9.343931384963577,-9.122910281818841,-9.33592109645367
469,0.6895202426915175,0.4575303662586112,0.05772216083419625,4,15,300,1.542286327653779,1.5423414074474202,131.2621215850357,0.6076022398665963,0.6202044822227152,0.03394083207527051,0.8848152528792643,0.06537321771864914,0.8726149659131961,0.34765239029021383,0.00048294749491709896,0.003318691298694445,0.000886484543082609,0.6235252485824088,0.03667393060652337,0.9529901422742618,0.0706292256079027,0.9243266858579219,-7.452428703583546,-7.153787470697404,-7.441689816099972
226,0.5757846857938368,0.046878460322778315,0.11966282882463451,3,5,300,1.674126975446901,4.058761084328549,131.2621215850357,0.8632308575565024,0.600955952124313,0.03241099041404142,0.8867865429023567,0.06253586538982807,0.8649025660663999,0.2962626917339913,0.00015056863208344126,0.009704200723419272,0.00026006130841656406,0.6037189518869549,0.0347711625213753,0.949298107099282,0.06708491106496524,0.9116080570888349,-6.787728497380496,-6.585029900453343,-6.781026616748232
568,0.5008218785562248,0.18820748126034698,0.11844468138222394,3,5,300,0.658904785783707,0.0011351910912776875,131.2621215850357,0.7564896749104537,0.6016023726674065,0.03228469314232718,0.8816172208989447,0.06228806275279264,0.8640954580478605,0.29793749356496496,0.00016702660927734263,0.007826441592279174,0.00030062526534663616,0.6059149293503302,0.034864781118432116,0.946591035698246,0.06725240830314655,0.9104537057294916,-7.400270110231411,-6.863979516917129,-7.3816621227550065
276,0.5038320163246126,0.10953440455092889,0.016977058875156017,6,1,300,1.388555865047552,2.1926924426871777,131.2621215850357,0.7563338629782081,0.5799158907515528,0.03095936489387797,0.8899840298255272,0.0598352944192638,0.8752678625581357,0.37513225284927637,0.0008429758065146509,0.0037269961257854717,0.0015649254599137835,0.5836042361133377,0.03388598466009163,0.9713262718741748,0.06548551811623887,0.9314646456441592,-8.636667328898396,-8.374347982135566,-8.628203394444778
547,0.6937256479612693,0.43173994745640654,0.06867243231642692,4,4,200,0.06041354684786948,0.7689185275660809,131.2621215850357,0.8535076471362955,0.5609739419326258,0.029637937969994338,0.8894923882769108,0.05736299083467197,0.8589422905103378,0.3025713789000519,0.0006992396942281065,0.005563472218977375,0.0012997400388693294,0.5630111583696059,0.03180714534994719,0.9544667473285523,0.06156145003176725,0.9068413974827246,-6.819874453010144,-6.807398920234531,-6.819948514742213
571,0.6163641744577759,0.026915262454229538,0.0460763125282248,3,13,300,1.356607437310616,3.6954571099647655,98.44659118877676,0.8377933867837194,0.5692665991615885,0.029197120118152554,0.8587268191736571,0.05647357320515219,0.8239958137717847,0.2166659354805788,0.00042558256275777455,0.006739514436480902,0.0007952449749999814,0.5709658033066171,0.030457120294132434,0.8945358115688918,0.05890814253741191,0.8537388424094382,-4.136964242882213,-4.003080919972413,-4.13282311645381
366,0.6732620839763591,0.19880618927643529,0.060212490000141464,4,2,200,2.220484106284389,3.153502355793925,131.2621215850357,0.8283780317372785,0.5400484118335291,0.028458368740726752,0.8941693419888409,0.055159984213235806,0.854721174924458,0.289939668650331,0.0005291872826392528,0.007255234077127708,0.000980547517003179,0.5423442022883987,0.030412552103133605,0.9545896576486389,0.058946050616103064,0.8989994566610786,-6.425581634122379,-6.3294542503871565,-6.42293480783761
472,0.8297529908256636,0.3440227785370644,0.03287363996992691,3,9,300,1.8682602097195233,1.1133803956154247,98.44659118877676,0.7484477592500245,0.5342638884910181,0.027133174042833774,0.8614357532053902,0.05260875924802607,0.8104556819712347,0.19529614697114872,0.0004185219096819425,0.009900530349785235,0.0007891519957614975,0.5353000738833333,0.02819246754982326,0.8949048151583275,0.05466226233322105,0.8377270721442223,-3.7573635763433755,-3.7399577458990363,-3.756710749871328
377,0.8689586966770126,0.26072451208344005,0.023007156673379832,4,17,200,0.6186522152524196,3.998593819824306,98.44659118877676,0.6344267571910968,0.5214389287751872,0.026644835729220856,0.8690643730661827,0.05170394424655569,0.8150218510194724,0.2136775906564019,0.00044154640137215054,0.007924969634580626,0.0008323969605262266,0.5232988305779877,0.027802478978787636,0.9053652331279345,0.05394777866077347,0.8449430584451404,-4.1638130558430575,-4.009526623452997,-4.159271187655634
454,0.8285152491170537,0.44919323329201744,0.0859085690715176,3,20,200,0.2482021188710123,1.2696888596184808,131.2621215850357,0.5522272590500756,0.5042109422324925,0.026598566769988966,0.8998301238551528,0.05166941090868351,0.8363311547218047,0.23207563772464343,0.00023433011437930585,0.007029094702134358,0.00043106084645340637,0.5063921787477478,0.02785381633046005,0.9404382950207553,0.05410484523859568,0.8722205786252983,-4.506562208850296,-4.318004847378765,-4.501323900238885
520,0.7113280168944791,0.49781891679740414,0.011993791816589444,4,1,300,2.429025108797668,4.752664104772045,98.44659118877676,0.670923642749046,0.475207014244402,0.02466963168986443,0.8813703100103378,0.04799567478621949,0.803037407811893,0.19475990806073393,0.00028093378682830697,0.007840134071308253,0.0005357058358348245,0.4770318028176653,0.02562646574541594,0.914102998212098,0.049855112396693234,0.8297973948510556,-3.733772987102857,-3.5808533902396467,-3.729682917327204
320,0.8981202977814271,0.37701151746419115,0.016828348235095134,3,24,700,2.215792374396992,1.5781367188167499,131.2621215850357,0.5260993145224858,0.4392882506007096,0.023908899459556,0.9128731597507999,0.04659717213671588,0.8215097145387071,0.21628415192741623,0.0002742783542074008,0.004201702302973637,0.0005196807083513504,0.4414307081544322,0.024752736902968142,0.943023046798252,0.048239122347985684,0.8523013530872854,-3.4090672345446937,-3.1971527259929577,-3.4037729779268333
25,0.8459475988463466,0.32598062975130027,0.05261116879750636,3,4,200,1.4816811455503038,0.8941135461066441,131.2621215850357,0.8248164495236073,0.41245626151876785,0.022890731328286604,0.9148449948310414,0.0446633362096169,0.8097707724343989,0.19176462690285767,0.0003653272996755478,0.01117246036206085,0.0006912091899100153,0.4135644984429869,0.02361734027198532,0.9433914596911402,0.046080573246733404,0.8392680082928295,-3.07659090875958,-3.025940564423246,-3.0755629482473346
528,0.5243474241999648,0.04900384239037053,0.018372513698372464,3,22,200,1.936716544282284,0.227925789743344,98.44659118877676,0.7946073071739277,0.3943898232564425,0.02182560225591179,0.8981066531492493,0.04261555869382531,0.7637187298571196,0.1462854785513075,0.00010749251101105173,0.007081680070035346,0.00021262356321591951,0.39580455321890357,0.02225396789179283,0.9143491823578388,0.04345041351767789,0.779095184666467,-1.924895542062044,-1.7764033174617944,-1.92139672850965
328,0.8737222032983469,0.2369049141989733,0.020990445394960516,4,8,200,0.7174763333467291,2.653686776434179,131.2621215850357,0.7722411664001314,0.36387510078410207,0.021518363637636456,0.9305956929584066,0.04206401418702985,0.8092791558425313,0.1971365081775639,0.00011601576700040283,0.007882958976670691,0.00022535551269899375,0.36598984664090256,0.02219513080022358,0.9579126892341828,0.04338496259230538,0.8391176784984363,-3.0491695168577526,-2.8517208909316305,-3.044714865121978
343,0.6104263914815045,0.019464981662833725,0.016843575475371013,3,22,300,2.038649781401725,1.1244510840795625,131.2621215850357,0.7908111464945968,0.2987973030430361,0.019790591673747696,0.9421623507224733,0.038766848335664406,0.7770948606709268,0.1565144763714253,6.214954698785276e-05,0.006490529563058989,0.00012367503787861063,0.2995877631617497,0.020145673807003366,0.958651150795014,0.039462059760756805,0.795553273581222,-1.7625726329998925,-1.7200000290894524,-1.7617210792016391
211,0.5994281388876479,0.03230833992204307,0.01810030976453622,3,3,200,1.6438784669210789,2.2718866727998046,131.2621215850357,0.6330096390026904,0.2611018159577965,0.019002403378763237,0.952745725389307,0.037261576642221045,0.764278575852897,0.14460453431836526,6.092886685673727e-05,0.006369726805091847,0.0001152911791827031,0.26096696107607664,0.019220987212808238,0.9643119775629824,0.037690685018511916,0.7808004683015956,-1.1372143981207339,-1.199430520701994,-1.1384998072603736
