,colsample_bytree,learning_rate,min_child_samples,min_child_weight,n_estimators,num_leaves,reg_alpha,reg_lambda,subsample,mae_mean,mae_std,rmse_mean,rmse_std,train_mae_mean,train_mae_std,train_rmse_mean,train_rmse_std,overfit_gap_%
206,0.8934457522245608,0.23309841915598853,11,2.6760747255897743,1200,47,1.299066043725171,3.801449115610675,0.6548438822915996,3266.9597478192204,12.630445978383236,8115.816721538681,203.11569801717454,2133.0047456813413,12.157611792861244,4204.854013093277,6.318925727432259,53.1623290775034
210,0.8634768584829774,0.2834210310098459,11,8.752062481107838,1200,42,4.204357897129613,0.19213174481162498,0.9607047968541694,3282.879377873133,15.60910583681803,8149.226177543307,162.19842718370325,2035.8279026166317,10.83807074773204,3894.9743871805726,16.961307866498295,61.25525019348035
318,0.9293237719282872,0.2367844471305605,19,0.29386777309907686,1200,47,1.6867277338454634,0.09663815458800518,0.649747359600204,3339.9249164329744,13.888936258734056,8222.66675601926,175.1925741035362,2171.970417465292,14.300276059530708,4354.730312161081,48.40311878004554,53.77395979134445
354,0.8137162207574703,0.16681302446860022,10,6.176688480146817,1200,44,4.762335583439234,1.1336369116498162,0.9517364080706112,3378.145397247081,22.035639891016825,8286.718135507648,211.23151601485026,2395.4355113891756,7.742575064765815,4820.745021954671,26.945397847475558,41.024268079252366
9,0.9659838702175123,0.2565111875590418,21,6.617960497052984,1200,44,2.9564889385386355,1.373608964950321,0.8244973703390804,3380.4323455923736,6.452456803567623,8315.887622346805,188.3985440200689,2224.127466322683,15.45972379984062,4471.706904001242,58.51333970688359,51.98914616083115
49,0.987460777589654,0.20952870295076131,26,2.022453522455805,1200,49,0.36381503182096764,4.1093002964517815,0.8824968908625985,3407.6561616925756,12.076742493255997,8380.970270203225,208.79290509425496,2327.646866689354,12.289147334188408,4845.4009064609245,34.63706003582817,46.39919012024942
454,0.8305889750231016,0.23094624744010872,22,9.182480465733619,1200,44,0.08378152246191206,3.395995756005847,0.6306273033734155,3421.649118834154,6.81342694860884,8330.338539678736,210.20652687172478,2366.1880830316563,16.946740247762868,4857.136866236023,36.4352832047142,44.605965323356635
135,0.8474445512860738,0.22828782547171594,16,17.632742655407004,1200,40,4.129083752823814,0.644349337367226,0.7340475417036567,3434.065906645392,17.752417673820506,8373.800392746887,272.0982647176026,2366.6863534489285,12.722130773343586,4811.784946971264,36.21674650735505,45.100169341872906
81,0.7817071888876399,0.1690949042020644,19,19.799204647798906,1200,49,4.049372229273175,1.2732032738188193,0.8726010888895717,3436.1719151944494,22.089599618340486,8417.023007540987,216.40349622480852,2440.694048000633,4.472338544124444,5094.898494932073,51.52520133005491,40.78667164404699
263,0.813070354704622,0.19417584071381844,23,4.368863657666142,1200,45,0.48267235097720407,1.209469141294195,0.6049616145109259,3443.233686002183,9.694520456426337,8371.606440256423,266.7170058764754,2439.8158668358665,24.8601103880208,5076.75356892168,55.7623256083849,41.12678472198079
83,0.7634073171743667,0.2805520394589868,20,18.766809136420758,1000,44,0.3324813368338875,3.7056032464502953,0.8297892452719647,3481.088178956507,31.053182911803226,8465.295244076995,256.5911014708989,2402.1898108938726,11.442499016953768,4865.13605559886,27.417082814589282,44.91311898709487
119,0.9697584781506121,0.2916068910979566,32,15.906836759181948,1000,48,2.2757184251807807,2.612172880355845,0.8578186602503288,3489.372201012316,28.390471685669127,8437.044887634025,216.9005534979697,2342.892648850433,15.262424910764206,4781.750518140524,28.657194737986536,48.934361236073556
415,0.7501764438671651,0.24202129530229172,18,19.944757998072053,1000,46,4.486829328954659,3.1131526679932904,0.9893530476659285,3497.094473325098,26.20668753099782,8510.917047365192,231.94833608475804,2467.1861157358035,12.532127867763633,5049.513444206867,40.00702409448671,41.74425070814485
333,0.8085838554885888,0.2934192933175361,17,3.233428724739238,1000,39,3.203075917744437,3.333002395233096,0.6650798975234263,3498.65624706981,7.082698564469576,8460.874113063182,231.82821128233024,2430.1030081720724,16.138574067181388,4905.560234277589,39.76282800646581,43.97152035548917
157,0.6913818965325195,0.2989368356564551,12,1.630529791048534,800,44,1.1028056246116162,2.0919989433382638,0.6814313121368971,3514.454281457431,16.668853288011206,8484.770687313123,178.67341171693292,2462.9748928782956,29.580480065689034,4879.268719585057,72.15630035845916,42.691437562741456
356,0.9402721042419385,0.29475265244219634,27,4.95020146280824,1000,42,2.7442933253867796,1.438163645218391,0.7227106398088565,3516.4182561175053,12.670200890021839,8492.119876642244,217.2490854848517,2410.067989512753,8.513567780713917,4911.875138239669,34.62768557986241,45.90535501151671
233,0.8287489084908746,0.1804531146500375,19,6.690225774838643,1200,39,4.158485218378868,1.3653540498640622,0.8072315064955262,3516.4984896339793,14.829802941547658,8546.185719342904,220.9092211964479,2587.9803962890387,12.46222109691987,5394.821686938277,47.76025749042861,35.878096088995214
242,0.9402464231364551,0.17275460860193223,26,19.61033644002212,1200,43,2.0198893816327415,2.7127290169771143,0.9166799953813407,3523.591609455445,14.816975399055249,8614.250026702664,212.7278502761737,2589.8708997223753,20.007509506952925,5496.132470317893,46.88279127281559,36.05278972913906
268,0.9095518622920625,0.18455779499438815,35,3.296493506935241,1200,47,2.9584858115316277,3.5131688654275814,0.6949733873499225,3526.4867701203134,10.942949257429266,8588.343582535768,221.33483805592803,2552.7535846378796,26.003160433395387,5442.332804558912,56.45618981007244,38.14442535081437
450,0.6892248246171028,0.263201564401626,22,11.35948594632161,1200,37,4.9178360325683155,1.2983541947520698,0.9878894531191909,3534.318128793691,9.456191699675646,8551.414632058948,232.26008731991539,2490.8598382612395,13.2136017971773,5078.266845994457,39.09869770829784,41.891489617530794
58,0.6650467757379565,0.27416888350321433,15,18.99599826583848,1200,34,2.0912151814530944,4.663642416770067,0.9464255558001633,3556.823992772305,14.71520710352368,8596.300776456648,199.9356366256339,2560.8221053222555,12.95573448257448,5235.2261972486,54.42939131611145,38.893833561496514
166,0.7785474586050343,0.260622691525509,15,4.1168242007353655,1200,29,1.348748057584948,0.28543428044657426,0.8124678112004128,3560.0946934776257,7.799517831002993,8527.385229305308,197.7527991454894,2581.5830348552113,13.739261497649256,5204.943360967096,18.837189192109864,37.903551635219614
416,0.786003807010571,0.25574249986569836,39,2.5587384902356636,1000,48,2.176968230878678,1.9798079437380245,0.8677234436647516,3560.5100989186917,2.404643255099793,8589.712216941125,186.26974123254035,2507.7544107787035,20.943070690827152,5244.086962781036,45.86288244868389,41.98001541199916
265,0.9409055497564726,0.2036633581356579,31,17.846049962793046,1200,39,2.1459129669817845,1.3388833774416709,0.9156643386354926,3564.24184478703,28.316278457809897,8632.74474727386,263.69622983562704,2584.6510381638795,18.84421094442479,5458.6420437421575,17.591575838690282,37.90031196315948
458,0.9000113648568765,0.16418169689170006,23,5.561990301327128,1000,49,0.7840635265840284,4.13651074868623,0.616766086686503,3565.7944032419005,19.377181151349905,8696.139634643672,247.34682521917426,2659.2775027141493,17.68491082895819,5655.968192724296,50.131259564092545,34.088841785128835
311,0.977193526726417,0.1324915114334487,15,7.546361079263857,1000,46,0.5801134067408464,0.21145874611340598,0.8258516203989053,3567.1028704989526,38.35062422139915,8736.737682506411,285.6184579429059,2722.4329266843015,26.181485739459475,5741.554582671776,37.46735634156693,31.026290327871898
312,0.9720683861753698,0.2548321236976873,19,2.7823169778217505,1200,30,4.377556132763081,0.9140361832845023,0.7113757633001738,3568.202091714737,12.204647277924597,8585.479302296038,202.4725681933325,2577.8806506262263,12.868157293706437,5268.059378679697,62.28391209971897,38.41610901761254
424,0.8091040566247479,0.14655153330472126,18,9.851381415065951,1000,47,4.191152105409003,1.8070188953359319,0.9439178699246582,3587.7290541182833,20.326668594632274,8722.024789919162,249.51624720356048,2726.4977266267015,10.596376991178612,5786.525689185882,32.7575859202335,31.587458118188906
253,0.751610850487639,0.2923026430930902,37,17.163541063143278,1000,47,2.7039687749277217,3.5512139931165576,0.7257400452734993,3589.5388908225937,5.050864379925559,8588.90360957871,200.67636111916653,2488.050777460528,17.951222096545692,5123.61975557928,41.532683475813506,44.27112675273928
152,0.8757859876549063,0.24217014274163404,43,0.8236699055854335,1000,49,3.1821512477181835,3.5323786324345057,0.6126344579302568,3590.193108480838,13.406594541475073,8646.096753042097,205.66477990548327,2558.940842581314,13.130125175644578,5402.437593818032,37.730419003876335,40.29996507692828
156,0.7316069751258649,0.14635295188203287,17,17.436655579462425,1200,41,2.490978582265695,2.7768177546881563,0.8876807113089056,3597.0255915255366,21.661542154033175,8767.540707990132,223.07818526360305,2752.6850259498406,19.10123453305691,5856.802906898304,46.664682132483655,30.67334466588121
40,0.977700638850067,0.2614876907309511,41,18.80460482849915,1000,44,3.216441092211766,2.2912644524575834,0.818246715726374,3603.695394254933,8.910066809705315,8688.324025240689,169.65090536287192,2557.53314040309,20.02946837332826,5344.817885920277,57.98047557143226,40.90512992089552
487,0.6602749948003335,0.2569623525982235,45,14.536776620964751,1200,45,3.027406252629727,1.539431910081247,0.9350123336304222,3605.760830274256,19.34923685319768,8647.463881367194,218.06602564655293,2520.3908820704523,24.158903283726517,5251.225540634038,56.39183190853741,43.06355636837542
36,0.6731463988429229,0.2810380592285158,10,19.09730561326388,1200,31,3.6501965828090928,0.23858063845824395,0.8264148841976305,3606.6021136737218,35.87881668959865,8661.494595517112,188.60148608687743,2595.189825700334,23.233189454951685,5274.39937104802,32.95907895653394,38.97257448982367
385,0.7647832380136408,0.2624528202181214,43,0.44282950945258914,1200,38,2.1954778262541423,4.902177851351858,0.8049139028973941,3619.8657745013684,31.78410565039071,8659.895310363223,223.26315041888174,2627.761501097321,24.533328565874015,5508.172547492092,24.633175105205854,37.7547305183426
186,0.8428376144355123,0.16854224968708031,19,5.137676952914296,1200,34,4.938927601074436,0.6821987627836656,0.8780578216190376,3622.3810835996524,18.717646529551047,8751.729993146675,241.71304872262093,2772.8034848031184,22.961513042750212,5847.84988078434,46.79746436325004,30.639661391541352
255,0.8848056081323123,0.2495336816853437,42,4.7974822551188945,1000,43,1.7397070579108331,2.251754894527063,0.8995305347853226,3624.11776683625,16.871994075926498,8707.198160932321,237.89059774073078,2630.1343397981086,19.312653592541256,5561.43631184578,39.16524318980051,37.792116242793924
168,0.7589515953857604,0.14917015366170122,43,6.462613141405571,1200,48,2.2736992781692953,2.5779801428962514,0.7955386321027681,3626.022274251258,15.910283785497255,8803.473318336137,247.0809811810204,2749.746355116786,18.449282857767127,6004.739104326613,56.29427024706848,31.867518162316276
130,0.957968576491136,0.25943677676119786,20,17.54921725260761,800,37,2.3833841416518418,0.22188331766618385,0.9408774133388031,3640.1751561752553,23.03269584059739,8725.44463908018,212.77537600474298,2718.2589295009834,23.770929596992712,5622.491948285227,46.377324894957496,33.91568833523586
132,0.889368045475434,0.15380396317284353,15,19.242439451840994,1200,37,0.3806542974515009,4.256034570243844,0.7980586108055897,3640.7327189288753,19.358440787880852,8804.229314536644,248.1897462803264,2813.8717190840102,10.608411721357202,6013.082389789026,44.74511233289629,29.385170412602534
19,0.6880964190262193,0.21623336440702517,28,6.973319745834587,1000,42,1.9878601054376115,2.5887567526374005,0.9350840423629312,3641.2979450760017,17.94162332427335,8797.961943855553,246.65833304684526,2722.7010601768193,15.332243053507165,5746.059308652802,40.59850131254047,33.738440783488976
266,0.8293397382540872,0.20105927034062046,29,4.404506027546303,1000,42,3.687828745464134,2.626198787600801,0.6130582710182674,3648.649577818505,13.740990359145165,8809.82529934841,240.42408970513233,2739.758276655113,16.432906338791174,5813.92844936967,41.11022146506043,33.17414200033111
194,0.6356497728464067,0.2290284219440743,42,12.169728253195826,1000,47,0.7965201030949015,0.31554516539575084,0.6470596113894235,3654.2866241101415,11.718097615632518,8751.701978784118,218.09108716181873,2680.165220322679,31.301931653746692,5682.228076621291,82.90297642367511,36.345572892337685
178,0.8431620371173778,0.2318161458472172,15,14.937514322716455,1000,30,0.9788899284177305,0.0378143748907106,0.8589898856618412,3659.7676700882985,19.03019733192129,8772.286050275812,210.0228695009845,2774.987961688184,11.569095265953742,5699.339126644961,47.73920958123332,31.88409177320728
251,0.9529665473629355,0.2430450252780452,25,19.76831978824153,1200,30,3.625927740136954,1.6150559919310692,0.9988312628326647,3659.9388289597796,16.621116616021133,8736.290495793028,174.5972742999616,2717.957663289706,22.389167574926674,5645.596606168806,45.968393342593345,34.65768353911509
42,0.6377771843023713,0.20807196429074348,26,13.114452707614843,1200,35,3.4080683448639486,1.7031228473212001,0.7042778112943613,3663.7787145028437,16.481487533785458,8795.214054609727,223.71427885876787,2768.2776428095644,19.742144162707124,5836.119649200417,50.06845348787208,32.348672613070065
440,0.8824984650221048,0.19057996687544126,28,6.237588715274505,800,49,1.5658160091488855,4.247671077439507,0.6355958859425387,3665.266433952544,17.49311109029484,8891.675737518754,215.75517241600593,2800.920132295132,22.552907525358762,6028.826787779996,63.170709823967655,30.85936980820472
343,0.7637648287268073,0.24515478849229633,49,0.952825148730132,1000,43,3.8695311088533257,1.763013029644291,0.9299151425111147,3670.486337598281,7.823493716698668,8813.599816684802,200.75049793360049,2713.5105151943367,32.63563917283716,5770.160751415962,72.83817826725218,35.26707624847391
43,0.7984149817173625,0.2109382040206624,20,17.54944027054106,1000,34,4.017404651924243,1.4101728628565324,0.6709758175118891,3677.0321315236542,21.194441058914602,8798.011145521916,215.9824217266015,2814.80535218679,22.005112855668692,5908.050430328239,50.55875906791527,30.63184382063968
129,0.9032953902816365,0.21184597923559975,33,17.948722960924076,800,47,3.1146869146755933,3.7393580204611427,0.6139460640935299,3679.475892065491,22.587440546306272,8854.290688817106,252.892025664416,2794.9861567149237,22.44163502344538,5986.607713143408,16.38043102319395,31.64558555059711
220,0.784215798909656,0.2541795803381178,49,11.156264510221398,1000,41,0.8871438473485344,2.7251345944846914,0.9938678958098033,3687.804088265737,18.648523698026267,8828.361264133906,239.53212655013118,2737.8405763147507,13.95096979557205,5830.145216076082,25.198719150032375,34.6975466785461
363,0.8783189910621779,0.14282644138379502,44,12.970096402373763,1200,43,3.518961554952538,1.8662990723137947,0.8254639884115049,3687.871858061431,14.004755353319476,8958.555023825123,247.70254539486456,2858.3865241159474,30.296624892169774,6277.245984392785,63.436576215318425,29.019355043385175
287,0.7656600897312907,0.12467593771794515,15,15.124272279003536,1200,39,0.6502389125556934,4.177401181911638,0.7481587945101226,3689.0604135602102,21.933473432393,8894.484085571603,268.1401074778268,2927.8223793683687,21.132873617860373,6270.790552085343,61.13865164615881,26.000143982643742
180,0.8469407029651896,0.16169457012871755,36,18.592117548439784,1000,44,2.9046602663139884,0.44813169577471057,0.8870543143634517,3689.2452910940137,9.598173721598899,8920.707626074834,236.74967036833888,2847.685442405287,24.789410858023825,6188.395241297617,53.61968273177418,29.55241601326255
355,0.9235159938254154,0.20637419961272535,32,6.330993305357399,800,46,0.3544578794564268,1.56431580427565,0.974118839418131,3689.2927594768807,23.87183988919924,8907.52170609261,225.73468094379405,2793.8376433043563,12.457211026122797,5979.1161904978035,23.44947846830084,32.051079214232445
142,0.9988498000630844,0.13359257764843216,22,17.08419548923132,1200,38,1.491872154949963,4.199735823362359,0.9091291120067218,3689.4852584850937,27.105519911806066,8941.468437836636,242.93399691240023,2892.9607326994246,19.1269394952513,6256.009628250613,33.47317521363677,27.533195206643235
155,0.8105610643744453,0.22216096130904625,20,14.496531197481167,1000,32,3.2514709293672697,2.3963946428814364,0.8462968087768972,3690.902050414434,18.671174531775463,8828.272684846417,194.2522296033841,2838.0166316355153,25.02526013132953,5933.3763721358855,58.05601728964284,30.052164221723075
151,0.6289665088585366,0.1649302397331691,22,1.6501706888084255,1200,35,1.9846163810079802,0.6635787702153018,0.8270163393046233,3692.791475033589,23.208157016247586,8883.452087071186,236.55088065358632,2869.8385278133624,19.06062456247335,6100.960451321108,60.223458278659315,28.675932086230137
352,0.7741296885820945,0.16929983372923016,26,7.610354197397891,1000,41,1.9361863558904795,4.532861053360814,0.6064247459924025,3696.3876674830517,15.706727801718474,8962.803557307228,200.24598743799612,2874.87873053437,9.896658448453842,6227.8269473504915,50.773982374651055,28.57542922500884
375,0.680439490977067,0.1811674711537589,16,1.1235215469487803,1000,37,0.5269660905390261,3.8222036403775217,0.763868421350397,3697.6941556844617,18.98219482078865,8890.920829936002,247.92293616450854,2878.555019097987,20.43789425203733,6085.706573169723,48.71136693096421,28.45660865093198
149,0.7582180335519875,0.29266295704250006,47,5.833251574186065,1200,34,4.300611985946023,3.8992549444667493,0.6158475301393428,3698.1590198193103,14.157914180197364,8767.904586483572,211.06549601286588,2691.070852792056,24.832085662575395,5620.409577059675,60.93625873094527,37.42332410097542
101,0.7089207418881198,0.27025481884747643,43,8.174683421961928,1000,41,3.579861144236988,3.294619709550757,0.6108383970013934,3699.1666124336953,7.5690350966210245,8844.264944770473,207.65825780933244,2710.7080570697985,24.052788074716595,5691.645169177434,62.549443687318345,36.464958031385855
365,0.661931445039088,0.28397351504709306,31,18.781141919343742,1200,31,3.126023847652211,1.8677740052384095,0.6201955777649631,3709.0910138099225,19.923021185650672,8815.202770657941,225.69244700534793,2734.996111422343,13.051903710841634,5659.315854888312,46.284893091346206,35.61595200517482
74,0.8255860368075345,0.2538058959046,31,6.5499470435582925,1000,34,4.452636403699475,2.9679622677702433,0.8716409276577959,3709.5549389117896,21.50514001363684,8846.171740947617,256.90366372344903,2803.256296834498,33.81496384553753,5894.786941190327,56.82049911676261,32.33020980281771
359,0.8685916594668828,0.19336182455491555,23,15.61991787229983,1200,29,1.3892638804485613,1.381595542329268,0.7728075710378024,3712.9736992845533,23.296819515213937,8878.332278228103,252.8275777696447,2891.3733253736887,17.57943377822019,6104.21227850324,50.75985487237044,28.41557562632211
378,0.814221525951869,0.11349693279962195,33,15.785856966393712,1200,45,3.161082988769745,1.8676008844984375,0.7085995016727471,3717.760914574202,33.67792063411541,9070.01701629149,234.632565313654,2924.423839933926,15.881470835541121,6450.165145775079,48.85503795041426,27.127978639997696
379,0.69271343611574,0.10239659920144607,18,1.5528155197756255,1200,44,1.7444503752091178,2.607996980056791,0.9177942534593962,3727.1657837114094,23.14164740110333,9043.789793850781,241.00030972602283,2985.6699694233357,24.557586378686594,6467.688291146837,63.28949817529875,24.835156661045477
61,0.8766857588675647,0.16496041975854428,14,19.93273674147811,1200,32,3.8449370759025525,4.72382864941214,0.9398589562709646,3728.001222366021,18.542432259704725,8975.816552284123,259.60832378999163,2931.524173012471,29.937893432481072,6263.321794459212,54.03464837575242,27.169383649839762
163,0.703253373080451,0.20045363271697472,10,15.469462513732013,1000,32,2.2689477069181962,1.1802523167323198,0.6293986989320051,3728.7116547499686,22.178296834182706,8874.685026787329,237.1495635065854,2910.868700327455,23.84239837380977,6070.5108044707895,47.131411353665314,28.096181539569653
205,0.8108165855646606,0.13356418132820772,46,17.732084304809334,1200,44,1.838796754386448,2.0706487626446353,0.9310151582267497,3734.5885922937655,23.507682671932653,9046.831858907915,246.71858913747974,2922.954788864039,30.192426197034862,6445.79446221759,59.646207619637494,27.767579797057195
216,0.8575617014164523,0.1637876186422559,19,15.97428383309149,1000,36,4.899851646794254,3.0094079481816105,0.8329690632828985,3734.668915077213,28.640641838628547,9003.015934980871,277.76550003205483,2952.625834920004,21.878185837105914,6300.673801691603,60.50296558388177,26.486359053970588
4,0.6488152939379115,0.15360130393226834,44,18.186408041575643,1000,49,3.7768070515882624,2.1257793724562237,0.6831766651472755,3744.3755046998135,24.25312223073493,9025.418054078356,214.26368244116023,2928.6503114759016,23.788910434628583,6420.8660101583955,72.78109290265239,27.85328074258291
271,0.656009639021327,0.09027614925947866,10,9.009306033156365,1200,44,0.9804885636919647,3.0539003553788415,0.7122732862063897,3745.2912662009476,27.80942557122336,9038.516247722606,275.7208245223444,3046.916592996096,16.56209745263788,6482.989446464305,33.88344500015888,22.920702024144536
80,0.8828920382577778,0.23265605541842324,47,11.624764428452245,800,45,1.6032109607975715,2.969415487789494,0.7476921926039585,3755.557815603029,8.001011587706593,8979.163707395934,225.920976801972,2860.8249600420572,29.56830355094171,6163.350868034835,80.70907470782046,31.275344282084937
117,0.8548926319157948,0.29436727205219654,27,9.78849927286281,800,35,0.25797903329355,3.349587322750196,0.6176661750840401,3758.046475422425,19.52961231886945,8974.402056597952,212.31094200655465,2837.5877827832805,7.140361346619121,5932.701591542517,40.6705498557108,32.4380693426972
165,0.7010111128301677,0.1141827168957112,37,0.7334285386708594,1200,46,2.6675596264984778,3.908951649225147,0.8821542376448814,3762.4155453650346,23.30265484659088,9153.919525785095,258.2780583068326,2995.321426964716,22.234821276094852,6632.668593646118,51.733227896855716,25.60974296430174
423,0.8668849348776724,0.23534429283900926,24,3.984919088166281,1200,26,3.825801644083832,4.702096036503734,0.6063292687987283,3762.579410867869,19.065658034544363,8959.82422784074,239.2457507622449,2925.0160831264184,16.656914615012596,6155.282250374424,65.72952035929681,28.634486236609558
241,0.8261321018286439,0.1445404211396175,34,18.94071975477446,1000,42,0.7562341436746728,1.1265846497561753,0.7003866645361192,3768.4343347209888,15.217050072547053,9085.17456814723,221.00531710729274,2985.5234315125567,17.162746924733845,6517.1621358508355,62.27180772172563,26.22357255497356
496,0.6370001751755855,0.23630088019464598,22,0.5137928973881634,1000,31,1.162706658104275,1.1301659839432605,0.8204203813179729,3772.748184962158,21.370835028205942,9024.596361661394,199.21446665342518,2916.478372932503,25.732040151539863,6145.286311971424,66.2275503205149,29.359717527021488
8,0.602208846849441,0.2464838142519019,26,14.226839054972999,800,42,3.029799873905057,4.631504392566745,0.8604308102007778,3772.9695937453434,18.740655003727404,8985.92092312956,242.3648535756236,2887.6269073388453,26.164431580239818,6079.6419322132215,59.22377911264809,30.659871057317602
476,0.6625267882835443,0.22400577474530173,46,1.640473704229417,1000,38,4.948782067046674,0.1501066607453594,0.7778113012200638,3781.222332559755,21.701854742926784,9003.282187390343,247.47737330888083,2909.677732083014,24.116264733984387,6232.698160124298,65.52831847498464,29.953303448929034
421,0.7938151980320043,0.09770165827077554,37,12.344376117558015,1200,47,3.9027801344360693,1.5181196907192014,0.7246759314060166,3782.6320257571083,16.784788039645793,9211.861423369859,240.41477943553622,3043.7568810392245,27.90608171796783,6781.1186036285735,75.29657495163919,24.27510387970313
291,0.8230835305000176,0.11071034131884717,37,11.659688523292049,1200,44,0.7526074583170678,4.08378465059764,0.6829236012750232,3786.8510775045143,31.37635291716548,9210.707559169232,272.92525360480823,3032.182121587237,30.77119793198122,6749.274141267514,79.27898616452931,24.88864209522599
252,0.9919129831418088,0.20027886522596838,36,13.737219953500581,800,42,0.1468207955119616,4.1147922311074305,0.6839011790734726,3787.5229608127374,24.61316979124981,9097.458640578632,253.69214310740992,2961.1999655081377,23.739527824249517,6417.4632921706725,46.60646091970832,27.905004894284602
349,0.8406215517199296,0.0960023745397199,34,2.5988274453588245,1200,47,3.903659266004505,3.5424484874639868,0.6688356917181038,3790.776636146656,26.311150329997723,9224.090134298198,223.97136539498814,3048.129974985773,22.480999605452155,6774.007036718965,74.54522271022137,24.364008990933826
86,0.7421449807273583,0.12352981195843554,11,10.871057222279772,800,48,0.5844902035418204,4.699160618067376,0.851083221228567,3791.070420944115,40.27035577179453,9144.620276842279,282.1500180593051,3084.540504755041,25.859039839741772,6605.762581582075,37.029682587213316,22.905515913955643
34,0.8904365334890646,0.292997103044135,39,0.8213503353575158,800,37,3.720213214995577,1.254302636733306,0.673733469732548,3796.225622050708,24.354034201040317,8960.1244121207,262.9800070130676,2853.255514559402,29.861780596036642,5992.893200370029,62.68707473403517,33.04891912692645
299,0.612219782837352,0.2628940181496322,19,2.688702588162437,1200,25,4.098989024923638,1.6670366107955525,0.8932204759439973,3798.5924100048237,13.019709450272533,8995.496760808091,196.28791354879277,2923.7061422628963,25.046922477184218,6030.9383309614395,38.43255326491696,29.923878295948757
491,0.6000122875381529,0.21651974330537543,26,11.08713362432738,1200,29,2.828724753066446,2.572306638699471,0.6340225541956964,3798.6396816409706,21.902428521322875,9026.299596395555,263.76962644132186,2967.226398606843,12.149859138854568,6263.4244190250365,39.776077416813436,28.019880229715156
33,0.9311476015150355,0.08874744558772514,14,9.145303232274571,1200,41,2.65677315784074,2.7031756080505325,0.8549719605992826,3802.6892623787458,26.690378990586968,9185.635761215288,232.4517552047829,3099.035189332712,26.918989728749715,6690.57178082395,78.17809999429721,22.705585127529492
329,0.9043417378057983,0.1685892958827866,22,9.1719588702768,800,39,4.319807903675051,2.4066668826783246,0.9590698690711826,3805.3837304639383,22.25375647826525,9166.753662800858,239.6286630948242,3042.9791027828383,30.480876561904477,6559.149104608779,83.65430211990821,25.054546939999444
95,0.682231923350255,0.2384590677272028,35,6.669983433822884,1000,34,4.317590703064785,4.6148011589924245,0.7862800489275252,3805.5900784612368,15.048033121752471,9071.3961001175,225.6976457879624,2939.8053032501753,27.625007303945004,6256.328678198206,84.4830268724584,29.450412047827502
222,0.6602704430839509,0.10929125444972847,31,10.844744109836967,1200,42,2.5418027345814,1.4877422565941028,0.8260087971436064,3807.4761526143716,11.740052301932003,9229.794838860049,250.03810615185165,3071.4307310676,18.368771789356654,6783.746122858953,57.02674611966644,23.96425268854849
245,0.735910988624754,0.2629193530065182,35,6.60430129742995,1000,31,0.08972839284245915,0.6312689139630673,0.8638517465578969,3808.3496157686277,11.595679383457826,9058.21600428416,186.30925923126338,2923.5183942241833,26.122272229870518,6159.848015608482,76.71608730798656,30.265970732133972
431,0.7944521940859697,0.2770144985993643,32,5.829218269875877,800,35,3.9290632273418655,2.949739414009044,0.6025740845987183,3815.6881658930993,18.81310283621807,9093.114663877766,242.80558479943912,2932.020756212462,20.263306350983335,6195.3843048110175,45.89950993718658,30.138511393832857
412,0.9211243739298002,0.28866684260935915,12,12.780643178298416,500,39,4.408078199389988,2.922498977653951,0.9335167803675309,3816.399214574502,29.66757226386042,9110.963622188365,230.57127030417888,2994.5220936569444,7.939156297125947,6224.82270069776,27.945623882440465,27.4460196055482
460,0.9737216456669961,0.2757619579142992,25,8.064212663676456,500,47,2.6564700917546595,3.3871903561414722,0.7713831615395181,3816.5188075022074,21.86929249616647,9133.437417643165,221.60757719790968,2957.6153511991783,30.200455201924907,6257.669841949203,62.0899150393535,29.04040432285364
231,0.6489507029300712,0.2232966258813859,42,1.7720085935923446,1000,37,3.678315571195949,4.991737556964749,0.9732453325374231,3820.986741921792,9.985266204789228,9125.479431415935,213.2902791574101,2979.0724143435814,32.419332034205084,6401.129887842624,74.97525055447973,28.26095544118288
394,0.7400811964362921,0.20646729029880714,26,0.2925651775535143,800,38,1.9331008631691708,3.312419734708041,0.7387850638938234,3823.2753580937283,22.208262637286833,9176.636229834563,218.171377476388,3017.009314332144,29.504694240846963,6466.703147358882,70.31784490028551,26.72401573079206
417,0.9567572413026251,0.0987549244216085,20,15.788188438271714,1000,43,2.3747548263187412,0.27611260371514235,0.9769533816009107,3826.0625024217074,27.347103135909613,9246.417260176462,252.72702577781206,3111.6364143461774,28.075420807308166,6782.880962652634,74.28132236026615,22.95981898083188
302,0.6354418855878716,0.15141206480349115,23,8.150860620648617,800,44,2.7456516813858634,3.160449147531211,0.8308162657847643,3830.5831518441432,32.625225367873014,9216.665389585172,300.91284594989673,3107.248862094992,29.214646121932113,6758.938863120747,33.009741804978646,23.27893007132551
133,0.7922346309306592,0.1817982575512601,12,6.956184158043861,500,49,2.8286598199789554,1.3351413508471066,0.9514519945420632,3830.8479704378274,36.28716717383113,9179.666212912394,272.2937199809645,3079.95583503024,12.11209994776219,6514.132660934717,32.94591306955509,24.379964376996167
51,0.8367554955285137,0.11156329154309091,40,9.633339759282308,1000,48,2.1211100462348815,4.53177192547368,0.6444789929224605,3835.885084274895,17.804537375631387,9307.44535449914,249.68425428322502,3112.7477686148263,33.954186400927675,6954.058744828937,83.02973546074496,23.23147808348971
399,0.7113830185494292,0.19986563185332673,16,5.292700538507146,1200,24,4.108239664808856,2.307614637943034,0.993322262727387,3837.4550396012105,21.593261649694245,9143.279050810388,198.16577763237652,3077.8214909251383,18.570437983918367,6471.1625277170615,63.42274374508767,24.680883895178084
392,0.7856954078956899,0.21959394814925334,40,14.175313104583084,800,39,1.0883369979026802,3.3084214419992826,0.7935957472718989,3847.04555635721,3.175467874008697,9213.968434904911,245.02713658917318,3023.1323512444683,32.28440415449683,6527.372607123547,84.35650435841949,27.25362668205973
109,0.6471004331560565,0.17718977789913354,47,1.3435079983142018,1200,34,2.4873244698994528,3.601012908161479,0.6426314920514697,3849.957495692072,32.90581501705765,9204.515099832539,244.54362545944628,3056.83807326727,20.329794068638385,6670.695026714868,62.643120729457856,25.94574535566041
313,0.6518402604781768,0.20607138711017922,34,5.9610441727888634,1200,29,3.909119316724678,3.2207461073795796,0.6192744049573184,3851.06517323887,8.823596628322289,9166.468739822803,249.50449701291538,3048.132610863789,27.27222223808055,6525.170527975105,65.1225808662722,26.34178577117561
362,0.7149846659589001,0.20045925840762155,31,2.878838271444617,800,38,4.6276110392594045,0.341670524228021,0.7721498998763173,3855.731968728589,23.504024914692735,9213.287599798534,224.2588712784453,3058.876865165757,24.437627082179187,6585.2468339093675,47.690207658990005,26.050577996040115
82,0.9040911439558746,0.18273523477627485,33,12.122037621116773,800,39,0.5334962505671803,4.253637300082273,0.8983898102194872,3856.534902049618,21.09306231775897,9239.315715602745,253.82820406212005,3099.7694769775685,20.295831990618936,6754.459194839842,80.02118940883373,24.413603356399705
79,0.8227051572055719,0.17576767994627096,14,3.7408749711504674,1000,28,0.9975346366915988,3.681235918492441,0.8119360092724467,3861.3476623077386,25.42801533563809,9201.626728910145,197.7050556276795,3150.69855528142,37.21476320805366,6688.126687581037,94.80084462404895,22.555287170684068
227,0.9121599104589098,0.07299063833045105,35,7.830513963556587,1200,49,0.8918629215366491,0.14535690171976867,0.6667540471419483,3870.281923832316,27.014436071483107,9435.317337839,250.3052389130351,3176.788129107439,13.999706522268085,7148.822678957807,53.05405463804574,21.830029782934357
23,0.8675953018856915,0.17839912021657184,34,13.270035382161115,1200,27,0.8040402570874933,2.7436689468329307,0.8767580790770773,3878.384371083517,7.305631390022452,9285.953844820799,236.77306127147708,3141.658127194781,20.275335451647116,6812.028477384584,46.704720451670866,23.450235960160516
297,0.9226357369305108,0.14818018129570487,18,1.1894313773456155,1200,26,3.200991557798119,1.4921745618093833,0.6961529554797935,3881.500216847646,24.22429269183425,9254.963972659614,211.00237627765694,3174.9025810753265,13.048390357547254,6789.679441125993,50.58597577900272,22.255726521630702
295,0.6374689682823641,0.2288401542635916,15,11.774630442626396,500,45,1.428917777629351,1.0161154554304364,0.9047192765510789,3883.405215064335,10.920989849748375,9243.356751840567,210.48030829655704,3106.662446850563,19.660670398531934,6549.492434093624,70.93251847955302,25.00248358173607
298,0.7247596320017122,0.08425379388043673,14,10.208649780084645,1200,40,3.6701488129465316,3.8129819734708765,0.9717029592028917,3893.3760879471088,37.57783089077796,9363.30531982315,274.6603826298028,3237.0098000050234,17.05575096718058,7047.470252127561,27.757351488500408,20.276932369530254
146,0.6614632152644451,0.14157115403553197,16,12.524406432628307,1000,33,4.604239239078434,3.0832515726036904,0.9186149163904705,3894.1159337213953,23.796689080462745,9321.829299687619,303.57401830132943,3205.5860331738045,20.052283938945614,6900.424043580421,68.15927272133139,21.479064776991418
347,0.9998175674876377,0.1276678388983677,25,15.084965193641615,1200,30,0.7480072476347627,1.9034484058043288,0.7657878862157373,3897.048295665307,32.84851418816863,9339.000724331783,254.87414603901078,3191.8445590138203,31.009435791870374,6931.662437432856,66.9814512396249,22.09392480156904
472,0.8651185096838887,0.2624838256302122,46,14.5505846045019,1000,28,1.0812526409326444,1.0429418387052536,0.7185568027501134,3897.547975009887,18.289837521277367,9220.40661225129,208.4157788878507,3053.466816619617,31.28745178732461,6515.116791341409,61.133947838482115,27.643370931560398
457,0.7612831024533009,0.2517567630378,49,6.393041105841251,1200,26,4.496301794623448,4.811307233045784,0.777646098598533,3901.799467123983,29.092264758965328,9239.013576594734,257.1512110796424,3082.224661404211,21.180860710793173,6599.184839988476,64.24747431367933,26.590365588288666
228,0.6725277119702021,0.1224253424776143,26,11.76404533896781,1000,38,3.211627629526137,0.32426797241484173,0.8319935149712525,3905.935673575632,20.068979978432825,9389.165880351928,256.9099841038326,3193.073600600182,19.65033193337003,6985.763194609281,58.47372710457165,22.325262807642687
470,0.8264286585792661,0.22792135389320964,49,1.8639223912538938,1200,26,1.108909890961593,1.5877728993475086,0.7037553602972785,3911.727055505433,29.427220198923163,9270.201367723666,247.76617458768925,3106.5512240459175,30.85088624202209,6690.624508072207,81.39833668029821,25.918640105694713
31,0.6020739451095947,0.19208938033510445,29,12.999278615555303,1000,32,0.13808385936852352,2.8943244775377934,0.7753896492072347,3919.6748933792637,16.20235425769143,9307.992332805112,230.7237593164658,3157.877753497149,27.16571035428259,6783.185590776819,58.34714264215811,24.12370583498593
187,0.7617275072417169,0.13417788832842828,48,14.490337027972362,800,48,1.7054501223711027,4.093535285596164,0.8412877640853489,3921.7393626112184,14.313219816642638,9460.08569285871,234.49449896794536,3221.791215263705,15.482753119640474,7228.205377032501,73.88517504723949,21.725434721884127
411,0.8671042366412611,0.2528364531333437,23,1.2120981542981957,500,42,3.0484871257630797,3.4981978481106086,0.9352619899954571,3925.45293873982,14.071625980638268,9327.234644304031,236.34540156250287,3136.6452851060226,25.092492178754554,6707.750427287884,70.94150796181556,25.14813062794683
140,0.6298777671031416,0.2572002511676078,23,19.469779383547937,1200,21,3.7482591587146237,0.6504312006531598,0.903305278371609,3928.063547561334,21.502812178849403,9218.259390793812,222.30185696229597,3138.769120252951,20.664583143597884,6584.919471813639,35.648877548162446,25.146622674966746
90,0.8880146146184298,0.19593281353673622,45,10.854488866951923,800,36,1.7284799675195972,0.9079885840071283,0.9633802245334513,3928.2885100241197,30.866603538235253,9401.679878404078,275.1708312408597,3169.0528688311665,12.649618658248249,6930.734793875268,57.15502950674303,23.95780924516353
387,0.6276183625258399,0.14753395608331654,24,17.712395284835466,800,41,3.573206374543621,4.407817274703785,0.8925266078813185,3933.3467705888365,12.980604791458195,9427.182353634451,232.43302552324886,3247.0207331505712,25.835180084625573,7110.512438688852,73.6969494507302,21.13710055594027
120,0.8600669401772912,0.11576220234261869,43,17.699967130465623,800,49,2.205160808740808,2.0224272484092536,0.8289711037733862,3939.9572894865523,18.78071074617229,9552.7022771076,271.0856498251646,3235.554813057704,23.237030784956623,7293.484476828363,75.09231553161129,21.770685929538168
282,0.9446969979673181,0.18118280745641632,43,7.684792402747627,800,37,2.896331769102634,3.796755128763065,0.6395494470562542,3943.634174239196,21.806130503080617,9428.679325050958,252.6917537771887,3205.2761972369303,27.1768383784123,7043.508140070945,65.76931568814435,23.035705242461102
300,0.8114312438888789,0.24008426414855083,44,19.956417113639564,500,49,1.4730969817309658,0.07157638833529989,0.895147807424612,3944.2063290336596,18.56824816430644,9384.234635419807,219.0388485091156,3145.6103877787336,31.33207623933289,6838.187841692077,69.34457128214221,25.387630469355503
44,0.9002459006563434,0.24398207438750655,44,8.25235353822853,500,48,2.902720061719549,4.33558303604861,0.8247466768575095,3947.256133372362,24.772074185529597,9416.319928027864,256.3992702119317,3179.7152461430032,20.383150424388692,6926.036012496842,58.07272253628546,24.138667390433355
384,0.7658943307869884,0.22862087141270826,42,10.818100076761617,500,49,3.5107304809091473,0.8584695385272478,0.8000451008306508,3958.1282910038876,24.522952853706183,9477.461226321839,188.72794893148358,3190.549533904845,42.59193362046063,6983.492644041427,109.27751465044403,24.057885606923012
137,0.7305734306013172,0.17235485056956054,49,5.196071621283195,1000,33,4.093397102499209,0.6422435904659568,0.7133371793062326,3960.9972919808774,21.705661046950397,9442.58489141823,243.22632016552822,3229.246922284227,6.691543693894429,7107.472178495788,51.00921133369486,22.66009343067028
196,0.9769548076408933,0.26326763189991587,15,18.387839464288348,800,24,4.960790074116563,4.257124788725479,0.6834042057429344,3962.3053598938627,18.780641199786377,9391.725016496695,228.55957094335946,3239.284989419493,15.990693426032353,6844.059100268311,49.53703551545692,22.320369243088468
38,0.6391336642604005,0.15256860378388137,48,6.926086421788016,1200,32,0.24029462098516863,4.7457286579569296,0.954672154919219,3963.4697878223874,20.107939759268824,9460.792836546772,229.59214350072946,3255.3265271370637,34.370107472630075,7195.126357856545,83.2297483979866,21.753371122131604
407,0.7769175221804541,0.21514513000954902,34,4.57750924966998,800,32,4.640910490569757,4.645697600077313,0.7367621112421961,3966.4986396114523,16.185429857476684,9425.696422452069,254.23356668369684,3232.7000821454135,18.273525633003462,7006.905251505814,60.225328382971014,22.69924641382277
91,0.8333567179064482,0.12624691086145556,35,18.945666792236306,1000,35,2.931149160083986,2.52944339442233,0.8445816941738591,3969.661053264852,37.0887477125638,9552.447587219858,243.37620586158974,3289.0372695346273,31.730482478978033,7295.374609705391,83.7208943749221,20.69370846097245
64,0.9167271357878531,0.18108721016991447,32,15.10274511347238,1200,23,3.5203988404961177,1.0648208075445535,0.6545485902347079,3970.63154146622,20.583951762468374,9458.395549991284,221.35034824720464,3258.427303935125,36.46266288337451,7075.658434290172,85.31049960984923,21.85730019727563
321,0.6305539779965824,0.12094829383548426,43,3.6347838141892597,1200,34,3.8657093695933575,2.5898026385628947,0.7392382372673152,3973.811715402959,21.184221863444073,9550.135960238227,268.76278976544904,3304.1923802873407,23.910713074343327,7357.16091437517,86.2275571817786,20.26574902570857
20,0.8702760468157122,0.2232126745798239,32,10.828959476551317,500,44,1.1427501089864984,0.8747746354796809,0.9928673373317742,3980.647833681158,16.25559290539656,9465.476010186216,210.61084188655659,3222.6835321553713,22.1665802977627,6993.970707031148,56.490498503284485,23.519662851252733
67,0.7836543024953045,0.2942094468327883,11,6.575032205750164,800,20,0.3793166405433196,0.6443986095532461,0.6512183355831089,3984.3492496337135,19.57202704642985,9396.007260236127,259.9882542112219,3265.6452403626517,21.657802865568414,6749.967405849916,56.554402791738866,22.008024643584644
85,0.9631464521850064,0.10169700886598343,34,13.659641268342648,800,47,2.698905309573165,2.193723376941695,0.8309945083624503,4000.434664073564,41.106118708917805,9685.889082133976,309.18313894550323,3337.8574166381477,19.183275961095926,7496.388947380542,68.92291628303194,19.850375996670234
175,0.7298343319601082,0.11627384511270537,16,11.268778546969177,800,38,2.2434681131126535,1.1877206543716374,0.749300716651736,4001.8391330875625,19.386844533490788,9575.864707652107,248.8405960539664,3374.574624597104,26.19873378747348,7343.8083194317705,55.91125480863172,18.587957839733615
371,0.7488801567300877,0.10658011282356551,27,16.101806369913255,800,45,4.663552540663806,2.7212698305684886,0.6801128071470504,4003.0208865153177,22.964356510383418,9647.177589076813,266.7048554156652,3359.129561785483,29.02856947538018,7477.445583259531,68.15805454902294,19.168398029505784
490,0.6377675590641924,0.2511403166025448,43,6.365240827714517,800,32,3.6446960005257862,3.8991044200503406,0.6472874489164354,4005.343837943446,12.3922378177733,9502.554241386793,223.11425809066102,3242.6231893045297,36.11224021907295,6991.97060199064,92.06360369425403,23.521716959117377
319,0.7654570699674541,0.15293072948975953,47,10.618753568241877,1000,33,3.624282496575085,4.388235098253907,0.6166627273530729,4007.8163763942284,23.305147663037918,9601.274269767435,272.9874906648195,3324.217865201479,24.63841866978701,7383.196189751092,79.69767759030422,20.564191004109066
293,0.6157838131563597,0.14790835087117973,45,18.138856176696677,800,43,3.6107161772795293,2.666933143826813,0.947987663859074,4011.9042615871635,32.657498239060224,9610.615186266541,297.7668594825807,3304.15021925954,16.605328039414978,7347.498053247639,37.8320076444187,21.420153303024804
345,0.7216794878545123,0.09814332855395791,12,17.65468761346844,1000,37,1.5504226917137753,3.6586236828210645,0.8562542371210347,4013.721124631342,25.33019706078241,9641.779392605278,269.45787553537735,3387.219615008111,19.208506457699563,7453.822356493198,50.22671170449878,18.496040435268046
122,0.6097603126226152,0.26232867343126964,39,0.00475047151769159,1200,22,1.9198194495986287,4.6629495471262645,0.6280118822989884,4016.732588926625,11.302437729465309,9434.883086623735,216.25875540369648,3250.410616484353,35.56488692056996,6923.595633285997,86.29625317563311,23.576158918380806
128,0.92030787485195,0.19263559766888438,32,17.675717699268514,800,29,4.974539113232177,0.8694762460974365,0.7584968075610635,4017.2548471732293,9.393576103962381,9560.580945379841,232.8546504751058,3312.250373705195,38.88809093512638,7219.453667727175,108.9111586035567,21.284757911564277
438,0.6120415488845276,0.2888327741264925,49,18.664101755186124,1000,26,3.266917492393403,0.9615494801681373,0.7182618166449941,4030.6712686216365,18.851518033135047,9410.60764275562,248.65239035589974,3213.9702676751717,36.026439160605165,6822.790946836299,89.0300148733205,25.41096939074132
455,0.7683044807063704,0.18448782756530588,14,6.236042739115373,800,27,1.6605489165406229,4.640509177548933,0.9379449309958531,4033.4467653786974,26.665278393045643,9562.17581948124,254.77097475976646,3391.7563475555057,34.48892897394067,7296.416035415474,69.12120320880497,18.91911894808329
13,0.6421977039321082,0.14239502544004398,29,17.851179969799556,800,37,1.7814891903848746,4.53414220772877,0.7088528997538541,4038.066316314134,21.677317068561358,9674.000402456039,251.21323442589804,3389.881609202603,17.251965115936304,7489.558310760767,59.825290021164456,19.12116061374787
17,0.7957811041110252,0.2958386316920742,41,11.85393447758787,800,26,3.641081743059298,1.838915663596266,0.8529223322374317,4039.509157852844,20.02510384323695,9484.581799236807,232.30730074267927,3258.2633571447336,29.789523011781757,6961.54497099389,87.74349653159572,23.977368158254954
331,0.9805719241447329,0.2984975952501258,35,10.450794334641065,1000,20,2.294817396886493,4.596937022863363,0.6704381885322378,4041.7744873039005,3.494801080679158,9480.882077388005,217.46147024986084,3281.717616569598,33.6514073835047,6988.17734988503,89.84641399617824,23.160337345807203
27,0.9761834337411657,0.28663928733075034,15,7.4031740051088875,300,46,4.641592812938627,2.1409207415865716,0.9866619276174678,4044.6094300690397,33.458878834005915,9603.659106229985,252.36826299627026,3316.2869201707526,4.150190802387743,7039.795635778669,41.27333621637084,21.961987229403725
314,0.7440201863603914,0.287471946490443,37,17.316403304447103,800,27,3.1721207264329183,3.853903091319399,0.6011525006662458,4046.740352377916,28.428879449933376,9517.645706619302,205.64849915579074,3269.1915976844107,44.76849428123685,6959.7069229138,90.54351525924704,23.784129239908978
334,0.8260341249811025,0.23377180418379623,31,12.06128612341033,1200,19,3.922104290017088,1.8849277096314005,0.8207961208482885,4051.919501640683,22.350803222697603,9545.791694671954,249.04297607125173,3332.413666223325,31.340078684489065,7128.9684995633315,97.18716595888522,21.591132058727425
105,0.8571702254457012,0.21414437919016774,10,16.34887123476882,1000,20,1.2971171671564625,1.8984620408363346,0.836117977005923,4052.0542407853227,26.52805317836454,9591.277810609747,269.2460239393844,3368.304703283787,38.16973171838466,7191.785867233807,69.02782140483495,20.299515564460147
98,0.8140278875734634,0.06349423271146826,16,11.907700346400876,1200,39,3.749802351995889,1.0495279654779288,0.9592217157762855,4055.7199689355352,36.10167179176181,9730.751406128082,279.7302132180293,3462.9509680240067,26.138830665679162,7633.9702324783675,60.54257690567098,17.11745290028661
226,0.7471763005208338,0.10481016873804293,40,6.112084309804297,800,46,0.6235702845569524,1.926879415236809,0.8573460719647137,4061.8582965279074,20.41807051165108,9816.686323225682,262.44903679907344,3422.8415870940503,17.253268870832887,7733.65653571446,59.109260037276925,18.669187374703313
323,0.7164576991140716,0.07005752627120565,13,17.989104250922033,1200,38,1.2330181748901232,2.420385348551008,0.8989777626386776,4062.452365869635,28.604728938978017,9747.139742785004,266.27222391875193,3474.052793619654,27.05976032705262,7691.96344413087,61.09284421935453,16.93697842849764
235,0.7832747546951571,0.150060972904753,15,12.623412919134127,500,44,2.1842535130758978,3.6475411432619835,0.9062051595964439,4063.7625568493677,25.037802858265426,9708.797459458061,241.7712615582815,3446.04078767373,7.939309455512665,7532.983689694332,59.53793543987691,17.925550138152445
103,0.9221259869431621,0.2967313467670784,41,17.113929362125717,800,25,1.9859176480922742,3.3404256828532306,0.6819937181663284,4064.0551356987694,43.275014176621944,9531.099397192133,266.26766992724833,3290.4090443902896,38.33461854380648,7014.720123549756,54.817786399097265,23.512155506241506
366,0.8509946287137118,0.12182791873103792,16,5.062030783592175,1000,28,4.787905075419086,1.9951765882121735,0.9359206426657707,4067.8238456480194,39.227942579768914,9661.936099741815,291.12231648554194,3447.635504102242,33.801929771026096,7491.577727928274,75.21162114907014,17.988802493994307
262,0.9643080646575661,0.22864895204306734,18,16.789218190015337,1200,16,3.106722486267648,2.7959240341466325,0.8512952441853125,4068.3953213587306,6.852192948569474,9551.483068939655,218.01207024610372,3404.4672941042695,30.84590055696362,7251.715675882736,85.1434416324219,19.50167147747981
429,0.8292892777798366,0.10791829757977803,34,0.5047469169652841,1200,29,1.2483447637011507,1.316236732590056,0.6002613563045198,4070.359020944478,34.913688430111506,9749.291894040312,286.01608518202477,3445.4156861540246,20.97993284828293,7654.962916981469,54.62931369402656,18.138401624567145
41,0.97658592351061,0.12196976496222452,42,13.029695437155759,800,38,0.3468065043758273,0.5038900068871333,0.6072887302606199,4085.1786176709484,25.856601103875647,9822.53951418087,269.0162772718113,3438.4445633545615,15.373061413241041,7713.585353346571,48.17308530191628,18.80891322806235
403,0.6379671747286678,0.2996788574896543,40,16.02695983747617,1200,19,0.02859290680394644,2.3291287661156233,0.8284649194489444,4088.2621413063753,21.704108599762083,9480.62847531221,258.29447239975605,3323.8557923823787,44.99676536486845,7008.556790386329,81.52347634011004,22.99757861565068
126,0.9799844735800901,0.23804005418051008,15,19.646610301601633,800,22,4.9459245490667945,3.7167641144681207,0.6259945637931575,4088.567985382255,27.249481254181795,9664.537836200392,236.24890518807723,3419.6432997562065,31.859023819023673,7330.617069390733,66.03774657583271,19.56124153866392
201,0.986328864461288,0.13542438471573828,22,18.72898347767321,1000,27,1.3887631187463056,4.257243187756327,0.6001330024481958,4088.756586931688,27.379358120257013,9739.02077836921,272.71719981467464,3460.0915465324956,36.395558893043656,7594.33307916205,78.05229572062984,18.16902911222693
425,0.7627219203806894,0.10518760064671842,13,8.322907352812134,1200,26,4.089281528275148,2.5507419022816165,0.8944959240535333,4091.4891128080912,35.30010038905566,9699.452577295671,285.85257718417785,3494.2052939724695,15.571322466328397,7571.252939782854,46.84293618290102,17.09355257019216
372,0.8467134431410165,0.2254356331637023,36,10.428980483337602,800,26,4.603833042316786,2.92224454878713,0.8153327773022854,4094.696984120938,21.65673852062082,9684.506788740437,262.25911180273744,3406.358795912524,29.339418695555455,7386.057430616634,80.52734340441495,20.20744817117881
162,0.7620083196321286,0.18194633595121673,48,7.184667387995313,500,48,0.8176193629251138,1.9554076832588034,0.987764928934115,4097.270525933558,25.673430442262113,9792.136228575097,231.59801005560888,3417.4198597437844,27.114553753081676,7623.373253650562,84.79916390292796,19.89368278092538
474,0.6138690816904265,0.1236540632537336,32,16.05702417991092,800,38,1.7240880387308488,1.686554770756138,0.7247647622146821,4098.90301674973,21.752955833468366,9824.238188028476,259.2819333644693,3481.720374951595,32.29745579809796,7751.300016582598,91.49653930185248,17.72637016568901
218,0.8200367761832624,0.12270931160265562,31,5.47582615028213,1000,30,3.379911377931777,2.4802391933994326,0.6050859559947573,4100.877195717335,23.595613500654235,9818.836127308761,281.502515326728,3480.66327117387,26.52547704779061,7717.390857610456,80.20132903166142,17.818843025694207
131,0.614168947367418,0.10542489595726258,34,11.017147412182787,800,43,2.0422660653534934,1.86344258506157,0.7039015135041304,4102.20129350722,30.303264203086925,9879.519882002714,292.5941727857233,3489.8408613834076,31.25186183652539,7843.3429603611285,85.39891061751953,17.546944300522238
254,0.7884671595731259,0.24827470033603677,18,7.155965306508836,500,31,4.141246262186092,1.6760402368543637,0.6695046372542975,4105.62885825389,58.07279856383352,9674.74649997885,321.78095876415176,3441.7715286578664,21.128497629601146,7390.0790319619855,10.885349756810344,19.28824513970273
121,0.9215907917603591,0.1661364322104284,31,6.375050058641398,500,42,4.429888741180935,3.0793159409115227,0.6931837899014535,4110.9248992608855,19.801754699492424,9852.185838809422,251.5776823966487,3472.871119208925,21.51152205447856,7738.946870492421,73.06105670608774,18.372515366976838
212,0.6422773919625097,0.2965998285900381,32,13.604555584167066,1200,17,0.4239600802290161,3.5816169403134115,0.6288337343994693,4121.969942238289,4.12361248023852,9598.513146560015,221.88126852393037,3400.789709701914,19.333456950816398,7207.445184753397,76.37984169168709,21.206257784154147
326,0.9926613295409792,0.16290690246542439,13,7.76331412253991,1000,20,1.2995248962141641,1.7259610424710525,0.966994337252796,4122.758370181008,38.74747687275628,9725.086543302763,289.16563672070686,3509.111593771744,27.333122563051813,7527.697830044143,51.641598675495445,17.48724028892139
65,0.6058178662671527,0.11167039205391312,43,12.732886432445651,800,43,1.7412773351165018,2.569947445799054,0.9134612050964572,4123.097734452606,19.410187088758892,9924.444661404012,217.54059689616273,3503.4855950138276,29.97473281835214,7903.961213569774,104.06878745742277,17.68559118155395
108,0.7031550741732809,0.050413261481119,13,2.645524222506608,1200,43,1.3615366325968448,0.09195338273733367,0.9657195226241996,4123.597739512746,30.872653522648783,9875.711738420176,283.2942263860485,3569.547818902028,21.349745735320585,7850.406694256312,36.22602298886973,15.521571602902352
30,0.6546485325768115,0.2155841891039344,48,5.871836885289867,500,44,1.2810347179722903,3.0575685543284026,0.6326376721600961,4136.903321578066,11.38984205268245,9806.675483870225,236.53974472132478,3441.6874620263275,38.62311063396071,7573.275131317794,90.8251649407113,20.19985449644588
386,0.6457143079991917,0.2317922820131904,12,4.086327667979406,300,48,2.09635830583011,0.09062020522864866,0.9171032454291251,4140.06204634672,11.818775192475673,9776.18516221959,250.56955088203452,3469.824177274985,29.935128181959357,7382.1197527051045,83.22738072538863,19.316191104475642
144,0.9858081889080834,0.23042728274704818,14,19.679552959196563,300,47,1.149773029455431,1.0655235201254165,0.6124536331538045,4141.722025237147,43.91172949303516,9855.388178213858,259.7825730617144,3483.1406110334615,52.798529958568764,7598.8566124567615,105.64862686023196,18.907689575250373
208,0.7485634270600563,0.0870968296297509,20,9.087546691199218,1000,35,0.635998813437248,4.323301960702088,0.6973911873619469,4149.76438755172,30.60024001279974,9939.86205073405,261.9589869588505,3579.8531057790665,32.52480040026803,7974.879596415907,89.01459652193974,15.919962773126862
281,0.7372669412690633,0.22146031138933991,47,16.912087259798135,800,27,2.0194893208506186,0.3880732236572043,0.8170137474129006,4151.8966625968,31.213662407747556,9777.509479217522,251.68167494116534,3462.769061637755,23.154834596814432,7538.096210648132,60.242518745069766,19.901055735813756
0,0.749816047538945,0.28570714885887566,17,11.973169683940732,500,28,0.4998745790900144,2.2962444598293357,0.7334834444556088,4166.74787380677,34.61958462175142,9827.224477340691,263.23884961666204,3472.20478346371,23.905312628854766,7390.734875746965,65.88790403361894,20.002941463902268
357,0.7411834013809426,0.19017481022438693,42,8.6108041901438,1000,23,3.0275238330793823,1.2356577733069596,0.7423419037036846,4169.683903133372,7.42849269235363,9868.146523816666,231.48017186340547,3520.0913919414647,27.232417116626646,7713.204722196086,77.07100288113129,18.453853575478686
456,0.6895930183460325,0.07935133817601171,24,12.255916710730208,800,44,0.38401524157210765,1.7733310249254142,0.8202653517763406,4170.701882706617,14.705507103134732,10059.458626455471,250.78376906181268,3614.015914213504,28.216366935489557,8142.7903049177985,69.97468447023296,15.403528421215062
301,0.9336578388002703,0.22473807826652054,46,0.1133162905913454,1200,18,3.830579663977931,4.229607198388661,0.8454416456949834,4172.108524986228,20.3006758651168,9805.317530652295,234.35474788075663,3504.9472214885523,35.59530678267828,7629.369183465523,88.80404217692308,19.034845928844902
55,0.851759455254105,0.21176711980553897,40,19.916627500587413,800,25,3.6855035292150964,4.576271708345532,0.9834809629631385,4180.634607563562,30.249584773688937,9891.247051915963,287.07709665783807,3535.3112346817675,23.71000643698188,7760.761295275396,44.599161823755225,18.253650953022337
256,0.8604590339526696,0.19006928456874503,31,14.761382466770343,1000,20,4.218686632033622,1.2698743728601236,0.612446239966943,4181.2824848001555,19.811429188678765,9888.285283132353,245.46946078578299,3557.825283587328,25.97548688542428,7771.869247789055,79.70716517535121,17.523547434690222
294,0.6522609375293852,0.23924784033971663,37,1.1548210373834755,1000,21,4.848038634240477,4.745560715447202,0.805160966458879,4183.988286220748,13.357189679835757,9822.80846816618,270.74740910888335,3507.596403074341,33.28377188395261,7585.594065052016,68.1931750682125,19.28362916992281
240,0.9311473501288692,0.23843677450303552,23,14.616419299614595,500,30,1.282650312221239,3.2708730073703722,0.6792390531038961,4185.866906395664,13.586517700754257,9882.384386771133,264.98673750107815,3539.407350695978,35.94714595728334,7690.5097635819375,74.00676682930506,18.264627143653534
60,0.7571957795915436,0.25045762400488913,22,1.270236591800027,300,44,0.669260594003166,0.06835982413498642,0.6301436241409849,4188.724811282598,16.695193800916268,9902.215466015577,226.5097545497772,3539.6129623034117,22.350292651197755,7684.297676224053,57.51298817308329,18.338497906188465
495,0.8954023514042075,0.20331895461501798,21,11.452857062311692,1000,18,4.0204783481679645,2.1296885423346974,0.9978736660785948,4192.054774296023,32.68160668959459,9882.767651448225,262.25611511179113,3568.7838306408853,36.480200647888836,7715.706744467697,86.73878256504626,17.464519377829912
498,0.834235073549045,0.16786001741395312,23,0.9618462082407087,500,36,4.662722946762255,2.6160652748543747,0.7087146064320516,4197.588827250628,30.35478746418469,10018.609726789957,267.381366994408,3600.4321782227057,17.290942954126443,7959.311106664667,68.65819035559215,16.585693590892724
278,0.7650701304333587,0.19736789075146827,19,7.238399816757299,800,22,0.05065592013871689,3.180480232047711,0.9653147790304947,4199.668597279983,25.907211487671134,9904.290636625718,277.0697179447032,3608.1425758726305,22.759610746279744,7839.761064756806,56.021486414552385,16.394197539832312
488,0.8457943110046525,0.1785466728790774,32,0.02224188392374815,800,25,1.08945689813372,3.3091729255699907,0.8534846399062116,4206.233442670405,47.80104911920532,10005.897078246573,302.5687122832215,3590.6692921356257,22.73927844745914,7912.30321073496,55.518506183714685,17.143437628271773
447,0.8186782728288521,0.27169977965297,32,13.173227098795339,500,30,4.104905086495704,2.833026294527315,0.8628121992936428,4206.240586599451,23.188837222856964,9909.210458690584,258.0835933887374,3524.1928297432405,33.135550011676216,7651.3145212147,82.87178095711212,19.35330414101948
400,0.9146833362829236,0.23436214381974307,29,7.366944275887026,1000,17,0.15574546396695532,1.297882246375246,0.6134705615497856,4211.878029345291,14.67289119946209,9909.223065552009,244.3200750482248,3574.8903519690234,28.836686901985736,7747.407778755503,57.724014983374914,17.81838363309296
112,0.7557182456167906,0.09372118366350295,45,14.380918103684909,800,43,1.9832468652602713,4.770434682698165,0.6540005109684828,4212.644238045673,24.10087277713307,10190.323946477767,270.24878444249373,3632.312551129266,24.483251290353632,8327.870253021507,70.84668940025013,15.976920453499655
374,0.9334572536575834,0.15483521326138225,46,15.679747173787108,500,43,2.500400591357913,3.925488570478538,0.8395381600317756,4213.264657282633,40.055578693465016,10129.364563753135,296.3709943978979,3598.4598057481903,12.863869435831404,8127.977903580868,47.03337808964836,17.08522214288324
296,0.7546162027292111,0.15826988403821785,26,17.311542912491046,800,27,2.217279181909521,3.0105849267738978,0.8365627037689952,4214.622129938702,29.604110478504637,10028.61514383823,271.1689517380331,3614.4367411550843,26.43270734886667,7974.935965872809,60.10230890206969,16.605225980295145
29,0.8784119186699892,0.17531773932591585,33,4.178374352307204,500,36,1.4764529420946937,1.6127538211930026,0.9394679179698697,4219.694390909425,28.16193123741596,10045.741244349909,253.41490145845853,3608.8061123274492,19.57416821844321,8016.233086369241,66.64549625408782,16.927711258724077
430,0.9482676136502071,0.23985249583064905,29,7.530605755785967,300,45,2.2916179729378774,1.7560969367439045,0.6375106105028066,4223.400799815479,36.58242506824829,10062.950040308258,265.18048442346833,3583.1132817352486,18.87376436241296,7906.703374473735,64.25357238136304,17.869586243451074
217,0.8992292717718129,0.2454132385461399,43,2.5619149273240005,300,49,2.992657878421828,0.4750584949615233,0.7503971559765246,4229.9782247369285,15.626686069905585,10088.492275732775,216.77891598348594,3569.0882417312237,26.49274947970076,7939.289748407111,84.18884787997963,18.51705360708966
409,0.9331327607476303,0.11510508355859043,27,2.2012656840223044,800,30,3.158217575414458,0.2719537426115559,0.8577026894603246,4234.4819518035065,32.44212693416537,10097.236826581711,286.02661468168725,3658.55113489267,18.384832825061707,8147.863302915276,58.668729529752966,15.742046391480402
66,0.7586171129285081,0.1904051430660833,26,18.990412473152844,1000,19,4.632938125807472,2.460581465397691,0.7032977553195834,4236.995892826603,34.28051511329476,9976.723636333643,297.77756318482244,3646.0995974877424,18.142521056315154,7961.3420807200355,65.95166699125646,16.206257660816604
439,0.8478463707779689,0.1838919948533772,13,7.008265000203949,300,45,4.816801602230189,0.05142247967846014,0.8864199892968578,4237.2286932048855,38.30499541176228,9998.417288850067,255.1308461117364,3662.0562409042323,20.01320010762044,7920.167814431926,46.26002026462561,15.70627031546168
406,0.6021384643417458,0.28213998571886173,14,17.288664937367283,500,28,2.9047518994408965,4.953395785328829,0.9026920668274272,4249.267227702902,8.292417557262883,9964.89960441553,212.09275222248357,3609.4485648361056,20.48909534518244,7744.27426686509,73.34254556948035,17.726216383854986
452,0.7011432473000445,0.17751320875988255,30,14.903589907392288,800,25,1.8127989827954727,4.02857262834109,0.7312717931190448,4255.490458676138,19.24363807025238,10062.781337072805,285.71770927036187,3663.2690143279747,23.787899588953962,8074.757312103505,81.86390745324336,16.166474316569012
209,0.8606842591643873,0.24509891911601722,38,7.889525571400706,500,30,4.781110953244742,0.6657250208904847,0.6408598118630152,4258.191451296176,33.410398008980735,10062.733264834265,298.92055257645865,3599.3253696027637,20.261485970187707,7894.248588313923,65.43388884179916,18.30526596060771
73,0.9580827350748797,0.15838645821354316,27,8.948247336469093,800,24,0.5243458326624045,3.6870260304690956,0.6729135513903832,4265.685307800618,15.038218958668232,10112.244818049816,277.60608950790396,3693.1760956135204,38.734481655469224,8166.3143829782175,101.84953959916488,15.501811919206387
179,0.9592122195799948,0.08060986600712677,20,7.601490178744106,1000,30,2.3959161472179997,0.9727916159265049,0.6665326430972568,4265.924252315596,16.786140824177195,10165.507600975907,258.13704867501957,3726.454956206367,28.573263286140083,8299.140647732134,79.99118914161862,14.476742707187418
320,0.7590590318368144,0.23106961928636222,37,5.345052595871906,300,49,0.6575913345818896,4.285647799281412,0.8301421613006223,4266.080778047078,22.551448860983086,10169.674355490422,212.5640485782512,3637.320112083388,35.46136258359603,8103.791894372829,112.79949482057667,17.286371465489392
289,0.7557927579609681,0.12179845237370746,31,10.828152146951703,1200,22,2.70852406205002,3.80950906302435,0.9334599847750342,4266.112152612563,21.82000920191075,10159.0708156438,259.4398399751181,3705.541027077365,30.377515326120363,8258.321467531809,84.32047689383135,15.127915773673983
94,0.6662082041469158,0.064033055053295,32,18.416837652347446,800,49,3.0394719689712932,1.8965284919277443,0.8976998607373154,4269.496362175043,21.521207501261866,10333.31190027607,275.17692286452206,3747.7324306106834,21.25086458114509,8581.07723024679,71.59522362421973,13.922123343243564
207,0.8141240525810367,0.07240854288499887,30,16.68606731909535,1200,30,0.9942813888764795,0.3230833992204307,0.617053283714813,4270.245547946088,31.464192543104065,10246.350843513537,269.2388317443132,3725.1898196789894,37.77073427999739,8393.873967735975,103.75933908544478,14.631622941406718
1,0.6571467271687763,0.19875765715516733,11,14.439975445336495,500,30,3.0874075481385828,3.0582658024414044,0.6028265220878869,4273.8413440227205,24.567437081161298,10132.570346291222,237.89084012293742,3694.5956261013885,17.985316294496908,8077.5144419211065,77.88721190684905,15.678189889824656
307,0.8105113841352811,0.1443200878578891,33,5.7994023788721805,1000,22,4.583958453511675,3.6032757264155664,0.7605782523652774,4277.735644546602,37.17603355652767,10173.923527500529,276.0638084385684,3710.529051011113,31.425958485096217,8250.687409379547,70.13252195856832,15.286407564466487
243,0.8195354626880235,0.18774104664996527,15,16.938374561771198,500,30,0.7047981376088464,3.3209395725270867,0.686436181274123,4278.367711337597,41.92357205848573,10134.46339028133,269.23494958099,3702.4625352522544,22.753580855123648,8121.764967803483,60.48298762727736,15.554652359125232
391,0.9988729415611801,0.17212719263451462,38,8.927737805263895,800,23,1.862666368797754,0.3435683886198049,0.7478296797707092,4280.495082117166,36.82092882886928,10142.465327570904,274.0209964859335,3689.606812426615,25.41589852355252,8178.448784839121,80.54856924285977,16.01493871109616
184,0.7208242007339181,0.222267839599834,45,8.474765072975256,500,34,0.4776765691733409,3.119296623382865,0.7807070714948916,4284.907343283578,17.18479041982956,10126.3807203927,244.1182098126439,3655.115678146627,25.75321274125847,8093.748131370073,78.43662929897869,17.23041678003183
367,0.6754162422997004,0.20501354442725836,47,2.037862017458736,500,36,2.1679139631630715,0.463127415256836,0.8993537398704925,4285.832317699631,27.53629674610087,10171.32227163519,288.1258380317225,3663.263067064452,22.563274235678463,8124.423904718591,74.80968735515238,16.99493700664183
244,0.6390250040957198,0.25997620343723893,48,10.908637388138109,1000,19,4.8903090898676425,3.9699485818400304,0.7989023721258752,4286.100916307742,21.94917742349434,9984.411710181505,239.20813003708733,3631.356699414553,39.57102689216578,7847.334296419743,95.5799854980925,18.030292011763738
274,0.9496890098740703,0.15312850829863442,20,0.8970713604713731,800,22,4.64713347236557,0.8260196966892508,0.7559489411766176,4289.479685202816,37.87840959031726,10149.374641510714,283.94366065982376,3736.520680255637,35.29888020630672,8198.243074633852,70.74034588584952,14.798767416679937
136,0.897403302516643,0.05662036985400938,45,11.12363470079514,1200,38,1.2934416534895399,0.9656643229364653,0.6336392897871939,4292.288090904886,42.047873179992955,10413.627899958688,285.0527271797071,3750.700822248378,25.49963515169085,8630.025269988437,86.34933426718659,14.439628600711774
47,0.9802428587750225,0.17629698755575296,25,8.968910439566395,800,21,1.6433227268495798,3.362592280385192,0.900949811775072,4293.171175510638,29.478563677668387,10178.113185550143,282.23541589737096,3733.9042562876916,17.59660179447263,8236.678687486181,69.62893726323603,14.97807337403394
393,0.6021253902673384,0.24330344630522846,24,0.9731532732342663,1000,17,2.1303548881304852,2.7401617833212004,0.8084292762033551,4295.09055561745,47.34871402462262,10003.527797132248,308.63328600605865,3672.4584694894997,17.46185180384294,7891.5065334974315,68.07874095316106,16.954094683458763
158,0.9361809625107734,0.060516067607693555,30,14.543381395326161,1200,33,2.1274666722403768,1.7296749627348147,0.748415505193841,4309.144517528349,32.2193580010304,10356.703778791052,305.13559562818,3781.3568383213337,27.222393046294815,8558.998203979472,69.02551180364068,13.957626898849274
419,0.6829091916270671,0.19286847305909677,38,4.650119844156624,1000,19,1.2823153050838298,1.7765987423694385,0.8695976832582921,4310.022677778561,21.0819706269783,10148.497457211319,256.666726880444,3728.3109826526083,28.08314152163782,8199.753834700456,78.93180902327757,15.602552947771485
10,0.7531707499015159,0.2917965076628401,12,15.215700972337949,500,23,2.4689779818219537,2.6136641469099704,0.7710164073434198,4312.924117151273,12.444029895082648,10043.173586049837,205.06148929048024,3691.818081249392,39.71286147564778,7894.8502517633,88.16782555341884,16.82385269893052
96,0.7923347912356294,0.2763518702323973,33,11.552639081830945,1000,15,0.16939580123297493,1.557365855663787,0.9121982830184351,4314.6840943960315,31.37900294612963,10079.724605977177,284.436185033027,3687.3733010238707,21.697169677410365,7949.226112282367,73.25494936103856,17.012402655244465
160,0.7686883707493821,0.09028006119816495,21,7.676943037355926,500,49,4.179990318906047,1.1789604697960492,0.9104000828141718,4317.660974948005,35.831755357476034,10344.34434348371,259.2705662041695,3797.994367393339,34.047430817326564,8542.931567722408,106.92784075514301,13.682658721564312
249,0.878359647267521,0.24004579162709377,16,12.269462772783527,1200,12,4.485931704823095,0.8442710333884307,0.8028204415461764,4319.5454368303845,10.926800379557168,10058.914975379239,230.10606894336559,3736.528615935596,36.910130197173366,7995.421091565637,90.82642814157045,15.603167560615772
25,0.7232243167409557,0.1673366668609208,31,5.304047353634509,1200,17,3.1556931299863145,3.974056517708242,0.8010548372420768,4320.308414232173,36.30720410896634,10153.539250836724,273.7360714174369,3772.7950887028783,39.508214152262084,8305.575629121902,82.73747988323184,14.5121405392185
232,0.8570260798140765,0.13216193545528088,13,9.92332768226439,800,24,2.049524448481441,4.199011428178086,0.7535331807732176,4327.703530357639,38.56057504847094,10209.97234662049,286.8789271116418,3803.4649771558816,16.641028257834332,8337.126578080088,44.6709081610598,13.78318339594038
396,0.8529565297313549,0.05537824764104417,22,14.25555352433662,800,49,2.99885657485249,4.307568536134468,0.9474558559293702,4330.964297597939,25.80320827996847,10453.94824137081,273.4569832938408,3818.1387228741073,30.225071054868597,8665.37418610809,96.14339985382972,13.431297601932112
138,0.607371087495287,0.13534982732882858,43,6.837443320773722,1000,24,4.660140527550087,0.5125486399533963,0.9748913948945804,4333.008443584497,24.86976813963902,10286.240371935113,218.9239098222746,3773.6154219361765,41.383641323461134,8448.949113294322,131.80036649459444,14.823795196419521
188,0.7348908531021682,0.2726021897756054,45,1.7131649919286107,300,45,0.9593366235937145,1.6168578105776037,0.6906625608907953,4334.841792240106,34.20836758161904,10208.486155332272,222.2977575227711,3687.076118914398,41.014937316555724,8106.431528522975,95.77771973553105,17.568546252753592
239,0.7644382410402826,0.11072956461506436,24,0.43646793550979,800,29,0.639941042667932,4.410678071410301,0.7573791386254366,4335.332493997216,28.147736980736884,10310.300993485078,272.3669747876646,3810.450500820351,30.987792837894297,8533.82996550474,79.08978949327444,13.774801511366274
432,0.9090065144317616,0.21372161906065595,11,15.208486233649435,300,39,4.997788516252193,3.8472444704102355,0.7591462812069709,4342.625554531572,1.7958227976651389,10290.507895127634,232.80420536667367,3785.718241973363,38.82932721080309,8323.888311107825,97.85404020547938,14.710743826194328
443,0.9004708547816171,0.22862174398587476,19,3.543850020223822,1200,12,3.785240573493127,0.2780276084023031,0.6027511848878597,4349.321740383512,31.094559753048607,10123.294730010784,262.3435025433705,3771.709113632666,32.123951252752356,8112.00878069322,59.28275268924334,15.31434713941997
317,0.72625093750534,0.197001455166471,30,13.64387761253221,300,45,0.42670668242162424,0.2150347593346974,0.8667466642203687,4358.742421251597,30.21682131700673,10368.205534734567,245.14788256214055,3779.9872519030373,37.677474981960145,8411.91572309891,121.79185895456436,15.311034952755076
24,0.8607845038010402,0.07503809974356233,42,0.36150727231041735,1200,29,1.8323439229142995,3.720852615282811,0.8883759697008518,4362.128288098246,35.902172210550646,10474.143478867773,280.31972551630366,3833.714259378439,33.35980546746328,8728.922773426655,92.63287846770469,13.78334411405715
288,0.7499214271127186,0.1474618642601152,15,12.05885752958923,1000,18,4.920065816052322,1.4420271890937286,0.9844541941630371,4362.802150346789,36.70102853886205,10264.933608669735,287.83448649256553,3829.2700936902797,25.235766330978564,8345.983442473429,64.47911101806284,13.932996200389258
72,0.7481888411165528,0.15051166570539617,35,15.199108178751713,500,35,0.1834160144529895,1.2621847217201037,0.885339834353821,4363.152829731986,7.912384002261818,10424.245621750526,251.5454714161267,3824.6939009867274,21.15699486472154,8610.274456519825,79.45551601265595,14.078484257428858
223,0.8755541208200363,0.2632636455996342,34,15.22243074086316,500,25,4.058761084328549,3.70856030756465,0.9525803118700086,4364.172129185485,41.51867991348942,10285.100144411894,276.2659045679655,3762.1659222201924,31.866123963105178,8247.545522175547,61.10019755673074,16.001585772964155
304,0.7913039536780894,0.052106988736551486,35,8.057465652652741,1000,43,1.405022494543568,4.017413716484423,0.9716912214527416,4366.970648317573,39.610441754298236,10580.435170319306,294.59465159483017,3863.0275909825887,24.36608700726187,8875.741503184285,77.80896013703486,13.045287548847217
275,0.8919441235393913,0.2658549812675058,21,13.492157058324324,300,35,4.775302557424944,4.105991412751132,0.6006260420765891,4367.884484084126,24.672366073117452,10305.742706990852,220.51895101320744,3781.46769587843,33.78298482913865,8278.46729859982,77.63235247590676,15.50765034552204
161,0.7621240732342973,0.18453806126198247,23,19.427901880832792,1200,14,0.3456639309330972,2.1858269440841327,0.6389573570214209,4370.868253498474,24.77636539890998,10251.72228693186,297.0209169958475,3842.9800950165354,35.25839797691979,8405.553764987055,89.35223514192046,13.736427080808667
436,0.8782498609416232,0.1871235118986612,20,11.369297970158797,300,42,1.1846666245332433,3.386965649444364,0.8263126219363985,4371.191776966844,43.38069552448001,10385.003390497002,278.3996543574423,3836.307234833523,31.198688507510184,8532.180697020927,96.89529512983714,13.942693048059084
373,0.7075414057528774,0.11685018677580787,46,13.329260950536714,800,30,2.0566973324957196,4.368614600911125,0.8551817050738955,4375.382663151596,13.747664357996127,10487.489214239364,242.187444865532,3847.1186363552733,31.59858041846236,8748.68949801306,104.84054850392687,13.731420232384494
116,0.9160054235167424,0.21026246740923576,21,10.838018947567162,800,17,3.194746926671309,3.7951792276942493,0.8896413317092554,4387.6749737622695,9.599613557025355,10306.47799487909,251.68827041511375,3847.4548936275874,31.693108116858184,8452.498248720238,100.03257789034757,14.040972410863883
459,0.7676731503608485,0.05877906017229027,11,11.140810265500702,800,40,4.7905900445971685,1.1022300212270948,0.9544727088517381,4388.15049025926,34.36725110206681,10426.104762921135,298.8044242645573,3904.035021250223,18.48057383341542,8661.318691270944,58.75850215296713,12.400387454874927
147,0.7926089406050201,0.044019374799094395,26,12.146128965253425,1000,45,2.7920633629159894,1.1277007122186773,0.664330187631276,4389.163502675811,23.492156587076504,10578.196879145771,282.66984652156236,3899.0148369265885,28.48211980554185,8902.768524352681,90.19871388104772,12.57109003810779
493,0.6707587803295936,0.2963274859880683,33,8.094501276593174,500,25,4.977844502453439,2.9135722467234078,0.9249895284176687,4393.170130211912,31.91317811802971,10225.997474280577,226.3862173265389,3768.741900614297,41.54793360085454,8144.064259315099,85.33960215339245,16.568612180521946
259,0.7633225371037804,0.23018213258764442,45,17.42408964526104,300,44,0.2954694503912664,4.494236940901237,0.8603074190234989,4395.573182341216,29.231740035456536,10448.481930817217,252.1204194288834,3811.9433776295705,27.602215204191655,8526.945192424659,96.57963328148463,15.310558077454228
92,0.6072440735283362,0.26291593359380394,21,2.044253284503992,1000,14,4.612496905886479,3.536193171566993,0.6610156171657046,4397.4539778262215,20.179378056793023,10220.53809842898,241.5809078274384,3815.7581205324227,29.01475578532495,8214.204027269325,75.80741074039915,15.244568416528281
181,0.7599620827216624,0.29325031921214784,35,2.437721866738951,800,16,3.405589269824914,0.9071917384781347,0.8100653534668241,4398.570847260819,22.780540912548883,10231.026450779444,228.65050817633494,3783.4366013018625,41.9110407179832,8202.47777896119,88.44754559574164,16.258611172374128
444,0.6849789108781892,0.20242184223490114,35,14.34241136944387,500,29,3.7873222272535885,1.4753617463215467,0.7195428541036123,4399.849154565872,13.609170250841165,10423.118121601525,286.25116283546197,3828.8424932946896,24.60276313962093,8515.853242575624,63.46002908204575,14.913297224191524
204,0.6404183244042586,0.21072678909129824,42,10.188442562995794,300,46,3.0760971911550543,1.5312681039330585,0.8495583345166554,4401.571173949001,14.28602147608594,10439.213125540342,251.4240837593558,3829.7106114155126,25.49437304288013,8566.556836787551,77.088202549398,14.932213437456587
127,0.760632094570195,0.25296946323214115,19,0.9389071429562601,300,35,0.18365968713306813,4.786351314916628,0.9304822783175863,4402.826418501197,45.02473256582662,10383.796410614548,302.8608154581906,3847.919704502349,27.5942693016225,8452.012604846488,66.8614348282524,14.420953570043737
327,0.7162018022685681,0.14629659776580162,40,14.154427005350549,500,35,0.7365152213948517,0.03920795385958409,0.8523687160916653,4403.7267443806,13.594639949626691,10540.110707789303,250.19153809570534,3863.7623163874673,26.945198830772036,8747.10952412156,96.60927276715194,13.97509431941424
170,0.7775000877218284,0.26176125376947657,31,5.106130494568637,300,35,1.8714838356989634,0.08757995431031118,0.6976589161689497,4410.561520869367,45.6099695748229,10401.687745743371,205.25158294728018,3840.7946522618063,41.47008955669385,8466.559680843475,102.45610501149605,14.83460898572202
198,0.9274940016297081,0.1035331135754604,44,3.4704902997301734,500,44,1.7304986326889278,4.878051004299574,0.8563888309381328,4417.12446975146,28.13505402410419,10640.863991834738,281.52197565531577,3897.4630816997924,23.561456995499206,8940.946339106556,86.81608486679039,13.333324194697148
104,0.7172590921044053,0.2699373873711247,16,12.66481549821921,300,32,4.240640477334417,0.6138844483135425,0.9505776303501176,4419.855865832152,47.35452376206747,10415.566870571703,291.028165286751,3845.4312397040217,25.588937321273615,8357.884164780577,45.28481945808337,14.937846767280716
113,0.7935019767729651,0.0882742544937365,29,3.2402775578316922,1000,26,2.481831236006182,2.984214244584446,0.7336975563267844,4421.452907051535,24.66089932200863,10588.882734720544,276.8190668041238,3924.8862169082518,25.66124216298027,8875.89165985184,88.47108533989471,12.651747406181958
3,0.6053059844639466,0.28323850914860726,23,16.16794696232922,300,35,0.48836057003191935,3.4211651325607844,0.7760609974958406,4427.9496661133835,25.305849335090034,10416.910664982008,249.00690160285916,3848.0101539241678,19.63692706290678,8410.098883073588,60.599094702861585,15.071153375148928
435,0.7796155071720503,0.07886878145815467,24,9.313650835245591,1200,23,4.574829325389843,0.9456955001149231,0.9689469938680412,4436.056381341818,29.029213048205087,10556.811360046666,272.3644484739421,3944.2948345005548,21.59000063499723,8862.341810111911,73.84740768364519,12.467667034924702
404,0.7216121089791998,0.10225028960200688,44,0.4485177832411025,800,30,3.9186912553761823,2.8309034561253545,0.7251111956841416,4442.051375715571,26.065823518204418,10672.999676292196,258.41233568602274,3937.262544277111,19.00173611813284,8972.307385301743,104.84066999174946,12.820806988657152
56,0.6231455591030829,0.12441132159635765,33,12.402651956030734,500,37,3.234241808343619,1.941341919949361,0.6917578982819799,4442.7816047915185,17.94313431447425,10631.551706417056,245.41749243021098,3941.797404704719,29.07787597922329,8929.270453369381,100.9558795746372,12.709537011944128
408,0.811070986488678,0.07137441058525974,30,19.622358157358715,1000,29,4.6996589598491125,2.5200188179816303,0.9796802772723565,4455.858601812007,23.93002852987106,10703.940999720135,274.98980673690454,3981.304270234539,31.16920406222835,9057.096440236566,100.30871945281288,11.919569552254083
236,0.6635632670677414,0.18696529334851597,40,18.452461161755792,300,45,0.06701313216082805,1.41372844789381,0.6178379633491846,4460.038841382262,22.229729383937745,10652.348364124942,227.8704978516241,3904.9617455921057,30.36198424812524,8804.943122412267,103.63317130614635,14.214661549930007
37,0.6634585790569963,0.04484774786363623,38,2.3214528101383247,1200,39,4.277302920055036,3.5182892969001185,0.78966953163493,4465.50886142367,31.739979167047846,10818.673243956917,287.5788907723426,3991.2259402884397,21.644309534993596,9231.600021474665,92.14730185674358,11.883138870884235
257,0.8957178940659092,0.04083968061417463,44,13.726543933721949,1000,48,0.8356600573561063,3.276412048458291,0.9966970468671356,4469.430441383447,30.889751460999264,10877.841833953797,255.4843469693155,3992.4045902055573,24.645324063870113,9284.414529517635,99.87673745591569,11.948334403486127
462,0.6998012318730967,0.1687667320600724,18,6.169365629789681,1000,15,1.6260559813810564,0.19634707120826156,0.7087994421377424,4472.390111558879,27.856662179981246,10503.580757807244,250.7852662293701,3969.113657780777,36.52518984598375,8690.428124212229,79.57612767094703,12.679819656751668
229,0.8245938351838095,0.17259142738068955,33,13.529358744527244,500,28,1.3491036006410717,4.1252470509003105,0.7993022729053815,4472.922313484696,41.46138977604483,10643.141110739523,289.0728283572556,3953.569837644296,23.27937948316737,8889.252703570708,76.91972561652159,13.136291937866762
279,0.8450293873379277,0.26337259210524006,29,12.757541853272677,1200,11,2.6499576146320933,4.1450886627274555,0.9965052906934533,4473.01275297111,22.600753229140036,10414.258004230842,248.57746200468358,3937.742887079831,45.21097353419616,8580.549173904126,107.13087793141118,13.593316812216427
45,0.695438743916136,0.20715498617107128,32,15.090857481693646,300,39,4.512764533397833,2.5262618622392856,0.9305829864430967,4474.441717868932,26.693172733086886,10617.458386317536,295.47062489945495,3941.2111797945277,21.26514263207018,8840.18537929532,72.87013702156841,13.529610917783996
89,0.8145925405938379,0.11985825401150554,33,12.07915744145025,1200,17,0.7495871367438689,1.1462569761632073,0.8889010273572264,4478.951233159943,30.452321288104578,10593.901902265077,260.1655238648716,3989.8774090403167,39.63711091908342,8943.963065022077,117.75549697659416,12.25786594373741
106,0.7072254563291505,0.19100318327624885,47,15.476690464026806,300,43,4.305340099873608,1.0975526254047936,0.9898189060795479,4479.212938153637,19.06157174437261,10691.784320528284,267.2662479861616,3955.771673869522,15.875574048206067,8955.203843570087,70.68902434418551,13.232342699195442
480,0.7176269848707111,0.07099238132288016,16,5.060526818405064,1000,28,0.6297759818967913,4.895757775503078,0.8695355593080019,4483.227123808814,38.80115263983224,10698.17719561179,294.2011012910116,4030.6731095354476,26.32438434702237,9084.29382452601,76.93528853170427,11.22775283370785
445,0.6428228714216744,0.13761683348772563,11,3.6926491469473843,500,30,2.1497880988991085,4.154745855275342,0.6479564373890848,4487.910673539837,24.104906705412997,10593.17380145249,295.9084216232939,4011.340835598387,27.443068531600595,8868.557425582774,51.00679185411784,11.880562073214062
418,0.6299284820779892,0.13715244742266766,29,19.461535958245967,300,49,0.5721575930617928,0.043530735312717894,0.6622285747477209,4490.614709227666,23.315935281226373,10764.390658298906,313.0043402146938,3984.0681643102967,26.3498422864982,9017.571724647947,74.91893591969612,12.714304174187241
467,0.8409797767866352,0.057275543006317,44,4.699885550693832,1200,30,4.741257688950396,1.5230117788709525,0.7058063215955352,4491.643003632147,24.431674424162388,10811.111800425577,269.2719508243229,4011.8637609469965,31.200285617506132,9200.409413912414,103.85120342995586,11.959011354161708
292,0.9129553317840349,0.22302759770520983,27,12.468119163188803,300,33,3.1033023991229203,1.0065605391121664,0.7580550973057274,4497.9216010168375,31.710869347720575,10646.543762866333,258.8253133381907,3968.2646788733814,36.8084897889483,8821.178868072824,87.60596163853239,13.347318412587072
358,0.6335678143285718,0.10670415214284303,31,6.64912314297424,500,39,1.869605235064068,4.722242913471517,0.8566937589194232,4504.052982425757,30.26424755983604,10827.046260350637,282.4299114188963,4022.578682167683,21.165246281603586,9177.383905809056,98.43687420709973,11.969294780795137
346,0.766377561832742,0.23012999238492896,39,6.505902680460622,300,36,1.3571928881710011,0.6267823789619281,0.7347858902869826,4509.629541904636,33.38867091549305,10692.255679399457,256.021959289715,3958.3056467464667,18.989941826801047,8838.69286673334,68.71722777501441,13.928280035962626
397,0.8897377625318159,0.22626847993207655,25,1.5394333876174815,500,21,2.2192959421065055,2.253881419431819,0.983399134267096,4510.261914896163,5.499872689587802,10599.613138051523,220.92228159073204,3994.462031854448,40.15623023968398,8814.513605554732,113.56117676532422,12.912874848437417
18,0.8534118843043579,0.16537465838167995,25,16.70604991178476,1000,15,3.479064033954409,4.291794024068599,0.730383562080754,4519.722416083275,48.61439852199015,10636.920464692334,330.5265591642322,4032.9613583959112,20.051214469323373,8949.458305882583,63.40906817449351,12.069569094035915
344,0.8062637623425813,0.14435515944911106,32,18.620199417705997,1200,15,0.2731721000048615,4.865390814861664,0.6904501324998688,4519.961923138081,36.79435142463852,10698.363186116409,286.5530551302565,4030.692917228329,24.196737174766092,9025.405154547394,97.26934781034551,12.138583016792893
154,0.8449031943524632,0.15047554979647176,20,17.896333121210553,1000,15,4.0864888498124685,2.2615914225915006,0.85743107807861,4522.529633285684,35.4070572126636,10651.164551865262,315.18492764939634,4044.422335066927,21.263356619127382,8945.520312626846,56.14232147362828,11.821398919528159
484,0.7327886018943381,0.14494771084245095,18,12.454645645856665,300,43,4.2100783075337205,2.4135673653846723,0.9109821868729542,4524.866433722368,37.49985879638189,10756.889629995681,302.63637464776934,4041.2423305000025,15.88376727947065,9059.755023507547,39.74980333630446,11.967213635578467
341,0.9383398201839871,0.12627311111718353,23,15.607310060137634,500,29,2.487699260730511,1.0234005452864197,0.8364521213034066,4529.346888408679,36.07885770274767,10754.428896440375,310.77477995952785,4060.0029613751462,6.545656236152637,9122.80134976323,58.55171233313047,11.560186815099339
479,0.8756350614992918,0.24874923167720875,30,15.59033402848127,500,21,0.2006942954268326,4.449566881814312,0.9967850988954573,4533.736235509826,39.02497730235712,10643.34305111346,325.61074452294724,3995.7594673638287,7.321118378018636,8845.229903117104,35.54726547427575,13.463692510523483
414,0.9662688929046599,0.18873120274753993,25,13.813595422960132,800,16,2.507878499589742,4.880934874940419,0.8733815109630035,4537.714895783072,30.469875643364006,10660.620872878777,293.9784240946056,4044.274916022138,30.93394783896271,8962.852690441183,91.19439525399386,12.200950479555228
22,0.7396838298450643,0.2205271468723694,12,17.126485837561848,300,33,4.254642243837564,4.678174971104737,0.9141362604455774,4539.387346194243,31.758951094144816,10725.409917552703,302.44857144502566,4038.581611512956,12.823047557429746,8959.319123268777,65.33783853261318,12.400535209035235
143,0.6920214732125736,0.04808718665871964,12,19.017271245008207,1000,37,3.656350334868428,4.547622554739092,0.9429440368369995,4539.952425717751,23.9502953777707,10903.781820731863,266.66414120956125,4098.229454328154,29.81982487860644,9332.59547211366,113.47305070380008,10.778385551914171
68,0.6607610774049177,0.05025988006832894,17,3.6013454469859707,1000,34,4.483942049530059,2.3698082013143615,0.8670230954084108,4551.839331531362,29.95287335561166,10883.953703897487,286.41981361398433,4107.068635716031,21.080200765903065,9299.213660957621,82.1934921570902,10.829395251579221
148,0.8606077867209059,0.10451838454610171,11,15.951182012743763,800,22,0.7479032133378288,2.322992983179051,0.87218265054373,4553.589787823799,37.52198027426988,10752.587022977123,301.8812161630604,4104.532929317777,16.446038691320876,9142.809289450272,73.9606727513151,10.94051055842451
6,0.6353970008207678,0.0668350301015521,49,16.89067697356303,1200,27,2.698460661945399,2.9337558283192413,0.9861021229056552,4553.980628273282,22.949300680572943,10962.227515218845,283.01709159226897,4090.835887912885,31.28150955003869,9416.637258703806,112.78761572710083,11.321518463472003
70,0.8137694014930092,0.11323753043887597,43,2.574967965992878,500,36,0.19656069920549468,3.997051994545213,0.8511601557963631,4554.040280855815,37.807478706525195,10944.705794068606,257.31136479405757,4070.1266743125075,33.78236753538932,9341.185480024631,96.12531576152857,11.889399157952397
76,0.7349787335487672,0.27089774517205356,43,4.8870631092930905,800,15,3.0288740967844356,1.1861339586799724,0.6407129890481614,4562.493163255848,20.553015522605175,10614.640522096357,265.50792950645916,4001.3184507291426,29.98065117774343,8763.305446445609,85.6816360028561,14.024745079323676
478,0.8477559877466008,0.1292452380021524,11,12.3754415408201,300,41,4.25287264007558,1.0076418900315642,0.9737732155013765,4568.350546529683,45.792301454306426,10785.688409327637,305.05733985574136,4110.408633490767,11.067596832577392,9109.264553795785,69.04047038229953,11.141031315176297
336,0.8649736046804273,0.04436576084346395,18,3.0761404928321556,800,43,4.96627507711482,0.22455649497807928,0.9044031693981568,4570.110685000862,40.42474573747903,10904.166501504666,313.46285895926314,4122.437394425841,19.142356392524,9302.200147438063,63.13891815106733,10.859432120918132
340,0.8326489171956775,0.13661811503294216,30,10.333967704525355,500,28,0.7190717515740686,2.1505143826490003,0.9615030287100569,4576.182803163465,26.69360373101658,10917.232946787615,217.8904876849062,4105.792466901429,29.106258350628615,9292.309010871391,99.59089080152906,11.456748972434827
463,0.6025516173626363,0.2937228882464884,13,6.486916153901115,300,28,1.729030492052125,3.3554657854298804,0.9221720172183916,4576.312640470823,41.419429892817234,10618.275150215137,283.5635165069647,4038.9967098738052,20.845850548185677,8746.324594058662,91.0162521123718,13.303202978192207
377,0.8882262194577624,0.2496815461567711,28,2.2086372682220534,1200,10,1.5490343766123449,1.2497847319881061,0.8060022638838893,4586.0074851464515,28.684195033917334,10641.452017163121,222.99875794563417,4063.2560431614856,52.99953806634327,8881.652882562355,129.1485906289734,12.865333526415679
12,0.8159364365206693,0.06888775517308313,22,1.5395981965758598,800,31,4.402339195076289,3.1217702406689662,0.7182534743350856,4587.421688372138,38.896589660939306,10946.472955969251,269.22541692362523,4146.340621469153,33.60295266859528,9382.89294436697,105.3766720510888,10.637839655988014
330,0.8697395916093875,0.0497297282855647,20,15.862857479934789,800,40,1.209885651585227,4.8031348775659986,0.6787702817813713,4599.703307001996,39.63488460332486,11001.738949887098,300.22599105742427,4166.885872182172,13.891131614565316,9482.914867976826,66.52205882592294,10.387071978843544
11,0.610167650697638,0.04128851382805829,41,12.728208225275608,1000,41,3.4775804321306376,0.6966572720293784,0.8417669517111269,4602.075327659032,31.017839684419243,11137.558886058514,293.5967365646011,4166.170386328312,24.6502884931046,9671.444327499536,89.97727184876878,10.462964807228815
420,0.6250259368877806,0.07104701250294945,31,17.964761279064703,500,47,4.3232946092907,0.7746265557172133,0.6330947342472759,4609.358103218965,30.090679187061852,11102.499913432132,286.7389810210244,4154.887942326248,16.58586399514137,9537.7500943994,78.8768679346556,10.938205005795343
337,0.7486896265609373,0.1238128740065492,39,18.368528642908174,300,48,2.885612930191604,1.785605796502514,0.9150196343435117,4610.365905657872,38.983562190502056,11092.382947695127,295.31362104267333,4135.938644881773,18.014793778413058,9515.158242983713,76.53253516030153,11.470848615300477
214,0.8645482444281658,0.06370671468156569,14,10.992320874378489,500,47,0.41308831729634343,2.573287932867558,0.9595603296024942,4612.920468256731,33.01763120227645,11003.821461211946,272.2521853878657,4174.382603885896,24.4701569295637,9403.810111781146,103.02159632344332,10.50545448236113
468,0.7119570608985708,0.0905385353317447,27,1.0124494453814825,800,25,2.8697493303450523,1.9644755444658952,0.6114609710310618,4617.82540982087,34.916478797413895,11021.394699003169,275.4727449197622,4170.389974549107,29.47173009632046,9458.193773593937,83.79026421687419,10.728863199901074
499,0.7596667178044079,0.18359258114735452,37,17.958705868874738,800,16,3.2048276404937885,2.3309079556377847,0.6759744545830244,4620.019006856511,20.01545097595392,10865.245273086965,258.5458349203972,4144.194576860436,40.58369291795851,9245.073931015317,114.27024226612508,11.48171064777923
62,0.6989392406972791,0.14065779923992713,10,19.081020545174447,1200,13,1.1432140275173137,3.3585034220292838,0.8472512961831583,4623.789094419789,29.92912294567544,10888.870455280767,292.68793380823786,4175.996907844652,26.45558394326827,9293.197209160024,78.5596146063922,10.723000913481396
368,0.9658194655394235,0.13586608208554007,24,16.345046227336425,800,18,2.191924900153807,4.981311432624384,0.6916687804856648,4634.339897115352,45.6679833410636,10922.234418537979,346.1205237276325,4180.622339477014,32.480163113622005,9381.045888375296,98.54194539704162,10.852871194653213
328,0.7790693701641673,0.0489397067616599,47,10.593194478912398,1200,30,4.811551014938921,3.1045429510885403,0.9714641148059532,4634.464485304644,45.13550302705233,11179.423434681494,301.2630313074466,4198.862361055232,18.168637272358218,9732.261945704675,92.44200795425483,10.374289195322394
369,0.8187503863504179,0.2044959023608744,29,4.080493314771574,300,32,0.2500928841055611,4.5576064666265825,0.6118016220580823,4634.875437524694,41.12717909611458,11018.550300509398,285.085225744972,4148.269952671685,26.89367166119029,9319.026728583562,94.13675886146649,11.73032349400529
173,0.900971105046229,0.03623969163324471,40,14.76898418502653,1000,43,2.0207016082551648,1.6351658078161935,0.8670373542254339,4641.815626561817,44.372733295107984,11232.398842437802,304.85604319861204,4203.832347438974,13.641452074998027,9751.189937462017,60.21755504321165,10.41866665757183
234,0.7194902294355092,0.28279698108344875,44,8.593136254778702,800,14,4.209667833959044,0.9305070892313866,0.9210573239182842,4642.749898440005,22.730283353275677,10802.630280495789,240.625595484059,4089.52930343503,33.11360943260732,8943.210538060317,120.57993758704575,13.527732752527122
225,0.7421538274742958,0.2372996175007652,45,0.10459227085825473,500,21,3.728668913656161,1.012402800826187,0.9832293920477521,4643.401667422821,26.493491510146832,10896.710247061046,293.0513490536713,4124.473295292036,32.69090371883536,9193.972119531663,88.01402277503735,12.58168825394328
390,0.8167043857070253,0.29073908549472005,37,10.911703653382956,300,27,1.8773446423325018,4.019072725967233,0.7733888931022538,4647.11260723229,42.30181063870018,10911.586906629964,269.9073481813704,4112.846739326143,26.896684436280726,9136.284915120043,95.49351130887622,12.990172057655691
405,0.8617368021970879,0.0772852722895551,47,0.3429956383039623,500,41,1.5447799503407633,0.6632228880047658,0.8046542871580309,4657.854754703786,41.531478828413995,11244.645122796059,299.9578060001036,4214.771686873431,18.51470623054375,9772.48343238183,93.263685398813,10.512623239125919
383,0.6847577321760436,0.10019072347247726,48,1.1546431845023442,800,24,3.7469522640057953,2.8595610192530034,0.9944986687805606,4662.652130184258,28.70837059235575,11165.507980756322,289.2575937911828,4224.375465959106,33.94592520879857,9693.63446512648,94.07207022895119,10.374945782089595
446,0.8939703389579576,0.16412192511489854,47,13.643063231232698,500,24,2.169219614276221,0.8220276453943937,0.6466332298222787,4668.196185677189,42.96995532830712,11121.788294835183,300.6407977265922,4196.103996759136,30.65100906902222,9534.835479042116,96.15948366747531,11.250726609318384
316,0.8590852684251686,0.24090977271322775,32,12.155042445054452,500,18,0.6830045182558631,3.258198802386383,0.8954389832529323,4686.91408310075,35.72862463453749,11004.122411331715,315.0509770668435,4201.536054826586,17.57216633196607,9360.090929314314,54.89189316939377,11.552394694235147
364,0.7802745899755652,0.20489625123815347,15,6.258147884272964,1000,11,4.330478168058457,4.733668644616978,0.642362321761503,4693.861537369437,35.62086706100809,10993.608970921225,288.5628111919479,4242.939155896943,42.00294616602813,9340.292631966473,88.95353911588484,10.627594808796426
93,0.8305153440667252,0.18594736345102822,38,2.08493932103619,300,31,4.5534309912785655,0.614053909228669,0.6943624138380324,4696.513626620108,30.21712333030192,11183.472344884343,280.12118703878343,4246.037916981312,26.09001376466715,9616.535684644785,118.45949071096365,10.609319050995625
177,0.8076327140544872,0.14896274451262198,38,6.824956552523127,1000,14,1.9941139044845024,2.9008618461366615,0.8134410186907514,4704.920059808489,30.54191868496608,11127.722433210898,309.1422733005111,4268.7577747029445,29.252249755176436,9618.547155185304,93.96655168658091,10.217545902704583
118,0.8353055027879724,0.2998125148740921,35,11.358904611052589,500,16,0.1697298929289942,3.4871013362341996,0.7189396029490203,4705.542080447553,29.43729096318791,11002.177178168067,251.53035433098896,4213.557087106638,38.59021482570962,9296.357804391728,112.19996129808469,11.676238939455086
46,0.7280198404122447,0.26970173626389815,45,0.2167530296059672,300,28,0.4564333839306678,1.5965681879520743,0.980024786820322,4710.634167842727,48.838853065782494,11084.773650879322,224.70169737981263,4200.847166255771,28.646292519816445,9375.224737627514,88.63102074990049,12.135337978537564
350,0.9889679996160413,0.14015595726651572,11,13.944187638192735,800,15,4.604972605482879,3.472977136266427,0.8915924246623266,4711.454885696749,28.140691747256746,11097.413633800781,272.53231023870086,4289.9669068208605,45.55970710490396,9530.429653210145,116.82493246482476,9.82497040258612
305,0.7620410778110266,0.2727721906184241,38,11.665149849122312,300,26,3.2023802108792196,4.894905575874045,0.8413972384173515,4714.478913048405,48.45416322025383,11106.654151601944,269.91390165822475,4229.717984907546,21.108562582104195,9466.723450498843,61.80851767228264,11.460833319634546
497,0.8094254318119423,0.09185611641975051,32,11.711274575866037,1000,18,0.430160785164716,0.28513457001809683,0.6421933709844142,4728.186683673227,37.58943630754304,11247.91918309097,314.73461587600434,4308.340074547089,27.180043548231453,9801.068462445413,90.38528807544684,9.744973745376262
426,0.8051588222075238,0.26218576391768544,13,19.404706888297536,300,22,3.308336298145945,0.7061177168657473,0.8283509667357905,4749.260977406564,31.30240208166716,11126.801193995678,249.49406821756887,4297.290581419998,50.70002041551552,9519.07552143494,144.67775948912907,10.517566532287347
309,0.9132066549266932,0.2173612284666983,31,14.139529749114324,500,17,0.01909961329291554,1.2341193460095112,0.8963616224608286,4749.8379119824085,40.752753594581115,11180.654900649344,303.52802873236567,4300.629942358573,17.438835887541565,9649.941460074137,71.17181634131943,10.44516676962628
145,0.860666730150354,0.11687263967989071,24,9.430649202050255,800,17,0.7962286913963224,1.018506246381371,0.6364657961624767,4758.149128231002,23.018470394014003,11243.586226563251,280.4702626323784,4339.427466820045,37.3609121043622,9774.72131905636,108.12269919661469,9.649237476892258
238,0.7072556080382053,0.05535072327699991,45,0.6722720036656527,1000,27,4.532187266722055,0.6962268555879758,0.8129682729100869,4772.189496121803,37.482289816737165,11474.001131862184,301.01495495327464,4369.18204084245,12.649839221204347,10112.591192768181,76.22781367735175,9.223865050988955
230,0.6308233116537324,0.026979769480753965,21,15.697939542229351,1200,40,4.125653338330576,2.6014828845932705,0.7493850384576694,4772.6138701925365,31.932023714173916,11447.269521313638,301.1414810314228,4386.018318542058,21.725642070246586,10071.9992462249,89.26109652928801,8.814271249532425
483,0.8601700995295457,0.07157685254319847,29,14.027665711193801,800,25,1.7065932297502606,2.3926418495976125,0.9715438199382262,4774.745530356853,44.80860327878033,11406.408087255928,323.7236451288243,4369.664685033428,24.247373298553725,9997.735182169083,80.84206388191978,9.270295881303436
280,0.9280050516477424,0.21151588836602817,21,5.900814153083125,300,24,0.2186953615447368,0.6150164756187282,0.8234569585801701,4777.197849775212,40.91596200723318,11217.920939691316,275.97369406388617,4339.2097263131,20.643308041467453,9677.352367132453,79.43184131709585,10.093730220185915
306,0.7431256336454195,0.19786705933725324,31,3.756857050755482,500,19,4.107159958212966,2.773286740175478,0.854836334832362,4779.889284019806,34.83690332308986,11250.49938368619,273.8110187161695,4326.200166027697,30.73540733442274,9698.884402652315,112.96378038393739,10.487011709601134
202,0.6070751238453028,0.18474041751443082,32,3.040497062572962,800,14,3.9038079303421993,2.2990021188466008,0.6232655182021903,4780.961537869381,41.867014970621305,11230.259160135161,332.3407327313654,4346.717768206818,11.322413013113797,9730.664583188967,58.27400073687282,9.990153325314811
398,0.7724347450493158,0.16930936702179972,12,18.78136958900583,1200,10,2.6436220954921783,4.129588536580152,0.7852458855350046,4781.644867883558,41.86900866982147,11183.662703567805,317.3610612336507,4363.626270385891,31.520635012916195,9700.94981477484,77.6703213588446,9.579615017321363
324,0.7895239313591786,0.026774890339676574,35,19.80417787175243,1200,41,3.2547866755903634,3.222955873711718,0.8245174171793611,4782.089046377882,46.64543847479568,11543.068570256983,319.9897889478346,4396.486470631713,17.407619358012873,10218.3401343514,70.27392425374728,8.770698564000433
290,0.7761765401249696,0.09767664231193318,41,14.180274485740636,500,30,1.7122398941735666,1.3512384606539163,0.9865669543465629,4786.636544445158,23.926376975803095,11448.648808407359,302.146149096126,4381.208455832379,25.14559986444329,10078.147445624994,82.7437617932368,9.253795903572271
78,0.6448155608672209,0.12537812372326507,37,18.347912261710633,300,39,0.8544379369503291,3.343216099622155,0.9717503956510343,4791.976366003339,33.39286730741052,11499.895478117827,296.58431064694236,4384.230433867895,23.99270783752932,10102.713864999954,58.96392672681421,9.300285153481735
437,0.9716578868846749,0.12232353021284105,47,0.3831097110250581,800,17,3.8762202591747466,1.1721280000575733,0.7380334982052935,4799.386868966527,31.88633515487792,11425.809879583676,299.2019470772225,4382.588067512995,23.74180881000901,10002.390084405355,101.879639423455,9.51033487594135
395,0.7563020609318548,0.05601687337000862,25,15.174306423278415,800,30,3.2706636851393682,4.445639619700049,0.8315227018047762,4813.020402542926,33.815174297573186,11504.961364490895,272.28513699015815,4430.095018957222,20.69171286484799,10169.056316838896,89.12741426988707,8.643728451581566
190,0.8720527724413805,0.07694046485466349,12,3.806497256381356,500,32,1.8923821174293454,1.81472135922996,0.9981921962817029,4819.348106545586,39.78744989650146,11394.2988913221,296.8387344225222,4428.313020549637,28.737416378972338,9951.920011145792,108.73037123385006,8.830339774567575
273,0.9210342718319251,0.17589410657709725,18,16.33364350901436,300,26,0.569191967383007,1.7261157140084604,0.8029647754871235,4819.891825322246,21.399777736628238,11367.679118690672,231.77969490743675,4407.507405223271,31.69920807907475,9876.165806664283,143.97775898071598,9.35640901272825
99,0.6820558561928028,0.0652994389924633,38,9.441338902199984,800,27,1.4702233961048576,3.570295998949141,0.8110590920579144,4822.021785240376,26.61477120875939,11599.984398803746,286.87466542442024,4433.340914947691,32.71040352706822,10259.051514121862,104.65149579380105,8.767222682609122
247,0.8154807191810857,0.15436562732994416,15,7.438653358337297,300,28,2.2053607912539186,0.9780463652225752,0.6746893183092165,4828.34582256124,38.933010941871345,11373.043671029174,301.9764090086359,4430.432663423945,29.934484937745495,9910.344458115089,87.31628137918761,8.981361175451852
26,0.8307615538505436,0.15283013120747052,14,4.6037053648311055,800,13,0.1215798321572692,3.227361479535839,0.6708442717628196,4829.230233469867,40.51160178901078,11294.540954823327,298.85730764693506,4439.647469912259,35.89606732441246,9875.507809551462,102.32031166643056,8.77508329654173
473,0.9643210683879253,0.1687503037101205,34,5.3634873548982664,1000,11,2.042277907042413,3.398486084166726,0.6226721728663341,4840.8397119263545,37.499399495588044,11417.151884753372,262.46084220656275,4437.006928817914,30.9869357504271,9981.725602251732,112.60587381019025,9.101468390450052
54,0.7290745553110335,0.0225862271564701,30,19.859295922386007,1200,45,2.7692714220066037,4.846512678095495,0.8092391376680595,4844.491584579492,47.161371826112095,11709.763757078947,327.99444602626903,4473.390758303686,12.939672063232607,10405.980460817193,57.98627300409698,8.295739100970634
69,0.668927948480652,0.06576381545451451,28,16.435812736888984,500,37,1.7380960724134176,0.15902340742582566,0.8194861236829635,4847.460517154136,24.32049528843669,11607.864140750027,261.4798569895179,4469.956816385857,30.61914737410205,10283.037400419174,121.33196529139005,8.445354536411532
422,0.6012563624192488,0.060530586477160066,32,1.6454464855412376,500,43,2.29215712065719,3.6250303814955935,0.8297150300360844,4851.997430597832,38.51667124763386,11671.170881333574,310.355813021363,4469.16994536774,12.998106689385024,10348.94207055427,74.24255042520225,8.565963924170973
481,0.9387548897715812,0.1040555194319402,36,11.884836546171943,500,25,0.02702461836334935,0.006731354782818499,0.7512403079149803,4858.246383914654,49.065123531392935,11601.96620760997,339.660403741495,4457.109451831826,8.365145169617948,10236.836639492,63.92741834372233,8.999934518502005
325,0.9107712041308902,0.06944455076277675,35,3.9166616826854006,500,35,4.235972195167909,1.5757351956627663,0.7104949299900613,4871.164279105639,54.93141778125739,11699.046053251563,340.8280566924023,4478.312337218423,18.77336355280896,10343.528935886343,72.98966749433649,8.772321184976239
494,0.7307764097346701,0.0986657476597144,26,9.7807155061524,1000,15,2.9615068553104784,3.473268864050877,0.7458682704937346,4889.835842943803,50.07177458281859,11589.961404325777,341.76272506054937,4503.332325510532,18.04875553203075,10236.544873542882,71.55518694974866,8.582611486249881
189,0.741998522332775,0.030132914396367075,11,13.392052322679238,1000,36,3.20084111914083,1.3557371825009241,0.8371247966613691,4891.924578593687,54.68207969949857,11615.524969348895,314.9414673239016,4531.576318710145,10.450499801225305,10264.653594839909,70.28485460027474,7.951940661260037
485,0.8691388533954179,0.22003381297474864,36,12.668234804842541,300,23,1.9894208777851152,4.029894504337919,0.8368067371156251,4895.372365858225,36.27585638970054,11603.50154431713,283.7956081232492,4473.695956193489,31.020717097664736,10147.295835040657,107.45473846260717,9.425683233590277
466,0.6640902403906025,0.059571556702046,34,15.944221451575256,500,39,0.5012278186143831,0.08296240316298942,0.8646874730575826,4898.059164912509,32.211285300530726,11784.024739684115,290.79201026240474,4523.1517921991535,16.6485775331148,10484.729095160808,91.61429797073596,8.288631245140587
53,0.8724157708387636,0.07887687667481627,34,17.371982563789206,1200,15,4.01054624513367,4.889503343771354,0.8224020154570338,4908.682704897624,49.88132689702651,11692.82073504341,328.7461961222721,4536.454353466256,20.700281117164348,10399.32298298598,100.71206855480189,8.205270513676655
191,0.7785409404790569,0.10673516934693811,31,11.245936317558197,1000,14,0.8765147117882982,3.4500244541033287,0.6803734754636226,4909.712114718791,41.637890976570695,11649.68540848438,313.51345045829413,4538.5292037593435,27.216810140744766,10318.742228435374,96.22297979885533,8.178484577161903
125,0.8862213260936967,0.1808414749965595,10,18.206782041150685,300,24,1.9216332357984083,3.3982364134653493,0.6873015551460256,4912.104171696782,75.41973222590163,11567.510651182092,364.58349819371597,4526.61390576963,18.67083208717173,10208.904456326522,81.37272206433411,8.516084515973521
84,0.9367315107033088,0.05053398922162395,46,4.032546400954891,800,30,0.9320249339407205,1.1784587303249987,0.8535034254880709,4913.3134446587665,49.90961342232499,11834.777834303042,308.12696171874535,4533.478014354898,16.377476102957505,10530.797028995075,79.93332571349978,8.378455329465595
16,0.713936197750987,0.02069721473281451,11,10.05358046457723,1200,41,4.541329429833269,1.197809453334862,0.6579579488364892,4913.313551759347,39.477721491203475,11645.099542736743,278.41741157138836,4566.168793253689,20.166021812020897,10320.142203752754,91.67524304589584,7.602538894719557
150,0.7922027789031316,0.04042975174127071,26,2.055848089853314,1000,29,1.730082838224198,3.8790236789647805,0.9764950016929546,4914.416592475577,36.51316805263487,11765.087117006997,304.38985261387506,4554.5480661751935,28.329669098374836,10480.401838618602,102.15316845039274,7.901300437972836
448,0.959354586633614,0.12586044753021108,34,18.85318353933261,800,14,0.49368603441332926,0.37830551952055425,0.7446165595016154,4921.00704418359,42.58225635637389,11677.191581519985,304.2750187296441,4544.360736427279,21.46150268134991,10328.974432159026,89.3722442397419,8.288213229577913
381,0.8887716910062717,0.12159304899411992,32,8.592171842647268,1200,11,2.6594453950375705,3.947160970975956,0.7187146728079402,4923.903434904646,43.88396569261394,11658.513177675579,328.4591978185762,4545.004847376906,27.371647687708524,10320.6879314861,79.59234321412414,8.336593694645167
174,0.9231383767765035,0.23106268908521857,32,8.71166629625866,800,10,0.6010452768530422,2.722445489804248,0.6023034641992486,4924.633642986816,26.67224980027137,11545.59909536414,288.83031790880744,4517.037843300727,41.007500477992,10133.831628028427,108.16891261509683,9.023519700872097
361,0.6759261211888624,0.17883313672685103,36,10.394085257889685,800,12,1.026664693533999,2.41519848779445,0.7074135024270429,4940.467058283702,31.158601266800147,11626.962275608685,297.80602209914053,4553.760237591031,22.83486491416158,10292.462095414448,88.40466782168411,8.49203296871952
308,0.6634496578105512,0.2657777292192744,43,14.434431054343586,300,21,2.0122331871683445,0.5137412622621168,0.6756158098910127,4945.29357613774,63.41079231003777,11595.24140815822,368.58352350812356,4522.676052859533,32.743213546199286,10146.380863060584,84.91444721672927,9.344412872794639
267,0.9474206025281156,0.02875919911938815,41,11.435447040966444,1200,32,2.152137051604951,1.5847329389555964,0.7738383843434847,4957.00106051149,50.34586809773414,11940.800138503699,304.32999179020635,4595.806358052809,14.941404165144537,10693.56913026522,83.22848861565723,7.859223699140272
211,0.7845909858498936,0.19478842827440132,43,7.72697819696631,300,24,4.4469545806442214,2.2530982836487894,0.9529837761824399,4959.782284130552,30.012843852498523,11788.281964970238,305.90058417372717,4560.234722437176,16.167901603908582,10409.987541793358,55.239329215382995,8.761556937574522
48,0.9166316174903394,0.23898926141042062,48,19.918624840606583,500,14,3.6851777839550444,2.729578850824945,0.8823325935514779,4961.343818743319,30.93971935234401,11668.091584047912,278.81385884546864,4554.949258588768,20.087136233046213,10309.360238189243,103.27482452926435,8.92204362953677
219,0.9969661601957881,0.20472193111944653,39,17.22739992726872,300,21,4.5946326681977725,1.261205100866808,0.9020167714985113,4973.539646483969,33.163129907466114,11785.545668400962,261.1337169442888,4575.481790555597,43.22449260139364,10411.322105561703,129.31420389441485,8.699801991344724
376,0.8620694858097352,0.0854686134157165,47,2.237612330982477,1200,14,3.9326119119542353,4.712656537600584,0.8987106558134872,4974.816388636897,37.9401289735023,11870.015760355294,308.17066561463025,4606.667534899312,25.86304639512201,10603.46578110089,120.81448835564669,7.991652337585742
461,0.8925985856172556,0.2490967401053192,32,16.65859431148456,500,13,3.8406408919044113,2.502386579333591,0.7735082264072071,4982.3323614060555,40.01393758494624,11681.589848945508,310.71357611033346,4571.885270328597,37.248257888052144,10249.268866592822,112.02793630236174,8.977633225865244
172,0.7575457622616634,0.1988575633420327,35,6.97147334483941,500,15,1.5905577680905973,4.332193337638227,0.9973347749434514,4984.701655413235,43.00417257259515,11772.247618285503,336.7125896195284,4612.60517947907,42.24799384989395,10441.387207079557,91.20309813168828,8.066948317830835
134,0.9189704086427712,0.2009510320509434,42,3.1468131940505195,300,22,4.18506664181836,3.487357308346418,0.8720563087041202,4996.789915516782,47.77634632708393,11897.060686896672,297.8084306899367,4607.173210497163,25.420767060758525,10540.172543188406,139.78089152429203,8.456740982342502
477,0.8018476098430782,0.04401124286212906,39,7.03610012820705,800,30,4.330507726889174,1.4471976080974396,0.7870724849939508,4998.808475147601,43.732816517387164,12018.367300951208,312.99102108383323,4651.869635464373,18.035495515940635,10806.6528631943,80.82548763094059,7.458051640963381
21,0.8066543565084057,0.0856404607008186,10,1.8620553561179842,1000,14,4.502090285816652,3.16550728636634,0.7356119164194803,4998.985388185179,39.42299865243861,11721.272657625736,288.0587432863191,4661.121147833969,25.890229924670034,10446.953408969479,106.89790639177468,7.248561657922492
75,0.9156684954429353,0.1545482376894266,45,10.742130836370956,500,17,2.9326771733037953,2.8222927126132062,0.7515090503805157,5006.495899306955,49.29159578573382,11875.633663109025,335.61765514857746,4635.890588942021,15.108841379805448,10630.937514868043,88.77521474268801,7.994263524012801
284,0.738350984295143,0.054793326694763896,38,10.34478763428664,500,37,0.03355195152029977,1.9293725144755798,0.9166881037045386,5021.45381592709,52.86872406911812,12122.644742504684,324.4476097872068,4676.414442077944,8.254873712037037,10924.605970141793,64.34047545677046,7.378289031539076
402,0.89449155301142,0.13656168363158197,22,16.508313282478962,500,17,1.2450436805454497,2.8835119942887815,0.6269023655869471,5022.505145945229,31.20758968288184,11850.716520383094,263.113540734459,4666.610950251573,36.140192567216246,10586.037332984966,144.76180224120532,7.626395246736184
380,0.9537506188091885,0.10998661182106761,25,14.967117073314796,300,31,1.479714444293283,2.295946168662809,0.7644374435521759,5027.981342577025,44.735157877890124,11975.202922566314,290.6710719306007,4666.098884123271,20.6536575338853,10686.280242206563,92.14301460825111,7.755567711714906
269,0.8049455110183162,0.04022519281442082,31,15.73500670308874,800,31,1.3133782129932587,1.3578438237551993,0.789158853124362,5033.577354290447,49.221463987084576,12054.711782217608,318.8989618142163,4690.048589491889,11.478029213430206,10843.318058081706,71.33592752262177,7.32463125367695
342,0.6744543591013391,0.10615376272948618,48,0.6561924825721688,300,36,0.3450379630640815,4.703922602515539,0.8027681751847339,5035.1866664173895,41.7193137270142,12131.156569797522,322.8384997910762,4684.510196060511,11.610039786137884,10921.876721806206,63.820352256781284,7.485872709846686
250,0.8392450517476072,0.019681244518050554,17,17.87979420015741,1000,46,2.201617091841745,3.07649012534901,0.6333856339957533,5036.994254355545,51.05805975563398,12060.142066364906,317.88372970235037,4703.3679609762285,16.41953920892687,10833.132321569074,86.16337742921722,7.093348769379926
100,0.8137823565028988,0.14951550503239994,39,11.192806626164359,1000,10,1.6718140565524109,0.3775168190194461,0.9012984882989803,5039.434784791666,39.92408970901697,11890.370937483503,314.9030342213052,4677.172014972875,29.61963905764548,10630.979722802169,86.93241508876565,7.745337752365988
237,0.6145150490454009,0.08995875739771014,37,15.74253205203208,500,25,1.8560354694499914,2.144434394305193,0.9379157745144086,5047.072406658168,36.03749669385184,12096.34004326839,299.6771240181747,4707.726271314851,32.03680858707971,10895.479523380682,119.61237516833472,7.208280936192546
2,0.6092249700165663,0.16218465147493286,37,19.475110376829182,800,12,4.299702033681603,3.4015376929388985,0.7801997007878172,5047.301049913623,62.98393094976094,11893.410968065038,361.342016267999,4673.907794648944,29.134043031177843,10617.845399174503,72.33594535277913,7.988887921412746
427,0.6741081421533295,0.09080648830336055,37,9.81530013424721,500,25,1.4285378383044516,4.635618909322247,0.9879706101380763,5049.9863698964045,40.506713479946825,12095.527025072668,304.81375950163425,4706.021068940235,29.86886618491842,10899.375679938546,89.4675912155063,7.309047195439544
224,0.7111608388995472,0.0662466215076547,43,4.080712692577977,500,30,3.665356480148374,3.0799272513008953,0.6752098938461665,5087.997743542339,40.99972220856544,12257.665473760664,316.6934883831577,4761.990900347616,22.020358656553395,11122.506396162149,80.43695177847067,6.846019868936026
433,0.9310212209096188,0.05950542536061925,30,15.257866711087281,300,49,1.1337059220347228,3.350162689037834,0.7873320743735254,5092.316898434997,32.0396263609903,12270.249737927916,288.3668631351409,4758.8243229725,31.647002995795145,11069.052977903477,112.78989693213626,7.007877425787967
465,0.7723935607683288,0.09830283449719573,18,3.623665581001656,800,14,1.5360820851063544,2.732292708640622,0.7668773674258306,5102.75237087985,36.354839402119616,12028.16253522621,291.8201768178634,4775.934216153196,34.121750236669286,10828.8296683194,124.64488610531694,6.843020442394021
139,0.8751542889203253,0.029672747140499854,36,3.3275517386454467,1000,31,3.542860023013147,2.3678694421754427,0.6231681842235193,5108.204816562116,56.00954584720704,12295.900881510524,335.2974290172539,4783.510138824669,23.77592082224862,11146.111042897131,85.8556491812982,6.78779114738588
197,0.9722380858575665,0.043746255386788065,27,12.559001055452716,500,39,3.6071103366436583,0.706390246377529,0.6847929963608954,5113.818010413673,41.08820295421593,12252.041121607617,319.3622101877258,4784.731391122479,27.391461232906362,11055.086169719827,95.92970286591462,6.877849400319014
71,0.6327036127795488,0.2633378009909654,26,5.5375529629440745,300,17,3.7412984519182917,0.9226050967818866,0.6837397293346841,5119.303604875519,51.93553310304941,11968.385970864636,332.5718580245646,4734.978615437757,20.05666814736144,10620.984717357984,91.78141749920938,8.116720700379144
102,0.6887888647731798,0.0770116910105407,17,2.082171639691477,1200,12,4.437302412567515,2.7836079239168305,0.8883252385242026,5125.117963026118,51.29514052925608,12089.69352475192,308.7402911689719,4807.033843177844,23.925285515824037,10919.33148600161,97.01951911221785,6.617055968925611
441,0.9966784293489808,0.16689084068902213,21,3.7146614401037126,500,13,0.9924553730267455,0.8244238828256922,0.695995745547983,5130.532214976251,52.34516387083243,12074.10568057815,281.23480408583043,4796.05781824337,22.06059628536012,10853.038350877849,119.1740041123487,6.973944214362859
382,0.8165478440629075,0.110116686564292,41,17.817110699662933,500,19,3.1731962824369027,2.9107190378889927,0.6473660156703728,5136.100397375435,53.15397786733167,12248.515227856324,314.9084623484963,4799.618315218057,10.510878651941853,11092.865245498913,93.62965756299992,7.010600844873438
7,0.8428136990746738,0.09003976278653757,38,16.043939615080795,300,34,4.9344346830025865,3.861223846483287,0.679486272613669,5146.420534532869,38.00879163144747,12367.830133727912,301.6454146611872,4812.661224468855,20.726261748899596,11209.431997670754,82.19316471169208,6.9350260593264546
413,0.8570310441294535,0.03278177096788087,20,11.856803610162203,800,31,3.513201029291144,0.3326380410542762,0.6923178615706127,5151.069641140315,52.13573566775574,12246.420619813283,317.5874115197027,4838.285791833184,15.401938540976518,11095.718802673435,78.63434267775338,6.464765885369905
115,0.6303733641478488,0.03255194978289755,39,0.1050763711676983,1000,28,1.5729827840470545,4.037151259083806,0.9848395143056471,5166.9576933411845,51.778748414438624,12450.500603455459,330.16350677720527,4863.44134202327,15.329992526665576,11374.7482595905,68.05367569936861,6.24077335312625
285,0.8383955368733927,0.03936537523839609,14,10.621706897704858,1000,21,2.7984422241896993,0.5262959259850619,0.6669438932554511,5176.736263834038,52.56074429750773,12204.067226498437,302.3933551995699,4877.062493738271,24.119431629049025,11062.621259866448,97.52416976255657,6.1445546469934165
351,0.9446763615149381,0.08948076090923537,38,2.843408934077911,1000,12,0.59437195588536,3.8235957073813958,0.8684221135439658,5191.498383803395,47.932123314903876,12375.846699801754,302.25039787177445,4875.221408596482,34.07099621569885,11271.538175134729,138.52568698200858,6.487438183817074
471,0.6350365189623786,0.036075711009313664,45,9.001172788524505,1200,21,1.4366335825445098,1.398729838845355,0.7327993176951061,5210.113808471485,43.52721614305068,12526.444264713251,312.6629589567857,4909.872307188926,29.606164099118224,11463.930284121374,110.13291142982798,6.1150572254792035
388,0.8789101676215427,0.22826510528083244,38,16.427767258013887,300,16,2.256470565146275,0.9172109820171725,0.9419896078245897,5215.056102751747,34.55523843619783,12286.30185846023,306.3218152600722,4869.528392170335,25.227978604354355,11111.971223070437,100.79994053979817,7.095712002356991
169,0.8667457030184418,0.05049886387933074,25,18.796395838536835,1000,17,4.849560230536352,0.46950357894709194,0.8690408472900505,5227.438892052432,48.946000688059065,12390.725560354555,289.46625619176126,4929.441165195284,30.10186128223723,11318.852988841594,130.2011906133842,6.045263892410047
111,0.9352427852713183,0.12727063544921705,11,3.325667375121588,800,10,0.41399333962563234,3.015760547331941,0.6981396438725284,5231.549476308359,42.11805839336835,12250.417588559334,260.3280677725437,4937.247713549198,30.46372546446035,11122.857760212913,127.1634418922331,5.960846605924064
110,0.6560074154641796,0.08646830276403876,40,17.477801551250305,500,21,3.165490316787238,2.471369250691357,0.8293177512717602,5238.158030473983,41.61614491536914,12521.49816915353,305.50070875554223,4927.6132609520655,20.27992231590034,11447.681430613802,68.9549727267929,6.302133570074786
451,0.7724935479166232,0.11078045064098883,40,1.0553051571920524,1000,10,2.2896449721701395,1.1326081301805284,0.8455881225300931,5254.717087977778,38.67970638386425,12482.350831314188,324.2825694057975,4945.9788385125,38.07509057859162,11411.833327248352,110.7360650287708,6.242207246445286
469,0.8333009569250227,0.013277735610816518,21,7.282255500209988,1000,48,0.03128735513235115,0.30942850840237623,0.8141471764726604,5274.141074119381,43.954591526936326,12641.833098720594,286.9870297616394,4993.451421736897,21.235181347303588,11585.254766099324,101.4369208956203,5.621155162551883
434,0.9094210967459548,0.04578623640962296,39,11.023199238327441,1000,18,4.195901974901493,0.8033979235592259,0.6099886648468198,5279.174573372446,50.29189582465763,12636.865461898911,302.47986240204466,4984.375555945832,24.216431598660183,11600.053168620376,120.06799782909142,5.91446238586395
315,0.9435826741682518,0.06394667000164303,46,16.443597736328467,500,25,1.855808073928709,4.3488158834085535,0.8921985443835161,5283.956607008385,62.5390497965462,12740.977609664971,350.8900773153379,4983.70094615249,9.340211000372241,11683.120155262004,46.26541593907038,6.024752771084652
339,0.8023831630939726,0.07404730705927258,14,0.7203763658285278,300,31,4.333851772530001,1.4123937198851333,0.9801836682301183,5306.743331817284,35.242291707256506,12563.167253529957,247.70452658647662,5027.712685011721,30.71546398082433,11481.137312369769,136.02910122585868,5.549852672317379
171,0.9323508765366821,0.26073656242696064,21,2.2621963815314605,300,13,3.3825669288862326,1.0783757619885859,0.8635541880930628,5310.811753507664,27.821790601776126,12411.784403663287,265.6560463909379,4979.984409592996,31.9198968080223,11183.545683312173,126.47174500567597,6.643140152756155
248,0.6376144417737065,0.11343458250111177,45,5.528833811667921,300,24,4.575450342035216,2.6651443362307,0.6631819291341392,5338.75973941448,41.240867039438356,12816.06386874152,277.9045770568218,5054.222736079352,15.012913022877505,11794.775714540221,105.89596984436442,5.629688642409292
270,0.9935361251421752,0.0879980942896766,47,1.4186443226754686,300,27,1.8092654660256935,2.362466775032568,0.6182594982009535,5359.6862111350065,50.27971367107855,12917.909318680808,312.2580577480372,5077.428926540866,18.04968377868636,11915.744857050491,87.28388181263661,5.559059293153634
88,0.7246888271182192,0.08206185054619505,42,0.6706486947155876,500,19,2.469907435654313,3.7731764593005828,0.641166412297658,5363.001183237682,42.046578195797714,12870.458471023505,289.4693589221023,5090.221838411948,31.109958414191837,11883.657928641062,128.59921839301114,5.358889130671685
276,0.8545605480733628,0.024829260618209212,32,0.8111747508936284,1000,27,1.2834711415502293,3.326460509890276,0.9201419516093626,5371.434863610663,52.052829079334884,12903.933230435277,312.1968360837118,5104.988725939926,22.332248620268196,11922.241425967848,94.12362670904888,5.219328620979069
63,0.7432650872131362,0.042931701737892417,35,9.963303732917858,800,21,4.081928676065312,4.8398688271991155,0.6353632893462586,5375.151553129882,56.05109844593166,12931.260312514956,325.32977644570997,5105.9133614493885,19.56690638981663,11959.162538245693,91.53769480392417,5.273066200325549
286,0.9888101025986364,0.0762611565588835,33,10.109102358208998,800,13,0.49651101376846474,1.0443203535287,0.9702549320101344,5376.289779214846,49.16541926663627,12795.27119706947,308.56963237522797,5100.775991852995,27.21220156320778,11798.092467437673,119.48487225435633,5.401409271881463
264,0.7875071861858023,0.0973669256204001,20,1.4848174597677288,300,23,3.715965993658017,0.24071417989176724,0.9611579980767949,5394.77329146584,23.625597662782774,12759.561965830035,260.84827454701855,5117.451604574204,35.079484889325514,11734.241318765598,116.4349213984926,5.419136482771103
28,0.9854479908357011,0.2573727420855344,30,3.8182206230069204,300,12,0.8474637334304624,2.784006312291751,0.9744619096643123,5409.081714227221,36.641401285652805,12717.642747412052,294.0020169273539,5105.72460433126,40.1367006389849,11628.318019320339,119.18802007797353,5.941509450756888
97,0.7110348690517673,0.07382819208351814,30,10.303473648136253,300,29,2.294944940085065,2.7865268444502393,0.9442528071562936,5425.634569905283,46.75952129302565,13025.139473645015,317.3696997625338,5161.527182046369,23.333782114820824,12034.890393613969,101.74504839511461,5.116845819926574
221,0.9749552265988476,0.022520383381133383,27,2.158874292929287,1200,24,0.4593544385502235,4.825648710634983,0.7953576520259759,5426.967938518919,69.45698546836917,12996.032125641244,352.50180262528227,5167.98908943297,16.133496716088843,12041.255697656676,94.7067140857879,5.011211219766021
87,0.7339622458628344,0.0503889010723823,24,17.572582307468764,300,39,4.4694629152547884,3.9429860561226535,0.6606699518931004,5428.9148014096845,43.99485435315988,13058.740796044547,295.4454521722159,5169.812307754432,24.302303850563852,12096.06002914474,90.41156632691674,5.011835599265613
464,0.9787024978768963,0.12606155999640486,20,9.088063089599057,500,12,4.988114111256927,0.9556604422444842,0.783860327863829,5430.84458332678,23.04549356456918,12820.479974073116,294.1322197072167,5160.098583523687,52.26039492683798,11810.971445971401,128.74732925473725,5.246915255991258
272,0.6827970313753707,0.15980606224933394,47,17.082719953010084,300,17,0.1836068125041057,0.5401287706534569,0.7355442597355006,5446.184933218031,50.092510149848195,12940.466572887983,293.6409390259568,5162.088699389081,15.989819768907465,11940.817406305649,99.43730264332898,5.503513216705702
123,0.6037941734513992,0.02527831243339629,38,0.7519354641252174,1000,25,4.368385570931694,4.9204173459964755,0.9073093655458073,5469.759152929039,60.80523801231571,13181.857073106463,322.13846505634405,5220.085267533908,17.36019692600981,12272.383501932263,95.74238390164959,4.782946496065232
449,0.6368671833889729,0.1796727482397989,14,1.344683601811223,500,10,3.4985260304973806,3.0847201369225097,0.9453862921365853,5470.50883683586,59.69614356429552,12816.979575109193,350.127500083344,5186.276912542429,21.90902849437727,11747.339589946852,97.54614958033685,5.480461785718527
389,0.9530239507089389,0.14522982928064934,39,12.955484659006842,500,11,0.3348680601263576,4.386752265664193,0.7557619755915501,5473.607527175848,70.61557162587883,12994.71152872654,322.3548336606088,5211.586503817778,19.066285160147366,12072.972264918428,104.28917014984388,5.027663326054843
335,0.921901248795878,0.023356452915087346,49,16.96084179202968,800,31,2.143510104932168,0.14584881822632234,0.7923560586412036,5478.698094852597,58.285986306710555,13280.997212969261,332.38221700306445,5224.927130605841,19.40167287319851,12364.735736407123,87.26959455835743,4.856928295903917
192,0.8143310737892325,0.03803617039754869,25,0.02473359518818885,1000,17,3.977249803948646,4.635889097397263,0.6938568327421815,5508.58133319633,58.28188130007955,13104.34296596172,320.0644372127602,5253.7307966408725,26.650944416814717,12187.654538888984,109.37469579225038,4.850848785750572
486,0.6663604097483145,0.017158405595129538,30,1.3878817180836678,1200,27,0.637428400701231,4.001031738417896,0.9452036184268908,5522.047610952632,55.97971190875354,13295.445200130858,317.4052659000451,5284.6746208532495,16.244564750527005,12419.126541069316,81.44953383780235,4.491723845451379
453,0.6836237494827384,0.034559619143838975,26,7.1666931334334745,1200,15,2.8284408607050286,0.9133619211983407,0.65583954694392,5528.453649147086,57.02910724679626,13162.907542729334,336.48647998407506,5288.892915665121,32.26326599761292,12274.765440070392,109.52805943631238,4.529506218067159
401,0.9516743090404991,0.08058503813337382,14,12.600797569599644,500,15,2.1449246592044524,1.0053257602497256,0.8056804160037356,5532.506133682177,57.44111800175772,12997.561805084866,314.8829798380263,5277.3910385726085,19.315674966371585,12050.612421864274,89.86329506485559,4.83411392570543
492,0.8195491206170399,0.12019393289996443,14,7.774526957530934,300,17,0.4748263761418825,1.5745922229444786,0.6386579337151009,5533.844557255389,74.7402305694807,13029.036456815835,352.3851756093067,5281.642157390743,9.003841838873724,12057.181982723205,68.89051551160259,4.775075485031355
258,0.6290683486440065,0.032352623465923595,12,13.883011470196621,300,47,1.8018890996517378,0.34252703313489785,0.9052621165035557,5551.981753853487,45.59906695035301,13225.43413711024,285.9564303854373,5316.14783124597,28.410407783344198,12305.570009680872,121.34950957948922,4.436180672429546
185,0.8346433852701897,0.05872412024601039,44,17.38519249302105,300,30,0.47857277760080863,0.11819293023168198,0.8567886001773064,5553.002789358267,59.308656524263384,13451.186235503867,310.41149299404265,5302.008808661507,19.36743161080488,12541.129262015325,97.38620603872678,4.733941224064542
52,0.7970500417163436,0.01329255698255153,37,11.429460504100213,1000,37,3.8359742655428586,4.113951759383466,0.8976846627773192,5560.2178920033875,54.47081389947949,13500.133457168029,289.70760826663144,5328.115805097878,23.98471054094225,12640.768703411171,126.14784493629698,4.356175717566746
277,0.8650658052237421,0.036762589701244595,37,10.991673134442872,300,42,2.021198648221046,1.6054054854352506,0.8999403057745865,5582.452420353858,55.448445354443614,13533.935094763538,305.8971783495574,5345.8220058655525,22.285440006849598,12646.60030144139,108.80655844309051,4.426455168703125
159,0.9950598254944232,0.021631665509619917,41,11.761167561801585,500,43,2.4333447071235144,4.367116190408303,0.9602807456045034,5594.9018079717935,49.58093224183433,13593.54438246038,288.72816972797693,5359.499408781318,21.54928377707423,12731.614272307308,115.42908839230736,4.3922460147076015
57,0.7063751699856956,0.11450007760952778,45,19.72421488959206,300,18,1.5476380814316388,4.068975098534743,0.8738924690215517,5596.046298746747,40.599799331399964,13422.499674822555,304.49074844206285,5349.592237814571,28.18842839212878,12545.998894950792,100.91577573722446,4.606969091776203
195,0.6909429200384395,0.10908560555010703,30,6.926435371780071,300,18,2.5486212337584906,4.126430541164484,0.7118814153885917,5611.128297333948,43.23637854581146,13419.046873327692,312.10046998779063,5373.831981580422,34.71749545229521,12545.957948575926,104.75328009330308,4.415774750064627
310,0.7265080598917227,0.03954879253914392,10,2.598598490714026,300,36,4.332739908745435,2.8590458180357685,0.9628799286242489,5649.604957476339,50.734223821399965,13450.5671775586,280.37000465674214,5434.739168983601,22.081002160730257,12600.466402338381,122.68403112738892,3.9535621087207096
332,0.6855828154752948,0.013778574649554287,15,3.8021529956745526,800,38,4.539493968898097,4.718507964101104,0.9840542417621789,5658.502183665995,58.571450028333764,13604.788616209755,300.3837611444917,5451.760924627173,19.57537858300109,12787.602465276097,110.97422738942912,3.7921923190892715
35,0.632349186646879,0.13421119773263124,21,8.179058888285397,500,10,2.211761148655522,1.198936795787016,0.6375493160325166,5675.731552134491,48.42577294364602,13376.207677239938,318.9338501369219,5433.13906074328,39.89270001822874,12480.724571196035,126.45995546010928,4.465052130618985
114,0.9083648814983287,0.04091349340879382,18,7.030803222684376,300,34,3.5246277484447655,2.991430291340773,0.7838726051044524,5677.848703358381,58.13812871691954,13632.22777048045,315.65355799379734,5463.305764459742,19.07099216890773,12786.47114663802,94.55195069008413,3.926980259722912
442,0.8840530562258149,0.08915549847213146,23,8.975576079892296,500,12,1.2332930790270324,2.3548012621736674,0.8647654530548046,5724.481222224284,73.95536838001192,13571.868549882509,371.9473159759522,5502.576001667966,22.860206395576785,12739.14553506424,87.0160143984218,4.032751578334448
193,0.7597263663237233,0.054200643865821053,14,14.743604500144862,1000,10,4.210166471882106,2.604789886360211,0.8494342752011039,5747.4992945884,61.91590886966852,13584.974334168472,313.95124591086176,5541.365365689594,36.26537997007071,12795.403786811987,110.56955351176336,3.719912247171475
261,0.7916280252413405,0.015220025794112347,49,14.798082415338607,500,47,1.4001866477524472,4.291708383995604,0.7168872921847591,5774.452212395035,63.77078489713602,14128.421298634921,322.1315525543689,5575.93216481145,18.569292469833005,13396.815859743545,106.8638461851466,3.560302416094707
32,0.8688104541180797,0.10516427356767225,31,11.816665211380215,300,15,1.5163275733661141,2.6854121359832774,0.7306604967184164,5776.9213835814635,62.191848128739196,13777.016985603505,354.06509464891593,5565.15172970116,27.136051284095796,12987.359993467968,91.86492062683544,3.8052808650317793
59,0.6180874680424757,0.017646422604203082,42,15.55204567470451,500,41,4.9264302533275215,1.8836948496897037,0.8998313199904289,5781.133976258209,57.05473192902093,14060.433836959439,322.41335819290794,5585.110600233606,21.83265692165241,13328.285198775027,111.33276858467973,3.50974922531353
124,0.7671067128669335,0.13219353066035033,14,14.645436143692903,300,12,2.3365538326882627,1.485014382274411,0.9411287286767606,5816.949390569898,72.11538941527898,13735.490673761107,356.43842606676156,5603.562376510676,14.46508767014691,12929.635848525542,73.85570440271019,3.8080599397574355
153,0.9744848984974759,0.025071672258926998,41,5.976717726746276,1000,17,4.736752313155193,3.126523301069739,0.9133690903766458,5818.698950988746,72.46939127248913,14055.838713722476,360.05027024563213,5614.403554946069,21.055804791944464,13314.394130884872,95.42497498934651,3.638772917609412
215,0.9129939698255751,0.07607430108750188,18,7.6387927930579185,500,12,0.6069320907970321,3.075064840194333,0.9098535122551152,5845.504379812889,74.57226206860315,13872.552024192692,325.2938899051044,5645.3277865546925,15.267117286702462,13123.132609535998,102.17195085893611,3.5458807854337637
199,0.9289922254537444,0.04843215509513604,42,18.455143810267888,300,25,3.8240490045149773,0.8741931363020627,0.8010264305853769,5849.303850625763,60.77207089411208,14192.571045515288,321.26302448304244,5654.203762028468,23.67648892443715,13460.69791623335,111.47588394427062,3.4505316187491086
475,0.6488446063697152,0.0422297727262836,47,4.810631703602974,300,29,3.365460654556085,4.121752236246747,0.7587968648829897,5849.772429919278,61.888683804763815,14226.572399802571,338.43623915750555,5659.904262023391,16.547734225277857,13529.78090466343,85.24902496339679,3.354618013061761
203,0.9979465268679069,0.026756362688946322,24,19.67357850526827,800,18,0.7112468434359809,0.6069246971121445,0.7213100590270383,5852.148151992759,68.28497125397293,14018.15910263826,339.40367556718087,5652.20648473591,22.090865629368544,13264.932460872396,82.77989522736581,3.537409112650125
15,0.6976502088991097,0.05880440223014986,41,10.375812434867322,300,21,1.2589114791268208,2.4862425294619275,0.7203513239267079,5881.5397071581465,64.20050598902353,14244.24751554599,310.26552036848557,5697.582554983914,23.435937723138125,13565.304153607714,109.00955787720015,3.2286877881798848
338,0.7004005533049201,0.17358146836172014,36,8.31207791814671,300,10,0.9579647286741289,4.591195433377186,0.6407214731798148,5890.368998652005,78.66354563416859,13994.259623899818,382.1195784857331,5676.333356841939,14.993126725866759,13214.595708688736,87.9371974620072,3.7706672310229727
303,0.8791025104293717,0.01176573698955333,28,10.451531986734903,500,49,0.5646582134300565,4.210372186992896,0.6968924871298268,5898.14146543654,51.63595937230256,14322.400894308545,307.53587567382306,5721.002748784442,29.33580502288181,13638.214802158343,121.22873338848295,3.0962879136832377
107,0.9119035099152123,0.04312899851691508,39,9.748623964990273,300,26,1.3433867969247304,2.7081710733043347,0.8533912879304588,5901.90075977314,69.1454612888641,14332.560826828312,339.06118328196646,5712.315253988157,19.437759998139942,13629.527778646176,99.53069926286732,3.31889080618617
246,0.6646479245143485,0.08409306995012535,49,19.699793122817503,500,11,0.32602295630246025,2.319656884061664,0.9636880823446241,5912.488862038164,85.88846376798982,14192.949378426514,390.67962661215586,5719.993365750187,29.38896528563559,13494.122637303357,79.07541359733251,3.365309782360759
183,0.691231908779573,0.07149300357338573,19,3.4954688565475434,300,17,3.849723501258395,2.783185289683586,0.7022579991237089,5928.876531920275,62.8452528689378,14175.746669037437,290.48436431692977,5751.580791679798,26.929353654134122,13486.185229844552,126.56697907616686,3.0825567207010574
164,0.6679031620350163,0.16073444508124513,19,13.387808029187227,300,10,2.2471691760686885,2.9394218555519345,0.9794333419405735,5929.834742449068,65.55714696046935,14028.277728280513,321.6109147124634,5725.712720751544,38.74824992636457,13251.710396478169,149.513108452934,3.5650063433628087
213,0.6285026911061035,0.01351145781811736,14,10.17158578895157,500,40,1.4826779064382762,1.7485161487292478,0.9098614124724728,5961.197868840171,56.34586063010363,14330.320616110102,318.99093330860916,5794.698570789556,28.112183096727556,13661.00510037192,116.13603319989313,2.87330386588045
50,0.6325395122567599,0.03460293708470565,28,11.626108344535647,1200,10,4.401799843192084,1.1834259684103938,0.9630774825394185,5974.501981178451,90.4706857470082,14273.579179716706,375.3827671372267,5792.654669010609,13.534611097931261,13609.342859668768,90.70509021484835,3.1392741766686827
167,0.9746422769179846,0.0214096267938678,44,9.043980565668706,1200,14,0.5165447856200783,2.9233535022129438,0.8752831463466382,5979.565971386884,80.06185970412193,14481.156810651266,376.0124919841093,5802.668263015673,22.51655109360799,13830.38711731311,82.65936315515093,3.048558014227676
283,0.9558608132070265,0.013569813874661921,45,7.859484506905825,500,37,2.1526466923110377,0.7129707204095437,0.9560388140735233,6022.108655114896,61.197203567190236,14714.83551600035,317.05033987716627,5855.149866750948,22.570993225262363,14074.973911824474,108.94969894574604,2.8514861645478895
200,0.7594652111089253,0.05244845772705224,43,1.3634461877098714,500,13,0.6758314457741138,4.815575557945869,0.8198118143580068,6056.954509866155,71.08161224335531,14668.698199684963,354.47564526687097,5891.522884287486,35.44818327967487,14059.16008290764,123.22306742319563,2.8079603326309766
182,0.8836185046889731,0.04099430769747571,45,8.490548503927238,300,22,3.008059100731656,4.095944297133951,0.9536825853393631,6064.060424792595,69.81668227303506,14809.366859126654,324.99495086637484,5906.657187441769,25.693788989631535,14215.582011382305,119.59388321766943,2.664844638105679
141,0.6098347665835205,0.016415829943409205,15,7.436670584774491,800,20,3.416476883032526,2.229513531883742,0.7094506665126663,6105.764276209262,70.48235770276287,14662.019144076796,340.93322123156406,5956.777467187153,24.329578201228223,14060.375705726017,100.57411442880856,2.501131019965097
428,0.8285041879748389,0.05147032557306065,23,5.05596888031546,500,12,4.469926025234804,1.6874016283744908,0.8917855079326655,6125.645092046204,83.03915757950665,14698.920205127319,372.6085374557678,5959.827923064343,22.043427110010015,14079.173950912269,91.12862970474625,2.782247593762799
353,0.9128685052364984,0.04607102105998405,23,14.073995592581019,500,13,2.7949031704988703,2.5054394013109853,0.8824772731853434,6130.3527308341545,80.55779019904934,14731.574742364479,353.6882360701584,5970.306714720721,24.288785644728478,14117.484229687385,106.7976543076181,2.6807000671978054
77,0.6611436556737328,0.08132774123150735,13,17.016350356722924,300,12,2.6225569478512734,2.0519841349483077,0.9929514467634426,6199.441356374034,72.50895529982434,14797.425597355812,313.08949762066504,6045.904510637617,36.518596505627876,14181.371354973637,140.75706705842924,2.539518205526936
410,0.9896990616579024,0.030242189838242388,31,3.1241313737324394,1000,10,0.8967800514462049,3.525695727852817,0.7820687966934625,6218.816026250977,96.4662342654924,14986.143302885786,354.0765307003456,6061.97757286718,12.817409560346196,14402.369643006867,112.27311865984372,2.5872489876206606
360,0.992147496376874,0.02957573853830836,38,19.542084661031467,500,15,2.738923471916597,4.89478753520552,0.822198169642344,6283.331801430092,70.89551834592396,15301.301285032889,336.7914480156251,6146.450140089659,36.92117509638916,14786.11930223981,127.51630501598152,2.2270035259480236
322,0.7486957179625321,0.010392551457485764,45,10.967640723913078,1000,18,2.7348162568569405,4.1488156014382245,0.8424586259733919,6342.923652444565,73.26917324118189,15513.133865619404,353.11277095948446,6221.668444559327,33.57225836100706,15051.16571319894,117.59444657775005,1.948917866095412
5,0.8270801311279966,0.01908085481211199,27,15.502656467222291,500,19,4.474136752138244,2.9894998940554256,0.9687496940092467,6346.412371184917,74.66001731968453,15434.973838931479,328.16723958805994,6225.640699928671,31.72057455729746,14959.898638893043,124.63733072755127,1.939907506349181
370,0.7423884129953577,0.014585826907559,43,1.2505259148569148,1200,12,1.0767219069127631,2.9854788509335988,0.8379212858711158,6390.439121746455,85.44173712249871,15564.857922158999,370.81084615099456,6268.418389977657,29.37653224492804,15103.547547282002,110.25581564407895,1.9465952043643542
260,0.9496906896553406,0.01005463587140875,36,7.795187748529841,1000,17,0.6442435600012741,2.06380564633013,0.9209417316637056,6404.835176610569,79.43067850212744,15628.522281210768,346.5945303852741,6286.510920698911,30.90720185113731,15170.184558495908,111.90763627131325,1.8821927998576182
14,0.8590760482165449,0.010150909328641588,22,17.214611665126867,800,18,2.424149856794916,3.4621801644513517,0.7077649335194086,6503.651635740604,71.48526849350341,15806.799817948273,350.5610023116184,6398.600560341131,40.737361377888,15385.17701362203,104.22117794600453,1.6417820491965829
489,0.8373845530818895,0.014710598530741574,15,13.692523885299327,300,32,2.7828921425107667,1.7136546271395359,0.6538305068416431,6511.869147549548,68.2584032794403,15696.830371119824,342.4156973588982,6404.242316898416,30.91664637982833,15253.806300009688,127.91579993311842,1.680555252682181
176,0.6909078509052606,0.031226817892848653,44,3.368887702854393,500,11,2.3174702190028618,1.898928900896149,0.9453334598287301,6547.101037856058,99.46481796166192,15968.591779205337,385.22874430061717,6435.959204393698,27.63610400164523,15557.379569288862,103.86579264330791,1.7268884082808578
348,0.9015318802276875,0.015994696978652294,43,15.612634348511143,300,26,4.761108928487973,0.21211149103445848,0.7061304550221867,6579.935214695081,75.98162915718706,16105.584599176078,339.45296972813094,6479.743936224647,30.287505268857075,15702.9593703415,137.9082513327672,1.5462228053537919
482,0.657358148004357,0.015331981223963212,19,13.847086123088284,300,22,3.3057033921434824,3.2611767656622037,0.7004320414660671,6789.671729232629,72.16617463978507,16491.22954127088,329.63450649423237,6710.550767518126,39.119034340908414,16155.330326498462,142.6777257907258,1.1790531724680697
39,0.7043574493366855,0.014438316684211576,28,10.062725171601754,300,14,3.4198188469907054,3.079255821949569,0.9775566418243029,7246.955474524951,81.19045015198913,17649.128596879953,372.8328606808566,7193.7446521198435,46.30746638337783,17436.793711683586,155.86917901483284,0.7396818344035383
