,colsample_bytree,gamma,learning_rate,max_depth,min_child_weight,n_estimators,reg_lambda,subsample,mae_mean,mae_std,rmse_mean,rmse_std,train_mae_mean,train_mae_std,train_rmse_mean,train_rmse_std,overfit_gap_%
186,0.7815158165534557,0.11802523167323198,0.032049024199003795,14,1,900,1.2435713629381495,0.846857994641612,2536.179022816815,7.1132181123883145,7578.45198051235,86.49149999428896,710.087251480003,13.094990082839457,1434.87265119717,35.96678171572769,257.1644213483302
344,0.8749625456544949,0.012249224133826175,0.10184120226387795,13,3,1000,4.0411760500461105,0.9790752103857883,2554.0347689340038,8.899342658947651,7708.597656757723,120.54451970359051,444.45898017195617,4.12635109647295,1180.4976511865107,26.906215593857826,474.6390292183716
404,0.8857643054506392,0.4762335583439234,0.07801821469898897,14,4,800,1.4502276598121844,0.9485656136763417,2570.628461632012,3.655594844788943,7716.8604765549635,78.08665355766964,534.5934060944778,12.549669096168916,1275.3750590178388,35.683866488334225,380.8567468895621
230,0.7545843364636589,0.28222054533944124,0.06753473667755817,14,2,1000,4.9743315858488355,0.6231122243985466,2577.988131940023,4.383098395472431,7506.954430342738,170.20053201805192,783.7169089551088,24.16049844360826,1622.4226507896626,59.20478185656352,228.94379366870209
373,0.9722427219386148,0.2486562230844862,0.0790752762131544,13,1,500,1.509583500387509,0.9044353224095503,2600.6563125716416,4.33094138339581,7778.217663195599,63.73670243183248,724.0492484941364,11.74052848177409,1448.4280243354985,33.17053022432794,259.18224043190935
212,0.6927788384463902,0.19545299795275733,0.18834290055585193,14,2,600,2.9852345844784582,0.8703364980349504,2612.59885514605,4.468037185433662,7761.042406046632,131.58135886056175,436.24770284546344,10.676171174550829,1157.0162865292596,32.898618735691976,498.8796819112508
25,0.8233173814428391,0.44131817159466985,0.06661213250241381,14,3,600,3.629778394351197,0.9588441039810308,2613.609876358313,10.140797175396338,7691.409924564676,132.55062111470136,745.8189073585978,8.325546042249288,1591.8699484596339,22.855049423977007,250.43491799030795
151,0.8064316081774466,0.45325685972229,0.18139568257587224,13,2,600,4.322464401536743,0.8935639675814806,2619.5371680507865,6.8910202724145675,7794.465466937498,122.65847880343736,532.7586585692225,7.3010798276238695,1258.7366661226254,31.38521144345736,391.69302570995654
68,0.9676706207342238,0.04137421001765307,0.2729984457777378,10,1,1000,4.052766653909164,0.9949104517259778,2646.834391020307,10.168058244314107,7773.86127766671,176.5789135408116,466.09183786532736,7.454285396016785,1176.7300582958612,27.86108178846737,467.87829693449464
268,0.6028116815254476,0.028640125538811678,0.07756711068054692,14,4,900,0.3447900817821059,0.6228218884605017,2648.829821359029,11.986682420452155,7530.972663109241,196.18692466397258,818.967753687702,22.956611716970006,1636.485977242032,56.82182234802162,223.43517915469852
199,0.8439327221994778,0.2817194636742294,0.1241259112698393,14,1,300,2.728434442477367,0.7777677811004806,2651.067737550234,3.355134387119423,7774.562590052484,79.4174342919323,775.4836947821276,17.018654760237165,1545.3458196770787,41.01481422216489,241.85989407489123
486,0.8415403930161112,0.2883070035648589,0.1776297833873193,14,6,1000,1.263992220078865,0.9755579840165101,2652.6017420582807,4.6399762372907,7863.841551084257,85.94389956353191,303.6482915951185,7.40254656283868,1056.1197273875587,30.295226343446995,773.5770348397785
293,0.6699525748703837,0.42786862945289317,0.07815386710705446,13,3,800,4.3319325712567105,0.6862119475165327,2654.1267190319545,10.905174419205064,7527.291322122283,196.86611482987826,993.1369990420026,24.212548669753627,1976.7622220877256,63.803214017949514,167.24678685741966
478,0.6548593952610973,0.2903495422771425,0.16165262811695918,13,3,800,1.3682020893038582,0.795133727417605,2655.960753577292,1.5336714863605798,7711.198520870193,123.40116909579075,573.0592704726737,18.504686047780666,1283.9824893927778,42.93875246967483,363.47051525518276
289,0.9952262266611096,0.4506480053873244,0.20550037561192777,14,2,1000,4.141246262186092,0.734083218948349,2669.3076274555574,13.130044901344512,7915.315572137796,120.3965650380747,428.6347289601055,8.50120002420583,1143.7951706312735,28.74825784754337,522.746466188464
288,0.751610850487639,0.4867286949880866,0.11105215055833097,14,6,500,0.5537422265947906,0.9038329640458527,2670.2296135166084,6.026366679770481,7690.325945566347,103.30521997028465,786.536951902766,13.85013481512866,1631.5022483240382,37.30150268447127,239.49194720691395
42,0.6625748170684344,0.12512144908229766,0.17476799941183616,14,8,900,1.3996694847297142,0.9819461122652776,2679.2203667191384,4.389691875819438,7738.20493865116,92.002178918176,384.9754444060075,5.951986038872415,1127.8907312627082,28.603903620861836,595.9457819064289
269,0.71287482987728,0.13085284186795298,0.08409363972159994,13,10,1000,2.144434394305193,0.9379157745144086,2680.680747836854,6.926597538008917,7547.401723529502,105.11514863332816,940.0506936830038,16.72363840133503,1968.3066462668169,46.67058233148686,185.1634242547361
405,0.8690811976835592,0.39834069859568616,0.08514036963774968,13,3,500,4.164151883941355,0.9624348241925043,2683.019157154334,16.756396667135203,7743.028191079499,162.3394813998669,934.4340518551095,7.312492218007968,1895.9284372898462,13.890897074877698,187.12771669951462
427,0.680439490977067,0.29511632957544637,0.13228985739389673,11,4,800,0.5269660905390261,0.9057762912302018,2690.1088974068884,6.516107379662738,7620.319279812123,149.06233282774105,882.723674206008,15.834233624013658,1713.1598655119872,46.525730027022874,204.75096295866163
180,0.8019379527572071,0.2716502616816442,0.1641987603426175,14,4,500,3.6262883020756824,0.7946675765698812,2690.4035479211875,3.442864233659532,7734.345117752062,150.94814908302084,671.8503198202048,15.791631407374922,1438.3700715438529,47.31236851206717,300.44686570085605
444,0.6267894448101086,0.43867522656641933,0.12682148169366259,14,8,800,4.2396394188167426,0.8182340730676592,2692.3477766709275,9.435632898996268,7592.707194648472,191.60139804443074,799.3917722474052,22.49320475699951,1685.6356937209032,57.92160049806816,236.79953561464325
102,0.7515286262227663,0.22850010964083917,0.19118736162175376,13,5,900,1.1462569761632073,0.8889010273572264,2696.5822004955444,5.276632115376739,7817.4679583666775,86.34696453917799,498.62562986393067,10.669694933537157,1213.0757053069908,32.404833082895955,440.80296699377675
460,0.9566843460810983,0.4245895027508521,0.13180354051183318,10,3,1000,0.07190723036042512,0.905741354574571,2702.4628791657465,7.956079584635871,7719.764282391086,126.75999671558615,902.8485530402135,12.778905933247744,1690.9255193662457,37.92696697837178,199.32626796217252
457,0.9135089556068997,0.21449246592044524,0.07031954561498353,13,8,900,2.182097993647965,0.8667087639135589,2709.6751291761266,0.6991172836078996,7673.369476782427,123.81041380745104,1030.5070927565723,21.739543442658675,2110.3228435450706,73.61498188609313,162.94580097724852
371,0.8313193597681443,0.07348135479410484,0.25333713098004124,13,4,800,3.2140945740008715,0.9239440749442345,2709.8403230958234,4.94553460043497,7880.5550728376975,113.96713315973392,424.5765806435656,12.365068582224552,1142.0000804527526,34.00415380135866,538.2453594092015
11,0.7243929286862649,0.16259166101337352,0.22888185350141924,13,3,300,1.914634373768949,0.9886848381556415,2710.587288033349,7.516794945288306,7884.763527145414,104.7923566675586,588.0048885365755,13.607696029388125,1322.567875478572,25.728455910780628,360.98040014249693
407,0.764662184182681,0.4674972159193827,0.139162062852157,10,1,1000,0.41959767910714707,0.7333850374384042,2718.443344129459,10.509444022165846,7668.291030137371,108.40361281163231,985.1435225902648,17.70413554520401,1754.1863174100383,47.627895939286525,175.9438885596874
434,0.7539214468884413,0.24468822448533512,0.13888257763970902,12,8,900,3.5936980892676513,0.8929604196233516,2719.398890885647,7.781709938857186,7646.760601677653,142.09039705280136,875.3946514301336,15.39156415016042,1776.3458693440991,44.91983861742456,210.6483328911092
479,0.6329089297108247,0.22979202860681153,0.10193904041284609,14,10,900,2.09303637459165,0.7833725696525752,2721.7235304333913,9.241136107165252,7574.226659169573,170.93695848676117,937.0875975835394,24.387242200318695,1940.3821501418563,69.85791075222762,190.44494212194024
36,0.9652962210225885,0.2556711994304689,0.16045488840615987,9,1,1000,3.978963347180505,0.9560021367270265,2722.7458616854024,2.083350169035764,7585.781841364264,140.8314728338388,1101.8021988767919,13.795087641129463,2053.8601636669828,33.49580630306485,147.11748301655652
440,0.9059203889837109,0.33944886253892026,0.24189601639167602,12,1,300,3.0566830110832344,0.9429235609443364,2726.7565689759576,3.528711676168812,7933.085912962034,176.70619345428653,724.1146799368453,13.638727927242904,1467.4589607046364,31.22347293601111,276.5641885914778
477,0.6680461669237125,0.44911903197661757,0.24304099964196638,11,2,600,2.8170418224192706,0.9215219561933901,2728.5898645266475,13.218592572500597,7801.053764912994,141.52470077566718,728.4179868150941,16.133081308494525,1479.377082823903,48.00028761158764,274.5912256309081
324,0.8383955368733927,0.050629957307579465,0.2641418469081355,13,2,800,2.901107593925147,0.823875377935176,2728.996041477067,8.712558622002753,8027.953723057632,131.39522919446722,458.94001734229346,13.557040154413505,1166.1654175242431,31.75848255215935,494.630221456955
430,0.969824422150722,0.22165325475858766,0.17601405635972428,14,13,1000,4.5689422193662965,0.9811260068010024,2731.055895422766,6.244397648610871,7835.669848941984,114.295624844012,482.2916596431667,5.024461289363748,1238.53710670096,28.503469780293635,466.26645740533706
222,0.7440545629886076,0.04382137338191927,0.2910873469093188,14,1,600,4.126430541164484,0.7118814153885917,2735.171507032974,10.102446658614749,7982.086958232426,167.91952886643554,450.18857931587155,11.26104147155657,1163.359373862658,32.67309981758227,507.5612826939044
359,0.8878615266442121,0.18558080739287092,0.27092895300451325,11,1,800,3.389066001550221,0.843100848901089,2737.331793296404,6.720228082550703,7900.049948942212,68.46270942363996,652.0582926576857,16.88222949711743,1357.0313531852732,38.88097947602801,319.79863213447925
432,0.6310563103955125,0.4144356381264793,0.11466702251254707,14,5,500,4.421882735114856,0.7379125680290588,2737.932041014985,8.925754442040727,7629.326078680351,166.27946704193656,1043.0604606820507,16.98214223397324,2123.3366598804623,63.445956645492515,162.49025288761004
367,0.9517020459385539,0.3377900459751299,0.17408897541141644,13,1,300,1.4557212389258951,0.6828379672706285,2738.596631851217,5.722220711554995,7856.770600434349,71.22057262006004,832.8712144247705,15.209437887686533,1566.574231560956,36.23646610836039,228.813937187474
284,0.6675416826710744,0.2535255519327205,0.1894337888107054,12,8,900,3.663176173504164,0.9281510029795893,2740.8431985980847,8.902282043871946,7704.6208879793,117.5351545029712,723.9954553909051,15.846190191175609,1524.2449999420623,42.75380385839092,278.5718788964259
226,0.9902440803439659,0.320486038672666,0.2567441690903083,14,1,800,3.031854722166878,0.6556792098470119,2741.4603325364646,14.347127128549223,8046.8361777960745,74.75475486261973,456.5082888291028,13.11708290578967,1159.8942878453147,33.11646257361728,500.52805165225607
248,0.6898462447375407,0.18608351191875666,0.1396230648832588,14,18,1000,1.3689565375705326,0.9713270131394308,2755.3682272546134,5.228910301152841,7666.728647135914,120.98590535291262,789.9705633414287,15.358724069374322,1714.1149195133655,36.98660390102721,248.7937848721752
8,0.9314950036607718,0.17837666334679464,0.09428035290621423,14,15,900,0.3727532183988541,0.9947547746402069,2761.7919278968347,8.124854390519582,7796.226838379728,100.38749958142711,936.043315849331,9.496954184417213,2009.5355672235,11.62605044211032,195.04958596823988
386,0.6144075273165706,0.08761088605291367,0.27003110635180005,14,4,900,3.5957994847228445,0.8253298568132187,2765.6005079401125,16.078746744418844,7868.421178957041,219.04304352600647,402.81700530308007,2.608129494090782,1124.8471640203957,25.773249492048176,586.5649839830547
214,0.9622099169318695,0.38631136372469127,0.08946863417102002,10,1,800,0.9593366235937145,0.7293486248462083,2765.8898346347287,3.9481301968776523,7663.253014861857,109.71875348824634,1253.5987427867028,26.16408911767696,2218.8100880849415,58.11688560935687,120.63597706601553
446,0.7284648610543814,0.11005566295237657,0.11515616028584853,13,4,600,1.8474096701569014,0.6181277115843579,2767.3900390430285,1.0367169054603602,7617.0578731135,152.35314434576955,1052.8061186428904,37.20269802679815,2016.81708595509,88.57254007814105,162.8584684338942
255,0.6775815469071099,0.43990824297096937,0.2072680938334069,14,10,900,3.665356480148374,0.8463941801040716,2770.3638240877704,10.23237813683979,7743.08693293365,123.47887845407769,583.4573053879712,16.068182923460814,1334.5230311434927,44.45791869845196,374.8186025789172
187,0.8827108867541783,0.08352095395047493,0.0602857648864953,14,11,900,1.7836602652000084,0.8134047701198782,2771.1899303717105,5.77258404295029,7722.846696035541,127.45060944481385,1190.6182087644386,21.813761787792412,2526.581061270372,86.80813846758251,132.7521878946826
43,0.8951587666783074,0.27717702625570034,0.19351622387030568,12,3,800,2.8301860524703812,0.6634585790569963,2779.8452762713982,5.721023879737613,7820.272314582606,142.20157364246313,775.1358237484088,16.10526468110657,1517.524064258478,44.265227148851174,258.626861396832
397,0.7446841019438323,0.4746043134352561,0.19964784975593722,10,5,1000,3.903659266004505,0.8833958789971189,2782.122086465313,13.19188338084942,7689.645328793383,149.5181089534239,974.7199428421292,19.282725778449663,1860.407089814037,51.199621161561254,185.4278407757909
51,0.9509888054108212,0.3675355219019429,0.25104427911545457,14,4,500,2.117354711540593,0.8274081134999833,2782.2546377164576,11.298111620073795,8102.104189974704,104.59013667519159,518.7995792635855,15.757478371708311,1222.757767145573,39.31291320669286,436.2869880630498
125,0.8880810326529183,0.05328936506433718,0.0520055615981347,14,6,600,2.9870655108515414,0.8402067441734613,2782.7218052200637,5.284466468813029,7787.596633830974,131.11236828455617,1244.8830201115709,15.156643573130609,2609.043630716628,61.17201190687386,123.5327946693872
369,0.8686569126184118,0.2911043798841156,0.3070626680762864,12,5,800,2.7224116640013145,0.9851073401012824,2783.2752532478976,5.220719274273275,7954.655780403703,82.34214037441258,377.51394441136955,6.663255449168524,1104.4541044278278,29.117835587641192,637.2642241302264
424,0.7484451753720511,0.46038330423167867,0.1853346729272278,14,7,300,4.325966736989056,0.9661028739671292,2788.0605258642486,7.54567605458129,7821.098060777579,164.3072968755042,948.5311617645771,16.839174693555016,1961.12780054214,32.414209354082175,193.93452089413142
392,0.7448705019194913,0.3615641369412771,0.07016807532189487,12,6,900,1.5197125612751368,0.69216666484694,2790.837174059407,4.412178572003764,7604.247828882141,122.46964839894798,1286.9331057096435,25.350026445481184,2542.2422152874046,82.23013870347518,116.85953696252747
276,0.7938785148520188,0.08288727008163788,0.2937094441000847,14,2,500,2.311477805003036,0.7647062166338034,2792.6262701856194,5.092234032007796,8057.923276612612,106.74407765264202,482.2494609919393,9.51970846446658,1187.024027579324,32.13877541604379,479.0833367530291
166,0.937913291246755,0.38051199547149944,0.19786609648942463,10,3,800,3.9826864548808816,0.7926089406050201,2796.5369216919935,3.9393044424314927,7741.1234236703485,165.72450503454968,1044.093112511686,33.182658304911406,1949.0241584235391,74.52897316802,167.84363273545617
376,0.6547996252214685,0.4974906846625465,0.16816979822617378,11,9,800,4.7571490518091615,0.9979277175863804,2797.139943789141,11.482619131310377,7638.611216814833,172.5213712822572,1098.0188436136634,7.678141962675195,2226.125088544403,25.834213372235645,154.74425690032248
322,0.8404296667200932,0.3527929313219123,0.21652150554764107,12,2,800,2.1526466923110377,0.6570376576327634,2799.7871407083603,4.40613172371161,7934.45867498624,90.2699595554451,710.9732383286902,18.291351025115056,1416.2480648442913,41.223249989590585,293.7964173292821
15,0.782613828193164,0.1092202186084168,0.13495298436110986,12,7,1000,0.5502596226383838,0.6911740650167767,2801.483023409872,13.49353922213311,7735.829959795167,98.99012589207368,957.8070117640685,37.99055727875625,1832.1781824248021,84.67976892525805,192.48929993216072
7,0.9706635463175177,0.36363599792821044,0.1079622306417506,12,8,900,1.9433864484474102,0.7085396127095583,2807.6267508616006,4.178725726143389,7722.853602631068,166.3337256853577,1131.7366098385237,47.940925955191034,2203.9616823683414,118.46889590570808,148.0812873290538
50,0.8726454675891159,0.17031228473212,0.08820835847077092,12,4,500,3.483685826820753,0.8515771387119535,2808.5123677935712,1.6919778175077755,7806.487593736049,124.5563388428479,1271.0041448273917,18.170792460858056,2519.517959665138,46.25401477038648,120.9679944179081
252,0.6367483550840178,0.48256487106349827,0.1565182390194819,12,12,900,2.067082246476307,0.9032740044306149,2812.5887466932995,11.687835372151156,7667.010377266019,173.83636575178716,988.9805298363912,19.089331635916977,1977.483177686453,47.503947497187475,184.392731893174
140,0.6150387092825044,0.23989066342825238,0.18422716216819832,14,10,1000,2.088833910836669,0.768542800910828,2814.3625897477173,9.74063467916629,7736.656658948687,158.13247000185413,670.5213781672539,24.248517232024813,1438.1398572904006,50.32356410505072,319.7274958540854
234,0.7416944961779098,0.26275231098432,0.1544904539604587,12,5,900,3.846524468206699,0.6044125057714589,2815.2267683301525,9.594398660265027,7688.660162896803,165.80574112012945,1011.1940716624161,35.7006773558461,1924.9986629689065,84.09641772839423,178.4061781238376
152,0.8085041248721659,0.43408040202577347,0.08358565967660037,14,13,600,1.1934501565050875,0.9720361402038955,2819.3001602848435,10.437584276387183,7756.616768654921,127.53976527458137,1240.9978687410269,17.49197134557433,2657.148508529874,70.76551825007591,127.18009686390354
147,0.9263332499962471,0.11222028591833033,0.07714528444678692,14,9,800,2.9004310391890558,0.6365947349591019,2819.3885554000294,2.374702074411688,7750.1916075069375,137.14960439766378,1255.2885307030936,28.535981576001504,2633.084524285579,104.8988535907508,124.60083769114622
161,0.7874157667074337,0.47215181747891494,0.0406580859081157,14,7,900,3.468411128907443,0.6883078451155041,2822.3282689127604,11.145150703543475,7731.146656989792,174.47997984131047,1411.067647006085,17.56282136187526,3036.906695158221,80.85522483848224,100.01367580788916
128,0.71884868624927,0.2832023201484486,0.1528151206597299,13,5,300,1.3495561119609745,0.8159371115632774,2823.957436119885,4.323354475210133,7741.044472831821,110.89656656772381,1140.1120855748231,19.598305147985993,2207.1080327103514,45.19173140224896,147.69121140366641
347,0.7170060364282967,0.07616479473226773,0.08985040375466123,11,7,900,4.211153731719739,0.8195921797766568,2825.0406856007844,2.6057744703134973,7619.602202992176,153.62384566072276,1382.9444394726897,32.66387149480001,2790.1950925718047,93.95262048263655,104.27723666743685
179,0.6122610008823224,0.12884144425560684,0.1487868870217949,10,5,800,3.676751493328763,0.9070895552267121,2826.480568201953,8.285487585375607,7615.2256276826665,192.1552695126733,1289.3503839952248,29.883060548311658,2494.733223879837,82.29604946862612,119.21741392310477
145,0.7536362445964998,0.018365968713306813,0.2971810788949977,13,6,900,0.28921338281698183,0.9876410520563246,2826.866954112727,4.834807756794377,8046.893121128851,107.11077949971482,277.59329877015625,5.147351436301893,1035.7121440239014,28.23822425834511,918.3484135376542
442,0.6813745900544365,0.06369320800016964,0.09565263403555346,12,14,900,0.9172109820171725,0.9419896078245897,2831.3619232386263,9.786216417897345,7673.0511120438505,146.64566417819404,1293.914630372068,19.86937952511165,2679.6161347327675,47.74527862937669,118.8213856446203
168,0.8606077867209059,0.16296273197603744,0.18707918166568674,13,11,900,0.7479032133378288,0.785839438654324,2833.426872988297,9.088842802619842,7794.595229366012,111.05685059138558,797.9401600632024,26.9320612964268,1600.911443674969,62.62641514234245,255.09265165496498
66,0.7413408912104211,0.29182805592543604,0.03332039108949545,14,4,600,3.490808570098726,0.8144385465376481,2833.8046364035094,17.699344208743604,7810.340636559031,195.50008029017408,1422.814804560494,13.420631651193299,3019.8823167374962,50.138221467906256,99.16890289027242
116,0.6784452398773811,0.2527539395530169,0.18851469391012618,14,15,900,0.8927233102716681,0.8610984431407498,2834.7554223619863,7.466245330751712,7804.256722593053,107.32028131078073,739.323452563217,19.311236936683482,1559.793986424714,50.171289138364436,283.4256051980978
240,0.7012233731203138,0.3905852118934596,0.2575396587786111,12,2,600,2.2506221620987983,0.6907858777461456,2835.164952447439,11.889167081361151,7946.638985049375,80.64347990790316,739.3354110491779,23.36104512656308,1456.5061296865815,44.87414117289095,283.47479507631135
174,0.8379106549507744,0.308302290931237,0.19388325245968177,14,18,800,4.354845618730428,0.8856347728529711,2837.628899909985,7.790773294382963,7755.981211211438,163.21731469288886,838.189801549864,20.26264512338697,1744.1159731122623,55.869299601256,238.5425227869674
423,0.9730842032531045,0.27212698305684885,0.07008460536028777,11,1,600,2.6072451208344005,0.6273834877334312,2840.2779211754428,8.666647518825519,7728.271011992131,124.11063534558498,1427.641600107572,17.41462994708335,2659.5463025308095,47.69775349027525,98.94894635750524
1,0.9464704583099741,0.3005575058716044,0.22242177333881366,11,2,800,4.692763545078751,0.6003115063364057,2844.8375140104995,2.3908949040493153,7857.895545246793,162.8440820234807,913.6557687754995,22.57285196203456,1708.7328943166588,56.12331360067115,211.36863698931273
256,0.6752098938461665,0.1776922843428697,0.24513753534561916,9,4,1000,4.24023895565386,0.935985592112873,2844.926139359474,7.6582064591807395,7700.237265511011,124.45670126342681,1102.5638814786905,14.018433912021443,2073.5910407185916,33.9104072230859,158.02823647225185
251,0.8624647350724286,0.08871438473485344,0.1735080756690815,14,13,500,0.5397185732323218,0.8741192064463493,2846.31202614885,5.763371716698018,7827.5640587264015,73.0013027461373,981.6158916005339,20.53167512900144,1987.2471118998035,55.486625931998795,189.96189349664166
421,0.6857625931972658,0.1354031640184863,0.08426793108396591,13,11,900,2.1238576521252646,0.686137752553021,2848.43737496298,3.9520633422931972,7662.168516909216,155.88172888711196,1346.2141347297872,30.142564883482443,2789.88859749901,106.20770324510109,111.5887288269128
272,0.7573791386254366,0.4139341876610864,0.2463139046583126,14,5,500,4.897754201908785,0.6579860289519268,2857.9510711869348,8.870853023914282,7890.631064501715,149.63746753943528,775.7273878692998,21.4177716452415,1562.744634197813,49.35086323332961,268.42209207501423
365,0.6502200859050613,0.008473832444790497,0.2410474635271288,14,2,900,1.3279141647930304,0.6070209453466515,2858.80624454665,11.745766485346863,8061.945305736069,188.87937503093062,492.50905839764283,12.261469802113698,1184.8395101956326,31.814394458388474,480.4575968303311
124,0.9657195226241996,0.05887554144507057,0.18295494265427606,11,2,300,2.0262404401384435,0.7989859575919562,2863.4933997838084,8.300093211159892,7859.133524805348,116.98092077166419,1232.2267167067162,12.18895699050418,2252.863694293191,21.82076002348025,132.383648314075
20,0.7791132658292367,0.276446544535664,0.18780901716381806,12,11,600,1.2107996913871295,0.9212559025519583,2865.0441385833387,2.79778151555169,7787.970344567925,99.17626917904975,1039.85817545043,18.44166260178034,2052.680653097717,54.22817142672041,175.52258627406593
184,0.7620083196321286,0.2964591999158909,0.18382446980305023,9,2,1000,3.2606162276521893,0.7248592226785788,2865.421033924933,5.959149812854654,7674.249224636075,188.42456981085715,1278.0873396283896,24.374457577159234,2320.6471912225024,64.09054971234782,124.19602675651795
415,0.8390673130810813,0.43304781680584575,0.29402011867701866,14,10,900,4.723681293915398,0.894614091333917,2867.505590786814,12.941161234053931,8042.257628304355,33.64630825514246,451.0759311468764,9.132610885151388,1172.0299433865293,31.83104706152164,535.7035241264325
402,0.6045671933816295,0.3518498898145255,0.3010771329178171,12,4,600,2.5054394013109853,0.8824772731853434,2869.441059011356,13.627072627830437,8020.335415660182,206.02662150885337,646.2030214436139,8.328202901985883,1366.4849625611212,30.11185227687735,344.0463699165382
133,0.8928899545638245,0.40328057393072486,0.20763501001321522,11,16,1000,4.902884000899941,0.96134552505441,2869.8007630291872,1.8443148049531375,7793.075300204994,128.7290220943066,1007.236507887823,9.673841268982766,2003.4068249046352,22.521677134804865,184.9182630450087
35,0.9394679179698697,0.06831066572101441,0.2226732990730356,12,10,500,4.050566973395904,0.9468289274320415,2872.2733511630795,13.739658209321371,7913.804953184185,161.17698684109445,992.4043117329487,15.09385287407729,1974.5985913934019,52.72681692908689,189.4257226822685
209,0.9623564419151042,0.38497235012583947,0.17699111738101517,10,4,500,3.6597903379281727,0.9404697043411083,2879.4548475756,7.3144805066370076,7821.244992335953,137.83209892917884,1320.5431957571654,22.635331355770152,2528.014540874591,53.600523057402334,118.05078825343496
277,0.8603893868603816,0.27271593470345273,0.028681931764565682,13,6,800,1.7798668689742636,0.9912247271894115,2880.271853899759,28.66278295841192,7926.803930983068,146.27883578034601,1456.1505481417005,28.822626481468777,3058.5355420559267,29.278108298647155,97.80041683021604
165,0.7886129840410051,0.27161640289497907,0.05777372148377934,14,17,900,3.8829842639587087,0.9083687378576208,2881.7711616282504,18.27053407087811,7821.854809296393,178.15013913890522,1481.8080936313702,4.781169914708475,3285.5306858409695,50.37891400609434,94.47667845882002
490,0.8439766234384207,0.46226123436594996,0.24574379364051194,12,5,300,3.8625814303970203,0.8809953366353875,2885.433120548365,10.846939060176618,7918.529003556568,170.77640909927757,1093.2614539587532,23.682501943717977,2095.194413635791,47.99153706403944,163.92891746983946
321,0.7785678065606328,0.39919017025917625,0.25672671210048353,14,8,600,2.910993732970569,0.748468969375051,2887.4865619552133,13.809410727431104,7952.611954801533,60.524074123005924,703.1932213926017,16.1371822510883,1455.3676518476132,45.431165471305384,310.6249141931209
412,0.7149846659589001,0.32837803173727853,0.3005611995099677,12,7,600,0.3779180692703349,0.9805692883382264,2891.167769337461,16.045840046429184,8039.804127066053,149.68573434091786,566.0571404180017,13.271416242238747,1286.3744918395394,34.809555431232766,410.7554631679929
219,0.9024653315580984,0.17378576211949104,0.2094735173461654,9,3,1000,1.1732104092772677,0.7597263663237233,2893.4605782223643,7.6934376398046895,7873.370661747434,185.76396737983347,1179.573399333746,28.30087262152457,2114.3190822245892,76.73562121299815,145.29720489260498
177,0.6876855949432177,0.48793262790956565,0.11106873753133205,13,19,800,2.7768177546881563,0.8876807113089056,2894.9483509846937,11.102167041782295,7750.52222955432,163.0450772635818,1377.6676932282523,18.407491218910284,2898.018362420993,63.54075263020758,110.13400874640804
337,0.7823917103039748,0.22172791819095206,0.19063509560643385,9,7,900,2.3824169188914635,0.9984491798557764,2896.246744570232,13.988636186334059,7697.321809617123,159.39522002557155,1360.7989330083667,13.324287081260278,2645.779083676863,57.22674027380819,112.83428979234986
169,0.87218265054373,0.19777254193998434,0.302409955561207,11,11,900,3.7852963380561166,0.9810594552154868,2896.9872393905266,2.9005983275167853,7955.9980535001205,108.71880996950468,686.6628663550091,3.6367594305260376,1448.3068819456594,17.05381111278277,321.8936804852304
441,0.8692985757418126,0.20405952841296154,0.275685929272532,14,9,300,2.325276241503222,0.9496682728628104,2897.934422082095,7.237795396743966,7985.33659426033,132.25472272985277,791.9423375851761,27.846229202809564,1619.8717228274188,57.489105958955975,265.92745261209274
279,0.6505015131170454,0.3298146831973711,0.058485943385761435,14,8,500,3.7536475349967358,0.823192295513056,2898.84522849532,15.238336141008881,7841.189849082461,195.8813631017759,1549.3474394697607,16.151411572329003,3393.219176867479,56.602317324996584,87.10104361662114
278,0.9175958865472025,0.2486279651573441,0.11193324146856552,10,4,1000,3.7705384015808203,0.6071782714273967,2903.7930209471306,6.199724721766413,7742.707449711456,161.4008290996026,1423.0791237044493,45.82814812478963,2691.995651699653,114.07985145486482,104.0500048506229
17,0.6479461469334731,0.16880758570181398,0.29287291117375575,11,9,800,1.81814801189647,0.9887128330883843,2905.0620284214165,3.830847428343521,7929.543192813846,188.04898115456564,721.4219807588396,11.261669487855134,1500.2215939119772,33.199654312404654,302.6855440924712
356,0.9864190020514709,0.3805188951253915,0.29523181231940143,14,9,900,2.3770330392503687,0.8537358958844816,2905.180328647843,2.4758162731799636,8118.336347493389,101.17856684034969,471.9499883013838,13.322839663512438,1180.252224689605,32.95640293180872,515.5695308106705
489,0.7061480446407902,0.27716873717017243,0.06985159447888252,13,8,500,4.742514716090974,0.9778662928684381,2906.440055814352,14.684052474748263,7886.105577778038,153.39285420275945,1519.489909387142,20.634948611110712,3275.717187697023,43.55758928411817,91.27735155454968
355,0.6169166996890725,0.28231452549863156,0.2890512896315274,14,10,900,3.5652302531715936,0.8665541654312825,2907.1090888128033,15.19172880521033,7974.634101647284,159.5939423330185,496.7002678363124,12.19751554055888,1219.3286755208499,36.278281028349404,485.2843811573787
422,0.838838308074688,0.2974016073388948,0.12166011754756577,12,10,500,4.025451592478314,0.929193522016707,2912.45105447974,9.787929162069824,7831.996389598872,152.1121038488092,1426.0685460894194,4.9620735065773856,2957.418827771626,48.70005075829751,104.22938732267077
463,0.8387407507551038,0.46409104905697574,0.2887418560046388,12,5,600,2.346426136628952,0.7772237449321684,2915.7817386122115,8.096335862954563,8046.528658485964,103.01728113140848,766.6295723151551,22.02512520275207,1506.1271671230618,49.561601268293764,280.33775944838686
157,0.7568604845780786,0.0897486617119167,0.23610965021515576,11,4,800,3.439428611504067,0.6271348236420687,2918.355846229524,9.814085039780522,7889.000246132663,223.1662636976405,997.8266925912977,25.773827429938606,1841.7637012842333,61.081126862607256,192.4712144802144
55,0.8707079617697213,0.24126047482132124,0.1579076973315415,10,5,600,3.012204629505595,0.8214812209383203,2919.0303275202155,3.6302492711752574,7778.173398765303,149.42181570506258,1421.4641788412507,37.91212536455654,2709.0372559272296,107.67535633094901,105.35377331138594
336,0.8250846796089357,0.22061185682766327,0.191726590941717,14,19,500,3.6285823160997452,0.9577810227296929,2920.9537410690477,8.157569187437957,7877.163063707198,159.2842152605373,1121.4633562115973,7.320924317746514,2332.1871605812335,30.81006192703062,160.45913358562944
250,0.9386057354761113,0.4594632668197772,0.08567230605200847,10,8,1000,3.642453385808066,0.9105789785998899,2922.1964001394663,2.7665783775103443,7805.289240636582,157.766120014943,1555.3828609160912,25.607433590593864,3149.8203335310413,73.65326620503022,87.87634051839478
175,0.9206912332279167,0.16972509627140303,0.25444753412395366,12,11,800,2.7650072629597924,0.838990345052772,2923.328871641735,3.845615933985454,7996.625649050323,149.5598009298085,829.2433679330771,28.919905827470195,1633.299013090117,64.09880523432867,252.52966555864674
63,0.9911602675017084,0.2780025193212923,0.10680591648327509,11,11,800,0.3689828236769943,0.8215417137605283,2923.742960274316,7.185574973574236,7825.637435132653,121.98566067097228,1435.405783107751,39.8511964219841,2855.62832421372,119.53598145402445,103.68755613790368
455,0.9286591731847085,0.2307614637943034,0.3049916970455402,13,5,800,1.8417360689717566,0.7729384905613389,2926.7067012997454,13.42646286252983,8230.717089314143,81.11122143357434,565.282898055848,18.347229214727115,1257.845241155484,39.930419130452606,417.7419503341487
491,0.8461014613129656,0.38021215584123585,0.16387664943242972,12,13,500,1.989328515087136,0.9310212209096188,2927.990786678784,7.144878172375466,7831.817708738068,119.78122517898248,1328.839768869753,11.81924807879852,2681.1619773416364,59.272447223660535,120.34189939763706
374,0.7417071059364186,0.47453559815742197,0.2986930608963353,11,6,1000,4.034827454419968,0.7838659481610645,2927.9988403318052,15.196704226763238,7962.839639014831,121.05755870422799,788.5024428720762,23.8106539104787,1541.2815749228776,55.08572122249391,271.3366859925928
154,0.930326700225905,0.0644349337367226,0.11053565627774256,12,18,800,2.780908675198785,0.9026543215139738,2939.023668926739,11.19242016641018,7863.322299078041,156.39567930104306,1456.331023846628,14.480201633597321,3037.9522188790093,45.21786731405537,101.81013937091402
192,0.7231719766364764,0.35234038136832335,0.0705560356368845,12,8,500,0.9417454188280072,0.8923317899483505,2940.121915876634,14.299249672847699,7858.877015351678,155.0448162295451,1614.4249023147652,23.235758401747475,3368.094891197042,53.88388052187182,82.1157436100671
291,0.6765041671658347,0.3068887094078495,0.1406516363194478,11,17,900,4.030979405018954,0.9374949305626897,2942.9817161715896,12.71455534426015,7759.868122555398,106.83067082104235,1442.8180133107908,15.720654285694144,2954.3923772843264,51.65018652585036,103.97456151926039
494,0.6642718338847381,0.012485831058524799,0.14471163037903775,14,15,800,3.622991434238145,0.6446371999828989,2944.6019635512735,3.0053717682736396,7819.287441853543,195.13636083575105,1247.0229332900071,32.31558149312318,2547.6425718573423,105.74483756225834,136.13053817563417
487,0.9575940820187843,0.16874016283744908,0.22883913094949912,10,9,1000,2.600370305555752,0.8087812013914255,2945.238418115212,8.437742991546738,7872.247830995162,128.4447619696874,1105.523240297928,40.046454867431045,2060.4896241623806,87.83234764348303,166.41126217495875
253,0.8973695144306437,0.3059702526686655,0.04177921376754789,12,7,800,3.1814567698962404,0.9044486148172632,2945.947720203129,21.91817584137794,7950.374881675809,172.65810757493446,1619.1142871480654,19.04294775711886,3421.9234751196686,38.327013356560066,81.94810234132204
117,0.6952731124186906,0.04972069637967258,0.08295165729983622,13,14,600,4.813246592774373,0.9777638902309094,2949.3155830025194,16.31240262776657,7882.032396904193,176.41152923416837,1587.975364911401,7.706587780893701,3465.2556279061555,24.920324491931517,85.72804390873361
39,0.9311476015150355,0.13577145790987094,0.29957554911723094,12,4,1000,0.2584086058430385,0.8125418526272592,2949.4496272082556,16.354591025439632,8268.80116474299,44.60988848867672,593.8686846623629,15.53204779049121,1278.6413715003544,34.36012565515834,396.650135523669
419,0.9228757275164752,0.4306598129075454,0.25517569341004637,14,19,800,3.0664584244368953,0.8550752987583742,2950.3163348388202,5.909995306000889,8023.688511928074,115.54669672559214,764.3916171212319,27.52398973076026,1579.3823643874791,64.01247253449161,285.9692164011399
120,0.703769373372517,0.18984620408363345,0.18708848275444231,9,5,900,2.0470582609562022,0.8208188723407921,2952.0118204998566,9.779855108172383,7784.767482964577,130.30323379625898,1409.8000657033751,33.404925508384665,2620.9261050285763,82.05280798490624,109.39223172947177
357,0.9997864992862523,0.05240403249878606,0.15957123985171276,12,9,600,2.28849802579647,0.6835530896020655,2954.8980449936776,6.089802213487306,7911.811448485588,149.9758272673087,1283.8875043410196,41.328965478516075,2484.4080771247495,104.80662152559646,130.15241093964357
158,0.7203854267787265,0.3540860443226408,0.03020518044063151,11,1,1000,3.1045775888373854,0.6182968135250051,2955.540467315419,13.301020350212859,7796.326827406817,192.1121006233088,1754.3022702706985,16.822273427104932,3476.232677867547,47.06807912615301,68.47384384102536
296,0.667632428142397,0.19487969371324604,0.12385087101241557,9,8,1000,1.9020027448520482,0.9907201314042637,2956.2789645215125,3.7138136152550905,7750.658090688526,164.44374903380486,1617.9638999417584,18.109440607028933,3240.1177619482964,39.5263281620361,82.71600278769688
130,0.7406160644536876,0.20639677530337613,0.2214776649066859,13,10,300,1.232010166195534,0.9276409270696799,2956.997531409512,8.725440611367151,7990.218874885635,109.93579189327264,1179.7376371955227,26.580118302959086,2325.2379383086986,60.981411735087036,150.64874071822433
197,0.8268065043946671,0.36922460462566326,0.2735546683904044,11,14,800,3.3379669278179236,0.9231383767765035,2959.234597786433,13.287960569717765,7879.183783366537,179.33202845067277,981.5557432281972,21.697496251570893,1889.3904171086424,51.357506608823954,201.48411011828338
88,0.6611436556737328,0.12297886419225407,0.0582044119778667,13,9,600,2.6225569478512734,0.7641587307958646,2959.2713511317147,12.420994116430204,7868.776206516634,189.13815482703805,1677.7341551439977,17.32264905662304,3636.3169500920953,71.51512140319804,76.38499771006477
60,0.8832724782332799,0.24083349398205767,0.12339627703667633,12,10,500,1.6512626450954926,0.7737807377953085,2965.0853047005126,12.936274968710718,7900.372965902857,103.39982473307252,1495.6641904095052,29.68911726852848,3029.8092990021228,92.60257152910141,98.2453898216743
171,0.7995552613805424,0.30907786715905955,0.2207394911632312,13,18,800,0.3620813607317075,0.813696882390578,2969.428202666384,8.451692382462232,7924.413899084434,75.97478074946609,991.3410395346323,34.70738385523548,1930.8293651449242,82.1693799648244,199.53649493420852
396,0.9015318802276875,0.010335684445952231,0.09070589403949314,14,17,600,3.1421702370949944,0.7927469917098466,2971.821533843678,16.066803152359068,7965.253057422679,171.9891166996684,1547.4985569211694,17.318998297260194,3356.1023652076315,85.02579730633528,92.04034281985211
327,0.7156979087890618,0.45004159150824036,0.04484168806015768,10,3,1000,3.0147143823973077,0.930682943896595,2972.268495382683,17.37819059004314,7815.830228532413,196.60491503120167,1775.8218706449563,15.91235924096843,3588.295067910136,41.21136370981328,67.37424763797915
445,0.9926829370084567,0.22523928573529767,0.16401046306747466,11,15,800,4.985911769514752,0.8236237139786409,2974.5447799172302,3.366105212456967,7857.395474776287,144.0690100297848,1395.4326357438988,30.785062519739327,2772.82993107178,90.19905753985859,113.16290759757916
403,0.8137162207574703,0.2703672835665521,0.1388787830728194,10,16,1000,0.5924617938420029,0.9846053355932339,2974.5857975786053,7.967238939867449,7798.076083969583,150.80849270940627,1488.7243221378474,14.288139241598468,3009.3502412513894,39.53749833156529,99.8076979965654
238,0.7904072517475066,0.18794414257288466,0.1283428835710106,11,10,900,4.781110953244742,0.6532580016712387,2977.1171014307038,9.395285274852332,7811.104095729498,122.63860571172006,1509.7129102085428,41.14339357520203,3008.436096487168,130.95502940038088,97.19756526553532
318,0.6687393925308378,0.31893854633181695,0.23229437508237355,11,3,1000,0.7106856189672883,0.6046826442923616,2978.6295565239366,16.119124809615624,8084.514429184529,167.84051301050334,891.3981838435583,23.236268527282917,1626.2983375758258,51.38566879657283,234.1525269527238
244,0.6393582598853589,0.33015135985066907,0.23931179866652078,11,15,800,4.494504120031177,0.9129939698255751,2980.3240380050543,4.853791969010152,7811.993281314096,168.23018303571584,1174.144370105317,23.50378040112082,2281.6849973945555,70.44879350857921,153.82943647191604
136,0.9448170603957253,0.4222746992675352,0.10573014197297669,12,17,1000,2.981349392410265,0.6920035349150813,2982.38159621526,16.34781815178119,7854.215382814808,155.29250395821134,1517.6650586688322,31.117592856782192,3118.656546151565,96.62911578897567,96.51118533565986
61,0.7014728695492555,0.20260104339070856,0.1814419075615032,9,8,900,4.113951759383466,0.8976846627773192,2983.336600624258,7.235932882302048,7760.1318860810015,190.6722308148931,1541.1475936311044,24.305004089204907,2987.486967155353,68.65052600969815,93.57890269258418
303,0.9156643386354926,0.286674672817609,0.20764752104202117,9,5,600,2.4418731449146938,0.8950262996371308,2988.6101811772264,4.694909784832519,7844.442553613807,143.8121856369936,1512.9643638054304,24.718040075536205,2851.0727129643165,70.32105914451779,97.53341537141232
469,0.8570310441294535,0.03927891546186357,0.23216941697785298,13,11,1000,3.513201029291144,0.626611043284342,2992.4171640042896,3.308731368234589,7990.755784462875,135.8001219303462,895.009734633668,43.05873943150163,1723.772863506907,89.07126205122738,234.34464991926606
395,0.7347858902869826,0.49977195935954716,0.13172535058451829,13,8,300,1.9034484058043288,0.7657878862157373,2993.2257289246663,11.895612873804891,7930.132965410939,119.89677367388263,1554.4619669202486,24.79459132590482,3194.0861828065813,76.37529760529294,92.55702568618929
294,0.744151127972139,0.034252703313489785,0.2389465873776668,10,14,800,4.691524092242413,0.9484817929052208,2996.290143446656,4.181708703099323,7869.789036732957,142.45115003105414,1320.2351002337127,10.375221262909124,2559.562862112139,43.469675359165684,126.95125609948126
208,0.8406447280585325,0.4095944297133951,0.27526193900452234,14,9,500,0.8738672141368858,0.7443090076442399,3002.7791005746444,5.405032867604453,8090.054722390346,99.10113951037269,816.649274010941,24.69721122685929,1593.9370998222269,49.89699582256048,267.69506765451615
464,0.7976590682551531,0.43052264975165594,0.148350070376173,11,14,600,4.746003465904457,0.9331327607476303,3004.8004488755705,7.977683602947753,7881.134093158963,137.29043177520637,1594.7319086934888,17.871739996256533,3284.7336834392604,63.82499719463407,88.42041301708852
470,0.6923178615706127,0.4578361161308249,0.1948943476698689,12,16,1000,3.295227050661162,0.6844927325891724,3005.8557216411177,1.1596241450650344,7864.9730138752775,143.00667435562855,1220.0703257010334,39.568482460981585,2343.1282135166007,106.11790429342776,146.3674149204473
264,0.9142606472320928,0.05916809546169366,0.13297146690888648,12,9,500,2.938846804310991,0.6737905012534557,3006.479187801641,3.7973973919086674,7917.553385208725,109.86528649273373,1548.3194496256745,21.70858388143325,3120.7577277928867,83.59599550870183,94.17693089940158
480,0.8900024305196474,0.2871437875451055,0.2101637011582543,13,17,500,1.5693774836123526,0.8152090821455612,3006.5303150781715,7.160457889131409,7946.252820400786,125.34061696703829,1279.3463174001179,32.73717300287281,2538.6099159933824,93.36975266304746,135.00519555862164
16,0.7708431154505025,0.40900738296124656,0.268219174976903,12,6,600,2.087055015743895,0.6888431241882921,3006.9280278971223,28.86447349650393,8087.205568002813,57.29128995691356,949.8925022120819,30.19509122594382,1768.059818618514,65.29487101429854,216.55455968908862
34,0.8784119186699892,0.2850305850446825,0.03915294813123056,11,2,600,1.4764529420946937,0.7290203056954402,3008.110953375761,18.2943946067442,7913.643987485423,145.09497220635228,1782.242551286233,14.559311541817939,3458.7746429983285,40.23509370458049,68.78235519653744
58,0.9467474821243366,0.41924038188199253,0.13782744251408233,13,10,300,4.1093002964517815,0.8824968908625985,3010.2952506290494,24.504677650726208,8045.591314635293,158.75219749800277,1555.6373936167872,25.743825784969676,3265.4850488754905,46.53724298367163,93.50879986435964
475,0.9941215329149142,0.08301091182143039,0.04432945558370757,13,8,600,1.631269590205734,0.7197533494821393,3013.652503079104,9.872437698535716,8042.877570358246,155.2520965669986,1750.3344057684264,19.855303415964563,3772.673539257741,79.94230008513702,72.17581355581362
332,0.9521259048595708,0.31170297907972006,0.18081320835468484,8,5,900,0.7399207368291738,0.9410231127606214,3016.911686195559,13.172603606997951,7872.3074418548495,217.54350132447595,1625.246246347223,26.065460010063436,3068.1539228716233,61.22503656949781,85.62797440548687
496,0.6501945187196603,0.38638570983253956,0.08107999747199458,10,8,1000,1.8294290477844022,0.7272198290203675,3020.556302443329,17.456950933557223,7819.963797687226,181.42191159234204,1768.191088459231,34.704014408176825,3582.995575329429,94.28370550252434,70.82748138242152
361,0.8728775522506442,0.2340770706505152,0.18375257661241665,10,11,600,3.3343333027546085,0.9293237719282872,3020.995700417181,6.6195524779971295,7864.756174047179,135.61474203695408,1558.2375772707792,16.46703339825546,3092.6793013742827,55.51971814897634,93.87259969101711
92,0.8324952885690449,0.07718135763710116,0.15434203055644524,8,1,1000,1.683021390969603,0.6537658707755897,3021.053707894487,2.6441207044949455,7846.969448685327,171.60254381037376,1677.5479544691618,28.83427244444747,3025.7381355252924,73.63347127421929,80.08747230420965
394,0.7690516788054437,0.15146545282021462,0.10758854020690933,14,16,600,1.3571928881710011,0.6501425903169542,3022.3851810436186,4.049100816032034,7922.316016400192,139.3399183323552,1598.7826024612834,21.74013876451485,3391.812997741452,99.37659971958875,89.04291154974646
372,0.9789580998345787,0.16867007050851174,0.22749435097721574,14,15,300,3.449998686544717,0.8760386232951374,3022.6360729344847,9.782882528372673,8019.3473870503,200.80137470927906,1314.6868779497015,39.164860878763875,2668.439486923438,77.96373471048969,129.91300237577389
311,0.7587187388345266,0.022193886085427217,0.09334662183452032,13,5,300,3.0853325805890064,0.6455353573906405,3022.8986150594283,8.798106549843755,8016.515620558101,140.26214359193204,1717.630790759197,32.60670820106172,3585.92872575759,103.07889418855233,75.99233964147206
417,0.9745068557652876,0.27099503744488296,0.29189545338805245,9,9,900,3.0862451042436283,0.8957632919325247,3023.775738510596,10.223566161440285,7983.180798050805,150.14867798436063,1229.6478319920127,20.13550959418687,2274.279449751349,53.750826250171066,145.90583253516746
5,0.6923575302488596,0.12051273301300586,0.21497905564763747,13,15,600,4.546602010393911,0.7035119926400067,3025.2694343104995,5.651424723935784,7900.239289008484,137.61223059623464,1286.6304987409767,22.3140275290655,2524.3956304056787,64.67243653274032,135.13117692071313
218,0.6355069576431074,0.4808328679774066,0.20048801367730995,14,16,500,0.4833822482335981,0.780148374503274,3026.824199018834,3.7564793683319357,7905.627309362227,152.26105496010047,1228.0112341597426,29.04624599378831,2440.8805360572915,94.45111087628572,146.48180039573626
229,0.8377163002247099,0.4682245869418303,0.27283155777941276,11,11,1000,3.0127658192143247,0.7459192876578118,3032.3709729333855,4.543641438597634,8013.1668946979335,85.45462952522479,995.4378482821439,41.069050770728026,1854.3186395966268,83.95556259578184,204.62685120587253
107,0.9355592345783736,0.06233134060163342,0.2862525647852117,11,19,900,1.8965284919277443,0.8976998607373154,3032.9229025534805,7.466791533444205,8004.030036856876,121.25362362313356,1037.57597837347,22.15010716756532,1976.2741132952099,50.717330428298304,192.30851193258792
170,0.9631274611938561,0.36214265406320595,0.23474849173038492,14,17,800,4.933312966335732,0.6569982171606052,3033.017616658157,0.19038066156830694,8070.6081256856005,144.65515335869736,1021.5549264137944,40.024537768819954,1999.1123577445803,101.87162796502845,196.90205961863208
24,0.8165791895310264,0.3478921996725411,0.0785650065391899,14,17,500,4.981268498789621,0.9861677405155175,3033.450634836083,21.81922126132321,8090.192403999831,178.47662768487152,1718.5862916135982,5.764265857507252,3845.3612003589583,34.11098571714779,76.50848547080781
73,0.9325485960250005,0.1538886198855247,0.2549157205639187,10,17,900,3.1015477567673235,0.8816319072396894,3033.716103653984,7.40837296627147,7892.50660645399,89.73282190232669,1289.5137751856112,25.118926872943156,2457.4648101311373,71.58622849060211,135.2604649932735
223,0.9769548076408933,0.4366683308619239,0.058529263405632886,11,11,1000,2.8328768108570928,0.7564171052232698,3034.3185609583165,10.57652108738523,7993.65914159896,159.02205341992402,1791.2570619557857,24.22344205473612,3792.323260725054,78.18285926700219,69.39604177444487
38,0.9355734008277453,0.4302023091558376,0.08507540815475921,11,15,1000,2.6854121359832774,0.7306604967184164,3037.030483617064,9.767981184373934,7942.100371922056,142.86942320724202,1729.8066846398112,30.88310596011372,3606.7152899906628,107.81098147701503,75.57051377966258
2,0.996884623716487,0.30874075481385826,0.19349594814648427,14,17,600,3.0592644736118975,0.6557975442608167,3037.271826574375,2.95179610184191,7986.784168361609,136.2569383702464,1281.9117983458545,27.521402196440928,2566.9551475458416,99.70100880635331,136.93298013900736
90,0.8891584386487102,0.4104307365766763,0.22553718125096608,13,19,900,3.8474646659596843,0.6748174994230093,3040.037910075962,13.457882231235072,7973.71310505502,171.04042009359262,1136.680026561211,36.00703446624643,2187.9001482336685,97.81312857747038,167.4488720693865
217,0.6209355503146033,0.18923821174293454,0.11888328155379758,8,2,1000,1.667847747361002,0.8321900026866699,3042.25243170011,9.549986406987943,7780.898496926005,177.31906732887722,1850.1687572722876,21.733026078186352,3522.28061525265,58.4835596546225,64.43107796206205
216,0.8160047658418043,0.4400395437807291,0.20526321071415826,11,12,900,2.2842932244018432,0.6761299451276271,3042.96864009158,4.950260146028631,7904.136468831563,138.93134295850487,1290.856621093766,47.73496899396268,2415.4418079383545,116.81549403329105,135.73250432051992
314,0.8873716919274941,0.4770165637925203,0.22641803533188648,14,14,1000,1.2880361016686093,0.6238098801391087,3043.7868546132904,0.5448672151620433,8086.8637486125635,135.4309889649495,882.2943506657526,39.0743902706021,1713.4511152587722,90.90710971582692,244.98541811092193
307,0.7086275059004159,0.23644856640545242,0.30515209385663133,13,6,1000,4.457400078117534,0.6011684130485447,3046.758883883796,8.587990884137541,8197.602093583104,159.78981951770643,702.5612847294215,21.808941565041255,1415.897176222643,48.35579775595918,333.66450018053575
105,0.8371851621035287,0.051106332112599795,0.28562515667822397,10,5,500,3.85623334259869,0.7497741478881688,3054.7969354763504,16.137499639641714,8027.97655923488,172.40128512027758,1348.2329040394518,26.096205271435583,2478.5259383547955,87.97844739220969,126.57783579705315
96,0.9367315107033088,0.06988618831314475,0.24858019355796707,8,5,900,1.1784587303249987,0.8535034254880709,3055.582659194532,0.6785917395502149,7972.904909122811,146.10421142155107,1527.4074326322434,34.83422595967244,2797.3546708881317,104.88344129976863,100.05026778799433
137,0.6482267543109115,0.03847660081460458,0.21888663276344192,13,12,300,2.6920074519039376,0.8646620700322165,3056.01360224736,14.865992354664504,7978.648982400863,156.02356348025174,1448.4423013988278,34.92530352392634,2903.3437736048377,87.37772467350024,110.98621597118682
381,0.7507942167705121,0.27599515106036054,0.25142593659690843,10,10,800,0.8894406202451172,0.8058734468485755,3056.1608318203557,11.105399858803995,7977.488071216144,50.3694646993545,1281.568203966168,40.5804578052125,2369.6700044136264,97.91227301027288,138.47040074513544
408,0.8710163782014135,0.03605554646471759,0.0716204225434088,12,4,300,3.208671986492791,0.8685916594668828,3058.175310006613,16.765646782136784,8088.045922125864,181.34839609735496,1785.7882864729136,7.341219466620382,3685.009587672095,22.906441754867945,71.25072065775355
325,0.642103674078805,0.08367986656931398,0.30160757694897733,13,3,600,0.6789452353196856,0.6397208811014772,3063.929061100858,2.2034582613417175,8273.209393324938,223.75434920724638,691.8896954363368,16.602321655974706,1376.5672739901686,38.774082520104805,342.83490292027057
148,0.9509843450521521,0.13280002129435303,0.04885447638484125,14,3,300,4.260967666735039,0.614168947367418,3064.4881342356407,20.06887926064736,8200.949668200632,187.577223817903,1808.8986915785754,9.901045402162481,3914.448681497617,47.36466971590501,69.41181662093787
213,0.7770867867118109,0.22289545728861448,0.22735505541958542,12,14,600,3.016097051066861,0.7348908531021682,3067.408861351794,12.51244459120737,7988.141899664151,88.20603108572276,1322.5341829400875,36.2797920979534,2545.275694431157,107.05754379166935,131.93418369971548
172,0.95301339432784,0.04125426722021064,0.2573542140690501,11,7,500,4.887331931573929,0.6803436359449176,3067.9737120291447,8.750056644385829,8049.901441809995,110.07835849216254,1325.063663179675,37.23465818373214,2474.552382599352,102.597810930538,131.53406113839955
135,0.6135783914343195,0.34871013362341996,0.09920470221176522,13,18,600,4.721332445567169,0.7896856866629856,3072.011517817086,14.32025485211692,8002.767546162457,216.0423806121837,1794.7610493764923,17.048562929357114,3891.4790864828387,70.50703213404218,71.16548851359994
10,0.9705203514053395,0.32553851275097223,0.28448790266313423,14,8,800,1.654490124263246,0.6254233401144095,3073.3935212657466,14.737901769824989,8295.925434830087,91.38016260186848,719.6073925465903,40.791812911716605,1436.369274887297,75.21529336552454,327.0931000846774
451,0.941033981975337,0.2708232091083799,0.23748018761681775,11,16,600,0.9268638954125574,0.8399085259881992,3077.6865124926094,10.637139556935264,7980.494598508359,109.16335026385995,1386.5233275358323,34.35990905770953,2654.052349095168,86.83354237403641,121.97149167063488
12,0.9395655297064336,0.3608647605824366,0.08079547592468672,12,9,500,0.12709563372047594,0.6431565707973218,3082.694956192105,7.4486343134052335,8035.777778760462,148.43252476701252,1830.8742558490565,30.44082539649081,3823.8623714848036,102.12748171015188,68.37283862307216
472,0.8764847237546161,0.30151977752664166,0.19569746940957647,10,14,800,1.7375354121259052,0.7741574584702943,3089.690285656349,13.59710189596219,7959.163905638234,122.79858224135815,1561.1464357295474,50.312554646349575,3025.159176057075,131.82033787297723,97.91162538910001
188,0.9127161319380117,0.3526927970561018,0.14391059395377567,11,12,600,0.5595980969886394,0.7078998446067959,3090.2035947462064,10.558162982941473,7992.477113774148,98.66618315328168,1663.979065651325,37.10528236307312,3312.3648021461795,113.70293996620583,85.71168703595555
393,0.6005895288345245,0.3646723970439982,0.3000536499397856,11,19,800,3.7094816347935753,0.9393701516362098,3091.3600193713864,15.662072640732477,7937.550939816942,144.16546238184685,1163.9722740375344,9.770823323540203,2226.6032952629907,38.73580174579654,165.58708384420675
257,0.9330721877388173,0.005515807131232897,0.23486364534066648,10,11,600,4.209851857483543,0.7881276216407143,3093.268857256459,16.894577279340773,8008.693760477778,178.50100061463513,1541.231701573063,47.58964058179215,2962.7781649880435,119.13999924611235,100.70109212646639
99,0.8496951983655968,0.058449020354182035,0.29194963708404253,12,19,500,0.6963603633169363,0.9176100757081184,3096.7473320647046,0.7972695745267264,8055.254283523976,145.1211460077306,1211.3278152733199,18.65535571928931,2319.4752847919385,45.79380053542966,155.64899055553886
436,0.8538557025949522,0.29107190378889924,0.045524511752779565,12,15,1000,1.3380039943085376,0.7342695332156238,3097.811567909817,12.649490782929105,8092.864769250409,173.21723258994595,1934.1918553738822,19.64589593642859,4235.312602562893,85.37420016416769,60.16051144579995
333,0.8843538866729277,0.45347140441741696,0.04971171371049174,10,2,600,1.7673037027339122,0.7833865698277032,3098.8415568045893,9.074275361449423,7986.404474895753,154.4486643940542,1965.4004919591173,21.26004030334483,3868.032120743754,66.71574081035459,57.6697253044673
454,0.7298047200701369,0.13475593114613632,0.06727797552149305,9,7,1000,0.3157014646369566,0.9107161933628909,3100.0724992368046,9.665768750226963,7941.524303584465,209.05011422758636,1973.2776445515983,30.90648142922804,4026.837827489287,91.7659810352023,57.10270208535484
379,0.986821072570414,0.1963968879046717,0.2662665719022604,9,15,1000,3.203075917744437,0.8666401916186477,3100.4597388500056,16.18973644564302,7962.338730145668,128.2390774375484,1440.1006331600627,29.89271226590032,2711.2819258483187,85.93486312912765,115.29465840498658
143,0.7035930606407255,0.2942771144866227,0.30469915452402446,13,11,1000,3.0670569460535386,0.6668135784368301,3101.150524729599,18.34114953278797,8154.325097102729,104.29861423253239,796.0456947206485,31.508343638800806,1550.9883478301472,69.05388624730426,289.5694110647589
232,0.8768645366776527,0.031145899065031346,0.16282663844493692,12,8,300,1.1632276928134049,0.6883210519142556,3102.4960097089515,16.77553546247128,8086.139581600934,112.09577050433754,1690.1984231628176,26.847820738925332,3381.5498218214284,64.166734493096,83.55809396055074
474,0.6672472513597183,0.23747548263187412,0.026566756222908543,13,10,800,2.192283576252891,0.8119525044354104,3106.793866568254,19.31192036906555,8192.612756290544,198.63246917124036,1984.8262866087662,13.236465046129274,4472.793654165639,60.14293005213783,56.52724309070185
258,0.8008200853953789,0.06235702845569524,0.12561276491420853,9,10,1000,2.9652216709339205,0.7566102792711318,3109.614893417312,8.390005258164848,7915.763320714724,151.57931925805218,1854.71419006277,40.766907562187384,3716.882956478883,111.61872307680484,67.66005835713543
183,0.695017329969551,0.4856975470208198,0.06429308581284693,10,6,900,2.1858269440841327,0.6389573570214209,3113.4805056594178,2.1320987700219005,7978.508529056923,159.90369505436146,1969.3940395563106,32.357865559527376,4049.4861889965537,102.70809081844791,58.09332429790744
237,0.6438944794710014,0.2739797444868465,0.14631320036798826,9,4,500,1.6233796344502998,0.8949428309551198,3113.497961985737,7.391916843693313,7971.8797959907715,168.46105152381097,1908.0219467903398,26.348308223466805,3718.3583171521955,78.85506350534726,63.179357932608696
301,0.8920984588360583,0.2994041481917457,0.029347381374750257,13,2,300,1.6520400193788691,0.7361623373398258,3115.635494332561,10.844175224779743,8203.430473954768,145.28158543166916,1886.1359592162098,20.358413540035414,3816.8973232163894,44.17756848782478,65.18615633770504
387,0.7710007325312447,0.1631692154659936,0.2618978967126371,12,15,500,4.462791137432372,0.7677791975829255,3115.9331644041304,7.041027439632706,8073.837844636102,106.42487560999835,1377.3787969403545,29.910860882285363,2658.005065000539,89.83082252418482,126.22194935232925
236,0.7294001579645895,0.41715168297738375,0.19878964180322087,10,18,900,4.797883221605167,0.795141617570545,3116.1852266816295,6.70270307268815,7928.239296194092,150.72598463800477,1629.469405214556,37.43125564072921,3203.0904860964524,104.25804710473531,91.23925964546196
159,0.9486147224609505,0.48674448458869846,0.3006633565857074,9,3,800,3.791315979645113,0.6098347665835205,3116.8007263190843,3.731764055857912,8128.588101658203,210.6079844615423,1355.955882210774,30.550729924388964,2383.7255355197753,70.13675446779598,129.86003949017854
56,0.6850911580096916,0.4730972714408451,0.24438881514136077,12,13,900,2.472101523512907,0.6230235040066577,3119.3886011078775,13.51211929327213,8035.306486265257,99.31935808847638,1199.8266772206418,42.11263567499105,2225.5504546804805,98.61837995695652,159.98660142595233
13,0.6125716742746937,0.3182052056318902,0.104306794322898,9,5,900,2.6992054565083654,0.6812244898939077,3119.4835635402396,15.072981147163164,7921.187901829456,181.3251958647173,1939.058080845399,37.72747835899836,3853.8456149612543,105.8962821434706,60.87623131846538
354,0.9628799286242489,0.47149190840802124,0.13671535665529178,11,16,800,3.3757003057483406,0.6464090725392677,3119.540811422712,8.292150839748878,8030.393932964017,159.96773467930097,1754.3932529020806,39.976701374572265,3575.597339914187,125.9956913537839,77.81308758811247
350,0.8253155723815259,0.05997684651194496,0.28503750721070054,13,18,800,2.483477114089733,0.7137096371710067,3119.5865129038534,4.610035264046269,8079.675443483636,150.3470108511879,1036.6295969815849,40.88111318306924,1958.655679702834,93.82035247270319,200.9355050239098
202,0.8134410186907514,0.3039525463967223,0.23946497846263848,11,14,500,3.577454535496372,0.8084936529941338,3124.3026250841444,4.585784988640115,8005.859609590815,145.4062977922113,1539.9897285154445,34.156599913021445,2990.8910301740084,91.61078534709772,102.87814699231683
437,0.8997561811204635,0.28595610192530035,0.30587400158542044,14,15,300,2.1447216671507214,0.8163620015352323,3126.8068525440594,19.47201921194571,8174.332300567912,184.22405288759046,1224.0979420750766,18.599703895707112,2353.5045734264704,53.14922480178862,155.43763657044738
195,0.8706053543108986,0.10783757619885859,0.20766564106979715,10,16,900,2.8859261835587406,0.7394294668967882,3126.9690236697916,8.106368319169777,7969.688217342627,129.4399566660451,1571.7231885876201,44.44776178588594,3009.997258463838,121.31392931832717,98.951637691351
266,0.9762716980461362,0.12964837943288687,0.13889704382168053,8,5,900,2.308664068061911,0.7923624003012278,3129.608556339265,15.889556697550013,7950.660180846599,122.92791655623634,1934.4687250578065,40.7024090020896,3769.946812728678,108.64688316852236,61.781295081198316
428,0.763868421350397,0.327586857262169,0.0880709793955688,11,16,900,0.35245972821572324,0.6742586819604972,3130.559362810053,8.885777550293584,8025.529643175898,146.98133923322973,1891.7417978937617,30.41029741535736,3961.0020378652675,98.66558879457725,65.48555232514146
499,0.8478463707779689,0.2998137842299607,0.16189909280628034,11,17,600,1.698851211494219,0.7822476625749006,3131.1102319072556,4.074792636713856,8057.599096821884,121.60916166603133,1729.9913926882416,20.307087501021503,3501.659287415868,72.08882604680959,80.9899312297623
115,0.9202999085944484,0.4894657178079806,0.2619366578369712,12,8,300,2.758612976296699,0.7015554256173218,3131.4937369959084,12.627575616243622,8100.159111888279,127.65678680862585,1461.406774625633,54.72963420144302,2774.985331754859,142.78408313970635,114.2794047056542
263,0.7736077464695501,0.044300214839808616,0.07618358581336337,14,13,300,2.10624026647036,0.8544709458832931,3134.6101739527453,17.998272886486184,8276.635855612038,173.5411667906164,1933.969711327485,18.103394814782686,4347.769030530151,61.70228721280173,62.08165803181767
106,0.6275686157468875,0.03866053274439363,0.04127408981554285,14,11,300,0.5661902292037763,0.9939364795849338,3135.2857273040245,13.046420527766493,8328.012357982234,189.44003650780488,1964.1039702863684,12.157905923798404,4512.167932291087,52.683977608504655,59.6293156948762
267,0.7740721597021427,0.4686766471079322,0.22180570229920737,9,7,500,4.546950960041981,0.912085225372041,3135.531256888809,5.605289438328289,8012.975018725218,109.9324850011559,1824.8036877943211,15.968995928083263,3589.505616276896,59.87506757900774,71.82841518030862
484,0.8051588222075238,0.4348030412373887,0.13083274996986996,12,8,300,3.7080130972589274,0.7117663536704288,3141.495564749535,8.85822270921004,8150.811460819495,152.8676234572521,1880.1536165872665,24.261370096108653,3934.742442615558,81.88291389536974,67.08717506028977
492,0.668283345324992,0.015231843154480063,0.07133451173928192,12,17,600,3.075645702705999,0.9642422868857687,3142.487642734361,13.279059674996143,8183.440769797132,197.28425104903718,1985.8992894932262,18.13500909866384,4404.191224131378,76.24082882531775,58.24003056752591
328,0.9936052652841857,0.14420271890937286,0.2983406456222779,9,17,900,4.85371076838624,0.9094155566138256,3143.1547210019057,7.842450030125033,7988.223441437875,155.91180355678395,1471.0255006503824,27.34608312564908,2781.336809526081,68.35646372605167,113.6709880020589
87,0.8430220889174291,0.12217657773232726,0.15947430935468207,11,5,300,1.1861339586799724,0.6407129890481614,3148.0584308823945,15.909767856886749,8109.551244809393,110.95469395387545,1800.6041660053118,35.38868523640182,3504.292205380532,117.48889747354009,74.83345258866339
298,0.8830753305322474,0.4863881614460429,0.25781171549997156,8,9,800,0.0900327780022725,0.9851241428296104,3148.25373111248,8.559597252135738,8039.157363080089,174.41035730830077,1683.37164837438,23.507041440946974,3198.730846606852,62.28888675264634,87.02071727017184
41,0.7734082950322968,0.3720213214995577,0.08525815820399835,10,9,800,2.044764722071349,0.6693177280283383,3151.488815339229,10.48500512450215,8042.415626999675,164.96905080720907,1994.6339930420752,41.14657166743086,4137.506162200891,118.04572312777482,57.99835089207521
141,0.8950329206355565,0.11938857288415117,0.0431422339394184,13,18,800,3.57776657617121,0.8356434137883579,3152.3912457643164,12.860859646436165,8271.751531861748,187.39055769401858,2027.4633777513543,10.058069644569231,4602.073546317786,57.160806004753205,55.48449754296483
201,0.8076327140544872,0.23959093881486548,0.017692619741930704,14,12,900,1.9941139044845024,0.8320689476909329,3153.7597327263825,11.344708129030307,8372.034366362454,179.0702816643959,2042.105709919576,20.652571757907,4750.683323843226,68.9804731620691,54.43665415590002
335,0.9878430907392381,0.47455607154472024,0.16387072484415927,9,6,500,2.4570908876427837,0.8089776581621858,3155.137994780453,26.949381897119743,8046.714128936429,125.20491151227841,1921.629442972704,43.59073835313701,3795.367641362021,90.44957867282979,64.19076041526235
309,0.849007878291898,0.23487188149534188,0.14424044239673736,9,17,900,2.685037441756792,0.9416543990602018,3164.7460423266825,5.368506310516037,8035.044784632457,153.86606646770767,1934.3428512030666,19.701659463628488,3973.0280700143267,80.67271504226764,63.60833036182625
85,0.956210912295958,0.29679622677702433,0.21373069574334688,8,9,900,2.397910508771251,0.8336797938856677,3166.17586444044,15.49143423382689,7970.825721207955,125.66439588684504,1834.6309514303182,44.67871910203856,3540.9652148038494,108.56783025562271,72.57835217333601
453,0.863804307456308,0.39812072527068426,0.09158381182553461,11,15,600,4.695342397251458,0.8545497126133497,3168.8069269806,8.015006896130734,8164.598594429136,179.41483984995813,2007.8713136909948,9.499519193877122,4332.840418015813,58.01175318842123,57.8192240395875
431,0.7306970168120164,0.17721247439652743,0.16169024602658766,12,16,300,1.593044813818036,0.9614233773730121,3176.5605689110894,22.2031093217836,8183.903496398784,131.48308216153686,1882.7920259418397,14.265492032222118,3988.8886182263286,41.26973076466637,68.71542502534555
69,0.6601667564414112,0.29706535767606757,0.12426725698930645,11,17,900,0.3175591479500067,0.6147287470543965,3180.452978222,7.9861912857740025,8020.761288153818,187.8588343476201,1855.629536974283,31.810432968034558,3778.4136854728863,109.62687630097449,71.39482395866163
313,0.7559489411766176,0.3649301544242392,0.2746775668284543,10,13,800,3.373039264581081,0.718691056441636,3180.7987092200897,22.55599439639089,8105.004361979234,82.47997065872131,1485.806688024706,48.23994551058307,2752.2576480433086,122.3906748414894,114.07890641876013
104,0.9633802245334513,0.29169589738306023,0.13025542502909196,13,18,300,1.280077659268311,0.8904382344249603,3183.2328614228504,7.619247495941041,8287.81987408209,159.34862807191547,1921.07016909556,31.989548708453334,4172.840686722458,60.41690423737079,65.70101980822058
89,0.9929514467634426,0.05601945108402617,0.1293566797137225,9,15,1000,4.875335814725712,0.7962995117035138,3183.362468882438,10.33492855483236,8085.4747503721455,108.5678824516349,1965.0803621935383,33.07443416456358,4036.881135250751,101.1309307846321,61.99655393884154
443,0.9530239507089389,0.23315487807008506,0.03270991819293624,14,8,500,4.508870142731143,0.6813890969990384,3185.837178971186,18.495099748277024,8444.856775218233,194.28184642879444,2061.9140227191097,21.232679234865607,4729.260701574315,70.68257912934679,54.5087304256229
167,0.6469232755849578,0.06259289610127522,0.21566958616869142,9,9,1000,1.1277007122186773,0.664330187631276,3186.663446678244,8.481457384122294,8012.848022034089,168.29977742081485,1667.0719650243418,39.2774784187478,3087.4628970607896,105.9698250837162,91.15332232413336
306,0.8810535092342064,0.11871673418740314,0.1637091332637372,9,12,900,4.853831032373915,0.7050702570394607,3192.8757546664233,13.865418870737088,8042.410618535832,142.12414349122136,1905.7618693957559,47.34294347330974,3798.1481808471653,124.87913035348184,67.53802276875032
426,0.7770182059258982,0.32466116228844083,0.290884186440678,7,2,1000,3.925488570478538,0.8395381600317756,3192.9116859223154,16.417798102207804,8055.861623038635,233.08022930269252,1843.8662675806534,16.732811367753545,3410.1847771330727,53.43674757479399,73.16395131582681
380,0.6650798975234263,0.28254265622637814,0.2414880732935823,11,12,300,4.17703915421063,0.913768343201367,3201.723280444218,21.36582882032339,8114.6156791534495,199.28474106095342,1813.3365799084083,30.626388344310325,3652.839825136687,74.56971467855419,76.56530596244504
54,0.7190540698037243,0.04999244358093169,0.02604558902421067,14,19,800,1.7745259523136032,0.9827203540505826,3202.802495988675,14.209728163993644,8473.98358248725,202.79363590712947,2117.234461055177,17.783773420747018,4985.954588900215,70.71694388879735,51.27292488865302
413,0.7189163161229335,0.046033493041237716,0.18971337614511447,9,3,500,1.3370101392877065,0.60604427368579,3204.190255314152,8.501146180988393,8053.711235365288,154.1403748332695,1892.6953349601397,39.212238124663266,3524.687452722929,93.72437241205601,69.29244744937424
388,0.9121462012027527,0.2381678666505494,0.15926195564383067,9,13,900,1.2765453825196582,0.7182778696166416,3207.5554253218847,13.383470373232214,8064.903603806574,105.33865000177649,1907.753284595854,43.7678354225471,3776.667827771084,117.42487134607732,68.13261186450458
339,0.6123160198641792,0.48576652119529434,0.07622364653583452,12,16,500,2.3842173415890855,0.8750888169722242,3208.333848180459,19.47688223071089,8278.4538870333,216.99606802697963,2106.102447125975,23.953137992554367,4663.713330544205,71.6482811704277,52.335127503346726
282,0.7148551832338302,0.3964272095169197,0.18327800976434724,10,8,300,1.9798523633122744,0.9660360273628172,3208.551376064536,15.659488292401688,8158.499040057111,116.73912580926118,1982.3364869269947,39.85895430705879,4021.6464131829125,104.10978877809904,61.85705087022899
468,0.9352619899954571,0.40140546741225025,0.2982760440786474,8,13,900,2.922498977653951,0.9335167803675309,3212.412736272694,18.9534506589132,8073.524520023147,194.53195829606392,1712.7917837425357,24.951665460176557,3258.9996835469415,67.79615417056539,87.55418882576676
449,0.7400811964362921,0.33873670741173645,0.23755056427491722,8,5,600,3.102368925259853,0.8969012748796348,3212.7749776702035,9.280926018654768,8060.350036641071,171.06215398195906,1947.3573589734121,19.75325734108956,3765.4765839601946,45.786647537936076,64.98127387178086
126,0.8660146698185022,0.0876856393117248,0.28432358377748795,10,14,500,0.831416843780397,0.8952134465705481,3213.090702096051,6.007080050839593,8144.489694592631,147.44294099846763,1585.213517306678,27.455943938511396,3012.507679736969,75.96146230534599,102.69135148148254
329,0.9920435969655068,0.23893922401112122,0.16967725934469283,11,19,600,1.5116662467574686,0.7037339589268378,3219.214680927118,11.68132599335162,8125.506638173651,144.63682435590638,1862.7430065940414,36.40003150920038,3793.6575664225475,118.22417118937256,72.82119269975607
458,0.6377309705164175,0.3740023681857017,0.2538140859679186,11,16,600,4.994463060166453,0.7306556997703644,3220.501025730858,5.8743666367442335,8031.36075596255,156.26123731784816,1630.1761795121604,31.937986927845795,3131.0124492697037,95.3301955134299,97.55539715312314
459,0.8992735648195385,0.40333252651340823,0.2674069813021688,8,15,900,1.5905222345173602,0.9844637662840661,3223.5513346013668,6.986732757707501,8089.149244330046,171.49399680811754,1780.9368237164192,16.679345677820095,3460.888292309663,43.8659563447887,81.00312665075518
352,0.6187407634110412,0.13808477891044973,0.22209294623671486,12,18,300,1.7018537315288134,0.976179402294469,3224.321788204954,16.278744258505554,8192.537016808987,187.02431595814906,1812.3712043702324,1.036064219942788,3719.810527646922,40.35852006750497,77.90625785876739
439,0.6088565901890518,0.47255709437800436,0.218988181365217,10,7,500,2.5614237862174254,0.6457143079991917,3229.839417166781,12.455316841909816,8096.515198467348,131.27637244831385,1807.8320660016536,33.612563078133874,3461.2267630542005,116.49135165885754,78.6581551410443
0,0.749816047538945,0.4753571532049581,0.22959818254342154,10,7,500,0.7799726016810132,0.6232334448672797,3234.1797659372855,2.9190430089724817,8132.056899882919,121.21886540712535,1741.5055326946492,43.03722774350318,3238.175022900837,112.29988752774321,85.71171352714603
448,0.909123829316135,0.2742095814967813,0.029938997732881632,13,9,500,2.7401617833212004,0.8084292762033551,3241.0340777691267,17.226225801057048,8518.14423147217,188.07059802022934,2149.27053941872,17.26088220657425,4862.584579817556,57.405714380710755,50.79693404468657
481,0.9360432313756799,0.4947255654825282,0.27685579331312893,9,18,900,3.7082072591802113,0.797027628301319,3241.3500860960444,2.0616568879322172,8120.29956845188,139.40874816539332,1674.36945251358,40.80663822505633,3173.989868485804,106.59815926398353,93.58631281943765
127,0.6331194671700505,0.3015760547331941,0.08360473290439628,10,11,600,1.7783635823247457,0.8876183620736982,3242.037860687539,18.81692890097895,8208.873903153253,209.7355506322546,2177.5256914536035,13.051451747577037,4652.410890984097,52.89028873029143,48.8863196155138
410,0.7800466105899244,0.4885521165257867,0.04093640872242273,10,9,900,0.9490765148607799,0.8328732920370359,3249.4920263644367,14.661218025029891,8277.558733990109,187.55666714741355,2235.0209527754796,19.083146807227866,4804.490858322875,69.62321751368695,45.389779112771755
370,0.6302420162467003,0.18284037413068566,0.07761438040202974,12,10,300,3.1120682078299833,0.912528742298922,3260.512435905844,19.336955335881306,8418.94513970914,192.35341469439476,2164.1691304000633,25.85422218610597,4779.847339033485,74.2778845233759,50.6588551747392
346,0.8828345909066793,0.02511300573198688,0.03187055061037105,13,15,800,4.317003834285009,0.7605224096878849,3260.9131537569847,10.999118043017324,8500.699179660262,196.14727884745028,2210.8836612938608,19.825672346494407,5081.188147449888,77.33693362226767,47.49365653408566
330,0.6778495346819488,0.02882379109951244,0.11273439365041399,10,12,600,2.7885441312502195,0.7389108156122031,3265.155620125622,8.106096918705921,8221.789640771385,199.68011887070068,2148.122353728694,21.86988923838401,4511.410607908412,79.54567882501962,52.00044887843518
121,0.7744506116541267,0.14723287977095884,0.294535992088647,11,12,300,4.342339879489564,0.7949724792998054,3271.8412918497547,19.567530986384046,8256.931035888969,70.961703512101,1769.6717476832018,37.97995141196638,3460.47740299362,95.86279937944306,84.88407785981471
139,0.6741891638306889,0.19198194495986287,0.28977697282757586,12,14,800,0.26341917988614294,0.6354173642454473,3278.3079179779293,11.713587324335078,8218.552130299167,192.72526349239828,1245.7152308084521,49.11274350659277,2240.864110092281,111.12349199555058,163.16672036275514
206,0.648754437334779,0.09057467476734016,0.21433535618949484,12,13,300,2.836561098144518,0.7026251134805455,3284.679280851058,7.259444839377372,8195.955607506878,201.0568968980936,1926.0273284140696,35.257948603485076,3896.287554945457,117.80415164656385,70.54167572771308
261,0.8413950666385819,0.3382339686131811,0.2514966999042309,8,17,1000,0.7449986807462172,0.8781662593312213,3287.498110440036,15.472550995069438,8131.97085415062,107.34341345538556,1906.8802799038212,32.03473601886192,3688.863707272198,83.53915359971293,72.40191453476301
418,0.6858671455890147,0.33249725811888686,0.1594121179170607,11,18,600,4.4502851273262625,0.6337205258445401,3292.2984689156906,8.070043724415072,8212.900745828409,207.95514711781723,2054.5380579236266,43.413501838327505,4253.111301946065,120.83580974705407,60.245192646515356
82,0.9945027983467261,0.26829532299366626,0.28721252773222994,12,14,500,3.7373546906687825,0.6146732811562391,3292.740279894397,14.485281325657617,8294.213879730598,135.76273241952998,1523.1103566230333,44.910930344847394,2866.029762293181,122.07688666359428,116.18527282520104
465,0.7449725290463316,0.431820710648308,0.04301898526033457,10,12,900,0.2719537426115559,0.8577026894603246,3297.470551505672,9.985874978434024,8377.518349937365,198.74362184886476,2309.30950308019,19.77189196527031,5031.415165564914,80.9780116605673,42.790325294528884
366,0.7173234443122258,0.38657093695933575,0.16538815831377368,9,12,600,3.3150367307088797,0.8193528144782616,3305.7543249451755,6.948553215117983,8227.009846897121,114.85339399416009,2155.14258558173,27.26174177974845,4412.222776845875,97.51648124911347,53.38912362742183
108,0.682231923350255,0.3938949443572462,0.1911164595190417,8,11,1000,1.7317299718298063,0.738781280758491,3311.533379964267,10.866336899929419,8163.3506647549775,147.40880316882019,2075.1479481503843,36.56211663512066,4064.4948442293057,106.04448207034501,59.58059197253356
433,0.7847373925100442,0.20725803240839613,0.013975310051173164,14,15,900,2.0554680444021987,0.8887716910062717,3312.0797511547735,22.35036380360681,8721.716069329937,209.65401726576306,2285.2325472722273,11.854903833630303,5424.865111450218,55.19817262723789,44.934035492722366
471,0.9451987325435488,0.4430467176566041,0.06899607548588761,10,9,600,1.0027648892263326,0.6864908036511119,3312.467336162685,7.945809650695659,8363.68092603828,178.84767866994122,2292.201845439642,21.972449997688372,4875.478347650016,85.5606596847248,44.51028135907278
227,0.9593046509170824,0.41466620257064185,0.1052594343630211,8,9,1000,0.7318699608112456,0.7470137689166125,3315.8491106261386,14.033360347198673,8239.274747800198,161.3478193031653,2261.05955666582,43.05981563342418,4605.446886718232,138.91617427161236,46.650233110874865
101,0.8975785170290708,0.01676621736788969,0.18096690546139496,10,10,300,0.5145801537207251,0.8145925405938379,3320.377244281273,22.057875277801763,8374.894367108946,111.05005994293522,2121.866095043106,40.820067180199004,4314.642212756758,92.9112374555971,56.48382581907552
153,0.6423336375314336,0.34949536901979383,0.06676646193550176,10,11,900,4.35921763872616,0.6116989132138236,3321.591946591058,21.87802040687719,8318.497348543888,204.87358883034204,2329.268227116255,33.63437838868412,5037.8219903947,82.73915635552488,42.60238077876275
29,0.8883759697008518,0.1540303959261946,0.1727620691664698,8,14,1000,4.865052773762228,0.7572390898667042,3322.201138348377,13.054918474506385,8236.153305704485,139.17335697218132,2161.2170631494114,38.09007806642101,4368.032285579289,106.47403736756934,53.71899449595929
377,0.8846891222984195,0.49057186589591095,0.1808619338701311,10,18,600,0.8804773566529733,0.6855828154752948,3334.784831512507,10.224146082430499,8280.867851480447,118.61977630720718,2068.85816916686,39.6251882366088,4186.775083049147,119.94609768925847,61.18963016471266
358,0.747482868345918,0.1849066279935883,0.025706506056241717,14,13,500,2.7603468232668895,0.76631900027498,3334.8736082776218,19.580778714927185,8723.145119985786,220.08096165881304,2339.695521763981,14.02205366275411,5543.701653266606,59.172983687506495,42.534512600312205
78,0.7601201955641126,0.3488337868484659,0.06402018170478956,9,3,600,2.5761802743210542,0.9892441397080417,3336.4426806567285,12.9802130707738,8386.445361825654,192.46291443390456,2372.318958470476,35.46475796667898,4922.310040454672,88.80140361579669,40.640560525969896
190,0.6413235828496062,0.29233535022129437,0.21646235975997863,9,18,600,0.02469990467204808,0.9807247141692956,3337.0948319931426,16.239224494478915,8238.12080893017,179.1244395865969,2067.5529630007886,18.48476692375976,4165.201661194118,35.82500877881529,61.40311236089335
224,0.8004611996728039,0.19858938871460552,0.17191978562798285,8,10,1000,3.6071103366436583,0.6565112197102023,3339.151652028267,20.366422988811852,8206.57844443323,124.17462858900389,2171.5453864678725,44.048341657133975,4304.417842697318,134.6293951393425,53.76844862817096
182,0.8491866334253931,0.3157801100462603,0.2299339067245843,8,8,800,4.545162603328205,0.6718732435480967,3340.9357183317966,16.29012768594607,8266.556236402654,121.18756821977942,2079.4084487005675,48.534819817250195,4034.710103438401,133.82054433404969,60.66760334745989
389,0.8375209923238462,0.01640481206430422,0.2008127406339905,9,15,600,2.5346021898091733,0.7637648287268073,3343.565864507503,15.47797892621833,8255.246026022247,155.4647467364637,2136.441040120388,35.60721397343951,4299.694329526227,91.0197018958956,56.50166804130918
103,0.8880146146184298,0.32057381644264865,0.21818453334013002,9,11,600,1.7284799675195972,0.6726390867205703,3345.508025568021,14.37717541999479,8271.535522343485,115.91262203492404,2044.1760527576064,55.45797321484615,3976.8093265817547,146.1166268690701,63.660464618735226
304,0.8100959030080641,0.016322838772834303,0.2705654518960866,7,1,900,3.472252280653544,0.6328828254847126,3345.6785277002014,8.99940890450731,8215.376122233252,157.9872568245134,2075.8556331326913,31.72122295994666,3830.1015432788918,71.2990113217563,61.171059986055454
334,0.6151926253159413,0.372930019313506,0.1747967438209522,10,17,800,2.3339103861559396,0.6137845037699999,3346.5314985720725,10.016704697511432,8217.373320588973,185.86462777453178,2043.4331940820568,39.71089003625314,4077.260085335021,120.4494215196108,63.77004681454186
122,0.9578208907576365,0.3999276279736576,0.13756405134077004,8,17,1000,3.7084347211433277,0.8795383412643618,3348.964905467426,13.760644989545987,8279.36937436906,170.42530684860523,2287.819407514326,29.5989199681321,4764.625480364933,76.81136521370479,46.382397774394924
299,0.8906683968281293,0.15237554769306666,0.25881839945765406,8,15,800,0.5629019520596851,0.8814743909843183,3349.019823793545,15.016350359778924,8253.72927016895,107.13065206816434,1996.9613378525344,25.319619479003503,3878.4670003107763,75.44401170608054,67.7057918104198
144,0.9964674504547906,0.1158358506917217,0.2928195322405377,11,19,900,0.6016938101749797,0.6187781428591251,3351.2970467670334,9.248680171274431,8335.488746986175,150.66553739978423,1466.0974135273334,47.72202807314274,2644.11230707327,118.05868777413859,128.5862464421129
285,0.7252647979269129,0.3992966361913756,0.30032676313101664,8,9,800,3.698651660427703,0.7278667329762178,3367.5530058453896,3.706138014818599,8189.054308709116,191.1917026783023,1966.2901039166397,54.13255947451704,3686.6326603408597,146.76772861003664,71.26430119022538
233,0.6695010382649178,0.32786183628082816,0.2644047655748204,7,5,800,2.023992145425999,0.8616303181487992,3371.083209003933,19.093317005776367,8218.18943149918,103.66462619587739,2198.4721612573544,37.22927282157381,4221.449015939709,104.30181479235434,53.337543609191606
97,0.9631464521850064,0.1580982911482473,0.18649200273851702,7,8,1000,4.498337226460865,0.849640617672735,3371.816603084744,14.387301748508426,8258.895325472466,163.42300647676834,2304.9158801805524,26.79902878081491,4618.764909255063,84.65687908808043,46.28805467818711
67,0.7238110465145311,0.40689750985347434,0.21541935176616378,8,6,500,2.083195288692396,0.8324650484723305,3373.178208472266,4.2496634789227485,8281.418777775832,203.10016758341692,2259.5505254043023,25.551036671359135,4476.8781040064105,54.36014222982047,49.28536319712089
245,0.691136967017244,0.4879954247993962,0.21020511941392853,8,17,800,3.075064840194333,0.9098535122551152,3398.740756187366,4.4427102183710465,8330.364779582018,173.3953690470736,2236.1906429952537,19.414248152523918,4540.234202401293,59.392142030681676,51.98796966769079
162,0.6329524182463371,0.34024965103735655,0.20635336428434056,8,17,1000,0.7552894589045012,0.7729339204170408,3399.396560308587,14.215803050084853,8193.802522195461,139.1800282143406,2197.5641428223357,37.80267496181675,4326.1909137601315,96.73632108832028,54.689298667875775
409,0.8529128614550558,0.0994960694797184,0.13550015923068404,11,18,500,4.573655574782518,0.6045922638997511,3401.471034919699,16.7350720817856,8492.09205293945,206.18018098553068,2303.1352892601194,31.144594236120312,4927.7512670144,86.46927195746859,47.68872027541286
353,0.6330861846097414,0.4654436860304042,0.2580143979793055,8,9,600,4.332739908745435,0.8287236654428615,3402.741574256068,11.919153119842939,8265.970081973252,139.77433495237295,2213.9810969825435,33.9114456292343,4364.160971337049,90.52609579879034,53.69334358336202
260,0.7609308498746223,0.4371312353051189,0.16303291374964757,8,5,500,2.8074229397976187,0.8242640377664684,3405.5250127787917,17.105841121207668,8358.128871676972,213.2220474112307,2407.3730316566716,26.70423878627819,4894.696618712184,56.16420047631307,41.46228972396631
312,0.7380892571206769,0.25370596935890444,0.27226675740555273,8,11,900,4.64713347236557,0.66608157573514,3418.2483089226757,11.489432813480487,8252.347306826692,161.9094030248284,2080.4182722839855,43.616877801161635,3962.351348374034,120.89874079654213,64.30582034688412
225,0.6847929963608954,0.40936750203713507,0.10675839335392455,8,2,600,3.4747554445123088,0.7384398906151142,3421.355914816589,18.794038779152586,8382.977454226158,241.4830361409122,2494.949404456978,21.170354463555373,5080.389292343123,47.60921392606045,37.1312744340498
382,0.9233101758223751,0.12691053907834743,0.0837422317918459,8,12,900,0.002213907186039421,0.960553238656774,3429.84273221737,15.724511928845443,8501.597477380179,176.660151575152,2503.075639572715,18.783481010619948,5312.448272827422,66.71358612161308,37.02513331969697
375,0.8186308568129179,0.21640800110473463,0.023169982792901535,11,8,800,4.488373363389783,0.8697395916093875,3435.921258854974,24.902647543824656,8780.257191917875,226.4364502622114,2493.3796384417687,12.30153530731346,5592.659737326616,38.73285061098953,37.801769368833234
485,0.6526614355173034,0.42735172504659874,0.05959068584138838,8,3,900,2.0327839190405212,0.9612763115337717,3442.019488332644,22.096893207521966,8459.051645811824,250.0120810378581,2580.4183247686124,15.782443483179273,5355.178758986388,62.93905287906758,33.389980039042385
100,0.8480291023714054,0.26673054598816076,0.27816777491528727,9,6,300,1.5586103389777413,0.6993956559257863,3448.3908559248375,13.3285141194328,8438.868360258328,124.88696186181004,2178.3138018891227,45.80829995588419,4183.94630409024,118.80212404342205,58.30551378475646
368,0.6609311142650715,0.4497276062730508,0.22304062953941975,7,2,800,2.3670044074745626,0.6238865955883557,3453.189549217872,20.376095950245737,8322.184661810343,178.86301636134078,2343.4352513565354,23.408018879642725,4436.996552525496,58.15622654283284,47.355876259817165
93,0.625349988189107,0.4949801161949726,0.10670615349241688,7,1,900,0.013554497071648353,0.6466784256566726,3454.366617761096,12.889030454771513,8325.647443473648,204.2922997013749,2519.702624488271,15.67785167169857,4813.618479957481,74.31179538105467,37.09421834898661
163,0.9774463680670396,0.20986365846306115,0.20155778429922566,11,19,300,2.2114938119045515,0.7247807961980521,3456.236414025492,12.8941868841688,8576.822148793215,141.58202865275754,2296.5443320363074,34.61346601327957,4821.150800183351,94.91619402219031,50.497265208937
47,0.8569677112825262,0.013255655270810907,0.185732674382039,9,12,500,2.8668352083596664,0.651400141293564,3457.8374230369077,8.479156015289899,8436.368407004347,185.2731524235221,2352.1547373397602,34.8326755212983,4806.327499766418,78.75136813911034,47.0072256788536
109,0.8950004992438994,0.22610897044490358,0.07738144688199458,8,7,800,2.0946272475227397,0.96593836042724,3462.5769615552113,20.350150901512098,8578.73942863606,217.93749151365594,2564.2191212475377,16.613795858651216,5410.142417228813,66.47148052371087,35.03436320491233
326,0.683545628282296,0.4628186650126679,0.13424506729846802,8,18,1000,3.781068069750884,0.7834092035527562,3466.1757502340884,9.232544253243084,8440.933683735406,185.75736950658953,2478.9983994011814,25.620782547491977,5200.968240209727,78.95558154386433,39.821621146321284
203,0.9289573675268232,0.21543104576901667,0.2790142869520367,10,15,300,3.273465407156741,0.7520298035748821,3475.674776390912,30.797218809776314,8534.452129197793,183.11110319627903,2218.603569485345,37.17585159902937,4459.474841417206,70.91728667253605,56.66046986470743
79,0.8407741582163841,0.1119245329531603,0.2565371910533347,7,10,900,0.15902340742582566,0.8194861236829635,3477.8773423174753,31.02774662454508,8374.16979720528,130.75926827697768,2284.2135361926353,57.886338691412014,4418.804484138013,142.52445668275678,52.257102377322326
40,0.8162540486440426,0.3187149507491033,0.22782740011679847,7,10,1000,0.20533758383937895,0.7595283605779178,3484.7436117205566,16.011798079623503,8408.497604432509,130.0947843769755,2314.782632887649,47.810288464939404,4501.588083208145,108.5272673205755,50.54301696455199
343,0.9287706543759718,0.4045915855695155,0.27532728265059314,8,2,300,3.6157474323231478,0.7121337843166083,3485.8819801990194,16.620356740244024,8518.556870735863,172.00961609367758,2376.730538463449,39.11804784911177,4590.337453683839,96.62325234667492,46.66710945081027
149,0.7316205461479484,0.46579474415949496,0.23056379635703583,7,15,1000,1.2987689188016311,0.889368045475434,3490.5634637950375,10.525206661353318,8417.867183644777,165.41521507370115,2384.571315043735,22.846947084417167,4766.419606546919,77.72480041092044,46.381173076009155
456,0.6124596371173564,0.1297882246375246,0.020102921162339207,10,3,900,3.150199392399911,0.9432481577004415,3501.297642299769,31.315606635776792,8766.744331738928,268.890651406065,2614.7963012478826,19.925447056957402,5634.522451913489,49.697637231992964,33.903265834849684
262,0.8983700835254698,0.49098459522307264,0.07295259845692281,9,19,900,0.7372626335314197,0.7312771014437246,3511.483766961632,14.233934793279431,8666.021495523615,191.02803168600153,2602.339433905877,27.78917704283765,5667.358619356583,97.39867044094639,34.935655249677076
204,0.6788616506291509,0.23959161472179996,0.06836749695559029,9,16,900,1.4243645098096143,0.7229159859705147,3512.3669889974212,13.918962921563464,8676.269822625878,198.02243104195801,2629.3297819170307,31.634178564106136,5733.168980043644,99.72726850644322,33.58411763915643
360,0.7181205910287332,0.0683004518255863,0.20549192814318298,7,3,800,4.872959056676648,0.6208794516179886,3512.575662197523,5.718140787031033,8441.404084206597,245.73331720030552,2490.2970156491633,30.553414575066387,4896.996145072363,85.33510279277,41.05047069182126
473,0.758384635499042,0.3346543045809396,0.27756793097696875,8,14,600,3.9470471095679285,0.7664872235381397,3516.260579171736,17.874108259222098,8412.331653426205,204.65058868650024,2349.3496183901557,43.20723675961013,4652.27950624321,118.41148047604621,49.66953201206308
391,0.8156378210944035,0.14123621318500185,0.13756845563130818,10,9,300,2.9521554491134667,0.624532382257313,3516.6494204418354,11.743340590202681,8714.26620396826,141.1238826625401,2539.7159692574355,28.13486418208449,5430.436354112137,73.68147853614596,38.46624831319372
239,0.6408598118630152,0.32934607310372177,0.29284934242397853,7,16,900,1.3968385696735819,0.9721275539351295,3517.392123761069,13.723353674529148,8414.671509237129,194.7361034366368,2348.2854163551515,21.791794821717417,4623.22352269942,71.89107965876408,49.78554562675457
340,0.8890827830792913,0.346266215768554,0.05033053882243656,10,16,800,4.022186038397525,0.7115039489658213,3519.8874714485733,7.33651293473809,8805.65627410621,203.35601968578305,2642.731616418017,27.742148194391408,5904.54384064701,101.26618116446491,33.19125746940059
6,0.8650089137415928,0.15585553804470548,0.16602040635334325,9,18,500,2.248770666848828,0.7580600944007257,3520.192311350136,16.32945208625165,8603.53905169693,146.5761234564339,2506.4019482845783,28.57663349327367,5266.462641651192,95.92847130624232,40.44803602867497
362,0.9128061339731869,0.2719028639331187,0.03996004634085345,10,6,500,0.09663815458800518,0.649747359600204,3525.1312922485413,19.469279384530946,8768.827042381716,177.23973532249892,2641.2375352301497,27.226279230252707,5672.446508062471,55.000746213439555,33.46513689997865
270,0.7072556080382053,0.07819090220172398,0.2659268870210951,9,18,500,2.809964237334034,0.7383681790006777,3526.9330507838295,5.1092818837558935,8480.700722252728,176.47756688419418,2321.1182822324004,29.01555599481921,4628.5016677202075,81.57220424692002,51.949733789167475
283,0.813211546898456,0.078977411417674,0.21876973545064074,7,7,600,1.8155036831700522,0.9588745363858475,3537.4070381808833,20.275002022575904,8535.193775002683,201.30864479532053,2534.705661550601,11.087563845804924,5117.439991654394,59.808151286113116,39.55888811235313
57,0.8198115529294943,0.2207652506866885,0.2763112548274899,7,15,800,3.440150050875195,0.9347855496949495,3540.716257017642,5.302959099889016,8481.756701372513,151.05418388367676,2427.2913042709547,28.404421267408065,4851.947323145155,101.53162593262475,45.871088928945355
241,0.9557563664515377,0.22530982836487895,0.27473783213682995,10,12,300,2.216365437218091,0.6191323281576422,3541.9474525125647,6.032965176157533,8615.511817219136,160.08044426079493,2277.7973393088464,32.723446273620844,4514.107701643045,100.388032499666,55.49879663953337
123,0.7610200174387922,0.10901155374704324,0.20351625033079884,9,13,500,1.3615366325968448,0.6073562706189867,3561.1805989033805,13.310712828031859,8575.096119674128,180.69354274747386,2435.1382707676535,40.55659638495544,4927.529867129896,84.02064423307701,46.2414123112916
3,0.7168578594140873,0.18318092164684585,0.14682099526511078,8,12,800,2.9620728443102124,0.6185801650879991,3563.9341261255518,14.405113067271452,8585.95861519585,216.74804710870885,2584.451364697114,38.250711996828244,5355.585595933888,110.34015359196218,37.89905953766046
319,0.7688137040510556,0.14752035382707812,0.15580014813928092,10,17,300,3.64586743774724,0.8609166594367759,3565.054389422075,22.673929269096615,8810.223351687282,195.59972432629706,2597.7414721446085,21.198557599409398,5628.122580736571,40.206649424158826,37.23668916441041
385,0.7434313846099493,0.32831553685393805,0.08211967386805206,9,10,600,1.1042639148150446,0.6155719853302669,3567.391288194711,17.925636719681993,8727.600977343727,194.0569948757234,2696.950864501862,36.733820922266446,5791.429133555194,86.60688847596208,32.27498265355395
243,0.7413005634008256,0.1482677906438276,0.11491096892375485,8,7,600,0.9259778393373397,0.6696437341336338,3569.722915477127,18.945620680380404,8656.777316913476,181.53202396652435,2669.7861193636268,38.614768589464916,5552.91005491645,98.59818588051058,33.708198180609706
462,0.8323801519552717,0.4953395785328829,0.2370190501205704,7,10,900,1.9461523584589424,0.6915501849933996,3570.454112190038,15.006713691480753,8548.9891911776,177.90099866757117,2472.4253736985283,42.59987087751159,4857.915615121819,113.24198858676688,44.410996189096544
65,0.6231455591030829,0.19726089930406493,0.042026819780765313,10,8,500,0.9406057986188066,0.7854793619759929,3573.052353688199,16.762422521289544,8909.090374285553,221.11538659937946,2720.3751309258582,30.102677117268517,5996.39363331151,81.4908821792467,31.344104460774822
292,0.7015899498288098,0.015557799958678842,0.23178842054943197,7,2,600,3.4316359834304873,0.6278564592649623,3597.8294288909015,6.577827623920949,8574.223683426559,211.03443983036587,2592.3625580270777,18.701437958889944,5060.211535711979,57.39048275010899,38.78573495634177
274,0.8880032158652452,0.20899496693524217,0.03665207352626931,11,1,300,4.90258411000553,0.6909637983445516,3599.326441842672,11.333991666572667,9060.185697262377,197.9419085322063,2699.8165557939183,26.674158093889666,5885.156548407312,75.882487466724,33.317444628538496
429,0.8656877539955873,0.440845305921754,0.25423770567734855,9,19,600,4.029222663089166,0.6031857618981804,3600.981787401497,4.1456096758572105,8603.703410985177,173.3420416310716,2392.017528841301,47.93314049939962,4779.365535492529,124.69986146402978,50.541613678969185
348,0.6877095847695502,0.01683458910693636,0.07438842197764084,8,17,1000,2.2697342405417853,0.9285727966570373,3601.105581320016,20.99457776494715,8845.029071431405,236.3043920721142,2775.8222751813796,19.132818563879667,6080.469982717758,86.08041428247184,29.73112916909315
331,0.8321870403974784,0.06959835067284775,0.14321312476066086,7,11,800,2.0088940032716214,0.9975393555598793,3605.0660638243003,25.93078631693155,8759.773570383206,245.1893635842972,2732.2433345725726,4.769260535127414,5770.434925495062,28.529126420792974,31.945278014129386
401,0.7522070839479578,0.0815176684657955,0.2458616956783174,9,18,300,0.1259670697961468,0.9355989310872043,3606.16218667388,12.366803325275916,8726.652643585521,138.3493244650061,2551.522696419937,40.70810939881639,5290.376268717369,96.98380048069536,41.33372953075105
14,0.9771414282231924,0.299432733244268,0.21843547991191137,7,10,900,1.47816842918857,0.6421977039321082,3615.9925836174357,27.906262009446053,8649.737575631281,124.34014836093988,2525.5739866356103,58.4058993636365,4989.7166962591045,145.1823554156465,43.17508030855208
231,0.8780140915434212,0.4918394626317068,0.08175403126477768,8,9,800,1.5163757378379779,0.6404183244042586,3621.725602528714,23.255447832374884,8804.391532806576,162.5313289726314,2772.8582863936804,40.734422724126816,5901.672254896443,95.9884538378304,30.613440300948525
178,0.6913818965325195,0.49816695802837097,0.30243794864403495,8,10,600,3.401141212156457,0.6288793635916703,3635.731020156423,13.985304664670993,8598.237375715287,122.07092710494608,2396.55125439636,40.21235703898907,4621.649839789821,110.6699027961013,51.706791727773236
242,0.615208739294982,0.3731036287409193,0.20771066026110424,8,3,300,4.7825069914974,0.8950033437836027,3635.786002899053,12.961878640438345,8766.992105346302,205.3253560272498,2725.522539529875,29.82226023619153,5625.495095599435,100.67670127226167,33.397759518297335
150,0.7983502940315084,0.04052310795382397,0.07605496058494339,10,13,300,0.30758513119617525,0.9531625076549846,3642.4860472562723,9.384606779515185,9098.811812643302,161.4878153227124,2771.921293826959,20.16419844804905,6157.646584631592,67.71584366504044,31.406546620499377
134,0.8586659676468653,0.34658760572846237,0.025478741997613,12,17,500,2.839726152763147,0.9661953190352167,3643.0294703885843,28.94210947545515,9327.275831208666,246.8733363879198,2756.26478698959,14.290069742852921,6438.2580664380175,54.79838638887489,32.172695728828145
220,0.660966405332167,0.4962417510791876,0.28810029037728857,6,6,1000,0.4456221605800831,0.9021081681987232,3651.985438174385,6.086523206447856,8640.044025866046,230.13689254019528,2586.6364994555174,36.35780136038994,5053.858158474493,95.56531837261109,41.18665065397173
416,0.9531975299319092,0.10131631706767158,0.18627576133282056,7,13,800,3.1374328589213967,0.7542454051462593,3652.579926157791,18.589641698206165,8758.315229507045,190.98637293806866,2713.723094364424,46.90087486985468,5608.2183706586975,109.95976433135297,34.59663344956183
205,0.9212103591330654,0.26958063833762724,0.10339230974680108,9,18,500,1.3631200036676687,0.7654196406101406,3656.7540822543524,12.089302279176824,8979.425794495015,174.07602338820257,2799.8974729803717,38.33273628624274,6135.870234091734,104.31079971657935,30.603142348705113
193,0.6624655379168696,0.11728064666741433,0.2990040498461197,7,1,500,1.8714838356989634,0.6070063963448249,3659.1648137303073,12.969267250596365,8675.584616905971,223.11501681790693,2575.257723340286,14.55044767457487,4873.778791614193,50.697568647664134,42.089266661207006
305,0.9642706317740558,0.2322166181127714,0.05125713244510462,8,8,900,3.1565377654599436,0.8366788649225302,3664.4955197188397,8.222510465476862,8988.274080081326,215.46511587088509,2887.3080482905402,35.30897822467954,6274.994100324247,100.7709112639605,26.917372806425742
390,0.9243514324031674,0.417912963955258,0.10965730993468137,7,10,800,0.7579753740004969,0.9503532334068228,3669.520410563935,18.102212100822513,8854.907369415758,204.35342412613835,2854.7018269882187,17.708998271515902,6053.910942851609,65.0316909556686,28.54303646960461
297,0.6442882373305262,0.2112742141559723,0.022607402551421588,13,14,500,4.831217053533991,0.6509815837691476,3689.8674483370582,28.793097358630423,9481.653740850646,265.6679430537427,2868.0894430352305,24.340224986250604,6890.338604341421,84.47291485825147,28.65245389391202
425,0.9439295341565104,0.017503957403402826,0.24621200350153166,7,11,600,3.5273041514174315,0.7710405334813349,3699.259839174995,27.25242859852176,8795.771721133788,175.38868797506794,2724.9329399262588,52.169247872470606,5540.748766393471,120.1462374394421,35.75599549525439
94,0.7892664804207569,0.3030509405279193,0.24828683498993873,6,5,1000,3.7298726277435907,0.7634073171743667,3700.1439678757706,17.750754328502097,8781.935633576299,241.49806369059903,2747.064184084445,39.546665466114774,5468.568531581488,98.24257376864077,34.69448545516867
62,0.8724157708387636,0.11875323564623497,0.13006686786160745,6,1,1000,2.1816791580327797,0.9208436996106937,3708.8598976119742,15.687370240069995,8838.68706659947,232.43822018357326,2930.4732290860775,17.111214359213733,5958.580312611789,59.298173416236644,26.56180786093212
290,0.6695046372542975,0.3560070101653904,0.2577934638124245,6,3,800,4.526799371389352,0.8958685202907055,3710.1533773962233,0.6375436738490535,8800.267087725875,206.22260043754187,2813.812212802388,29.08118255998866,5675.163561222754,91.57981488273796,31.855045639351086
37,0.7351980627406143,0.187791476319972,0.0381945819522607,12,19,300,0.775208083638721,0.9927363553242124,3712.9392653674854,30.128227214467824,9476.178055242317,246.9002996108097,2852.242512219354,11.203400594043373,6684.847614480851,58.116136879274706,30.176142086824733
86,0.8947289901579651,0.2788711329752187,0.18596063039822772,8,10,300,1.6872341693595905,0.9598589588580049,3716.467137730932,12.805289380700376,9014.33759063846,198.27560579883772,2843.257195237693,27.154706920680148,6025.474388355699,95.09019739103546,30.71160582854833
247,0.6455826538857269,0.24300775148876996,0.28608915436582233,7,11,500,1.691337529972492,0.9712334561304199,3720.039665196256,12.594337234350983,8800.394756551035,187.44752328497813,2734.960687045932,29.323087264570272,5550.796922962116,79.02162417385561,36.01803063627658
211,0.9451188310172914,0.10836990004538782,0.038714366656048514,10,15,600,3.035470180443904,0.818678965085628,3720.4364339443223,23.218195712849283,9312.839517056565,229.06141577711426,2930.519655312462,22.48644160195058,6661.9544445058755,57.267792099209,26.954836395650684
191,0.8556479751262,0.43395914726001106,0.14642195669015773,7,12,1000,0.6982562737815645,0.6119894359490712,3720.8968056877493,28.844503064064295,8837.76069019186,114.81170842481073,2798.6114758828458,55.19235231326275,5739.269715011273,144.12020353812883,32.95510426340837
207,0.985170750095032,0.24177282335996236,0.2517977649325474,6,12,900,3.1657568779701117,0.9805613368826628,3722.9883943410514,8.278858031868571,8828.481140473361,229.98478822869046,2815.942859586979,20.033961110932328,5768.913299033327,83.049333373485,32.211077425310776
32,0.9533976089065036,0.37385938694870696,0.29592155410718596,6,14,900,2.8614623458541915,0.9921326334864182,3726.927040232709,17.768241062664014,8777.684282351967,156.28529232284512,2751.271705651024,34.971638960693454,5585.2660289696405,91.1869573084872,35.461976822489746
317,0.8714679826690259,0.18095999541893248,0.18809823736256154,7,19,1000,0.5786880333935268,0.6617286261132317,3728.178567938778,4.936548220877143,8812.055640942039,200.14355765656433,2779.656744713317,41.69111458390681,5702.2357313047105,101.51279735491812,34.12370340436721
83,0.7009747777376083,0.3566747929422762,0.2785620513061598,7,6,600,1.9858191625204125,0.6419476666129923,3730.5590594882783,10.99420791747248,8735.23915021684,183.26282582129352,2682.364904801031,28.52751394584708,5223.475227944667,77.79596723570242,39.07723937228438
399,0.6500501028566987,0.42523580738041883,0.11338122533426788,7,9,900,0.7108522335194778,0.6853573391902759,3739.400653720555,5.348768004416072,8904.848023894956,199.51844350949443,2932.9195244314396,35.74031366278869,6152.228660447979,90.34754839737461,27.49755397552054
349,0.8218629392140382,0.3185454185404525,0.1678835381014608,7,14,800,1.5159702973052303,0.7159880475774436,3743.9043531924076,16.337704568973354,8887.645683229552,182.9738528617744,2867.185553736095,36.170274488224926,5956.701401138391,130.1592506788313,30.577679156966386
228,0.6272689237541974,0.012905953474743492,0.05054988674644683,9,13,800,3.8836181523584634,0.648814020849758,3750.446633383793,18.647212736939117,9205.650287946086,210.0780637221019,2993.169319480929,36.19094024560419,6679.888500927155,115.80485141772583,25.300182952369354
160,0.6088494206115989,0.16180510957477062,0.15659295712139973,8,11,500,0.005147399228166982,0.6635753133107026,3750.823971583052,17.742126973759476,8926.467416960282,229.58486305397042,2855.7460738685363,38.51006531064125,5975.452505002366,110.23834512951139,31.34304922643203
72,0.842469853780352,0.11432140275173136,0.21151020532175702,7,8,500,2.4908259332294644,0.7904842787156057,3755.9615563642,7.713797879850379,8929.578744760813,213.9225445034476,2881.5287735987276,32.56324112527869,5948.492719797995,84.91349607075385,30.34614093661807
189,0.6228347424357259,0.265584764000516,0.29098170768848847,6,3,1000,0.9000521873636175,0.6354222336892965,3762.371361825603,13.635182200764401,8822.157442899019,196.70356595100094,2684.4172440712628,26.162212259677606,5126.198441396876,87.56652963495368,40.155982462677244
221,0.6510853934540939,0.4130338151262642,0.24460842630111576,7,14,800,1.515641779726643,0.7052450279643372,3765.2480278949224,9.835336920260188,8838.642785102063,189.48006812381,2745.9825268580444,45.56681751879296,5508.50803487765,113.09397119203143,37.11842632163878
146,0.9535143539853703,0.4638761415976065,0.3084723467939306,8,18,500,3.480103090268961,0.661558362535942,3768.62897496989,21.81944711573053,8898.450677212224,177.05948165337168,2638.209063195935,42.863179297978775,5236.549063945685,88.320837968268,42.848003501457185
482,0.7932723453254674,0.4191152105409003,0.11842113372015589,8,16,500,0.6161628785816242,0.8794122500836548,3770.3044277656245,20.845485060938774,9165.780976262897,193.60872715541393,2966.2312627987394,36.29172468111113,6452.388040728648,91.74768673240492,27.10756828205685
488,0.8355732299782257,0.3758380860114596,0.19704334915578892,7,17,800,1.8826514389464917,0.6928222958804624,3783.1366827973084,9.476193339247612,8959.645010998689,152.07587643572924,2864.874178836349,42.38849143362155,5910.504328857437,102.24958778742977,32.05245489468365
378,0.6052118271028335,0.00709502469788359,0.2588174880875537,7,17,600,1.9760296315498511,0.981158718399131,3788.135389711609,5.997966803165656,8968.687449870898,169.36543415560914,2840.432681187349,33.38623577682597,5853.730460973482,105.86034255568288,33.36473047930517
281,0.7806787276926731,0.19869069524265826,0.03802239159258868,10,19,600,1.0188322956384455,0.8093318524778965,3798.255275100757,24.23003130245256,9465.795354070366,237.17443025070207,3050.987267455979,17.9744581970077,6992.547531995311,73.56131735183648,24.492662280687803
308,0.6159063859954278,0.3020358385356096,0.2822140494138541,8,10,300,2.2523265082890913,0.789188538438204,3803.892220131511,15.327072074292193,8976.280581947598,176.20556660383787,2835.8818903129704,31.780614555291905,5779.249498792516,92.66711884562997,34.134366918634605
129,0.6648055511566339,0.4207648301550217,0.26392235479436715,7,9,500,2.371186543501848,0.7377534928176933,3841.200212041405,13.447403682756645,8996.87783583085,192.26698927110832,2923.3390334040073,44.55525279096855,5913.524036343723,114.25930667437186,31.39769859565751
26,0.954834569706047,0.38993777292881193,0.20260949384628632,6,8,800,4.492770942635397,0.842571623863836,3858.245589881369,15.23102208799968,9102.412332564003,265.7638540870762,3064.355784783326,32.54718678484854,6380.752066913159,84.87890793212044,25.907233391118044
22,0.943343521925488,0.16297945260094238,0.07607231426966449,8,19,800,3.2258639520472494,0.6697465716019966,3861.4566904443764,21.171077025687385,9339.313117102725,201.86679221190565,3123.31287586974,39.04811524671765,6914.52241962967,109.7017733094335,23.63336123887645
483,0.7664581470562427,0.25692536728829896,0.2809894043127132,6,17,900,2.5507419022816165,0.8944959240535333,3873.413122654549,5.81942864502886,9048.512849936746,234.3581822475629,2968.590781701714,30.97063651876832,6066.842042988689,87.78388143785828,30.479860899997636
84,0.8949620824375276,0.09114193923797903,0.1791895276056509,6,7,1000,1.6374867608895731,0.6479048527277005,3877.409234169307,11.042503717889433,9126.830727570274,233.01581759335133,3051.855736675932,40.505612549715316,6254.3017485783275,107.83548160116968,27.050869003151657
210,0.8685698678122458,0.4047649878842209,0.2399968405601218,6,18,900,0.8400710387243171,0.8947494979776729,3879.7485023934223,13.059357874157572,9103.079651316664,200.62760081716598,3018.3101493383983,30.688416509317356,6239.044307453919,93.90289913866556,28.540418659223874
342,0.605726111066824,0.368934759280765,0.26024337910020273,6,15,900,0.02832907264783635,0.974836411383518,3883.804749552694,5.9428044645567635,9033.9755579706,207.83299290927252,2981.543382904342,22.505339627853434,6098.167457683613,81.90150339001215,30.2615541944405
181,0.9493692952326642,0.45035093200562926,0.13651627806203662,8,19,500,4.561816728083455,0.6842648756022667,3886.472518135057,19.60979357851559,9324.222185637687,170.3775793602694,3109.5049918922728,45.451601747711244,6778.621504112732,128.7608570757533,24.986855730048685
138,0.89514230676261,0.2600840549393659,0.1380451169964593,7,3,500,4.951706566708886,0.6000950094303538,3898.4617327154083,8.716158824530185,9286.214683388649,184.7801850646261,3168.070346944569,31.930883001385215,6669.589637188707,118.78007575704673,23.054771699601375
310,0.6197987413974666,0.41665853573650624,0.2631773837835172,6,7,900,2.1926924426871777,0.6874039337416521,3898.5305324123233,6.16572896415226,9061.152644126794,195.74067328504816,2982.0741130501297,37.21072677793563,5959.123783504445,108.45912817646548,30.73218118059522
132,0.9848395143056471,0.39500677939592804,0.21716806973369218,6,15,800,2.7095047368917906,0.9491783343505633,3903.5037130401847,21.252630109001753,9185.736021699213,226.4230025469476,3097.767917163574,24.832919076174633,6498.280305350952,66.30520272909303,26.010205329209125
46,0.6181216039088178,0.1873063073132356,0.19775797471427092,6,5,900,0.8146721354071484,0.6282274989601719,3922.5879975315606,11.115536366239036,9140.412945017155,227.93806188913106,3090.4110363491905,41.51118904480996,6235.552421864942,120.1056459025282,26.927711278349875
398,0.6688356917181038,0.48620999952005167,0.1446440937239818,7,8,600,4.017590542174672,0.6488121977287394,3928.5401312791323,30.55227593228572,9307.191294017764,219.7140814430377,3174.47212330503,30.686810432677817,6759.258436914058,91.41160677271647,23.75412284890446
320,0.9382417451959627,0.34624641333461265,0.13897932321704445,8,13,300,1.5315674938910635,0.9155940639683173,3929.730221398017,36.14117784470653,9488.749181971541,193.41151261631217,3187.542322717425,52.10508335965976,6953.538935944176,117.27504154877008,23.28401707456753
164,0.728297096175251,0.3622113363070585,0.2337511036092893,8,17,300,3.5746202010112382,0.8251001145373531,3930.327856124118,38.27639240304187,9327.032003909124,239.86390657131415,3096.650431280905,40.90316149060936,6604.6426552300445,58.072569015962785,26.921909441950433
452,0.9446054828907574,0.4343198199117128,0.2273033218988619,6,2,500,1.913993822181939,0.9287323786341437,3933.9326615097093,30.878127738762,9231.714458829518,244.21048249869455,3161.7300729758185,5.5824745837790175,6453.401165826076,29.18534049073333,24.42341916326507
259,0.7650487363394495,0.34780907324840343,0.010965479081283605,11,14,800,0.9065963996275261,0.7550694379001577,3942.208183991445,24.094764274639946,9926.877631341158,247.64684473114988,3224.6570698184296,21.612159254107148,7575.084097382339,80.20943307074259,22.25201311758147
414,0.9860061477817887,0.12544652284555124,0.21280788641576426,6,16,1000,1.564536971068241,0.7084385015056263,3942.2299005850764,22.884118550565265,9223.384508338793,201.9241782100449,3101.760076990125,38.138909541273385,6425.835700718909,84.35959142541853,27.096545275369067
498,0.9845969298296449,0.3339339533504067,0.2899615263277919,6,6,600,0.9615494801681373,0.7182618166449941,3947.5981199490257,27.644969129365563,9226.091608358705,241.15169606036253,3071.916804695163,49.28836102252402,6150.882623851015,105.21803973777638,28.506023142145587
466,0.9896990616579024,0.03490032730731446,0.1764063129340259,6,7,800,2.069137326603979,0.6816666236672972,3958.5081912114533,26.081272073004122,9276.240400066881,232.06941824308782,3198.288191636466,31.617121830667692,6634.081098688897,79.56546755116747,23.76959029405059
363,0.7654570699674541,0.24643229222372331,0.13128692417646073,6,12,1000,1.333375983309888,0.8899425997260069,3963.6243762670642,9.600138305904222,9388.357413859796,229.89882785169667,3256.7307710366367,27.510994849771382,6964.285917400106,100.64847306710165,21.70561998913465
27,0.6036788206466518,0.05073577143301605,0.20905053073241675,7,14,500,2.428068767931133,0.7793696571944989,3966.7420313454445,7.522092762722211,9320.876154476158,198.86706914124787,3172.5035224937474,39.32510824024501,6673.851370488865,124.4965119621007,25.035070984803376
23,0.8763750952409863,0.1933676731502687,0.2910189966210204,6,11,800,3.6760805962038607,0.6836286482950855,3978.475362581252,26.455709834257377,9226.858371760403,211.893650822735,3074.263346620873,41.778944144556405,6206.675298586922,88.03168556286006,29.412314886890158
48,0.9244816706944012,0.4103197378719777,0.19778190103047186,6,1,500,1.033421799383727,0.7095844509284535,4005.646173276775,5.284628602729868,9338.158622753603,242.63592187593076,3263.8415180382785,18.9563303688988,6587.099927262735,59.418211360678725,22.727961855340183
302,0.9956113433400695,0.3130880857965691,0.16939495617041775,6,16,1000,2.1459129669817845,0.7071106701953337,4010.920587176273,17.606541172764054,9414.97491526025,169.8613440468358,3247.280125912526,41.41228742847768,6846.323932275774,102.90065260238664,23.51631000880019
131,0.9197663515875917,0.3473482354272134,0.0916435411689888,7,12,600,1.5729827840470545,0.9229721007267044,4028.571542174263,21.36840626236174,9672.790470213085,219.73263452324625,3377.931180880371,37.952332027666614,7436.313321005077,99.41277475880474,19.261504348478752
28,0.9977829850443283,0.08796262633867269,0.015422609084656261,10,16,800,1.8323439229142995,0.8976682092226249,4031.445655947555,27.85407827351953,10060.974477950234,238.36430207055412,3336.55473919577,26.759594107016103,7727.736803387516,88.62935635420337,20.82660022293772
31,0.7123089449763423,0.01215798321572692,0.20364168877215036,6,12,800,2.349722569954715,0.7118241367187035,4055.3279003942157,11.649803125955406,9436.806673627792,235.69995644400174,3314.8235602389664,38.32436499438146,6951.275596961096,95.91293785000134,22.33917814020443
194,0.6976589161689497,0.41543859567085273,0.269382650786511,6,12,600,4.654743477534889,0.8758107004126244,4059.6819976803295,27.723952562423,9460.882475786808,224.50334471141022,3293.805714360202,31.145637238728774,6877.869982743706,72.22348613566085,23.252017566825245
98,0.8159124247658532,0.21937233769416953,0.18324588127183772,6,1,500,2.717764305569943,0.9625888443858188,4061.653966670845,31.425768116969003,9527.67932097806,208.80332357534851,3390.426118234038,28.96559637704997,7083.469067131453,74.91453392508349,19.797742968852173
118,0.6564327395110854,0.203196154136761,0.10719701833203987,7,7,500,0.4275426542723404,0.6831545020584109,4076.8164095306965,21.30657297033672,9672.485075955308,211.97892102597248,3422.3428487497645,26.736253695555167,7367.050666467399,89.79114701586286,19.12355335819207
21,0.7881202537784153,0.4917115704474215,0.12964733273336593,6,9,800,2.5409938837035932,0.8783251227163527,4081.6620165166873,22.463590823595034,9644.68538906795,207.00797895520677,3437.500558478818,38.27576275453982,7412.5596969889275,125.46285871774964,18.739239371147253
316,0.8198334626888575,0.45016063403713574,0.13127191889326276,8,15,300,4.708628558094626,0.8674290586891655,4082.9582415204336,21.29477609528454,9862.521372828252,220.0582984338686,3409.82237989523,33.22063436623621,7603.823007174648,110.78909490899362,19.741082866782243
113,0.6262834557713409,0.3877638083475053,0.14598665042440828,7,17,500,2.4850597441062448,0.9061425124264962,4090.4674119210945,18.9938587745874,9725.590914628263,247.40388099839672,3418.3615283410268,29.516230729003787,7481.077938901112,120.10897062265009,19.66163841968609
77,0.9920130301141908,0.2463090469964348,0.10862548308625246,8,15,300,2.30059579491786,0.8339064423796615,4098.354175254522,13.518950451047658,9903.358664816851,199.62027986154047,3443.2486037792137,49.54523243314674,7691.611767600548,146.8070480004835,19.02579937900164
119,0.6106128815495279,0.09071771754489866,0.18491246829090766,7,2,300,4.087217808692205,0.7367269406791503,4099.603594008821,28.10175744875832,9623.32426796569,188.2345969684874,3425.6281953178623,25.51729943605843,7250.660986156279,111.86325994918799,19.674505237087516
438,0.8785719228144429,0.3510730480909147,0.06150817231163487,7,2,600,2.733426275496444,0.8301637549144594,4107.85879121627,36.32828118691932,9820.076387379573,289.68332345666295,3511.5132232357387,8.720743376976964,7585.135288489365,45.98476124769716,16.982580729997075
235,0.7664615992719046,0.2406720758176618,0.015757683046917006,10,10,500,0.9484742408733859,0.8475792772030886,4121.463602524167,30.164940160111,10206.519349199865,248.5244058644645,3456.321498978863,32.56800464935389,7951.374374091193,104.69075602731513,19.244219721510692
249,0.8703929102345421,0.24802391933994328,0.013814466996068055,10,3,500,4.079734694843086,0.9445479985453744,4126.2592653692545,25.940688154197705,10171.814784903474,243.32231189942618,3430.7801057726933,24.79198165026835,7699.515094732161,73.04647591436635,20.271749810672368
450,0.6679524024202941,0.09748759995014461,0.27712285516579854,6,16,600,2.165815556575832,0.909721073177838,4128.087528918372,21.71948232049834,9542.487544883015,228.804156155179,3345.785936678989,17.69661055536909,6987.489969454383,64.96360817680016,23.38169886074337
75,0.6364008364205321,0.36319851632511413,0.17423389206973347,6,15,800,1.4897972577097525,0.8094409104060045,4134.224709573522,37.52419079925588,9685.864183764972,256.9913285508899,3434.082985841114,35.94459184784872,7323.899252048793,114.83964073560703,20.38802575881613
156,0.6036289618610899,0.4093397102499209,0.04853461542795741,8,7,500,2.1612039194625616,0.9360486010964875,4141.5961087624055,18.27703012163076,10040.006807918011,209.136749563318,3533.6918698954846,44.3459328259873,7926.931659417693,131.9357619652546,17.203091306455676
112,0.7707155621346997,0.3998910110371347,0.11481609971479989,6,13,900,2.360334725549996,0.8259364533050466,4147.587270973333,31.610265401820993,9812.55420957329,219.09001430850967,3509.9362363555047,39.66269404135686,7643.101365742629,120.24707099651673,18.167026170251035
95,0.9731752268399818,0.4954647382286953,0.07150054301597117,8,3,300,3.7056032464502953,0.8297892452719647,4150.443786054643,19.820068693469835,10034.700090090126,248.16040721280402,3520.4207803674076,31.50433418554401,7738.635773344459,86.79004789020702,17.89624152887439
384,0.6130471793366266,0.02885146420794943,0.14330960477245433,6,18,900,1.2550069163115012,0.8256296115334071,4160.144298339753,16.798896428571496,9766.40813153552,210.28493953938852,3499.5000321326365,37.977433085504536,7550.768853410361,118.48468970762588,18.87824718219853
273,0.8900622910204459,0.0955953507323945,0.11147893159970451,8,12,300,0.9150772211736358,0.6088140641190016,4162.8597468066955,17.64328292366884,9960.754036176908,191.12790275936771,3525.0067981638445,44.108336229561154,7799.6603990408175,114.1094623181505,18.09508421303201
476,0.6930023968831325,0.06483948911211768,0.08693891830502978,6,4,900,1.512395145839633,0.9901493108585684,4165.474520505996,20.9337166718397,9901.935782993794,267.236461412382,3574.1040104438325,36.31347069704926,7731.4901644042775,122.4431800244244,16.54597930933541
323,0.9560388140735233,0.1729387303689287,0.056337924166997136,7,3,600,1.9293725144755798,0.9166881037045386,4177.9153743521065,20.12021623629394,10001.158260050051,232.25778410154066,3591.8045035848504,23.37734704716268,7805.520484211967,71.66499003920904,16.318005898769815
286,0.9953663957648307,0.24267949157994356,0.04673016950768231,7,4,800,4.40963879152322,0.7709958751682461,4178.9064046685535,20.151775808341828,10035.049785274017,222.0963527971513,3595.260013661968,31.67920055043512,7936.079050416417,107.18127976719477,16.233774157883786
74,0.6851856646035643,0.06818573779338488,0.014363399700364578,11,18,500,3.183221608111413,0.8219262434168902,4181.6804258701295,30.4868741364855,10564.431545086636,283.87284450916127,3536.7356565763844,22.465396777731886,8485.596711530348,90.8363329201255,18.235594398877453
345,0.6289265901031754,0.4775576036458507,0.16677297980102354,7,8,300,2.503121340352089,0.9178062177962995,4186.931232742293,25.38330144830204,9926.878836958584,240.56466534167387,3569.66094123063,38.08522746484375,7778.704066759987,111.86517237220664,17.292126666205476
338,0.6237886275469123,0.0015839242903508688,0.20205949346788715,6,8,600,1.5594954000214023,0.7024190260419817,4197.5215264503495,25.318035316780513,9739.034098557855,185.42165049645075,3499.7283409958964,41.75165487642232,7344.27432639539,110.88171187575107,19.93849571923878
461,0.8494972339456036,0.38115131225048,0.021681405006299684,8,3,900,4.322166234341821,0.8347746026235628,4203.152673145583,31.13364901521602,10205.487635969994,250.55192965876546,3617.8653752533014,32.38341836025416,8087.376861824516,95.0939292225225,16.177696989382962
280,0.8210054459130901,0.04707595506284895,0.11309895778273091,6,10,800,3.9917209411216414,0.748773067166746,4214.669022840935,15.89875214827253,9940.385080588136,226.7036088688613,3617.86873598861,19.92484366958989,7890.420872194194,88.4110500132966,16.495907684976995
4,0.8430179407605753,0.08526206184364576,0.029515477895583855,9,14,500,1.9270825126995805,0.6063865008880857,4311.710915895427,29.199533172503134,10569.489850324935,260.1487553939463,3748.2463364513064,24.1569037054058,8704.795631391678,101.45181886403309,15.032752089009893
53,0.8719379119600983,0.36995438022368726,0.08147084572119383,6,17,1000,2.4828059534153883,0.7558472344876814,4315.734876236827,29.549677970832295,10213.132980602655,225.02270087413157,3767.899974987833,29.40325550866834,8360.889949841698,105.53398736446003,14.539528779576049
275,0.7615911505306193,0.27127290169771145,0.2475099965360055,6,17,500,0.4086267287338913,0.7833202566114625,4319.004200883439,24.045557949421482,10011.943923498193,174.08451039077562,3638.5850545993726,41.26805970417106,7730.883249411301,108.56293787571512,18.70010281672483
45,0.6391336642604005,0.24580793755841618,0.15204153123416972,6,5,500,3.0792504902610824,0.8540374603470575,4330.0963039749695,16.56054079666761,10172.646015188126,237.5022045726029,3760.320867597022,25.69130928659356,8149.580689784821,94.98583039275641,15.152308976814899
80,0.8137694014930092,0.17799574213599306,0.2782651788687777,6,14,500,3.4519741431468267,0.6157248559364396,4382.946139914339,10.21704467583067,10087.577510721298,226.97783283797014,3674.6694943103744,30.348256032704285,7709.670217563784,107.09550823078442,19.27456732369035
110,0.7449575596466532,0.2902941751390217,0.1996792863758591,7,17,300,4.805351587347276,0.6594650911012452,4390.948741028773,4.634536452395609,10314.931829360117,189.67738535721975,3781.408221432867,47.88865192297253,8292.378626450662,164.93752092583105,16.119405361765903
493,0.8039416038201831,0.2506378223128647,0.02507290294689464,9,1,300,2.1908930662417223,0.9356721579921194,4401.6789523234875,33.60462441018415,10659.247245550883,256.3652119222143,3818.890965185344,22.556859967570645,8485.89221686936,75.41901462793832,15.260660554362238
295,0.906425910614121,0.39422367162664934,0.2094954710427986,7,19,300,4.371133620691758,0.6000753598226327,4419.738401795036,11.98789181610941,10388.499394010301,194.88424436492772,3791.3023740920603,35.16531055172256,8295.35027863886,97.94966191270822,16.575729543425656
447,0.7399779758118559,0.4646442011310297,0.12376796115413467,7,17,300,0.02656737834172973,0.921797856972729,4427.698141961928,19.124406559702177,10586.670950664584,213.41464164285713,3888.835733087175,23.396579152644346,8743.954995418038,110.99869848391565,13.856651343999404
271,0.7260758084389436,0.38592886309081065,0.035927383228763946,7,11,800,0.639941042667932,0.9528542457128241,4433.046153226628,21.56311929364323,10706.366294112027,228.67275659808854,3929.651213181287,41.82722868817717,8938.04579797649,131.50042759986627,12.810168453546101
111,0.7658496494908095,0.04267483403932193,0.3090622755537842,6,7,300,1.5496846313430546,0.7589272461830392,4439.044574437662,15.07912919003265,10268.44413291621,216.448496080644,3779.4656218717464,35.15441915246929,7929.963392529266,113.86048975332196,17.451645776295365
467,0.6169369115089535,0.2898630785486124,0.14587332108028325,7,18,300,3.0484871257630797,0.8798558278488486,4441.91904279192,33.084193563241975,10602.35370727624,259.45625002806196,3910.243947305778,23.26788278587254,8814.024678436765,81.59837289404713,13.596980205096276
71,0.9075949660722042,0.472382864941214,0.2648942172032234,6,14,300,0.6457970757574749,0.981620410903489,4448.973200665075,38.02280197890947,10397.621713730774,254.79591845193244,3846.812972304377,40.795555839630154,8327.60858553462,74.36834906982764,15.653483356119136
64,0.9877210142476396,0.2615489220850744,0.19881959144057876,6,3,300,4.576271708345532,0.9834809629631385,4464.485240502946,31.15059598649175,10511.89342063207,263.6979197369212,3921.3039039057317,20.82118198243888,8529.623343053456,71.78664801536,13.852059159612452
30,0.9568186220708453,0.31556931299863145,0.24844339106249452,6,15,300,0.9762149389902225,0.888980846104602,4473.354520203407,24.67826316717402,10406.319558020583,245.41730156826398,3898.7890871663203,32.063000674763,8455.914834181596,102.12310062841885,14.737022706059921
114,0.6411925917325262,0.1671814056552411,0.03265100914116677,8,10,500,4.487152049094421,0.8106313866637175,4503.772897874641,30.472516784726277,11000.72627273955,272.76136594117634,4010.7704407050783,29.03130392540358,9302.775162366948,113.76611817657458,12.291963961988683
411,0.6817762295798188,0.2598521314472421,0.032212665373704395,8,10,500,2.41519848779445,0.7074135024270429,4506.420221103435,25.67764226558485,10952.889812754205,244.87202094679154,4014.3068397654074,30.315102983275978,9265.851971708136,122.77951154955166,12.258987690307865
52,0.8303698301032338,0.3658238776498201,0.04830691882673968,6,7,1000,2.809333460718868,0.695438743916136,4535.153790537058,30.970338390225056,10765.943484919722,246.97381677577965,4067.3924904824144,27.834846504544846,9113.665579709892,101.7706398464303,11.50027446697588
383,0.6615228098566431,0.49504318803374103,0.2964540979115404,6,7,300,3.177218228297613,0.6362886808939724,4586.520546799581,13.311890531761172,10463.220449170027,252.7062900633003,3973.21850864931,43.69245082991236,8410.750057957592,133.0395631688216,15.435900059741803
300,0.8162793906579642,0.04826723509772041,0.08256814847765169,6,14,600,0.3712043649419322,0.6905405977365944,4639.109457337147,26.004754860754378,10994.558089373628,230.7974123393242,4177.964887242146,37.14809191983338,9399.863546718407,117.36428158797304,11.0375405859239
246,0.8575617014164523,0.26515106662457916,0.022585367029490877,7,10,900,0.6261678521641356,0.7897344439624856,4648.233047565102,25.32714462889643,11217.443189713975,245.95709307946618,4201.982043305318,36.49736758509079,9634.665591441788,125.27747064340124,10.620012167133375
18,0.9849789179768444,0.12589114791268208,0.15917455176771564,6,5,300,4.98870242524471,0.706712405710114,4655.340612379572,33.33021027693501,10954.923297771194,268.16715292366007,4164.101943692054,29.733290347228458,9201.389925321606,96.18560654396993,11.796989490895292
198,0.9049140539106463,0.39890682442931724,0.1406749944438799,6,7,300,1.6419061394254053,0.8520834993316577,4680.577056655256,34.83917981730832,11087.7163404703,279.60127749154765,4211.725109939817,27.27056510787699,9391.493697454272,70.23886073140895,11.132064284274668
59,0.6325395122567599,0.04241885704259596,0.3059918735503526,6,17,300,2.9594436941064215,0.7400872986801255,4681.882653412978,26.910497967735473,10760.944980539804,253.69572754659845,4082.4431864964977,49.133840326287576,8752.588587060714,185.7947067040743,14.683351109434817
287,0.6648933623129917,0.00630375998787952,0.1779267050915148,6,4,300,4.1147922311074305,0.6839011790734726,4682.244237947555,22.20493860910104,10955.406349287936,219.9982853858156,4179.16189168423,31.879752129744485,9184.40581537441,129.2134790588297,12.037876476246767
400,0.8660584776953621,0.07866314000091412,0.045662317353121595,6,12,900,4.735453335542595,0.7985035011529447,4708.66420429881,39.22499672562825,11286.99961022439,273.24759968686953,4285.233345281908,20.071974643141417,9818.527425831102,97.99809584088186,9.881162235496554
76,0.8790567485973853,0.39823588783693864,0.14780404238385172,6,10,300,1.2912219414947916,0.7836543024953045,4710.846527529129,41.10525003636824,11126.522598352074,246.97544207169867,4251.8435789418845,24.483142549188187,9488.716991140478,83.69084769353259,10.795386520344952
91,0.7294716945616975,0.2127182193082084,0.1622831136053365,6,12,300,3.0531002122081627,0.7154522212961023,4764.30094403697,36.982607611646465,11247.143334059785,228.37257584425245,4311.997722266624,32.46066672703707,9652.889671388359,130.0007699939089,10.48941235369183
176,0.9135330213675448,0.24045191572449243,0.02222623182774183,7,12,800,0.7977234005659417,0.9487134266368806,4803.551700498782,40.28223890500791,11663.340070295993,271.72926137882814,4384.31578756603,30.68202383122008,10171.032685280981,110.01872233553682,9.562174196523676
44,0.6480658591222569,0.1709398333582008,0.037539719744032564,6,14,1000,3.5182892969001185,0.78966953163493,4815.708266961137,35.27348817243155,11578.75483744516,273.5698462408441,4418.156214930674,23.863026225373417,10205.977100431854,113.77266956923081,8.998143856638197
364,0.9510588078603126,0.020828409191341213,0.12929427387761083,6,16,300,2.6064802382706946,0.9904055293116855,4862.88028030299,30.73660051908878,11613.763853105955,265.30826466835873,4440.541791747468,39.16418833112559,10147.782179272937,129.13248297236163,9.510967543204263
33,0.6301385024024513,0.15284850964359092,0.0672733093451038,6,3,500,2.784006312291751,0.9744619096643123,4870.565834696021,29.500414692809677,11625.375927138279,284.94756980095804,4472.662171980806,45.94974988169301,10156.245788544175,128.38718104670914,8.896349588124487
495,0.8433278000031087,0.14052487508344458,0.06204881510650661,6,11,500,1.9604678845228634,0.9003078596844223,4907.657140190394,31.954868196551992,11756.048960894042,249.84630213056428,4521.751648609151,34.83562303588474,10381.803896994084,133.2897261467074,8.534424744444857
200,0.6058668228185055,0.2935308538505755,0.060533315542815894,7,14,300,1.898928900896149,0.9453334598287301,4919.765010569212,40.31740811966866,11940.214474773818,301.5200511303428,4517.238926911562,38.057330975202596,10551.793222391943,144.10006283435806,8.910887605691853
70,0.6535408475202532,0.0068359824134986424,0.032607718105738696,6,5,900,4.983184185369527,0.822172682241051,4937.066586639195,42.369572526543564,11871.086931872887,300.3612131646637,4571.07762831076,20.878951142389006,10553.145249235078,102.34459779137148,8.006623122339885
420,0.6968088319923509,0.3570263616890634,0.03741744589953292,6,15,800,0.06872777005672626,0.6993505041479201,4956.289102809712,40.404485701549895,11921.575291090077,273.98685599263075,4593.67963531413,22.605488213147652,10647.132331369758,118.92642000557206,7.893660339480468
196,0.663714978097122,0.3024769613452704,0.10543346608543584,6,9,300,4.353767251686296,0.9129541936233094,4993.475748237454,31.851523533546878,11952.064936880204,280.374742009186,4617.600901484447,28.475973717061773,10626.451512925843,109.35902412992769,8.140046200878315
215,0.6906625608907953,0.17749815291596865,0.03082715282382801,6,2,800,4.001782539111808,0.6934848327641732,5035.928037052377,39.897963394026334,12079.27467550525,296.43046309655614,4690.276111880972,27.272595524108244,10783.867656794846,124.05349386140821,7.36954321933907
315,0.8415181811797551,0.3432949567463034,0.04434629141977153,6,4,500,0.4614239603662862,0.8385286075441474,5061.3747509062805,33.40122898446218,12074.82661089577,284.6420066986647,4713.185229824553,40.69760658221642,10744.14654413842,131.8097843513518,7.387562849820117
406,0.6048627085909547,0.33700995952939633,0.025550739735918704,6,12,1000,1.9534105549296958,0.676571072199817,5085.462671084955,44.913842190160764,12260.766564133626,301.0956613426668,4750.012501535656,24.402861131190544,11079.275483949279,117.56666393601172,7.062090245885666
497,0.8997704023923234,0.2155562025485025,0.036264599208334185,6,3,600,1.7254187275661685,0.6120415488845276,5090.077903532568,40.69436648892037,12140.552094486666,268.0101029320008,4742.573499946993,20.527541004123673,10836.093593668396,108.90254945301548,7.3273382814089905
9,0.908897907718663,0.0993578407670862,0.01165663513708072,8,17,600,3.9508777026560282,0.8423839899124046,5093.982855016667,38.39927700864581,12585.34392346727,296.7110038260435,4732.080944620234,24.722698244167916,11322.898091264156,116.40071446541694,7.6478385435876595
341,0.6842819855468812,0.4787240095190481,0.01265898553404067,8,18,500,4.142346497245585,0.7178477585384773,5213.128803834631,46.223476339690514,12948.5596511387,326.11993983574087,4886.761650186926,21.10358837897946,11827.685107038256,116.03635271491764,6.678597750623272
142,0.7109062582787095,0.45516955102876716,0.023530203166096955,6,4,800,4.782078487797125,0.9191957288573533,5300.538556001267,40.63184926216691,12863.523643078835,283.99730398519443,5001.734768865837,38.020316891778286,11757.143750848722,153.56043018495183,5.974003039813014
265,0.7448941766609154,0.16725564437096607,0.017859012559619438,6,13,1000,2.5903938311940773,0.7194902294355092,5326.81698451067,43.483275079402524,12920.98534868167,301.76057685074977,5037.025002482639,28.765515931239808,11895.607625461935,119.32869665607136,5.75323691832379
435,0.8059733399653037,0.08068140052769185,0.03506630125320692,6,11,500,4.408312411663563,0.6485981564351061,5360.047289155485,41.26181582394525,13017.295849030574,289.023752131506,5078.991077570491,28.33041495629989,12003.380435864958,125.8779425862336,5.533701620902143
49,0.6858356478833496,0.18862954161398793,0.021688939693070088,7,3,300,3.278613176903711,0.754158648386226,5486.261204341572,55.000348029121135,13402.665154915274,314.31482125541027,5220.318967004318,23.3149713004357,12410.397784700857,117.97905267924371,5.094367585930559
173,0.8772775763290723,0.4107203640049332,0.022355048583781505,6,8,600,0.6210998336402968,0.9584885210740153,5508.9829671558045,45.35093716114476,13346.644196374362,289.81649785582306,5247.53179106183,31.903197422212077,12369.20777790886,135.40806019890084,4.982364786037263
19,0.9906459823330611,0.20551850665911564,0.019915219870164515,6,1,600,3.403527257773834,0.8123738333268545,5582.015401953214,39.1899875040772,13508.659232005792,276.3871262109359,5331.146573053756,37.056905206923844,12528.060111896435,152.71762429565197,4.705719969649169
81,0.919764159563617,0.3139501947454539,0.03452770958466157,6,4,300,0.42258503840340966,0.8389112329021722,5654.442680134353,57.81788076609504,13682.265835311671,322.5893215068751,5413.747186846372,24.511064359887072,12743.66359075414,126.92101398305253,4.446005418812171
155,0.7034753322791631,0.09656643229364653,0.03522946734039539,6,9,300,0.5792192839012883,0.7506781447947195,5669.560080297685,46.370032480402685,13806.75172029143,307.56967845824784,5440.810852794955,34.75612519341084,12961.379785739571,137.4908778394911,4.204322364656754
254,0.6640286539818292,0.23077873720989495,0.012799485948127989,6,12,900,4.407253898375107,0.7111608388995472,5669.884242489511,48.11065020205472,13901.821409323566,314.16064603472506,5447.681494879373,35.77137224092624,13106.430089515386,143.70569910749776,4.078849833989029
185,0.7596183784548445,0.4289931269613529,0.012709121238865076,6,8,800,0.6543683035917491,0.9879284180314178,5698.941304774581,44.91343286147619,13916.432235396545,286.4939164766401,5476.912033114749,36.92373135766435,13078.658920621252,166.04494495696653,4.053913415395183
351,0.6535313451998772,0.3147788484458683,0.026299610446871145,6,15,300,0.0006734650224266003,0.804451655694892,5880.664903035739,65.40201263621842,14467.283123977884,333.90357601967384,5691.090236288562,24.796362121476903,13775.384039611956,140.40881779041766,3.3310782095560043
