,colsample_bytree,gamma,learning_rate,max_depth,min_child_weight,n_estimators,reg_lambda,subsample,mae_mean,mae_std,rmse_mean,rmse_std,train_mae_mean,train_mae_std,train_rmse_mean,train_rmse_std,overfit_gap_%
946,0.8134217734214317,0.00012050234256727466,0.08237330081140835,9,5,600,0.07749120913095153,0.6667057075490768,392505.4640382776,34993.56900638242,1061922.1675765396,183820.82430622992,42594.17100291662,1930.664906728293,82265.10581468476,4768.968002135809,821.5004184760421
794,0.9617811246249975,0.00037385418526553194,0.18824091744326538,14,8,800,0.9615788639217526,0.7855745053819564,420401.9693421346,26850.08675566675,1138849.4333862003,166106.80417078643,35374.68011103184,367.3902088954917,68033.17025893879,2149.463635238251,1088.4262077355982
338,0.6237886275469123,0.0015839242903508688,0.20205949346788715,6,8,600,1.5594954000214023,0.7024190260419817,422736.6327427629,16695.24430239957,1086091.1221454372,169404.0425522083,79475.7821983217,1401.5600218298232,143613.60247628458,3789.4738563159,431.90622482692584
908,0.7896408303369068,0.002053101448724226,0.013304007500682238,13,4,900,2.8158219422697743,0.9775096481379264,430765.28541288356,34361.811671188414,1115860.9913173867,201871.6166668143,95392.68594449088,2733.2921732715017,244910.2124439186,16588.79047664958,351.5705592602209
714,0.6188233517840075,0.009724025184040586,0.06663820833203334,9,8,1000,2.2852982963288815,0.7161020421490117,433565.93202166416,32466.072501748487,1076792.3759881083,186319.02910186534,134579.93174740646,1615.455967965946,256228.50095395517,10233.681355290866,222.1623955311744
287,0.6648933623129917,0.00630375998787952,0.1779267050915148,6,4,300,4.1147922311074305,0.6839011790734726,440474.1197655952,28044.355341066264,1080554.8023686204,182475.23030907364,136473.948629916,2769.8364496043596,243055.35465218103,7864.304005537037,222.7532611077689
257,0.9330721877388173,0.005515807131232897,0.23486364534066648,10,11,600,4.209851857483543,0.7881276216407143,440502.48141592566,30854.620898312765,1107154.6767550572,166881.13817852343,111283.97411851438,819.7204593542565,200038.83623761125,3746.688496850669,295.83640403316525
365,0.6502200859050613,0.008473832444790497,0.2410474635271288,14,2,900,1.3279141647930304,0.6070209453466515,442673.10423413443,37336.18656372121,1082663.6855281084,186565.9330819698,112385.30014399365,1780.457482513613,199974.47828617351,9414.382626714483,293.88879476849695
635,0.6878539714378276,0.00011351910912776875,0.28450046132425816,11,2,900,0.6018178810499303,0.6270418997889532,444596.873897258,37362.9890591496,1142476.4693471598,181102.17809611032,20529.49723554103,814.4730502517598,47651.20381642091,5679.095772966638,2065.6491086764854
730,0.8844640350111064,0.003398274293055892,0.2391569500600642,12,18,500,2.223563884291679,0.830617995980456,445146.425128818,35366.47460338381,1155271.5783728114,183013.9295061679,99174.84745343585,927.9416451233776,181416.33194777186,8526.078402088287,348.8501233519126
228,0.6272689237541974,0.012905953474743492,0.05054988674644683,9,13,800,3.8836181523584634,0.648814020849758,448268.7980732671,37026.86064001431,1113537.924407133,191116.73632490158,165487.3707844077,3025.2627103264454,347208.4137951612,8014.499984691659,170.87795035263392
396,0.9015318802276875,0.010335684445952231,0.09070589403949314,14,17,600,3.1421702370949944,0.7927469917098466,448828.4406361906,37052.31975783532,1121482.8028028095,180980.15516861904,148263.55120983126,2154.9101313346255,318517.79042929446,15308.383388450666,202.72338479265363
750,0.9722689022249593,0.012322202318161335,0.21900669636195907,6,7,1000,4.878009595783262,0.6261107030265856,449532.8266001662,25739.097250360734,1111099.842941574,155087.39405348763,138892.14860130072,1865.789853795007,244742.98327961992,9143.820480363029,223.6560389677465
494,0.6642718338847381,0.012485831058524799,0.14471163037903775,14,15,800,3.622991434238145,0.6446371999828989,453210.8087949412,29503.478569761337,1112923.434431087,164705.4007690286,146895.1807996734,2498.9243495241362,282277.34396802925,6627.606607741171,208.52666937590155
906,0.6521805639774472,0.006288906243097692,0.056188971599951155,12,16,900,2.9565057446162237,0.9547363611326428,454040.96838035976,39802.99171279839,1135025.8046571705,220665.96978064018,156270.86090957787,2830.242675223043,330665.6269390901,22448.399557201225,190.54742882812872
766,0.793429834281547,0.007323563636243369,0.28634316405425253,13,4,600,3.2296394651151967,0.693151658460726,454837.87079240324,44797.10807491056,1138117.6687274617,189829.47455138768,110655.44382998534,1699.1875766402152,204271.37119664493,6433.187168254288,311.0397600422001
744,0.7754596073743938,0.019378467777091235,0.15986450056140136,6,1,1000,4.033867848243837,0.7007227064203526,455370.0883636646,30379.55006477859,1102850.335554591,186769.37701721763,174613.5803201068,1589.4589993558986,323517.22969324753,8025.010226102306,160.78732680978572
31,0.7123089449763423,0.01215798321572692,0.20364168877215036,6,12,800,2.349722569954715,0.7118241367187035,455802.91363854846,17657.882283563,1142016.2545301197,161069.60162065268,151102.50650631546,3705.3798133065966,270000.27173058415,12379.723432539804,201.6514577933211
292,0.7015899498288098,0.015557799958678842,0.23178842054943197,7,2,600,3.4316359834304873,0.6278564592649623,456257.2799982029,27254.99922590054,1090499.0946278446,173660.65403770283,155930.46200782066,2980.756118227119,282993.0695762133,7516.665318181439,192.60304505178686
586,0.7781546103911489,0.0072835773756394495,0.08421992411750373,12,19,300,2.8580382474147195,0.67393535917881,458123.9100308221,37952.96862123253,1133806.0748136865,196063.2575258908,167659.64168557027,5031.979008557011,410297.540014909,22219.503773922446,173.24638501255416
603,0.8969085569009148,0.012599547410534817,0.11644955666294879,7,16,800,3.4966973312632152,0.7322244009225163,459529.3626510188,34039.98785728633,1123882.5123219027,174307.45975023357,157496.69958711747,1642.202840370131,293192.8647889289,9257.780860876874,191.77078875664657
752,0.7756522643219402,0.01997398664304717,0.11868804700006144,7,12,900,2.296718277969782,0.6220406140635324,461344.7698526542,34467.27910571618,1110208.453767713,174431.39772537633,174765.31798501266,3028.4015752763576,324226.08642490685,11312.159431970607,163.9795899849063
47,0.8569677112825262,0.013255655270810907,0.185732674382039,9,12,500,2.8668352083596664,0.651400141293564,463497.8287161449,29675.99744859464,1142029.6041171718,162332.27540812216,149905.48389538663,1801.3380583241037,270807.42954615236,6429.476766505061,209.19337750152124
344,0.8749625456544949,0.012249224133826175,0.10184120226387795,13,3,1000,4.0411760500461105,0.9790752103857883,463943.5597202826,35999.80379935175,1126627.1116623986,211530.7426044786,157319.97108627416,2498.2597445549395,379954.66156168084,13687.16640922207,194.90442727443443
761,0.7096851556496588,0.013304183038842066,0.23056855543047883,13,5,500,1.0294099408916058,0.7409924187773405,465291.97707113734,28287.62433932184,1127546.4085315284,150951.0484968786,142733.28903074004,3805.1134339417554,266525.0272336585,10473.27995676325,225.98700711711953
807,0.8580600333203614,0.008484564657733229,0.2981100323866391,12,2,300,0.07186475888888821,0.6198050518809174,466641.3151242601,32144.00358549253,1131282.1895420956,187084.60143178294,113432.28610738399,1452.7594677085458,192497.2698507838,4398.827295768602,311.38315301386103
304,0.8100959030080641,0.016322838772834303,0.2705654518960866,7,1,900,3.472252280653544,0.6328828254847126,466946.9649877798,34801.83763427749,1130850.420543309,178270.41409415586,154867.87735084476,2438.687238649884,279031.2666517731,9458.008491995542,201.51311748784212
311,0.7587187388345266,0.022193886085427217,0.09334662183452032,13,5,300,3.0853325805890064,0.6455353573906405,467929.9294034791,33414.55483960611,1137357.1273921237,201722.57592284022,181880.4019899512,3011.261239005456,392627.3886085332,11892.189511498997,157.27341939200903
389,0.8375209923238462,0.01640481206430422,0.2008127406339905,9,15,600,2.5346021898091733,0.7637648287268073,469663.97839387116,28796.227341400692,1145337.460217788,156480.58407684322,173133.34685849975,1727.1313789967683,322754.3687390393,10499.314437166437,171.27297364483059
268,0.6028116815254476,0.028640125538811678,0.07756711068054692,14,4,900,0.3447900817821059,0.6228218884605017,470207.0976581825,33508.375436877046,1145293.7329029373,211123.9047251275,184032.48850739287,2467.39739220192,380443.39484781475,11017.083757500563,155.5022221738275
425,0.9439295341565104,0.017503957403402826,0.24621200350153166,7,11,600,3.5273041514174315,0.7710405334813349,470254.66595315497,34710.88272789023,1166431.481455863,170049.428423249,175453.62785069222,2839.7341982124885,322356.19215175987,12832.934384575035,168.02219578687362
729,0.8945892698476291,0.025828678557320517,0.02478834782932493,13,1,300,0.2395693395666687,0.979408131005566,470370.99932239746,35785.530057710246,1131791.5501242985,199134.48088724347,168541.39836887037,2999.0253394675947,325020.05339497596,6623.691864940152,179.0833610463713
70,0.6535408475202532,0.0068359824134986424,0.032607718105738696,6,5,900,4.983184185369527,0.822172682241051,471701.3202483112,32315.73768946774,1126257.6058827334,208016.2512805934,210068.5122348215,8397.227279053533,414033.0071160026,17481.882636647057,124.54641832328872
869,0.8891356815600848,0.01624329834508248,0.18858305233121636,7,2,600,3.1118796573658707,0.7723951490628762,472710.2698761017,31750.990304102717,1159438.561580366,199466.4323923839,167693.18556526376,2266.587657825431,311705.64246198256,3580.9504644948925,181.88996963870645
671,0.6215127856709511,0.01104292265058987,0.11738835835982939,12,17,1000,0.6918410044409501,0.8952673082147374,473118.5816846906,44012.23369279496,1162686.4591733897,226734.87013513572,166105.37631292496,2373.5438438892293,343354.58211018157,21779.842545958913,184.83038429375415
101,0.8975785170290708,0.01676621736788969,0.18096690546139496,10,10,300,0.5145801537207251,0.8145925405938379,473229.45701771183,27579.08422809918,1162832.2814900393,177078.07350534,171754.6462594743,4044.821897534017,333374.3210893565,18803.488568664114,175.52643688182474
346,0.8828345909066793,0.02511300573198688,0.03187055061037105,13,15,800,4.317003834285009,0.7605224096878849,479797.7065723703,33325.3497858752,1159005.2395328432,193164.33391725068,213169.53063725174,5032.704865582148,501281.2978102861,12767.549279700812,125.07799549872671
512,0.6201398107877413,0.02638262892980131,0.2176033767839964,12,8,900,3.0698515316261634,0.7011432473000445,481841.30102603894,35186.43575316902,1151853.607195593,208991.10539471198,195056.35581251822,3887.1993998611247,385425.1914890484,12919.79009712382,147.02671134139766
646,0.9043543910686038,0.021369803030975687,0.2693957063808237,11,5,300,4.777240957190338,0.698784466796757,482610.120516117,38365.44208230326,1170335.3410457592,166349.49687801435,179007.37977359316,3804.437596435904,353475.08138652175,15158.700936052608,169.60347731278884
466,0.9896990616579024,0.03490032730731446,0.1764063129340259,6,7,800,2.069137326603979,0.6816666236672972,485584.9282805018,34939.309429838046,1140221.6263175893,174220.20165725294,214919.74667930562,5065.019046898066,393322.9215869626,11315.358207254974,125.93779109793553
990,0.6936231100069996,0.024890500761521883,0.09055002285924861,12,11,800,1.981386312458503,0.8775453369313577,486377.76493875077,38295.49227218392,1173376.6778568276,214564.27823215886,210253.59481348735,3427.1486982260776,461534.2209195056,21120.54606586641,131.32910777112224
348,0.6877095847695502,0.01683458910693636,0.07438842197764084,8,17,1000,2.2697342405417853,0.9285727966570373,486732.0734264632,30353.13602485097,1166075.6267756973,198343.12294209335,222749.89986508348,5149.374775200383,451105.1751194643,18891.679769088285,118.51056890318246
663,0.952358064217901,0.024802954174741376,0.08711880765676261,10,19,500,4.596040155268626,0.7695080479723694,487916.14457951253,33271.250127881176,1163404.8966001489,198404.07611463108,211988.2908079053,4420.029667158504,455342.93402984703,11457.205144246424,130.16183710903223
408,0.8710163782014135,0.03605554646471759,0.0716204225434088,12,4,300,3.208671986492791,0.8685916594668828,488402.46180003847,37574.819967251824,1163244.7637276608,223694.74071196347,224756.28372949455,4061.69586363562,520816.7737578427,11863.926497865677,117.303139959306
330,0.6778495346819488,0.02882379109951244,0.11273439365041399,10,12,600,2.7885441312502195,0.7389108156122031,488419.4695230181,36957.37891712542,1167338.0099060677,183315.804693539,213049.31550731775,2879.477910763216,441730.4837980779,8899.487012090798,129.25183700308204
887,0.930241369962806,0.0300040962945059,0.12286881350835731,13,3,300,3.3105591290408958,0.9650397382365562,489799.6678758053,40099.75591893565,1160775.9645540765,206588.3516777625,207045.67430291677,5870.495128911792,485662.03499561816,15654.571962016384,136.56599903613883
232,0.8768645366776527,0.031145899065031346,0.16282663844493692,12,8,300,1.1632276928134049,0.6883210519142556,490108.47472964384,39760.655884889195,1161242.1571419053,201404.60878475546,205773.83599208423,3225.6901127078027,419625.38482974266,21513.426204836145,138.17822725941576
492,0.668283345324992,0.015231843154480063,0.07133451173928192,12,17,600,3.075645702705999,0.9642422868857687,491059.8748851384,35443.34089261875,1181971.5440215194,206730.1800443183,217260.32941511902,6855.393915143949,493580.3413512761,24663.675141969095,126.02371827710476
800,0.9569876375808046,0.03931335549487902,0.10927442973405854,13,3,1000,3.6630634962019935,0.8738900655524018,491724.9070582265,36697.14004539945,1171634.6586162304,207758.40655478413,221953.29932332048,4247.446339806784,508600.7880271788,13801.330889817653,121.54431069840888
667,0.608009291892875,0.031253470755205404,0.12623993914652698,13,7,800,3.0960215864607745,0.7921177035165423,492812.3259399069,36174.338664041614,1181754.913102547,204240.31293472162,215894.9109664446,4091.9431676370527,477864.5227424414,12619.929683577542,128.2649108002838
984,0.8889494030531193,0.03899693320470454,0.04183900579270583,14,1,500,4.89132731764737,0.6634080936109638,492881.82478314417,33290.21876696596,1177650.2535448303,208383.35379385325,227155.63234621566,4819.293131393816,530970.9270968008,13191.639207832059,116.97979473030462
986,0.8679879696386626,0.03599040923166086,0.08700417749507904,14,18,800,2.0119678240721504,0.6605830489601657,492904.85332064115,34426.21206052199,1180850.0382762128,184052.54249989148,223225.5485971549,3649.238370405769,485071.32454220596,14018.973454103774,120.8102327078001
509,0.9770636707866522,0.04136701981183538,0.08618133157710883,10,13,900,2.319908490834437,0.6474836382036445,494152.47292011295,32160.772575431383,1164115.1124454401,190537.10903167457,229231.62166076555,4565.2376097261995,473889.6448192871,11334.69114468505,115.56906911010626
378,0.6052118271028335,0.00709502469788359,0.2588174880875537,7,17,600,1.9760296315498511,0.981158718399131,494337.2197181348,32351.192306355686,1193426.4507425483,216180.0291018044,187539.91398146204,2640.326072593654,346590.78540254163,19147.062869909085,163.5904054893611
625,0.6675433853481579,0.02681739576041542,0.22523949718357364,11,7,800,0.9726751658424204,0.9282208557022875,494514.85697031225,36252.38867894046,1157348.9000731015,190327.29309631322,211931.55195213942,4155.834702790417,438537.80083200603,30338.264871157535,133.337062091627
718,0.8314167272814126,0.04128607901763859,0.05635624899715569,11,13,800,1.582285654372081,0.6347868081023732,495065.89536738227,34517.34123941651,1170806.1385237072,194932.3462577716,233501.42102007996,3499.7158528500954,498920.9197747578,18706.58770085916,112.01836511513523
687,0.7686850470103666,0.01996126628187561,0.14472355424046277,7,18,1000,1.7509934051160951,0.8468878331977833,496283.3446079756,20810.106516980362,1197611.1876915975,160178.0744542178,206199.0147888436,4872.515415343788,392451.34764464514,18789.782264376463,140.6817244574085
413,0.7189163161229335,0.046033493041237716,0.18971337614511447,9,3,500,1.3370101392877065,0.60604427368579,496941.20282433537,37044.03589711598,1141663.8088560137,222839.91600917,229460.85749106048,3510.6249442822427,433164.6932277383,12438.490116367866,116.5690515837524
686,0.6145844203302474,0.026371976081108695,0.2602492324625324,12,8,300,4.2199673597101235,0.7049633505957208,497641.8121762653,36264.43170889839,1174547.7167860963,194433.77073098914,205764.20933519685,4008.6147713322257,412284.9079618609,16990.83047998535,141.8505209356356
145,0.7536362445964998,0.018365968713306813,0.2971810788949977,13,6,900,0.28921338281698183,0.9876410520563246,497654.0031200706,38649.5171128574,1192923.8009626502,219660.22962148342,179641.8557393159,6252.293162847622,400780.56833370955,27704.012818081104,177.02564141968807
324,0.8383955368733927,0.050629957307579465,0.2641418469081355,13,2,800,2.901107593925147,0.823875377935176,499947.3117680809,34025.86849881218,1137918.6422957217,170210.98320381265,241185.76599048654,5751.474357016355,517350.10775627755,11765.66769211856,107.28723758424495
125,0.8880810326529183,0.05328936506433718,0.0520055615981347,14,6,600,2.9870655108515414,0.8402067441734613,505062.8994737682,38663.54742217093,1192366.338725351,225654.52161843542,254392.92407018616,6714.568291037256,602046.0667689316,19347.957496630373,98.53653607693234
172,0.95301339432784,0.04125426722021064,0.2573542140690501,11,7,500,4.887331931573929,0.6803436359449176,505344.49626860104,42867.67448218839,1167395.8609392743,213368.2848404305,228075.14800914685,3413.45197270435,455258.22130167705,14195.846454392235,121.56929445392026
357,0.9997864992862523,0.05240403249878606,0.15957123985171276,12,9,600,2.28849802579647,0.6835530896020655,505536.3184287411,41790.16737192145,1189252.853427092,209947.35262018058,244223.09072046675,3617.793862605282,508270.4929919553,14702.769894065948,106.99775641090739
810,0.8431113754427548,0.04189548627413081,0.2029182980620089,10,2,1000,1.3311575074940514,0.6125370675435466,507010.43333231506,31989.283865513575,1182332.7857643003,204224.35668372226,211888.89426844948,4786.064962972056,397229.34867188626,10396.42788512158,139.2812681772579
803,0.8968089807519041,0.015756521541105795,0.04648157780441713,11,18,300,3.118718630437978,0.6536099577275967,507647.22611928603,34526.53913621006,1187920.7580946493,197170.75702845023,261191.43414717756,10680.017663241288,632352.6913841907,37436.16568809482,94.35829807237639
222,0.7440545629886076,0.04382137338191927,0.2910873469093188,14,1,600,4.126430541164484,0.7118814153885917,508001.4089117026,30250.568308780763,1193196.2173414598,207983.68087879487,227364.45543416744,4294.154296319559,476780.56848801876,7531.699278444453,123.43044252085944
746,0.688130957375033,0.05160832443949981,0.18551055061559857,7,2,1000,3.334677087786085,0.7068576279482597,509213.27661853924,29626.91284012365,1163695.8761828323,200434.81657427602,256829.09506998528,2797.4161204427674,498533.6298177283,7597.790283120598,98.26931075693737
280,0.8210054459130901,0.04707595506284895,0.11309895778273091,6,10,800,3.9917209411216414,0.748773067166746,510795.23141305643,36713.64707671077,1173165.9380218375,213436.74859035446,265610.61757865536,6243.721496959005,532082.7818230987,16209.61968597036,92.30979396439017
106,0.6275686157468875,0.03866053274439363,0.04127408981554285,14,11,300,0.5661902292037763,0.9939364795849338,511806.2072124431,32165.503026343686,1233138.0556014376,198636.97965738122,254256.63968463228,6304.5894272715495,632152.0028439753,30350.34304969496,101.29511970553176
469,0.8570310441294535,0.03927891546186357,0.23216941697785298,13,11,1000,3.513201029291144,0.626611043284342,512268.6214295297,30088.334246381703,1197277.078744948,191246.67615565448,220811.28002432417,2385.0789344790287,430005.1895494143,13541.46667000189,131.99386434112387
264,0.9142606472320928,0.05916809546169366,0.13297146690888648,12,9,500,2.938846804310991,0.6737905012534557,512398.2019553747,33720.131477064286,1174646.726624427,208034.90447045883,264136.70376716804,4433.04928891951,566102.4042328632,10588.778700675848,93.98977675099817
300,0.8162793906579642,0.04826723509772041,0.08256814847765169,6,14,600,0.3712043649419322,0.6905405977365944,513399.91080239444,36694.53191949639,1199663.1492384202,189374.6905124049,270682.44000521704,3003.3454795616467,534365.9325420735,13547.676677522755,89.66871688924458
762,0.65044405667145,0.06492850670894051,0.21285872390696178,10,1,500,2.5641768121757105,0.7373203876782963,514125.9594056543,38125.23559054036,1172266.2394644697,222068.86528141383,271911.3747866134,4915.468513440326,554579.4878619516,8670.30902943444,89.07850390926914
384,0.6130471793366266,0.02885146420794943,0.14330960477245433,6,18,900,1.2550069163115012,0.8256296115334071,515007.48865098244,27659.608004866488,1236760.9190362263,169418.85785548072,243589.75222483728,2567.0385905050452,478055.0054305318,12504.107734052224,111.42411942503321
263,0.7736077464695501,0.044300214839808616,0.07618358581336337,14,13,300,2.10624026647036,0.8544709458832931,515211.896094923,41100.633535335684,1218712.141397785,221104.06838721997,262546.97828835994,5872.864636928192,625318.7694799684,20497.689328601216,96.23607914049455
696,0.6836389458358457,0.06517656502163277,0.07106046216606891,9,8,900,1.5895233688664179,0.6035108847791718,515913.5579013708,30235.905744890508,1188943.2054743618,205821.58526716888,275933.13368270884,6767.323493510737,570393.1890810402,21883.612823885895,86.97049934373291
124,0.9657195226241996,0.05887554144507057,0.18295494265427606,11,2,300,2.0262404401384435,0.7989859575919562,516795.2417107161,33940.64996313244,1174744.2572696689,200387.90410728194,255992.36031367414,4405.92053598034,530128.1617576762,14808.249737329586,101.87916587724466
982,0.7205824745642672,0.04727817238719412,0.23751543147697535,6,6,300,0.2678827980370396,0.6561996039182069,517596.7507426102,31154.274844238193,1160953.7275369528,189241.9158664479,253739.4967041192,5190.4207190160405,471500.65834870766,14125.77135154907,103.98745858086488
773,0.6873212447246049,0.027346587288133828,0.015301013438630166,11,17,800,2.8474862925928797,0.9329564166807631,518364.15565835044,35551.03067463283,1214471.8975725155,213820.36458511004,275432.6481451392,6042.783212482731,643406.0091347138,22485.702436252344,88.19996799551464
708,0.8788665017161401,0.04161153310403615,0.26888788699390553,12,17,800,2.7485862758165553,0.7668657115902808,518767.66674286255,32991.5701197407,1238141.796754444,195633.24441175067,240171.71784982109,4933.002718669241,481431.00650114566,14727.654499456203,115.99864937771191
551,0.6054729659042725,0.04079936000241918,0.0875774773404352,9,7,800,3.8872773359119277,0.8691388533954179,519569.1710358059,35592.9226699479,1204246.0397435431,223073.7715447321,265140.93845526,4732.946849851362,572518.9124363491,8583.305335420817,95.95961833086677
713,0.6200701401279896,0.04834727989378357,0.22613702243882686,12,14,900,3.829342128312658,0.6316852600033483,520682.6519338846,36927.03845167294,1173792.8314969938,185384.9921694473,249099.54672214977,3480.813440004105,501466.24270793033,17321.155488824912,109.0259331200886
521,0.9309208598948984,0.020957608358128765,0.1357548627706364,7,3,1000,1.5884734877358109,0.9874698422297429,521995.0553168645,36102.34925559737,1163814.495929157,198806.1400471072,256581.6440531385,2072.306050019062,480081.2805040024,14100.897382156267,103.44208847954786
867,0.8346992475869371,0.051452544171000314,0.22903905633292748,13,11,500,4.4081767458770535,0.8060768904552855,522071.8889015275,38450.593691992486,1173752.90870495,213164.93897770272,267819.22027839156,6734.814141367923,584452.1681560436,23592.117394381643,94.93443687829668
974,0.6429657301744888,0.050581905758770584,0.013399777961346261,14,15,1000,2.193423514498968,0.8163030007549426,523650.9187470982,31645.95671775963,1225206.24274776,214465.99291503444,287831.53861474374,7775.270079890477,694104.113662846,29837.326151949906,81.92965276400568
89,0.9929514467634426,0.05601945108402617,0.1293566797137225,9,15,1000,4.875335814725712,0.7962995117035138,523787.598441831,33051.55112426965,1183982.1238489072,215720.66334067975,279443.1178928821,5258.28063714538,590703.6849663181,18109.290994122406,87.43979182289708
137,0.6482267543109115,0.03847660081460458,0.21888663276344192,13,12,300,2.6920074519039376,0.8646620700322165,525510.452142561,38719.89155966061,1229096.349762105,207555.08779536237,253937.7180995055,7530.458447090558,560110.8928815973,27957.77423338415,106.94462251434413
619,0.9060775335017568,0.0715806789055965,0.20731484418278606,9,7,1000,1.6962033058691817,0.6249725309111122,527812.5352463588,33684.25875132677,1204398.7072067175,185481.5960175386,269020.9363646646,3799.4967062868145,523165.821116838,18994.87418134833,96.19756825576422
557,0.7370923701711629,0.06728813355205387,0.03832566929814429,14,15,800,3.248940233821498,0.6413736459441933,528362.8316227586,34358.97565758635,1210403.4057789978,207556.4896613293,296576.042109154,7253.895540721209,672927.6889922533,26505.931764000117,78.15425273909892
973,0.7825267282203849,0.08538413000166845,0.09016296864582223,13,6,1000,3.9081772272160524,0.6414051788024524,528873.7612688028,34684.28930962797,1197600.7383586182,202259.55159449353,302253.80167695694,6045.5572351130995,664813.355580526,18499.819305029207,74.97671107344843
577,0.6394376920967746,0.05823892483666854,0.08627836943345936,9,18,800,0.3964014231559587,0.8263402241252986,529075.7298163266,31149.72990942935,1217387.3407491457,202320.0959880263,303372.6171836181,5218.28837547023,647893.1439617814,20253.941330171656,74.39798447468328
371,0.8313193597681443,0.07348135479410484,0.25333713098004124,13,4,800,3.2140945740008715,0.9239440749442345,529558.5048432138,38514.812474018945,1199984.4717492608,213534.89431075728,284704.2389549747,5926.397004333613,638107.4076556332,22114.750542126283,86.00302783934393
167,0.6469232755849578,0.06259289610127522,0.21566958616869142,9,9,1000,1.1277007122186773,0.664330187631276,529730.2651938782,27455.229013341723,1219809.2666986736,158838.82463936205,266848.7537360263,4368.493871440484,518293.71841670887,15545.23984448439,98.5132993043322
294,0.744151127972139,0.034252703313489785,0.2389465873776668,10,14,800,4.691524092242413,0.9484817929052208,529793.8638792499,36836.52774649311,1220940.03233238,199841.72697506592,268444.29293456493,8166.05481380061,573424.5061925652,25218.353099315045,97.35709710483233
475,0.9941215329149142,0.08301091182143039,0.04432945558370757,13,8,600,1.631269590205734,0.7197533494821393,530604.9354688136,36987.40208050423,1222125.1899898904,200110.3796815323,292752.9574844053,4947.069642288722,663141.2212578035,24928.739461966015,81.2466524773122
566,0.6228107656014478,0.052741713730517836,0.18567630516178377,12,14,600,3.188870709227958,0.9280270008222598,530859.1184608678,41680.745748127105,1201479.1297403558,217047.51517902644,298481.19424679753,5337.347282076108,671045.6364352175,28179.518656306725,77.85345565922985
150,0.7983502940315084,0.04052310795382397,0.07605496058494339,10,13,300,0.30758513119617525,0.9531625076549846,530896.0647638531,34663.03579673868,1241484.3013176604,214901.33006421314,283257.01280311757,5190.768055300419,630264.9762303869,22713.670472929607,87.42556786506151
715,0.8247741014078653,0.05596728906739462,0.19285176730149498,6,4,500,1.2543673585805526,0.8038625803215043,531145.9062946546,33060.608610608484,1196806.1418823726,188853.4240089506,284698.5244103546,7044.320043418386,533494.8307096644,14261.194792265442,86.56433411262758
258,0.8008200853953789,0.06235702845569524,0.12561276491420853,9,10,1000,2.9652216709339205,0.7566102792711318,531441.0843281761,33451.162952894556,1232569.5471112772,197800.56476092144,282686.7081833038,5305.175465459096,591442.2497069063,13937.628488052374,87.9964883186412
111,0.7658496494908095,0.04267483403932193,0.3090622755537842,6,7,300,1.5496846313430546,0.7589272461830392,531880.534756093,29615.633204227554,1211168.7998487987,189966.0671330379,257686.3817247417,4325.174533588357,476622.60598407185,7247.68739848224,106.40614812320317
360,0.7181205910287332,0.0683004518255863,0.20549192814318298,7,3,800,4.872959056676648,0.6208794516179886,531910.1118559439,38250.86634060839,1210445.706502744,215382.04440068413,281312.88484339556,5885.275749253199,561732.8648067085,16626.27535030387,89.08131852974088
775,0.9194223352522396,0.05351456710551905,0.24420979125148862,10,18,800,3.1531764749154023,0.7720570928387305,532152.3224971395,37560.891531137735,1228611.4940816157,205877.7169196616,268502.9708183764,5076.510896795498,551269.6402084555,11302.848911760082,98.1923406192416
836,0.9682512546843103,0.046816446666814615,0.29651895613787094,13,7,900,4.600200262729518,0.8601020284374645,533253.3400722828,39819.24035131636,1259833.5771671955,191657.51313285515,252483.3020310713,5310.743153098855,562342.4475516549,14273.931804125254,111.20340861458598
595,0.9852636108260266,0.057376799706917725,0.15712255575565395,10,18,500,3.3877290259188793,0.8187715503941908,533624.5955195231,40976.20322036284,1199716.928470347,226960.41286820974,289972.55111884186,6549.343172340722,624330.2185477405,12903.229343421059,84.0258995068893
105,0.8371851621035287,0.051106332112599795,0.28562515667822397,10,5,500,3.85623334259869,0.7497741478881688,534510.3433231533,39094.868533749985,1247288.5831431125,199391.78291201303,254562.89860578525,4869.61707717889,514213.1268853376,21215.429066937635,109.97181688714707
68,0.9676706207342238,0.04137421001765307,0.2729984457777378,10,1,1000,4.052766653909164,0.9949104517259778,534791.601884567,31046.33684424966,1221118.9630919306,198356.95537936818,262848.1347293736,8025.97987927637,554738.9561057426,14228.048760564043,103.46029939880843
442,0.6813745900544365,0.06369320800016964,0.09565263403555346,12,14,900,0.9172109820171725,0.9419896078245897,535192.7473954356,37259.500977500385,1248671.690097687,224566.50301655062,303776.8252560234,5598.959427112173,696311.0030178777,29839.215472362594,76.17958412211816
589,0.935658643228301,0.07266334621025206,0.16170902313441218,10,3,900,2.7664531981150002,0.8081797616661144,535411.1328002563,37279.94362035734,1195440.5572231493,202064.9864232492,283292.70556247677,4864.77788767695,590891.5245920351,16393.864519219715,88.99573560752268
187,0.8827108867541783,0.08352095395047493,0.0602857648864953,14,11,900,1.7836602652000084,0.8134047701198782,535609.9698041163,30499.372447834754,1241698.9030261482,204369.0659545213,304940.6823893751,8235.140663425296,700749.0790774585,26779.86660597175,75.6439861048787
972,0.9499950752210606,0.04136915174353578,0.2845250000074224,8,5,600,1.915822342795629,0.9178651569591556,536278.459551845,34515.623428643514,1219244.494214654,183614.78610916733,262792.60890171526,9252.179113751068,506369.52249521064,23761.31870898845,104.06908009822064
861,0.6214788314397227,0.05312285423478025,0.06210149108630195,14,19,600,4.46029430104847,0.8931509811535594,536669.12227138,38770.132553655836,1232959.111555301,230641.32990773083,305449.9080885247,5527.033878256961,721669.3282971255,27856.13590394704,75.69791578259175
92,0.8324952885690449,0.07718135763710116,0.15434203055644524,8,1,1000,1.683021390969603,0.6537658707755897,536909.9538078172,28406.575849223274,1195886.214234553,171785.7728180198,281804.13347774884,3763.1579449545343,532363.0417679033,4717.655171855133,90.52593273980895
631,0.8110254595997679,0.085798183532595,0.06023792335539655,12,6,1000,4.91369770455193,0.6999891563475319,537047.4261532652,32501.89671039728,1233962.8861641993,213453.37488708325,307760.5751447192,7295.690513332046,695316.2741487145,21502.3285166031,74.50169694436258
347,0.7170060364282967,0.07616479473226773,0.08985040375466123,11,7,900,4.211153731719739,0.8195921797766568,537329.9787033142,41383.04668909106,1238270.945862944,227139.1333946602,303007.7867470727,6558.874319244431,677900.5575032448,19751.078071591706,77.33206940712563
518,0.7670667983267979,0.058179242582247936,0.19383875066095313,8,17,600,1.7733310249254142,0.8202653517763406,537364.7586567578,36790.87081991128,1226991.073116968,193583.9880624572,297098.8355939502,6115.716539367897,604730.4859211333,9283.742705102844,80.87070505762026
556,0.7303293843081939,0.06388732639499523,0.14270995993072563,11,12,300,3.3252799450331554,0.8226313714008613,537640.2852561398,41665.39367233223,1242822.6990869648,221192.27628409854,298434.72626943403,6895.804257729614,663272.4935474234,18425.841438177944,80.15339299714917
523,0.7142798376179058,0.0456870524302046,0.10444774880549464,7,5,900,2.1422895192439775,0.8925985856172556,537869.6450223055,39560.27757256959,1225124.2056327062,236597.168757962,284124.2099111811,5244.9192496206115,561862.6764188242,10462.22434300149,89.30792458356389
668,0.8646815381925387,0.10956303233540043,0.04385295615508642,12,1,500,0.13433827022467648,0.7521927541972143,538134.7889463849,31305.46830141986,1175491.3279580262,179785.9464999917,297418.75466524635,3725.433172950278,565556.305856037,15993.698059064673,80.935055542167
325,0.642103674078805,0.08367986656931398,0.30160757694897733,13,3,600,0.6789452353196856,0.6397208811014772,538339.926837673,27208.2441827292,1210627.455151131,151788.71935323282,280110.0752864201,5611.856720982146,543132.2619050465,16943.403701004187,92.18870520355465
748,0.9597650088669301,0.06676711658037471,0.1260089349962386,7,15,500,2.534998100716737,0.8288687847135079,538348.85769067,33742.19268606083,1186834.4663674629,226087.36535158582,319636.67526577046,5948.935269937353,660424.0039786051,12024.707155336446,68.42524633415279
27,0.6036788206466518,0.05073577143301605,0.20905053073241675,7,14,500,2.428068767931133,0.7793696571944989,539061.3787938763,29976.41640624569,1225029.8525655598,181331.77475482735,282171.1391843654,4690.8590257159585,561339.5357535854,3088.9177217061606,91.04057925699607
829,0.9026156668904963,0.047624466986434744,0.018241168753895455,8,9,600,0.8744196809743132,0.869057737410716,539293.0375241693,33842.67114124541,1216214.6843365668,203984.03745237066,305443.52970360353,6816.4736239994545,633238.9527178113,15358.045889255496,76.56063562632633
117,0.6952731124186906,0.04972069637967258,0.08295165729983622,13,14,600,4.813246592774373,0.9777638902309094,540120.8304146903,42940.248989091146,1243788.7201850214,228069.38004464764,302232.44672380295,9720.586501171201,723904.6937827372,35967.6141656978,78.71040527567285
994,0.8926718395149926,0.07707376216816708,0.266693099243484,7,10,800,1.4902878589740476,0.769015752089542,540149.2437680208,26890.173142828557,1195678.7092349285,166709.87268446258,302883.4289486352,4802.607278220616,588343.7178610216,20468.141605604727,78.335686981285
759,0.8329740307553184,0.09329504843658376,0.06646965993071367,11,5,1000,4.738980330072286,0.7586362297545319,541122.8332311154,35584.9092066253,1243046.3292560226,209220.85855162452,320581.8833335777,7378.330636124174,719934.3258674544,24406.278299041158,68.79395292217943
350,0.8253155723815259,0.05997684651194496,0.28503750721070054,13,18,800,2.483477114089733,0.7137096371710067,541440.9736561365,47979.13324205673,1250675.4667412646,207827.1065186944,274392.2706574282,4100.052257549412,554731.9422807109,20446.008914022153,97.32369733260886
502,0.6369442112445514,0.08139549460311468,0.18856385023806244,13,14,900,2.233572636292602,0.8006071841400666,541622.2316545871,38838.51739830797,1248750.0106916293,219527.27407407705,313198.4733788116,5926.012589041599,696458.9414875308,16537.548547585564,72.93258993618987
659,0.8181961361979343,0.10352854169151643,0.17319193338549024,13,5,300,0.03023521591989209,0.7935440875457246,542426.7505604429,36798.69608549768,1211956.9647508457,189618.02368331747,295100.3428753247,4104.607742553975,618415.7905859866,27529.108152341603,83.81095232736133
742,0.9718598430805313,0.06230669283916368,0.20574278665216963,7,18,300,2.769897436100403,0.7191819725267462,542617.1043328587,28467.79958840109,1240988.0486910269,177719.7335079657,297359.3184772106,6275.90804538678,595839.0959715593,17995.79876888621,82.47859428506341
96,0.9367315107033088,0.06988618831314475,0.24858019355796707,8,5,900,1.1784587303249987,0.8535034254880709,543077.6851967655,42379.11778744167,1215211.8239285261,219554.43349012572,288017.8843153034,4236.653475476282,553574.8799059518,13465.926551763307,88.55693162520389
59,0.6325395122567599,0.04241885704259596,0.3059918735503526,6,17,300,2.9594436941064215,0.7400872986801255,543406.6940068133,38415.06476380284,1230574.764932812,206284.00867972677,272991.5414622407,5730.409700977708,525976.3017749981,15682.281804682487,99.05623855454718
535,0.9222595221453368,0.11215927942676313,0.0778237213031688,10,8,900,0.44958122429851144,0.6772997660936673,544073.05682332,30396.083948506825,1227364.7845936923,199398.97633916725,328216.6000895483,4686.841105012899,687534.8227405652,15679.167020627674,65.76646539964126
698,0.9318263325713474,0.0668478271997181,0.2906183469003396,12,10,900,3.3830861677625323,0.7453615727997708,544677.2627329952,40375.40393678349,1255915.3531029518,204203.64861740047,279078.2841999438,2220.9195831690085,573984.3200146253,24951.822828178483,95.17006287123534
576,0.7566969802249113,0.08133040755274257,0.23030970294766553,11,4,300,0.20982036721817143,0.7454581435677798,544945.3846889546,33067.20767242226,1243818.4041409618,174479.88976251974,279707.9786974076,6432.121440516272,552181.4363975705,14028.887171000424,94.82654274888773
942,0.74143004945291,0.06623447700892737,0.21168479575394564,11,1,300,4.174783875260585,0.9370138033407207,544995.2369149013,37435.94595596958,1257749.4051033943,197561.27651645883,285567.78108673886,8083.773494888507,642211.3612526295,15351.96882606839,90.84619239639065
35,0.9394679179698697,0.06831066572101441,0.2226732990730356,12,10,500,4.050566973395904,0.9468289274320415,545152.9723788742,40779.13244990389,1231035.4842616548,220876.3430464714,304535.2291479976,7089.563330479391,689973.6439116595,33470.922083211415,79.01146409368009
872,0.8152484040159252,0.03527503185494729,0.2902098973391918,9,10,600,3.2375989778508156,0.9875777588697164,545387.173496817,46684.32921487797,1236556.1121658073,232802.8035843371,292562.41652860434,6410.305520037022,610145.6484842623,21497.401190868608,86.41737375842791
273,0.8900622910204459,0.0955953507323945,0.11147893159970451,8,12,300,0.9150772211736358,0.6088140641190016,545504.7512079588,34561.09957803795,1217457.1829378107,197386.12010867387,331828.09446364356,6901.009964365607,680547.2440235937,20702.881020835935,64.39378109008382
54,0.7190540698037243,0.04999244358093169,0.02604558902421067,14,19,800,1.7745259523136032,0.9827203540505826,546137.4195135809,38573.83027473843,1266151.4289096636,232588.13127562706,311842.58652719035,5774.090386070204,750108.3519732221,28576.993589578185,75.13240433117103
186,0.7815158165534557,0.11802523167323198,0.032049024199003795,14,1,900,1.2435713629381495,0.846857994641612,546176.4332108315,35140.15408838935,1228143.1083072568,208731.51755909127,312699.0076301211,3944.274384747577,662102.6077799535,14966.01383556923,74.66522754587099
643,0.627274647906185,0.09356213520525086,0.17666487096568598,12,3,1000,1.8843344017359427,0.9503619699999578,546265.5699269881,38637.9040719047,1256732.8923018463,204349.45107650675,302667.25149968633,6335.112350687055,661377.6905308686,22166.103074855953,80.48387039572209
722,0.622282734446098,0.06461190005137468,0.027322323840110796,9,9,800,2.7189353519587343,0.8779880532485903,546295.8897241389,36544.08246026661,1229452.5944197562,220048.480586692,322611.9060745962,6229.439179982068,699490.1387581516,17439.10709922959,69.33531572694689
157,0.7568604845780786,0.0897486617119167,0.23610965021515576,11,4,800,3.439428611504067,0.6271348236420687,547216.9792914047,42621.65550215992,1265120.603480253,203500.16359804178,301354.98952066724,6466.74074723931,624138.1595165102,8659.889946012907,81.58550490960961
154,0.930326700225905,0.0644349337367226,0.11053565627774256,12,18,800,2.780908675198785,0.9026543215139738,548262.7427812514,36957.97392359948,1236836.905790693,227115.82378783802,314799.7594121733,10072.417185535707,711174.5225935616,28661.034578783754,74.16237668193406
743,0.7820302542081538,0.08177689726509368,0.10123715484041085,11,6,500,4.4987153920443586,0.8513627830563959,548703.2124677039,38368.59822071109,1251571.7051977024,220354.75805245904,316376.4356333389,6741.160585368163,723906.7395767851,17279.94206876955,73.43365392219592
276,0.7938785148520188,0.08288727008163788,0.2937094441000847,14,2,500,2.311477805003036,0.7647062166338034,548817.896826341,33230.20395919297,1259559.5155580284,185414.6929275163,286563.9147084599,2517.483643265983,616740.5594138147,19662.554985200804,91.51675024564385
774,0.9966497371844912,0.08180810206913813,0.2175332917425947,6,3,500,3.4333930586206476,0.6974459167928777,548825.6117459569,31247.850678643837,1206632.7222792362,206470.95319263524,310368.8369029366,6343.193383423518,606171.8308438644,25898.825350099392,76.83012805747451
999,0.9882672111175482,0.08785762291841293,0.189134986004651,9,13,800,2.580674023372489,0.7219352677025068,549102.5560881041,27769.921804180576,1206652.7241794656,193472.46087107292,312911.4134598178,8774.982846609259,638166.6966315451,15837.26406869995,75.48179212025342
717,0.983548749276164,0.07140715223643368,0.18394887281431752,11,19,300,4.993964679078273,0.6219865227359288,549576.3153994767,39505.75159091339,1239822.8078438558,197249.70487217617,305040.1248385368,4215.0386980233925,660698.3258899389,23421.67319109259,80.16525389582019
980,0.702516950147687,0.0952067480124551,0.21098604725776543,11,5,600,1.931181976495448,0.7939434958864414,549882.892352825,26980.910177831884,1223701.0922603037,205336.98638828355,312722.4150335242,6429.70427694669,662583.9008908579,17397.839845232378,75.83737714927692
84,0.8949620824375276,0.09114193923797903,0.1791895276056509,6,7,1000,1.6374867608895731,0.6479048527277005,550351.3161832662,24502.31319912761,1256528.7760972672,182135.29170516232,310821.3816163228,6565.531019440431,599268.3832213985,17564.76736604599,77.06353189775686
147,0.9263332499962471,0.11222028591833033,0.07714528444678692,14,9,800,2.9004310391890558,0.6365947349591019,550629.6771777956,26041.99541605826,1232457.8840062874,204557.75370913872,331168.58431927,8230.352807151097,735344.840922578,29803.89513494519,66.26869312185408
528,0.9990491289005542,0.09556604422444842,0.14789524589787173,7,17,600,4.692648917365652,0.6724733116200331,550776.5970890659,36095.826570228695,1186968.11171364,198787.17094750653,337438.1226091534,6198.5152022769735,689429.300426,24269.030496023326,63.222991175486555
251,0.8624647350724286,0.08871438473485344,0.1735080756690815,14,13,500,0.5397185732323218,0.8741192064463493,551619.3123224804,34959.00124341175,1250315.7746171702,210735.49589151907,315986.61680423486,5676.454807876803,714157.2826944465,28398.604841581127,74.57046690816924
911,0.8349391164972112,0.08710533753569549,0.29886749025341125,14,6,500,4.996036494717204,0.7147386582588799,551724.9387672268,37137.88498148609,1258765.0739879375,204118.30002042104,306018.558091995,8629.11029458303,649397.4017485644,16733.63061145009,80.2913333776861
446,0.7284648610543814,0.11005566295237657,0.11515616028584853,13,4,600,1.8474096701569014,0.6181277115843579,553486.387082833,31310.86486359683,1253114.171500457,203821.93697334616,320003.2086172188,6748.9326010705445,686677.7413615553,18120.71218993112,72.96276167808738
364,0.9510588078603126,0.020828409191341213,0.12929427387761083,6,16,300,2.6064802382706946,0.9904055293116855,553645.990862265,36174.68797821845,1254684.2286002554,216966.10605135726,321140.2964028602,8496.226885629729,645281.4287964407,21082.59299318206,72.40003732441409
898,0.7282270344065996,0.06748924303582104,0.09885302966769954,7,1,600,1.733593806179556,0.8985808515428455,553657.1045858343,37179.469429932964,1203210.9449488006,220094.6843485409,329572.30218327465,6102.598683975919,628681.7584367172,16153.866372736817,67.99260766699578
600,0.9986105235194477,0.06760865685642736,0.21263681360092768,13,12,1000,4.3980074835588105,0.9628167841660087,553708.2448187077,40942.097880958936,1247207.5580847694,228896.82242184962,309491.5009548174,2896.737605469138,724342.5440530789,21142.703775797472,78.90903081682474
515,0.8262752688564023,0.09133619211983407,0.05187966020794003,11,13,300,1.3787870222064065,0.681698703564867,553708.9715250066,36382.623409242966,1231446.8450960657,222159.7281319082,337327.61400841264,7103.148895558207,755569.324183807,34648.38056997332,64.14575876115424
529,0.8491013612959364,0.11133803956154248,0.10216492510638125,12,2,900,2.827099838038712,0.7769009106078236,554149.9617274811,35918.45500360633,1243250.45401266,210872.56662520976,320324.5070064113,5640.8914317824065,707742.8324186078,24293.958331364105,72.99643005971745
573,0.7602816667337866,0.05757308919760057,0.27498208042786715,8,6,500,3.069897281366969,0.8465712709487481,554776.0907362775,31656.204749150773,1270547.423170009,201802.41883764334,285828.16306376306,5720.285700984573,566607.4197013105,17436.18718286258,94.0942714635566
15,0.782613828193164,0.1092202186084168,0.13495298436110986,12,7,1000,0.5502596226383838,0.6911740650167767,555262.6534324613,37409.77231617069,1289007.8798895853,199069.35519762782,315484.13610158936,4918.277481743817,672599.4974656288,24126.81413977748,76.00335164036922
962,0.8335706156790965,0.04121663600949538,0.2396957010115549,11,17,300,1.6225332458447368,0.9780489794979548,555401.4219330729,38561.22882760869,1280421.690747553,198160.44608028184,299001.71893448307,9085.946105094794,645533.0757566937,20379.92534805751,85.75191604660033
674,0.7303298336077795,0.09586810869513324,0.17664918405088942,8,6,800,4.3482484240608565,0.6352537723906766,555443.3810947285,40541.63133986554,1243398.6211965985,232584.9998200053,320866.6837598911,4289.511296403968,652913.9783168505,5435.868176794018,73.10721530390309
386,0.6144075273165706,0.08761088605291367,0.27003110635180005,14,4,900,3.5957994847228445,0.8253298568132187,555479.2749186956,43194.69743339518,1252901.8211585938,226772.74720708583,307941.0375304582,5324.906072881496,686530.9024857372,17179.350565569275,80.38494621352751
4,0.8430179407605753,0.08526206184364576,0.029515477895583855,9,14,500,1.9270825126995805,0.6063865008880857,555557.9618761071,31770.235379205264,1241890.9073625582,205573.11503621453,345446.00134817685,9831.684814500972,759807.6545729773,30697.636023490122,60.82338765188291
755,0.7262673924656264,0.06262561554810397,0.2066529915538338,6,16,900,0.6984618630146933,0.886294370564318,555690.8495348704,22488.634949922536,1226916.5030861148,164796.73627907594,327433.4156294587,6948.424125872228,643248.5940014295,12025.214270431463,69.71109942050634
270,0.7072556080382053,0.07819090220172398,0.2659268870210951,9,18,500,2.809964237334034,0.7383681790006777,556124.5121228029,52632.9886469796,1219361.6399530638,232553.25419675378,317903.4343773886,2833.487370790053,644810.2014593941,16333.616276363753,74.93504378522
409,0.8529128614550558,0.0994960694797184,0.13550015923068404,11,18,500,4.573655574782518,0.6045922638997511,556916.7962920974,29564.394845881932,1221608.7686674618,194291.66664268053,337798.5802351624,8161.500733699049,723666.4129718186,27086.18752925789,64.86652960601353
944,0.6959795614894525,0.04168952688437977,0.28855232558313354,7,15,300,2.278128076776001,0.8823036204147939,557417.8131726669,37774.55812492496,1276439.777147348,196108.85600534096,286765.60902154265,5957.593313859275,568378.7460013445,21418.64851229274,94.38098420330176
815,0.7710167421438848,0.08043014674254895,0.22010436665997085,12,14,300,0.3946492751920616,0.6766685275321097,557456.8937045708,29722.362620994678,1250510.860992432,163547.1333638061,307504.0579997758,2940.065081952759,646610.5304636741,14449.503947593086,81.28440233623755
206,0.648754437334779,0.09057467476734016,0.21433535618949484,12,13,300,2.836561098144518,0.7026251134805455,557805.2679771635,31060.38518844873,1242641.3503535069,206668.22170285246,331343.58779269474,5792.0209015293285,710115.698099854,16657.707022525396,68.34648036893796
929,0.9068933576636892,0.10294365538329969,0.10650591061039281,8,10,600,4.683306522923405,0.6425114046282143,558619.2502792573,32804.311677168684,1242525.3814916923,217121.2620488178,341189.11891700217,8113.239544827459,724774.8954434498,28068.761739352467,63.72715872429311
703,0.6533377869265481,0.12127213829148537,0.0975080352164758,9,5,500,2.3715433243421513,0.6672080208770714,560200.5749512643,33154.58973283507,1211835.0785292764,220706.38790426782,354682.1143766931,6966.479309021281,741312.9285623248,25722.07041645992,57.94441057050275
601,0.9966131103309546,0.10415769500425898,0.11663180120921851,12,11,600,2.0919476668916674,0.7431244997342372,560210.8396842505,44050.26378820859,1264910.0023002638,220301.56092942427,331468.7379022617,7227.117515005401,721309.5564806846,30064.795738796776,69.00865017606476
88,0.6611436556737328,0.12297886419225407,0.0582044119778667,13,9,600,2.6225569478512734,0.7641587307958646,560833.8952815268,36116.15193218453,1232309.6501243634,231933.2723961574,358641.1490067911,7083.576575021421,811606.3387649495,32588.916764607606,56.37745329410235
543,0.646912059120178,0.08453088921985813,0.11554150192310575,8,19,900,3.840027176566048,0.7737445992564871,561966.9623490014,39080.05209210938,1250534.3323544017,213986.98674657955,343184.0745307765,7646.048350014695,727171.4513009309,20717.691078061398,63.75088591082181
87,0.8430220889174291,0.12217657773232726,0.15947430935468207,11,5,300,1.1861339586799724,0.6407129890481614,562775.6286937583,35534.18761760459,1250685.952458374,195810.03162967894,337154.4541061784,5190.48598860682,695955.4042226181,20459.51771764529,66.91923296274356
893,0.7690810278108691,0.10043859007011413,0.10171064074314656,11,6,1000,3.8974150844226423,0.9068682873796243,563245.6291879083,43503.02366899529,1281562.1924118155,222382.87849511957,336637.66294339753,6266.701012356235,757410.0572385035,17559.531293372853,67.31509607783035
107,0.9355592345783736,0.06233134060163342,0.2862525647852117,11,19,900,1.8965284919277443,0.8976998607373154,563625.5878773313,28904.50650819732,1255585.0532487468,187606.67821614823,305308.82592453144,7557.972670747631,638512.9494479923,23194.243229509404,84.60835063335266
964,0.8676214061267791,0.06314173629228448,0.29373294917390413,6,2,300,3.5997976968473977,0.9015254851913476,563779.8883994066,33886.46490180644,1237152.957765729,202799.47653793523,325496.8920289281,8373.291933685045,636680.7822663346,24468.792816315457,73.20592061115639
119,0.6106128815495279,0.09071771754489866,0.18491246829090766,7,2,300,4.087217808692205,0.7367269406791503,564318.8746462163,36032.708663228244,1240638.9832161535,219885.7423252118,342044.6922807616,7086.780995539338,690366.8817274839,18231.509184821705,64.9839589333562
400,0.8660584776953621,0.07866314000091412,0.045662317353121595,6,12,900,4.735453335542595,0.7985035011529447,564993.5375548161,36981.4393942335,1246984.3550717798,222420.71887244142,357506.7736947595,6282.665565709668,738234.6124239631,22257.565813483863,58.03715597210179
638,0.6215322099633837,0.09493766454795999,0.021687353904539266,13,18,1000,1.706222248788603,0.7776733627513466,565271.4267692857,37028.448203944274,1267243.9986520526,226670.72986202003,356520.17304409016,9575.072315950956,816369.2262952243,35293.44916852516,58.55243812511548
855,0.8034823936865066,0.12156226521133434,0.23342521948897668,13,1,1000,2.3035608567413774,0.7145119448447763,565332.7636740489,33084.77253963173,1279632.6358046543,184733.478817334,322876.12513813557,4863.737151794497,672646.0535264602,9316.69139236012,75.09277387177002
801,0.6848324949909511,0.11949884010577566,0.09438536906591022,14,11,500,0.5181836324039779,0.8809621463464807,565359.1928210243,35191.87227104599,1275744.7237250032,215077.39732176563,343935.8951443204,8135.262847763766,783094.9593156307,35744.010344731076,64.37923485241097
711,0.9893043532121967,0.10070315460667612,0.012863005920167994,10,4,600,4.699621864428544,0.7372106850360097,565501.1905610167,42435.50252561806,1263500.3665213801,226433.6189633083,351257.0330257893,5890.447452949682,794132.0683250595,21403.06553142455,60.99355668118325
709,0.95109976194505,0.10199730180469369,0.2579393828476549,10,15,800,1.5569096994629217,0.7606787571039106,565583.711725144,30751.17343967922,1248361.348455897,151954.6605294796,334384.05449650355,4063.875066070094,679249.2377685312,19401.062478648277,69.14195043683158
416,0.9531975299319092,0.10131631706767158,0.18627576133282056,7,13,800,3.1374328589213967,0.7542454051462593,566722.4555061541,28291.811944622797,1222029.1925796843,208083.22527143662,344440.14548058034,3156.7858069845006,695032.9045800958,13555.672863747901,64.53437932312862
882,0.9869312445413879,0.13429946645729873,0.1584477854801639,14,1,300,2.513917209233403,0.6577745936620311,566748.1392397174,34281.36446447586,1245142.5036273615,200593.756263087,339339.99481284013,8671.06679627983,716969.4906964692,25517.663918261394,67.01483700802852
42,0.6625748170684344,0.12512144908229766,0.17476799941183616,14,8,900,1.3996694847297142,0.9819461122652776,567237.2219301071,23188.31032861566,1243299.3890711903,199991.32223773983,345141.37308172655,8176.216189950186,763899.4716317462,24360.218386847228,64.34923952040666
99,0.8496951983655968,0.058449020354182035,0.29194963708404253,12,19,500,0.6963603633169363,0.9176100757081184,567674.2285475808,22591.753968374127,1312098.9311627627,195096.72934624492,306143.8223431972,6906.09037010191,653597.7083993349,23733.16771933904,85.42730152209295
989,0.8646364263837061,0.1181682951343756,0.03935710081493501,14,13,600,2.5924648747112022,0.7409235536836714,568118.3680140695,34729.34601597541,1273474.1798646387,216514.74376439373,359903.07486617554,6278.036919986851,820292.5975406037,26366.128084681386,57.85315761064715
148,0.9509843450521521,0.13280002129435303,0.04885447638484125,14,3,300,4.260967666735039,0.614168947367418,568135.9533665276,34946.82084280513,1258598.9395927258,218284.95265790922,363188.790487627,7701.168283357584,824089.1750433908,33382.06426250507,56.42992521981007
737,0.6731458107019489,0.11620202310720656,0.200689599592012,7,13,800,1.12919816111696,0.6704099020164535,568258.0872478458,31195.60338171618,1226442.2072394013,177021.31088943168,357982.63639208704,7811.367471318734,714410.0664355033,20130.140140343046,58.73900839856678
585,0.679764639103414,0.1322359083335954,0.16106409445356584,13,2,800,4.676890806535586,0.7864465170633956,568310.2946961969,39190.20306697398,1298099.5647280484,237087.46846027175,357786.619146795,6788.914946733202,803980.0954859119,18673.609885466463,58.840567054025826
732,0.8958324708886971,0.10548494530997521,0.2624866022628322,11,18,900,2.3016452532138256,0.6870351759726578,568748.6613874219,29655.051738346316,1267557.2726618238,165807.82612225023,334098.9399527859,2015.0996536886928,690863.2245703699,11335.64000557393,70.23360249745065
524,0.9297886070418196,0.07321812830140806,0.25987891467226837,11,14,800,1.895202426915175,0.966024293006889,568769.4210335665,37359.078884132614,1244619.621218603,174118.86253009993,332824.6290451914,5431.256171671168,717836.1732304124,37770.380309561835,70.89162621926582
971,0.9546461955957422,0.13151808876946514,0.0773678407806689,13,6,500,3.6715499449155375,0.8543758306965734,569426.6012430156,39958.78088914543,1275829.9943157514,230966.59041067032,353118.9009214594,8809.76949706302,810180.8422083196,21106.734631833773,61.25633596986848
123,0.7610200174387922,0.10901155374704324,0.20351625033079884,9,13,500,1.3615366325968448,0.6073562706189867,569788.1142818021,40171.518452644676,1237073.6459517914,210649.17151842627,339431.79049354175,4663.958267752643,684350.2184441967,17740.767641012575,67.86527668882071
628,0.7216967455308783,0.06962342229705476,0.1936025589878366,11,14,500,0.23598350848689498,0.9845666478568198,570101.9285379113,38369.463008166924,1317788.324427121,209572.63985628364,327764.5585429422,9582.425806987701,733188.3589809434,37203.78027366211,73.93641675972087
900,0.9230809476176228,0.12317412362115093,0.028976022669603876,12,13,900,1.2660058168498833,0.8221183301312726,570108.2931588214,32773.42854694668,1267882.878706187,197293.65125631526,358159.2115609577,6297.272989154093,805327.306337436,29815.711813371614,59.177336434858255
620,0.7944694616419532,0.054506807820464354,0.08456194627822779,9,19,500,2.729617666545,0.970482080753738,570566.8465717714,36092.67674571666,1260110.9999431088,236427.52935442288,352577.59337835404,8031.08139830627,779021.375627587,30352.288014245718,61.82731327441198
195,0.8706053543108986,0.10783757619885859,0.20766564106979715,10,16,900,2.8859261835587406,0.7394294668967882,571087.8342438812,34685.47644382485,1253597.5194920418,211531.33632660573,345334.9760501202,3219.6660959388505,714700.6454766777,22118.314538368613,65.37213831505915
998,0.8758554078635624,0.1506958978831796,0.19779517417538608,12,5,600,1.0840713796455415,0.867844502615007,571088.2729763312,40553.52001102724,1273819.755454331,208373.39564661446,348072.10193255293,5320.77050566762,739966.0192565857,20871.715394310842,64.07183161349508
28,0.9977829850443283,0.08796262633867269,0.015422609084656261,10,16,800,1.8323439229142995,0.8976682092226249,572014.6433165637,34649.63005889554,1277596.1956851524,212750.4135974897,357179.21515652264,7138.54935407712,795285.9962343993,31171.350550352356,60.147796692452026
193,0.6624655379168696,0.11728064666741433,0.2990040498461197,7,1,500,1.8714838356989634,0.6070063963448249,572191.9287878586,24851.842285262777,1241327.8058129698,191052.69895302656,338201.48637398606,8181.384425699296,633758.5943340315,26898.93343313163,69.18669841537121
421,0.6857625931972658,0.1354031640184863,0.08426793108396591,13,11,900,2.1238576521252646,0.686137752553021,573030.1721919777,35366.52082434366,1282166.8026374925,218756.5070467847,363078.3700563119,6441.718770823256,801476.9139569681,21851.85760552616,57.82547776203337
699,0.975272469009889,0.13778338815458924,0.10965175661851975,13,9,900,4.647017419245769,0.6819209636224838,573359.65600028,37186.83139338963,1268158.2488171507,207363.38575849315,363518.2043152788,6032.197752773342,796850.105506634,20489.323168122773,57.725156317895454
734,0.7158911934952858,0.11937588554301204,0.07406285634710241,10,10,300,1.0872646610861798,0.7466715518811926,574370.9812528995,35907.46230216278,1267429.7211068366,214568.25254695123,364004.1330923155,9701.168732736782,790733.4705761524,28850.840793758736,57.79243394119171
74,0.6851856646035643,0.06818573779338488,0.014363399700364578,11,18,500,3.183221608111413,0.8219262434168902,575008.5903984515,39326.58206000415,1276627.1333806484,233962.9649250952,371872.4002422108,9515.787304274329,857098.0435163218,41824.33195813893,54.62523973920423
126,0.8660146698185022,0.0876856393117248,0.28432358377748795,10,14,500,0.831416843780397,0.8952134465705481,575500.7382104337,38738.36606329796,1280005.7581791668,190530.85694880938,340998.0562086942,6800.002277964466,716457.7020828042,28979.52602623618,68.7695069611252
788,0.8574879225299783,0.13857217593667992,0.14490309315511601,13,2,300,4.795421211412017,0.676938545261566,575682.2336060447,29222.11474317781,1284723.1863687176,187687.21432607132,361930.1493332658,8861.113516782098,799501.7529072608,40505.05704039408,59.058932964425594
211,0.9451188310172914,0.10836990004538782,0.038714366656048514,10,15,600,3.035470180443904,0.818678965085628,575755.6534149398,34347.87705422222,1274850.930154572,214071.6632328537,368245.5329356123,6988.31617612893,814273.4538132453,28890.72941725615,56.35102178296092
651,0.6882035148546592,0.09298075377870885,0.29524559797492944,12,15,800,4.84807969452169,0.8938834281060102,575912.2382006322,37534.12586881912,1279372.1163170184,229944.74572468025,351139.83846574876,7232.519610160172,776880.829065953,34603.38005349412,64.01221824245053
590,0.997832795614104,0.10092091768187905,0.08743117874814052,10,7,1000,4.1116955572842375,0.9611055151858034,576008.5849682656,40233.077912696084,1280135.1200587125,215645.5826971058,349175.73159113614,5849.0370906859225,773627.6290319331,22279.624634408814,64.96237649263013
269,0.71287482987728,0.13085284186795298,0.08409363972159994,13,10,1000,2.144434394305193,0.9379157745144086,576338.4245834152,32959.10041400834,1290420.398626978,215169.1287170489,361590.46964470495,7997.429572926871,816790.8865484999,31512.3236898181,59.38982715714807
676,0.6785947867824844,0.10587293102620976,0.02244919765297191,10,11,1000,4.289674569986644,0.8667709789834723,576681.2645839425,36493.190884821604,1278035.8628555166,226598.8693933962,370916.7069771395,7296.430550573323,828549.9706926201,27280.3549224609,55.47459948184128
454,0.7298047200701369,0.13475593114613632,0.06727797552149305,9,7,1000,0.3157014646369566,0.9107161933628909,576904.5098913265,36818.91503171097,1254676.9563665213,206844.75292353384,367285.41815331596,5257.506844459842,750171.0717809611,21238.097551136354,57.07253307031897
819,0.7220398747278106,0.08442964468351766,0.14820183749649796,6,16,600,2.720543119697343,0.8206849488079868,577314.8755801498,38921.85885401893,1263543.965798698,199191.1092324447,361578.45608189184,4601.730342836989,736208.1100202799,25385.156794076567,59.66517525297388
306,0.8810535092342064,0.11871673418740314,0.1637091332637372,9,12,900,4.853831032373915,0.7050702570394607,578036.8453857845,37282.10723724384,1278000.3369281248,213419.79344781296,358853.91688077356,7729.787271495063,748092.7030172606,20800.167100953513,61.078594434802504
645,0.7192264804680016,0.16020064307010745,0.059286052981722785,13,3,600,1.6314107578447323,0.6083032128495857,578338.3558553635,35884.85443045515,1271308.6605470465,222566.25460639296,372631.68358062295,5675.309990217855,797470.9827785739,22051.902826426387,55.203752482371435
144,0.9964674504547906,0.1158358506917217,0.2928195322405377,11,19,900,0.6016938101749797,0.6187781428591251,578727.4193570685,36562.13835383887,1245417.2966285446,152886.42731926838,335598.37901324965,4532.19518853711,668246.3848466158,24362.880492615768,72.44642869214215
266,0.9762716980461362,0.12964837943288687,0.13889704382168053,8,5,900,2.308664068061911,0.7923624003012278,578788.9644569384,40112.77035117045,1267953.2233666214,214635.06063272068,363273.57697197684,8288.791158625776,738317.181717857,22094.516995760976,59.32591885194738
391,0.8156378210944035,0.14123621318500185,0.13756845563130818,10,9,300,2.9521554491134667,0.624532382257313,579545.6202762731,40189.547650197776,1266923.2203174313,225760.19615963192,379726.9896865228,4819.917408986531,806314.933607517,18317.208259407496,52.621656088946224
691,0.8185628296848528,0.1248720896146776,0.11298264671933447,13,12,500,0.08014078227561561,0.9854740754748197,580060.1922427654,36964.734799934566,1326702.496179774,221280.10584171666,353968.4568080985,7112.942117939479,801809.7650998984,40016.92924265191,63.87341331864525
945,0.9283360946819403,0.1181713716641048,0.20840504196309864,6,5,600,1.7532134572857343,0.750724251109685,580536.1547458342,35361.619585460154,1252544.0268664607,209319.73452405597,362901.4617927467,7005.772518128532,702975.2759940786,17986.092080563125,59.97074023288968
168,0.8606077867209059,0.16296273197603744,0.18707918166568674,13,11,900,0.7479032133378288,0.785839438654324,580771.6644749355,33295.271499995644,1289935.6406496179,206580.07614400002,375091.35650005686,2778.8063389085833,815548.5573824197,15530.581022590546,54.83472343752807
72,0.842469853780352,0.11432140275173136,0.21151020532175702,7,8,500,2.4908259332294644,0.7904842787156057,580788.8689684344,38943.2771370132,1287988.80485836,183438.42151894871,368480.41920016083,5817.307206889046,749054.5075170418,23246.93143574221,57.617294897004086
731,0.9933363073656907,0.1208006382178815,0.21438463315973014,8,7,500,0.3204735551808774,0.8384570598199588,581083.6037742089,33592.13362316807,1257459.8188683048,187753.33548974065,362044.4052621761,7716.047959313785,699610.4124845444,29267.218714879393,60.50064448680392
690,0.7060834147987316,0.08487960069641326,0.038692208807114783,7,8,500,4.564004002039309,0.8441452031272628,581268.1462816428,38581.28553345527,1281497.4698410083,237958.98396907983,378068.25784522167,9519.276723648112,792979.139012954,19899.084347952245,53.74687882938052
435,0.8059733399653037,0.08068140052769185,0.03506630125320692,6,11,500,4.408312411663563,0.6485981564351061,581270.6019065971,34134.91504177991,1266363.780624236,213042.49556185375,385054.4056453363,8941.830255517552,808608.8370500925,23713.325341072752,50.958044729396114
588,0.8969174152681051,0.1220808043580765,0.18940273519862488,11,13,900,2.416471424831626,0.7531136401612162,581985.31101676,33165.51180445409,1251227.1802788842,213069.7641419438,353528.81997995626,6555.034750414949,749634.6996752762,17831.86794873278,64.62174457226891
141,0.8950329206355565,0.11938857288415117,0.0431422339394184,13,18,800,3.57776657617121,0.8356434137883579,582316.4238974373,36117.18341876197,1285300.3843053137,218781.24490316166,379974.8406247728,9151.962267921102,859042.2250048788,39841.13555828472,53.2513107815151
456,0.6124596371173564,0.1297882246375246,0.020102921162339207,10,3,900,3.150199392399911,0.9432481577004415,582895.9605971937,35188.90762750126,1290640.3939513394,222958.17981532382,370286.77392923285,7153.631087101002,811301.8517709124,24079.791281034744,57.41744011321168
39,0.9311476015150355,0.13577145790987094,0.29957554911723094,12,4,1000,0.2584086058430385,0.8125418526272592,583537.6376139326,45943.66126051307,1318718.8379394219,226090.93632824023,321553.10661539197,6167.619342609922,642853.5977543944,19097.482254967712,81.47473173440648
179,0.6122610008823224,0.12884144425560684,0.1487868870217949,10,5,800,3.676751493328763,0.9070895552267121,583902.2624175862,31711.83502961314,1278411.4740240006,216536.67172319698,375543.6028437716,6710.732042598916,813973.1239832791,23895.34598843631,55.4818822624155
394,0.7690516788054437,0.15146545282021462,0.10758854020690933,14,16,600,1.3571928881710011,0.6501425903169542,584808.8311565421,36315.58730177065,1269616.3030784575,211183.036098076,387452.5906579508,5811.319264975411,837741.4351699349,33280.644541085436,50.93687466728554
542,0.8140609334721401,0.04101184260573543,0.020481773921796533,7,13,500,2.222641265250798,0.8018476098430782,584819.9894823426,35880.58487870511,1269538.6126644218,219632.9720023743,387637.25224947155,11915.10071133167,813968.9271004929,29579.58396413775,50.86785031330534
647,0.9438581381410426,0.08440500289228209,0.26618286464255586,13,16,800,3.847212897107784,0.9739182069971133,585165.8046185228,44927.02529030792,1280275.151591912,212621.98804629978,351229.835352501,8553.80274970879,783005.4028940367,31696.68391222389,66.60481135699624
792,0.766251112811662,0.1291502145637961,0.27010348207318013,6,11,300,2.439500976396509,0.6817025871745586,585946.6437935242,32535.23802486715,1232546.7706732585,189113.0981458157,384711.0834686315,6405.697808758506,763678.7735125158,29128.970424038234,52.30823050651752
243,0.7413005634008256,0.1482677906438276,0.11491096892375485,8,7,600,0.9259778393373397,0.6696437341336338,586084.3028085646,35757.255102660994,1289210.3784651912,223882.93480720327,378559.36510672694,3834.9638163071613,761727.6350080454,6811.314647045214,54.819654941921826
903,0.7134192043638591,0.1419390907953566,0.15468739719886304,8,1,900,4.044292695167827,0.7178805479542112,586159.585228518,32864.12808407727,1258865.2820080188,208947.41604736063,381045.10713223787,5321.424335856085,781263.7139538598,19666.694160893323,53.82944807767791
18,0.9849789179768444,0.12589114791268208,0.15917455176771564,6,5,300,4.98870242524471,0.706712405710114,586310.6226275198,40519.42565272888,1270510.333186747,203732.02607041714,391659.77396700915,9816.636540169167,802517.1189997678,34536.78947185669,49.69896364105717
5,0.6923575302488596,0.12051273301300586,0.21497905564763747,13,15,600,4.546602010393911,0.7035119926400067,586477.9985184493,34996.3892676113,1297356.4958396626,212880.79183612028,364448.3774015245,9681.573631157853,788599.5947316125,33732.832801039665,60.92210444177874
50,0.8726454675891159,0.17031228473212,0.08820835847077092,12,4,500,3.483685826820753,0.8515771387119535,586525.8340137458,44811.270937811605,1285362.1325505632,228413.9974979752,382805.3110453806,7362.565607360242,858212.7528218072,27670.75761862282,53.21778906672865
540,0.7379270430984679,0.1686554770756138,0.10357357166101155,14,7,600,2.0565198603311563,0.6962126340720595,587707.0850362839,38933.88746704431,1294788.7146160465,221873.58581597416,381212.06334867596,9596.210211934114,840260.1544732952,36205.04190327976,54.16801868065153
745,0.9294985551803202,0.0426341708058387,0.26985511266070883,8,10,500,2.160052794651813,0.9996197992414579,589134.5180221817,44133.22371641462,1323304.8158603243,220432.8451713234,345687.5456432863,10852.016275642703,698700.4430905649,35823.14513308454,70.42399283603564
865,0.8992422671549957,0.10413883757677289,0.07156602618822154,12,17,300,1.555035018354437,0.95436884577737,589292.8397592895,34186.06888792744,1313781.6316916042,207791.46089390403,365726.434278865,7496.016818883907,826909.3801119239,30397.630043346424,61.129408357164586
997,0.9903483451134146,0.1431295176915916,0.13714245555207227,10,11,600,0.6428978925583456,0.6073523959100968,589413.2702160983,43393.75188262028,1313780.1355896215,188869.2840367903,359974.8122175968,7934.171755898308,750307.17463796,21768.725102602533,63.73736445199145
892,0.9056382346315517,0.12390622145345342,0.020902224494872737,11,18,1000,3.313928663718318,0.8360683094598976,589904.7987515412,37312.51953567175,1294204.3131643706,227792.28022508297,389542.73174874805,8697.7817080676,874160.426131602,38393.920141911076,51.43519585215237
401,0.7522070839479578,0.0815176684657955,0.2458616956783174,9,18,300,0.1259670697961468,0.9355989310872043,589971.8337556261,38516.698223581865,1323387.5276497297,213469.14370444522,368367.87248103984,10420.182711848163,767799.8402159743,41659.563881353395,60.15833025340513
606,0.9632060357499896,0.12128913303691258,0.03739264076340106,7,8,600,0.8720463355574976,0.7886597963002382,590079.3880925907,31379.41976809578,1267757.0809316647,201479.85580109784,386372.7947498671,7586.6687696517465,771540.2173308296,18426.703813634926,52.72280970884626
575,0.6722072913569694,0.13123529256063227,0.167577525634475,7,6,600,1.690422046831307,0.6507296090201675,590112.7159970234,29502.0370464129,1292668.213442972,199546.2475804322,370505.17931634537,6718.840183572241,728458.3744469977,14110.846914501697,59.27246066732372
11,0.7243929286862649,0.16259166101337352,0.22888185350141924,13,3,300,1.914634373768949,0.9886848381556415,590589.8381292957,41736.81681411272,1311704.2158669725,216256.8099950964,364148.57695836574,8055.143555276392,802095.8437181839,36370.44534363037,62.18375561490104
414,0.9860061477817887,0.12544652284555124,0.21280788641576426,6,16,1000,1.564536971068241,0.7084385015056263,590727.9457785769,23801.371966845047,1287163.7595748627,159453.44601719917,366916.82862735086,9320.480426960221,730245.5663414007,20459.446810724537,60.99777924836851
924,0.8057809737606157,0.1654959738017015,0.26123526845042017,12,4,900,2.9950552210678376,0.62869413749897,591350.9213318892,41873.08791913094,1284774.9611806232,216571.13896975922,371177.3614400808,8539.737466207082,770152.4874948511,22142.677379728146,59.31761544874041
927,0.8860547107244703,0.15747603095937973,0.10191963950858735,14,13,600,2.137537787963248,0.8931353349089661,591575.2053586825,35385.91895706114,1306036.6524093426,222312.10231545527,389617.960004235,8313.348674650271,878448.1155379463,36851.55029046881,51.834685791243395
841,0.8216397121583304,0.08724924319897759,0.12361100667434778,9,19,800,3.2536219216690014,0.9467285942753957,592376.4997729439,38027.5256910416,1322444.9046201608,213500.50974160145,385764.36566859327,6628.060532329009,830807.140274286,24860.814796895014,53.55915488623677
694,0.7086201820709943,0.15810756128166503,0.2634912560920304,13,7,800,3.38199184455003,0.7203865278526487,592749.6912730879,34221.86056582637,1318783.0321214325,201466.50322957576,375500.20748332626,5076.310866087475,797200.7119530522,16162.491216398521,57.85602230310576
487,0.9575940820187843,0.16874016283744908,0.22883913094949912,10,9,1000,2.600370305555752,0.8087812013914255,593244.3297411794,35485.9679249878,1287463.3270520575,229444.07884575543,388790.1742857136,7011.883312679782,820684.511114761,27059.7687630316,52.58727431347501
581,0.9883760998418474,0.08857676161131278,0.22661981926113559,13,19,900,2.1132801689447915,0.9982551334379233,593340.9294175253,37184.440271330335,1358148.7216403023,204581.08685926825,367112.65250595415,13415.233252208112,834490.7029237648,54115.49028179525,61.623666568643266
531,0.6652076455259545,0.11690641654653205,0.017112326093355515,10,13,300,1.1573760688264905,0.9473638095787736,593414.393450296,36269.27666363994,1303080.8212765325,212028.5661417991,394953.21978036925,8615.922649744934,870689.0424284656,38431.84470144353,50.249286176294405
954,0.8535187903970916,0.22502596527694607,0.11134511299646921,13,2,500,0.774213408101137,0.6731691703848338,594998.2526882922,31772.3192197035,1275829.1400730875,183139.28245556506,396651.35087180755,8242.489892499838,807403.6939313852,30418.04160263039,50.00535139500577
538,0.6834353470964203,0.14819600343764172,0.283240801290944,9,6,800,2.0385788533261264,0.6502262314549005,595986.5853294723,34488.150048747506,1311585.783795977,189357.1517973687,369550.1933487607,5610.556610565004,737752.2802319245,16981.47980042619,61.2735146824869
79,0.8407741582163841,0.1119245329531603,0.2565371910533347,7,10,900,0.15902340742582566,0.8194861236829635,596391.936045552,29655.42585414539,1314891.0913692417,165243.6996555871,358013.9144723419,8006.050730467996,691918.9567810835,19372.375533010076,66.5834516305164
175,0.9206912332279167,0.16972509627140303,0.25444753412395366,12,11,800,2.7650072629597924,0.838990345052772,596810.9680255678,46998.01938855433,1288370.476081912,246344.07239460366,398137.27439815656,6912.930061855715,873698.6029917654,24135.7929947936,49.9008021611983
995,0.7193350974349995,0.13151291787139202,0.05908252625311366,9,13,600,3.4171724352695856,0.8735506964653226,596959.3041601415,37699.22801070835,1299473.2745263444,224879.85046095782,400743.5236217839,7283.197184747872,872084.0699827422,36346.8065569295,48.962932392525275
875,0.6654702654918911,0.13847730906230493,0.02973946533857169,12,14,300,1.9433737533547524,0.7774805788118672,596991.5557571211,37010.806744357666,1295717.6659586446,232970.2740316341,404908.2181598108,9503.518783860247,906257.1229682763,39633.49156354239,47.43873524480997
769,0.9514986094707719,0.09833361619515363,0.29418999982602007,7,9,800,2.728343324843174,0.8735900519660564,597100.8384225282,35054.91543299411,1265933.1944630984,206894.66758860412,359514.00214329467,5054.011201069584,710345.9138670024,15745.679723988842,66.08555852145544
736,0.7434645452105837,0.13389623726131689,0.13966931785135248,9,14,1000,0.0629820063589348,0.8577940246082376,597227.5800997827,47708.135558417955,1294579.351097116,234030.1247320205,384308.1496129008,5038.693468176428,811632.8461188992,15946.56323684425,55.40330869937253
219,0.9024653315580984,0.17378576211949104,0.2094735173461654,9,3,1000,1.1732104092772677,0.7597263663237233,597798.1545093361,33068.88031869564,1271566.2337500243,204889.44582906866,381152.70098003966,4611.763192868746,737532.4437948805,12669.319536491617,56.839543042000315
697,0.7528531635303951,0.15090468483134684,0.02121909712263919,14,12,900,4.5661484313963525,0.7551891017591545,598005.3395858507,36637.405146829486,1321012.0394726133,217243.97703938463,400990.86852679995,7918.047727057284,907506.2210012522,38573.36342544831,49.13190960753349
609,0.844658567755997,0.14787378129751033,0.0867231104644901,8,1,500,0.9058592542501004,0.9162764407600672,598430.654900422,40870.73657254713,1257667.8092531767,221417.48729541487,387959.419935206,5006.197939133607,730855.3541909106,11147.159364445331,54.250837626359804
940,0.8568440940102084,0.1490751781382778,0.047939273621071345,6,13,1000,2.0716350701010384,0.6449544197289042,598456.143619171,33029.47419740107,1282690.8370597032,211603.12884307624,412284.44182501495,7343.775344386545,845840.3053595542,23812.782371482564,45.15613079408234
574,0.7829772223479553,0.19847398646714642,0.1466149406441823,14,10,1000,0.6767771748664203,0.679055688236452,598580.5646990517,28185.305228718855,1313273.738642032,199599.03570365743,402390.2445208779,10176.095511195335,858003.6348780345,28926.434365342597,48.756231755015754
883,0.77682648524723,0.16705232604328163,0.1665492625915568,9,1,800,1.2935253516214336,0.610358428099794,598677.2132152688,34950.65419547646,1306610.0178224142,197505.7933855302,373672.8382780824,3111.978496268344,726592.0658657163,17126.485357661906,60.214270850947194
805,0.8756725641710066,0.1707347033042212,0.07468292957291342,12,12,500,1.0045566984276122,0.922047683501866,599276.6362292779,36962.62347951302,1312939.0272830308,201638.0055029921,393244.4312791078,5534.897153151967,871804.0894198976,41440.35376967808,52.39291101466035
212,0.6927788384463902,0.19545299795275733,0.18834290055585193,14,2,600,2.9852345844784582,0.8703364980349504,599652.603628888,38329.735115253905,1311425.4000927424,222892.03164320101,393077.2919110125,6339.897093965935,866572.3034698281,27467.75068407453,52.55335680002635
283,0.813211546898456,0.078977411417674,0.21876973545064074,7,7,600,1.8155036831700522,0.9588745363858475,600131.6575367077,40398.71268202545,1311495.4273156854,224268.38120179606,370452.8861158912,4893.842594165044,735796.6093106779,17443.907010756502,61.9994552691822
975,0.9871879187079822,0.12759111438711535,0.2675410757794789,9,17,1000,1.7158692860364178,0.8246337443867633,600705.5843687875,32230.625577772877,1306708.2021774135,213140.96665855334,376928.08050268947,7251.941412319676,778182.3569498592,32217.03745213683,59.36875373351265
450,0.6679524024202941,0.09748759995014461,0.27712285516579854,6,16,600,2.165815556575832,0.909721073177838,601134.1432365216,23975.444135783164,1339095.3350945606,196905.3555847482,399851.35701111937,9982.45671995411,801187.7686585918,28604.522998892244,50.33940305467184
534,0.8837755458535899,0.13574600127135567,0.2812729874222695,12,14,800,2.1306061897611537,0.9329454158643979,601511.6300545114,42559.86767353043,1305673.021884889,216660.10693692384,384552.46291183605,6383.623418999246,851378.2823297514,27526.820054082087,56.41861334078002
560,0.8195491206170399,0.1899895394826973,0.19214058426507308,14,8,300,1.5745922229444786,0.6386579337151009,601603.0290134621,34869.92714449263,1306593.5725507832,207593.07925647564,403076.5238602413,9908.8905662361,863945.3372639049,36216.47982408743,49.25280769317539
121,0.7744506116541267,0.14723287977095884,0.294535992088647,11,12,300,4.342339879489564,0.7949724792998054,602517.4935377877,34554.779230990265,1307187.9799022195,199054.21749452053,392502.0413825501,7028.824931029041,851820.9027665217,27076.601041360555,53.5068432804779
120,0.703769373372517,0.18984620408363345,0.18708848275444231,9,5,900,2.0470582609562022,0.8208188723407921,602609.978939495,42225.71936862588,1286018.9538876282,223250.7687338984,411963.58095257846,7293.897718522057,854316.805235159,33000.46828018086,46.27748830274929
29,0.8883759697008518,0.1540303959261946,0.1727620691664698,8,14,1000,4.865052773762228,0.7572390898667042,602989.6574674203,37067.353690930846,1293137.634044634,197797.6577461824,403897.4873358423,7122.5408364913155,836572.4025495459,25647.829894333794,49.29274788135341
352,0.6187407634110412,0.13808477891044973,0.22209294623671486,12,18,300,1.7018537315288134,0.976179402294469,603150.0478361498,40269.63715375907,1305752.3958910801,259958.44608617286,409402.0845124762,9045.976933753678,902043.4274462052,44237.3658430257,47.32461573916809
932,0.9061082096467827,0.17813072439647953,0.0922249586922987,8,9,1000,4.516680032613526,0.6278762786920479,603331.3284448357,37594.8185096399,1285804.0402943909,221429.75592972376,412056.3203045995,8647.196284533846,857789.6879424431,26530.082346418334,46.41962729726905
614,0.9589542869854859,0.12809575721967748,0.07619531788652453,9,13,800,1.7828566297540953,0.9646903507651103,603585.1774031178,43965.33348015812,1298742.6705508132,219617.32303932443,401590.971155347,8605.883661990327,854239.1078099977,36145.41831444058,50.29849293340649
359,0.8878615266442121,0.18558080739287092,0.27092895300451325,11,1,800,3.389066001550221,0.843100848901089,603599.931298553,41800.2303283605,1322755.8954709657,199405.23394702794,390463.2165251474,8851.464089411114,849760.5871955473,44885.765219757624,54.58560646766551
22,0.943343521925488,0.16297945260094238,0.07607231426966449,8,19,800,3.2258639520472494,0.6697465716019966,604427.4941438098,34758.57810459799,1287542.347925258,220954.41125344113,415827.6185149183,8499.801990079122,869829.8680109147,35479.93960592483,45.35530283016187
823,0.8890734297897946,0.15961264889309423,0.28177350137039425,6,14,800,0.40969219519073063,0.6783920738807048,604521.5058412881,30911.140100520188,1292452.6109389414,189673.83095331118,397363.90126239695,7276.555655461677,783702.732278068,29591.49151351088,52.1329702876296
372,0.9789580998345787,0.16867007050851174,0.22749435097721574,14,15,300,3.449998686544717,0.8760386232951374,604948.9703402455,36524.761946168874,1303812.738030125,224252.46413802187,411391.2486963196,4044.5271371052345,911054.9361337116,29554.487066966256,47.04954766473561
65,0.6231455591030829,0.19726089930406493,0.042026819780765313,10,8,500,0.9406057986188066,0.7854793619759929,604951.9533651661,39036.20540512727,1289689.2832836218,227606.7366892994,417804.9359043379,8236.409708620631,891754.8202867812,32555.172451632512,44.792916832288945
928,0.7345232377654999,0.16430216973992134,0.09547397576573075,7,6,1000,3.8438209036058018,0.706235039322944,605077.063499525,30886.885036922715,1297353.313213446,207567.9020177474,415521.0557841072,6629.621820559764,850394.9151391421,26210.55819510102,45.61886938742899
387,0.7710007325312447,0.1631692154659936,0.2618978967126371,12,15,500,4.462791137432372,0.7677791975829255,605125.0441537199,45034.69182968711,1338911.5577206572,216458.24944672754,409900.74713003065,10308.516660638024,881154.6176552611,34152.244308652145,47.62721180446137
455,0.9286591731847085,0.2307614637943034,0.3049916970455402,13,5,800,1.8417360689717566,0.7729384905613389,605643.4693550419,43316.36520072776,1302531.7675267938,208640.61060193068,404654.82729434344,10707.836255410282,841617.7205616025,37482.551018072176,49.669157144269164
457,0.9135089556068997,0.21449246592044524,0.07031954561498353,13,8,900,2.182097993647965,0.8667087639135589,605744.7345712216,34026.55637549893,1322758.2595961627,210703.45990462546,411077.041255608,8180.491418972328,910435.7981097422,35221.25973470604,47.3555255533157
889,0.742499957841512,0.08860752843939601,0.2185359447837302,8,17,1000,1.9516288963077733,0.9636250171586926,606059.2550055765,38442.88160410058,1297607.2020714623,208644.2501743583,400222.62220081396,8270.113409036201,837060.310239762,30502.986628351166,51.43053425437878
850,0.8808627060787615,0.1858634923082303,0.015314155182816706,13,7,600,3.155940390300356,0.665446595497022,606090.4161956114,42284.89611288263,1323687.1081223362,221624.0332286958,418240.3414529726,5850.930751571121,932307.4709906809,30327.52749480753,44.91438441591862
724,0.6115777266973468,0.11982289247877831,0.019716741332798517,8,19,900,4.049893718417362,0.6953158682212366,606321.6390554635,43220.444574223875,1297422.3112963042,243368.81371949412,420616.8608291011,7493.441928242339,903381.0115595065,36070.90695787558,44.1505787143933
840,0.6188899505979019,0.08821988523517516,0.2967709517164547,7,12,300,2.8928196613967723,0.9645367264865635,606518.772143355,29790.754960213213,1366236.6110792297,197570.5786075183,408190.16963740764,8959.128645636094,830715.545338124,27523.06391850252,48.58730495203283
501,0.7044194104939392,0.1716933510888221,0.2603715370766883,13,16,500,4.643152810576971,0.6247233842756891,606978.3834129627,39644.572005586495,1340225.8769592019,231591.93983723034,412886.89876413194,4572.99527811078,859428.0558178372,19667.44520859462,47.00839024677035
808,0.8397434348543211,0.17083728690922706,0.2959949116602882,10,6,800,3.4221768053465373,0.8012881659434538,607073.3524874706,48138.86137112826,1327549.9782338333,211071.61537455942,396409.5469947294,8191.182463508667,841243.5232793413,28387.308805383076,53.14296971145909
130,0.7406160644536876,0.20639677530337613,0.2214776649066859,13,10,300,1.232010166195534,0.9276409270696799,607422.5696015464,29305.578410709113,1339225.1481353422,202558.5984849011,408519.4770839762,7866.843542013748,887966.8201705493,34083.25222132145,48.688766062599065
902,0.7603528540511642,0.14869666603099485,0.21451745512370263,8,10,600,4.015185803837359,0.7661045750291282,607477.1544861521,35448.620982576314,1308304.9748684643,216955.04480595826,403306.7553094235,6334.196323882039,826120.2977467377,27077.759838914484,50.62409604820177
510,0.9922272908242894,0.10734794373167772,0.030170254027168344,7,1,800,3.0847201369225097,0.9453862921365853,607617.725921474,39340.40290164051,1292180.3664559792,223354.3880024285,406442.2053535783,7002.671166322642,812415.0098931899,20515.222135429383,49.49671021317437
382,0.9233101758223751,0.12691053907834743,0.0837422317918459,8,12,900,0.002213907186039421,0.960553238656774,607701.9810996903,36507.35807828564,1310756.646006588,202960.1542991967,403859.0185847246,6495.841059956143,826572.936611535,25347.881436307493,50.47379237173133
319,0.7688137040510556,0.14752035382707812,0.15580014813928092,10,17,300,3.64586743774724,0.8609166594367759,607858.6571093191,40447.61319269054,1303072.8574505148,241162.53393319776,417700.94857981516,7654.29985646124,905489.173127348,30988.84521070285,45.52484479052319
238,0.7904072517475066,0.18794414257288466,0.1283428835710106,11,10,900,4.781110953244742,0.6532580016712387,608022.9503565079,36835.24944435586,1306201.8610345249,213816.19536916877,417112.63710507663,8626.809744942844,899788.4983736543,30542.575731290646,45.76948676895114
916,0.8257134006933727,0.20514640147197327,0.10988698431142546,9,1,900,1.5845650690927215,0.7869549341791702,608053.1287203904,33870.18275198508,1292966.9341485742,202945.12109241533,409350.77523531317,6403.485108556384,825452.0651153754,20318.849364301142,48.540851882069646
46,0.6181216039088178,0.1873063073132356,0.19775797471427092,6,5,900,0.8146721354071484,0.6282274989601719,608407.6315137313,40438.759556814985,1259364.1180336557,239300.950378293,423377.8855893817,6651.307577000844,823890.4799656589,16330.516141070977,43.70321460384518
3,0.7168578594140873,0.18318092164684585,0.14682099526511078,8,12,800,2.9620728443102124,0.6185801650879991,608568.9784429421,33906.003067090496,1271838.1222015745,211166.98737844362,419805.962424705,12326.927772552608,858774.7348439011,38728.8713038952,44.96434851186591
476,0.6930023968831325,0.06483948911211768,0.08693891830502978,6,4,900,1.512395145839633,0.9901493108585684,608881.5966044324,34980.42421126037,1271825.122804023,210971.56795618968,410275.92460869986,5793.5641579351695,790068.9734438828,20605.082497840125,48.40782997080624
754,0.9890272942598948,0.180029950965363,0.15336020647394075,10,13,500,3.5766115526456783,0.7072572918447684,609075.5971995674,39692.6285907391,1310972.6718431322,204299.99619568992,414295.2045386747,7783.7018897234675,886316.1828799561,34177.669297521476,47.014879855484736
370,0.6302420162467003,0.18284037413068566,0.07761438040202974,12,10,300,3.1120682078299833,0.912528742298922,609791.7250566353,42361.26296185593,1323500.7875189274,227684.79720796883,422100.1927100428,7180.543521564076,937712.9783984277,30911.91527190362,44.46610913431286
118,0.6564327395110854,0.203196154136761,0.10719701833203987,7,7,500,0.4275426542723404,0.6831545020584109,610938.9179382339,33994.25925989859,1269055.2093103367,213870.64058023196,440430.99415387976,4802.053296595701,868472.7004288029,21167.058261173475,38.71387936989314
17,0.6479461469334731,0.16880758570181398,0.29287291117375575,11,9,800,1.81814801189647,0.9887128330883843,610946.2951581058,28332.233726305858,1309114.6910115904,192064.05173575965,398976.50762394373,8928.294346469289,864838.4126942742,40002.7371012345,53.12838813405894
160,0.6088494206115989,0.16180510957477062,0.15659295712139973,8,11,500,0.005147399228166982,0.6635753133107026,611003.5990503074,38994.62139091295,1285739.7599653234,232743.19769577478,403958.0888311927,9801.697370627207,819271.9039159694,23482.368953365745,51.25420580589872
217,0.6209355503146033,0.18923821174293454,0.11888328155379758,8,2,1000,1.667847747361002,0.8321900026866699,611705.6432477079,32335.619596892146,1290258.0408061375,215474.21317404244,426964.16531644267,8047.96339182337,841611.4032916939,28180.235660371676,43.26861430966809
73,0.9325485960250005,0.1538886198855247,0.2549157205639187,10,17,900,3.1015477567673235,0.8816319072396894,611956.3322013536,33126.69747507975,1327127.9441701877,209471.12500386898,409674.55732121674,11834.884215310318,883189.7203867792,39656.104161336785,49.37621125481127
102,0.7515286262227663,0.22850010964083917,0.19118736162175376,13,5,900,1.1462569761632073,0.8889010273572264,612148.3330300903,37147.89183697078,1319989.3780470926,212775.08980438282,404582.0927998752,6611.124234104015,864593.1964815271,18212.520669519057,51.30386241115394
806,0.9400530938740147,0.14457516722707547,0.2956780235086971,8,17,500,2.6879056902575718,0.8303169884489239,612373.3585188461,33958.55690380643,1337068.418435229,201586.27028171474,410697.0884707842,6977.465541102698,833598.7051298304,27752.81030257356,49.10584362771995
605,0.7045332071541535,0.20954973645854263,0.1897897861019166,14,2,300,1.5952253716611993,0.7662056252248264,612752.5029297856,31526.72438396433,1340808.771569137,192579.25855839645,398811.0196455319,5933.717361670798,847896.9538586087,23375.3211091423,53.64482743591377
317,0.8714679826690259,0.18095999541893248,0.18809823736256154,7,19,1000,0.5786880333935268,0.6617286261132317,612939.0270609071,38873.717539229416,1308017.1149761577,180703.02340101218,416732.09791583644,4770.323045722938,843289.1661544843,32383.479501291848,47.082269430730726
604,0.897894691131684,0.20620153023393306,0.06872668192168738,13,16,900,2.44088837655407,0.6532728502670093,613168.6230560225,39313.31187200999,1293289.4371980503,219592.12834936884,429134.7992237423,10764.504806514718,927806.6826774068,39261.785420007596,42.884852070998946
967,0.9458165366328335,0.2497832316879664,0.141552405009691,10,6,1000,1.3120804084810722,0.6967058029918727,613992.3699291135,42840.37507113937,1322404.909225906,210029.14998188842,425957.43350262864,9379.627261669131,879121.2236949919,31250.159372296024,44.144067373183795
358,0.747482868345918,0.1849066279935883,0.025706506056241717,14,13,500,2.7603468232668895,0.76631900027498,614130.6851743038,36333.84861688836,1337083.0346524785,219998.92976560778,425639.3065790368,6713.040867903807,947488.011939226,34638.52507038993,44.28429792121798
894,0.9890754973044341,0.14292072433170472,0.031333212464031035,7,7,600,4.088942152947097,0.819730546074406,614422.401062914,40554.480386611554,1312535.7939431523,228385.23843967722,426522.61287144263,7108.612379636711,881124.8116783928,26291.843540967504,44.05388659852976
914,0.9227112570025255,0.07845863601861358,0.01450676259416989,7,10,500,0.6914158670237386,0.7704489483889942,614436.7378226396,34479.00523997042,1298706.45890002,204733.3469924243,427097.03733968904,11371.670958744577,869965.8527789057,36225.153548161354,43.863498012034
802,0.7197830895737019,0.13442845645208584,0.3093932366674781,8,8,500,4.901306039082495,0.8600452893676854,614487.9449262772,33687.74677220863,1305043.817846406,220079.47724216213,399559.04279887304,15325.840347522815,824170.6290441217,29602.60039636236,53.79152493254755
522,0.7049371867123783,0.15652507253157344,0.26094954718541,12,12,600,1.8980838222583514,0.7266347039634604,614819.2536387682,42980.148216493566,1352090.6008324355,217427.31256611165,386693.4945737245,5279.577518840424,817639.7215251867,20862.196617014655,58.993947988838144
952,0.6541978075715379,0.22378497525398605,0.2588286611301939,14,3,600,2.4189844829139817,0.79617963869438,615590.0004975224,32710.604538475487,1318360.4856967218,207379.87244613672,411053.27475467033,6868.9527802954535,875227.4054129666,25231.07629642389,49.75917680376738
797,0.6658264233717339,0.2031661154818839,0.2879756149655143,8,2,600,2.5863608487715526,0.6336852044708393,615933.7823038708,46784.59465247189,1299879.07746618,227059.94124368028,424384.4791772884,7585.888424622837,844600.6033003393,30176.540902558005,45.13579372599106
6,0.8650089137415928,0.15585553804470548,0.16602040635334325,9,18,500,2.248770666848828,0.7580600944007257,616087.2790915237,41929.38508546632,1324567.262486577,210972.55695571413,413409.8548545748,7816.3944142205755,866658.8816175576,36915.96571400498,49.025784426025545
683,0.7899076024174605,0.16816169713516677,0.2861607655307664,11,17,600,3.70331790533313,0.7940071950096165,616157.663696746,34956.546674457575,1336618.8185738723,209306.40845645443,415584.7024919089,7866.087867163047,883039.8946999533,43942.909223571965,48.262835470644404
373,0.9722427219386148,0.2486562230844862,0.0790752762131544,13,1,500,1.509583500387509,0.9044353224095503,616648.9776246322,42451.66329969279,1328873.59159051,216147.88002651068,407351.9243620228,5839.095281654191,862741.6716117,21305.986704007802,51.37991028038018
155,0.7034753322791631,0.09656643229364653,0.03522946734039539,6,9,300,0.5792192839012883,0.7506781447947195,617745.5500778811,31375.961706150738,1294367.1158750728,220186.72739172963,437444.96246443485,10098.783695915257,881035.0477110625,30628.084649758955,41.216747953316535
431,0.7306970168120164,0.17721247439652743,0.16169024602658766,12,16,300,1.593044813818036,0.9614233773730121,617884.8215235353,49779.594218839644,1347494.742181755,243962.69235489907,425050.6153830827,7392.463556399571,940213.0547955768,37735.93631755909,45.36735136041577
912,0.7121820259040221,0.0798747301169721,0.059219076479600556,7,9,1000,4.52878395318224,0.9900348678830725,618614.0585611837,39079.83087781439,1327092.280153182,240051.07701446948,427852.37569352874,7739.987041577614,880147.8233564945,28126.862102603744,44.5858650564787
256,0.6752098938461665,0.1776922843428697,0.24513753534561916,9,4,1000,4.24023895565386,0.935985592112873,618829.0402742389,38115.520729306176,1332030.7621661136,203905.9392101375,419365.66649224283,8020.785986770949,893303.6145252485,31214.724770005712,47.563114894548875
513,0.831052701737769,0.17960437349134517,0.2570656679835457,6,6,600,1.754095546675078,0.7450239186236378,619310.2646072302,30241.102952524896,1309456.4664130015,179346.45577704365,422898.2216087795,11586.547514761105,812625.2159984617,39823.27735226538,46.4442820902071
299,0.8906683968281293,0.15237554769306666,0.25881839945765406,8,15,800,0.5629019520596851,0.8814743909843183,619889.8784002608,34249.63438292046,1357933.8828396704,190108.68807727375,415499.07584656856,12827.87967375718,841488.3274134137,24832.14223554257,49.191638305633134
97,0.9631464521850064,0.1580982911482473,0.18649200273851702,7,8,1000,4.498337226460865,0.849640617672735,619992.052183253,37583.27636259549,1311183.2458254946,235619.81415871304,422925.0670215278,6701.489940919754,865477.1295733867,23497.44023595607,46.5961941082329
8,0.9314950036607718,0.17837666334679464,0.09428035290621423,14,15,900,0.3727532183988541,0.9947547746402069,620331.0640269951,52599.388052901726,1358623.602938154,213739.29789250816,408773.945072788,10450.035827113357,914925.2541632239,49320.816525443755,51.7540615061795
331,0.8321870403974784,0.06959835067284775,0.14321312476066086,7,11,800,2.0088940032716214,0.9975393555598793,620377.557022556,36106.98411787364,1341617.8031779155,192180.61466288258,412799.32346376294,10568.592061669951,828464.6835870098,29126.921371338318,50.28550720893199
278,0.9175958865472025,0.2486279651573441,0.11193324146856552,10,4,1000,3.7705384015808203,0.6071782714273967,620409.092924072,43143.66882330505,1313232.6567094093,223475.84118481938,445042.2187696666,7293.382263117477,930551.5391736052,23133.936407909503,39.40454787395513
571,0.7228955847390882,0.18501226207140797,0.17514153313088215,12,18,800,2.89865583067096,0.7382499974305606,621115.7649016175,40316.62931580182,1350661.5583157397,215144.5824648939,427617.39954623365,7454.419579207342,919210.9442651775,30377.67475818613,45.2503489242287
874,0.8519489600732715,0.1798947066909648,0.13174362766008146,11,16,500,2.4620087960216788,0.9346918744575143,621156.4604997201,46114.80959052796,1334388.4749983784,221641.7831410395,433827.5906916393,7909.950259230567,956851.9528088223,46128.85646461672,43.18048778534984
618,0.8544273681408903,0.1991402745445272,0.012044409370038436,13,9,800,3.975290088030656,0.7294923302441695,621540.8099519247,42974.83622268207,1345482.997964317,230109.74360289733,435225.13814432826,7353.019936205577,973091.2349104421,35286.706858216654,42.80903272315373
62,0.8724157708387636,0.11875323564623497,0.13006686786160745,6,1,1000,2.1816791580327797,0.9208436996106937,621545.113267602,34644.52874614427,1291142.194539702,212758.55448128292,422597.9896969541,7946.03404654537,803187.9014942553,18722.241842725114,47.07715806062242
441,0.8692985757418126,0.20405952841296154,0.275685929272532,14,9,300,2.325276241503222,0.9496682728628104,621752.4308879183,38183.497620792536,1350924.359583224,230266.7149043201,409931.9491550141,5735.465469303982,908554.8745087584,23681.102797639283,51.67210854619315
610,0.753893030602978,0.21799759028529292,0.18821483967004335,10,6,300,0.4078746280568296,0.635115294823264,622117.3091493377,40939.04890374684,1367019.824157406,204173.15592817857,416012.6205114695,7734.240987645068,842066.5051395951,25400.37765898288,49.54289328637949
796,0.6517522467866803,0.18791060950397048,0.039743833683287176,10,9,500,3.889924857854684,0.6881881923997479,622219.8141038876,38456.644479555594,1323423.2027978362,234155.29558880557,441121.31140849367,7560.9020176102385,964716.8028190773,38470.57344383839,41.05412683806846
955,0.7460190266770406,0.2162185833582515,0.1969517273596562,10,10,900,0.9131256512655056,0.8295900700126968,622243.2373930202,33173.495076515195,1319114.6691940015,186224.0731673995,428991.325195684,8385.384603544064,893066.8178869821,25855.140204103176,45.04797669490974
60,0.8832724782332799,0.24083349398205767,0.12339627703667633,12,10,500,1.6512626450954926,0.7737807377953085,622739.4324421972,37837.01743539069,1332792.6359534417,227928.1838016162,432617.7102402095,9651.614237822807,942011.1197297998,43901.95857795042,43.94681902791806
816,0.7898177400634225,0.18074357491090604,0.11761810586382962,9,19,900,2.4649135522904455,0.7887610042258092,622791.4801271057,35870.141026112855,1326478.7157875493,219511.99226688748,440744.0615764373,4870.489107965762,940350.7364659511,30129.012030675574,41.30456526164592
985,0.7949871341855896,0.1820605284207527,0.2018159264362294,13,17,800,1.4646260170156145,0.7494161185257182,623352.2201336132,35667.48128563461,1372587.829639037,189436.07488081383,414861.90197406616,7426.334833424016,885013.5463261483,30165.572964979518,50.255354171466
80,0.8137694014930092,0.17799574213599306,0.2782651788687777,6,14,500,3.4519741431468267,0.6157248559364396,623411.6348060915,35136.72339342594,1298125.6531064347,207963.22455943903,423075.56061999116,6553.347202365851,836654.6876734336,29926.09673302921,47.35231548060119
771,0.6418641761385925,0.21147177187077887,0.24867351287727593,8,11,900,0.9859149098403314,0.6390440152435967,623595.2127014104,29088.360288694726,1297164.2461792433,180812.10658515024,422072.74562936556,10157.975727133256,829019.6089214798,22242.875301418415,47.745908533266835
224,0.8004611996728039,0.19858938871460552,0.17191978562798285,8,10,1000,3.6071103366436583,0.6565112197102023,623662.5058694587,38705.92698579004,1295641.8202670258,201613.65765496893,431071.89279061405,8353.970607056182,890041.5452365046,33632.772291972615,44.677144647979226
274,0.8880032158652452,0.20899496693524217,0.03665207352626931,11,1,300,4.90258411000553,0.6909637983445516,624374.0607625169,46457.503828830595,1349139.754497415,238520.41507337976,437758.4287698311,7037.336641360226,971252.8029107716,31363.4817724987,42.629820405081546
991,0.7957290989900485,0.2562881079621058,0.09033229438123525,14,6,1000,3.3776618431002836,0.9109330056328773,624605.8267449785,45907.53063080782,1354194.0757151637,233631.7210677224,440580.6100775087,5350.591225937416,974359.1156888728,19665.949011228957,41.76879609728974
433,0.7847373925100442,0.20725803240839613,0.013975310051173164,14,15,900,2.0554680444021987,0.8887716910062717,624868.8495257597,37949.34317803136,1354124.4844940486,210312.38071345372,437140.0536684271,6321.365107658371,970984.1962585744,37789.717869348744,42.944771196767476
375,0.8186308568129179,0.21640800110473463,0.023169982792901535,11,8,800,4.488373363389783,0.8697395916093875,625152.0606514264,42602.519030685806,1355303.0798574367,236291.80571168184,440432.4634118414,5770.281765754318,979759.299430402,31556.399280160043,41.940504523359046
479,0.6329089297108247,0.22979202860681153,0.10193904041284609,14,10,900,2.09303637459165,0.7833725696525752,625310.2425973809,41811.87897058728,1344486.8909733014,227203.7838597295,439968.78084746876,8654.219967262572,964808.1935014995,37197.737803925156,42.12604844209786
169,0.87218265054373,0.19777254193998434,0.302409955561207,11,11,900,3.7852963380561166,0.9810594552154868,625957.6778389461,51600.02998665474,1330018.1495986897,243121.49207766468,440671.95665903075,16284.58613251249,956284.2350639768,49494.148584660936,42.04617933590902
969,0.7591093406124159,0.162352667129132,0.3044342786287388,9,10,300,4.611116590774301,0.8370272731059307,626200.0608716223,39477.356897917976,1330512.3354207764,227982.87784606294,421385.12597588345,7715.479553354409,876233.8213282386,24523.036587393664,48.60516479346752
423,0.9730842032531045,0.27212698305684885,0.07008460536028777,11,1,600,2.6072451208344005,0.6273834877334312,626861.6357631991,37543.58835821446,1343510.7785185142,215519.61143811775,454609.73580963584,6906.850687164013,965171.0772819079,27955.011685324585,37.89005962373238
140,0.6150387092825044,0.23989066342825238,0.18422716216819832,14,10,1000,2.088833910836669,0.768542800910828,626935.3124222235,46574.89675882972,1334254.7719052644,237238.58777713816,441083.7839856708,8746.289034505518,940067.9727694358,34769.85205142277,42.135198614009894
891,0.9228428081278051,0.2616431246501249,0.04502437083063866,11,4,800,1.5417606083809936,0.9478164675436873,626973.3492510254,42689.058224602726,1338693.324901176,222456.71669107562,430688.4798212989,4326.19028675055,921288.2027471846,19145.694771073773,45.57467372035791
871,0.6164329459822221,0.17364423715284888,0.08956855675080237,6,10,600,4.057329695758408,0.6221439267753638,627158.5946578698,43379.7746770377,1328966.8824947975,218024.81765992675,445148.3891338765,7272.6230008273105,907638.2822136206,22857.972649171264,40.88753547510975
281,0.7806787276926731,0.19869069524265826,0.03802239159258868,10,19,600,1.0188322956384455,0.8093318524778965,627547.1216471853,38457.53124213878,1334160.037302749,224573.6483540608,449824.7925351833,8540.804933170193,971158.7170925571,42756.51206437247,39.50923383088123
474,0.6672472513597183,0.23747548263187412,0.026566756222908543,13,10,800,2.192283576252891,0.8119525044354104,627569.6149743309,40598.960020932565,1339671.273490069,220477.44044717634,446843.52165449486,6427.363915449814,979218.7758370651,34683.62025468634,40.445051692967304
500,0.8712455323816835,0.27151071543338207,0.11406579290931566,8,3,1000,0.39469701473277774,0.777119254617495,627608.3428197498,34337.204031762856,1280384.4594193369,199027.0140816613,449323.36563542485,7526.598172663258,856563.2891472777,27576.466842900154,39.678545746713546
248,0.6898462447375407,0.18608351191875666,0.1396230648832588,14,18,1000,1.3689565375705326,0.9713270131394308,628276.2043631803,50725.96490700389,1353809.5983274584,237935.8961677747,434982.15864454553,7850.907831849876,968759.6034187836,29128.14498112518,44.43723538477102
747,0.9642659981535554,0.21783603306114518,0.04872585854273853,9,13,600,1.0993097818448843,0.7779357437362118,628311.4626647446,36462.68817378174,1332571.432882297,202842.40021803905,443441.8759205226,7914.054097370871,933102.6335813876,35423.89445922584,41.68969977417194
114,0.6411925917325262,0.1671814056552411,0.03265100914116677,8,10,500,4.487152049094421,0.8106313866637175,628355.0753895472,41412.23475287251,1326787.3343217212,238777.91658552727,452854.1440765673,9928.27905946358,954989.3964033602,34492.17949028991,38.754405498673464
201,0.8076327140544872,0.23959093881486548,0.017692619741930704,14,12,900,1.9941139044845024,0.8320689476909329,628359.380469189,38993.29252901074,1357932.9318768294,218346.3291823927,444774.01163849904,5396.934374375038,981203.0769765824,34683.827298241136,41.27610067737129
486,0.8415403930161112,0.2883070035648589,0.1776297833873193,14,6,1000,1.263992220078865,0.9755579840165101,628640.7582140563,46013.59767762229,1343314.270808871,223526.2579142875,436043.47248557396,6134.7901642056395,933180.8185985021,27790.64531712936,44.169285376667155
55,0.8707079617697213,0.24126047482132124,0.1579076973315415,10,5,600,3.012204629505595,0.8214812209383203,628655.2042079283,40676.87716366281,1342685.9422557286,225514.52456879706,437598.68651891843,8520.169226819495,932010.2669808014,36126.67820227556,43.66021278739603
362,0.9128061339731869,0.2719028639331187,0.03996004634085345,10,6,500,0.09663815458800518,0.649747359600204,628657.2633129825,38512.69471752562,1322619.6866589224,207475.12172728305,444109.74865738105,5844.209116371153,913136.4387061817,33460.418221493026,41.55448404668438
139,0.6741891638306889,0.19198194495986287,0.28977697282757586,12,14,800,0.26341917988614294,0.6354173642454473,628913.0448567873,46026.785541882906,1317422.5547214989,217658.5639465402,410059.5119604085,7201.03120018667,823805.6498138761,14577.577797781294,53.37116357820504
478,0.6548593952610973,0.2903495422771425,0.16165262811695918,13,3,800,1.3682020893038582,0.795133727417605,628941.4277548112,36474.362221011994,1311459.696494501,211869.89449179385,443345.10214152065,8386.092393665589,919929.9651342375,30642.776046497056,41.862721549599115
858,0.9873676522001631,0.2702763376944621,0.1474614415756648,12,4,300,2.328627888337488,0.6960980073857216,628989.5436500038,37855.04866305801,1339591.1293014023,202593.01202967693,443371.17317379283,4474.05667292539,948348.7009770218,33751.82603304294,41.86523204643533
776,0.7751060219952514,0.15518544455406003,0.23863888613509737,6,5,900,1.196661432736793,0.8496453680182617,629329.8343869019,39986.80251474077,1337832.642277475,211377.6665102891,422432.8125178955,10634.050113592011,808140.5944132835,22516.66004688596,48.977497897429956
839,0.7466204749516905,0.18667658051591585,0.055423133180825514,7,7,800,4.0468477221847285,0.7517133566910178,629368.6972643506,38564.90116411386,1324855.131935498,223072.47379856958,451697.21452842624,8699.539400400792,927790.7351808023,29680.41105425971,39.33419933116349
845,0.6762304186068775,0.2310196714197778,0.2809083620478435,11,6,600,1.7047390082130487,0.959805106038524,629933.5720779566,42526.870222257356,1359579.7759948599,207836.76356555257,423818.2956935321,8952.195911312157,890670.6324060541,29538.27731169007,48.63293502871071
503,0.6986634463221626,0.23548012621736675,0.20857408979110345,9,8,500,0.8859625050559555,0.7177066946548457,629953.1969739244,31734.409433775167,1357469.2316219609,205913.49387204178,441884.6984147575,8209.06574045353,898770.0280719489,26784.090619123122,42.56053654581267
930,0.9367934112232905,0.24142738249147339,0.2078072161836532,14,3,900,4.650026888955363,0.7534269564029168,629973.0356851623,36826.17238596011,1364551.2681205117,207470.63857159534,433240.94095435785,4363.584601271876,940269.115492231,31000.599954139314,45.409396050483195
443,0.9530239507089389,0.23315487807008506,0.03270991819293624,14,8,500,4.508870142731143,0.6813890969990384,630504.4010265068,36697.79077725009,1346684.530589635,222017.7247050787,453001.45346743055,9127.120763026409,1000783.1456765834,41657.83272240446,39.183747910830526
328,0.9936052652841857,0.14420271890937286,0.2983406456222779,9,17,900,4.85371076838624,0.9094155566138256,630538.0534576705,35712.09758396958,1362171.520123579,207379.83139035673,423866.1566584272,4333.235771134593,896283.5282783369,21171.134383638982,48.758763480564916
34,0.8784119186699892,0.2850305850446825,0.03915294813123056,11,2,600,1.4764529420946937,0.7290203056954402,631292.1980218785,37141.34752610211,1348414.8160117613,206343.56498500437,448453.06292460114,6477.42948156579,936761.4550811466,29853.046704139386,40.7710751053602
611,0.6687317841430633,0.2590387490201724,0.07419840360949406,13,9,800,3.246894101183112,0.8675506124162742,631538.8714145081,43376.280785692856,1363734.8699230163,233695.64641209468,457239.79754425713,8363.95069008716,1007657.8759514032,35592.656066095864,38.11983882557384
379,0.986821072570414,0.1963968879046717,0.2662665719022604,9,15,1000,3.203075917744437,0.8666401916186477,631775.2767241144,35340.51199530144,1342417.438494014,218677.67127628287,437626.9756965098,7620.923693446063,919353.5711644007,35006.08421185978,44.3638787848043
296,0.667632428142397,0.19487969371324604,0.12385087101241557,9,8,1000,1.9020027448520482,0.9907201314042637,631862.684739847,39491.22311053622,1335996.3798741214,226606.5265019758,440589.52419347205,6839.590120993038,916511.9720945789,25147.59152604303,43.413006901721715
43,0.8951587666783074,0.27717702625570034,0.19351622387030568,12,3,800,2.8301860524703812,0.6634585790569963,632051.5593995613,45024.225614918345,1340006.2311175554,224186.6827208903,448572.5878657964,7226.846376504373,942473.4626478383,26549.0916742148,40.90284972755802
660,0.6492989832530206,0.15383954473897427,0.28781786794547964,10,18,1000,1.0289718849471086,0.8966264433867318,632273.5526327172,30452.207848208043,1363709.0197329614,200726.01487901685,422953.8494725952,7058.366661940143,900338.2763412135,24274.42356768685,49.48996289338292
63,0.9911602675017084,0.2780025193212923,0.10680591648327509,11,11,800,0.3689828236769943,0.8215417137605283,632476.2251721562,38819.631528997474,1344664.4193320281,216695.29472411118,447459.5657004323,8184.5736909142,953551.7480245862,40512.09928905026,41.34824097057965
9,0.908897907718663,0.0993578407670862,0.01165663513708072,8,17,600,3.9508777026560282,0.8423839899124046,632593.6001713627,39574.118781612844,1332402.6600572015,228015.35975280975,448984.7592690896,12115.532793894585,951955.7774230305,44596.82273676394,40.89422571963763
936,0.6213834850419272,0.22284589512337322,0.02480486910922638,10,2,500,3.7859455984098473,0.7222593987344734,632950.8167683433,43649.16317940187,1362099.7364031244,237044.6491904517,451459.6888382565,6454.551651297074,975943.4660241765,29700.7380963789,40.2009597794033
323,0.9560388140735233,0.1729387303689287,0.056337924166997136,7,3,600,1.9293725144755798,0.9166881037045386,633051.6147542216,43482.04036290738,1316713.5103330847,225170.65733074784,447422.43194654334,6248.262557731216,877244.3384634858,21562.682782964122,41.48857311424581
738,0.9464931481070682,0.22209197396075214,0.05111584084844664,8,3,800,2.2316317999328064,0.8908074108056536,633616.3611419,47389.43336695243,1336469.3250501382,224634.17601444674,445528.3785479404,6225.456056748769,903637.1979452835,28067.824187026374,42.21683548127129
943,0.72128327750387,0.21472394853935128,0.15121178419478123,11,16,900,4.734514497302584,0.6962850342654027,633763.4917929134,44725.97516522587,1351769.6811631205,228785.30259222703,454926.9013294776,7770.366203287997,962395.2529611556,29908.77373455739,39.31106073103263
235,0.7664615992719046,0.2406720758176618,0.015757683046917006,10,10,500,0.9484742408733859,0.8475792772030886,634265.6602539041,41261.77217696807,1343242.7866671283,220124.96997594854,451245.41722247424,7766.526909157656,961940.9404873976,34627.86744619633,40.558914516620284
163,0.9774463680670396,0.20986365846306115,0.20155778429922566,11,19,300,2.2114938119045515,0.7247807961980521,635229.8865928457,43930.672772358266,1345333.158759518,227468.30125543152,445808.31571842404,7845.554504578241,944033.8062564902,42629.30485008368,42.48946558324447
778,0.6112486025111695,0.1876606728865069,0.19802600456269936,14,17,800,4.490732224100504,0.9741699297794136,635507.9176743213,57410.28989150372,1360832.5258788764,260232.28182583107,455534.969721816,7372.433581957038,1008830.1689620418,40477.09032203016,39.508042173449454
537,0.7970141522857157,0.22105351733986,0.11032035369662459,9,15,1000,2.7638118401679157,0.6865002112746116,635742.9406706671,45502.84541285324,1346521.842567311,220313.9769390504,456184.13141189225,6163.148947505571,952367.6521718443,33776.21844953848,39.36103798767383
361,0.8728775522506442,0.2340770706505152,0.18375257661241665,10,11,600,3.3343333027546085,0.9293237719282872,635785.1837939267,43168.029816523376,1336207.1038475726,213779.38666873935,456111.5988473138,5583.885213906876,976203.7566485221,35384.098217718594,39.392461274978416
237,0.6438944794710014,0.2739797444868465,0.14631320036798826,9,4,500,1.6233796344502998,0.8949428309551198,636037.4880578651,33312.20896529835,1328738.5787403765,208522.09768485534,462936.08105179603,9061.377844186456,957422.8796684558,43496.7481519253,37.392075081462785
234,0.7416944961779098,0.26275231098432,0.1544904539604587,12,5,900,3.846524468206699,0.6044125057714589,636432.8128542386,37063.404593320025,1345392.5244625292,212745.95842976612,459396.2707435456,10996.7167988427,981734.8215533793,38505.64017120679,38.53678259602638
199,0.8439327221994778,0.2817194636742294,0.1241259112698393,14,1,300,2.728434442477367,0.7777677811004806,636738.0383417329,49949.68062712956,1362690.232520726,236444.88693550057,448071.99114696356,4468.533043410299,958994.6708661884,26891.39283350559,42.106190728821666
950,0.8347071631378364,0.22286491045143458,0.2608355846635128,7,12,900,4.314820232377377,0.7064085506915208,636812.0308973152,39350.93648054141,1332700.6209231769,199982.13294476154,456182.12611492956,6018.668726698702,910005.6042548725,26812.200159019416,39.59600660392339
388,0.9121462012027527,0.2381678666505494,0.15926195564383067,9,13,900,1.2765453825196582,0.7182778696166416,636951.6365625957,34268.58269113085,1336599.8360498515,206824.9796285436,446052.7816987444,10581.791989644744,916956.719061853,36169.01012692395,42.79736898777615
215,0.6906625608907953,0.17749815291596865,0.03082715282382801,6,2,800,4.001782539111808,0.6934848327641732,637307.35574381,38735.16239937001,1331083.9975580208,226472.666450588,467194.93100724666,7231.461752014313,938382.6678630341,30020.508463199672,36.41144486944887
662,0.7311352795400137,0.18604112748144797,0.2379470975285165,9,18,600,3.6896388449940014,0.838971697029368,637366.6628291479,44240.3001154589,1348227.1358286787,230493.52573966005,453933.0434912297,6375.199410133021,960772.3911372551,33002.95008065912,40.409840607133994
241,0.9557563664515377,0.22530982836487895,0.27473783213682995,10,12,300,2.216365437218091,0.6191323281576422,637403.530725896,46253.70856773247,1368917.620640865,209427.7058278157,438814.2999151565,7999.172627186567,903427.148273287,20320.654280923354,45.25587038734522
526,0.6157077656966609,0.13599930267217802,0.011913713021977204,6,4,800,1.1694846573610174,0.6843544910723153,637486.9460059822,34477.53473469616,1312047.601876224,225878.26872015715,464574.6418893101,6409.097015965971,905835.824172511,19475.432223283067,37.219488221199626
856,0.6989851924932585,0.32261882227666583,0.20529152356556335,12,4,800,0.3654254551307512,0.709466553968583,637489.3900635332,33936.988474300444,1324979.950999779,216389.47778052947,448842.1132085066,7353.6798622338765,894520.5684730087,21331.120782210004,42.02976309564601
180,0.8019379527572071,0.2716502616816442,0.1641987603426175,14,4,500,3.6262883020756824,0.7946675765698812,637637.8034171315,48434.1241886353,1373969.7515317886,221459.17533045638,453859.7971592243,3814.382906987505,994984.2877460826,26191.703192295172,40.49224174694499
305,0.9642706317740558,0.2322166181127714,0.05125713244510462,8,8,900,3.1565377654599436,0.8366788649225302,637686.5345147119,39699.89457778813,1337629.8502154308,226323.59856580317,460989.92994462437,5920.59834204445,959969.0948879694,30403.583113001787,38.32981874274628
23,0.8763750952409863,0.1933676731502687,0.2910189966210204,6,11,800,3.6760805962038607,0.6836286482950855,637710.0356573781,39231.711783459454,1360327.54693298,200967.4639491861,437881.8027056277,9509.305711734725,870299.7587806933,31837.485042501245,45.635199206048725
61,0.7014728695492555,0.20260104339070856,0.1814419075615032,9,8,900,4.113951759383466,0.8976846627773192,637867.0125116063,41192.35760160428,1368081.9744145437,227260.20354519688,448227.0474532583,11057.362125122707,959096.697879116,43797.742750429425,42.30890708979893
868,0.909861047917207,0.2810723769137925,0.17581116701366203,14,16,1000,1.344307724895033,0.6084147609841875,637996.6002973738,41380.607997576524,1328481.61838741,225076.97479947296,463077.6943164437,4912.168377742056,962161.7110467296,30926.01205461983,37.77312276704035
116,0.6784452398773811,0.2527539395530169,0.18851469391012618,14,15,900,0.8927233102716681,0.8610984431407498,638424.4231097776,47589.96296669428,1364902.8778193605,250895.64734092233,455818.12958488974,11551.240079280478,992038.4249369826,39720.13722939459,40.061217769285776
859,0.7879217285794726,0.22773278600318086,0.1846434408444226,13,15,300,4.15101442172881,0.8656048912270409,638537.7909924195,38827.81410976907,1360216.462120996,208330.70725343592,458837.897848257,11418.152313407609,1008833.621615449,50896.02980497506,39.16413486917145
203,0.9289573675268232,0.21543104576901667,0.2790142869520367,10,15,300,3.273465407156741,0.7520298035748821,638538.936065822,46409.43777406854,1362547.7428005417,206354.5635475849,451014.24196314893,11659.75363643479,942265.8086373493,33879.497241145305,41.57844179962618
329,0.9920435969655068,0.23893922401112122,0.16967725934469283,11,19,600,1.5116662467574686,0.7037339589268378,638859.7808669964,29426.797999599552,1363424.5268488447,186334.6867831101,455905.5534687576,6605.611485553417,951710.7816006381,32756.11807277555,40.12985277460024
644,0.9621195996042062,0.24647848582793003,0.10904678509468131,7,1,1000,0.30113472450148726,0.7190601110273122,639157.0580314393,29318.30351770253,1272623.7119150949,157160.69830282388,450091.80776124157,7948.61152572155,802724.1133262713,25726.564670814958,42.005930125813464
301,0.8920984588360583,0.2994041481917457,0.029347381374750257,13,2,300,1.6520400193788691,0.7361623373398258,639322.4466277185,39825.93633866243,1371146.3548929081,216525.30303709453,459924.1388326025,5026.275963768028,980813.1396924604,26906.286232700382,39.00606483722986
213,0.7770867867118109,0.22289545728861448,0.22735505541958542,12,14,600,3.016097051066861,0.7348908531021682,639522.3410159645,50079.68563043126,1359429.7714436497,234334.45933113908,438678.1299422197,6119.681667762931,930182.7711576516,29383.527158743625,45.78395806971252
430,0.969824422150722,0.22165325475858766,0.17601405635972428,14,13,1000,4.5689422193662965,0.9811260068010024,639541.7039689394,49578.45121524242,1366247.9451007484,220431.3051261649,447333.12460596225,11350.974287522391,1001751.3176087597,38809.68740817223,42.96766074103855
369,0.8686569126184118,0.2911043798841156,0.3070626680762864,12,5,800,2.7224116640013145,0.9851073401012824,639612.7871446942,47193.51356190304,1386582.295329298,241924.2504403819,453031.4303308676,9367.043956968593,984354.6300311178,28981.548963564095,41.18507995737923
602,0.8375122527773808,0.287796714320041,0.05843735021927202,14,7,600,2.8514346936569526,0.6840428771649407,639773.0581706864,36356.43452280349,1350082.2170879063,213467.02829715784,468669.4369989018,8470.656460441085,1013966.3383594295,41523.21256878195,36.50838046266402
445,0.9926829370084567,0.22523928573529767,0.16401046306747466,11,15,800,4.985911769514752,0.8236237139786409,639996.8762379898,41500.31458056216,1339594.879761478,215976.03448548648,453555.4322237225,10004.39613449111,986477.2854746341,47933.929020827934,41.10664998546471
448,0.909123829316135,0.2742095814967813,0.029938997732881632,13,9,500,2.7401617833212004,0.8084292762033551,640006.6958370253,40405.389453159994,1369114.2588588365,223650.16614337065,462214.4139815001,7173.497169040101,1009273.3032164552,31140.62373384639,38.46532615113152
427,0.680439490977067,0.29511632957544637,0.13228985739389673,11,4,800,0.5269660905390261,0.9057762912302018,640052.0222743773,44799.89843260871,1352674.8541863314,226981.5000779815,440685.6764990745,6568.423271102541,914346.6105867261,25791.10200388202,45.240033068268204
434,0.7539214468884413,0.24468822448533512,0.13888257763970902,12,8,900,3.5936980892676513,0.8929604196233516,640295.722816828,45192.02228418458,1368720.9255098796,225608.3752891464,449460.87975104165,9894.643605677591,985355.2357063008,46528.420716216875,42.45861022910174
760,0.6499480307623691,0.2627225631810898,0.04284729176633865,10,1,300,1.748071994038611,0.8385385989987104,640311.092518831,41029.48881521722,1360904.9376697638,225185.4566695061,450824.6374590124,5028.481092678144,932580.2537034834,22132.63572429054,42.03107801024875
37,0.7351980627406143,0.187791476319972,0.0381945819522607,12,19,300,0.775208083638721,0.9927363553242124,640343.7328893155,41283.56192963812,1384560.7166334265,214736.00800247444,451638.59051830164,6478.984009853297,999940.5687876574,37817.172707131256,41.782333558887274
615,0.6161155782938168,0.2561073538385258,0.2141438387573122,12,7,900,4.672719403577577,0.7213542174516533,640401.6608359462,42694.51801179068,1383694.4116648294,224701.0553585534,465028.56504925044,9680.475305807806,1003581.3591795748,44426.91178364136,37.71232757887084
128,0.71884868624927,0.2832023201484486,0.1528151206597299,13,5,300,1.3495561119609745,0.8159371115632774,640502.8476073742,42946.4546317477,1357019.0470582207,222925.57405231468,445844.24952202477,5255.24688098783,948688.451222385,26267.90564695328,43.660672599015605
277,0.8603893868603816,0.27271593470345273,0.028681931764565682,13,6,800,1.7798668689742636,0.9912247271894115,640649.5529204156,48682.66011212681,1374655.5946016854,240293.86405376944,443258.28348277055,5936.203080457356,970884.7551164113,24855.05676515508,44.53188508665913
640,0.9955362165214652,0.24161603793771758,0.30606878361648926,13,6,1000,3.912500721901468,0.9546010106567611,640668.7074583087,51726.03634839622,1382002.1327915313,236958.8254502533,433086.88032547326,7861.331953633616,939451.4390049491,29551.035126996052,47.93075859902143
249,0.8703929102345421,0.24802391933994328,0.013814466996068055,10,3,500,4.079734694843086,0.9445479985453744,641178.8002075326,45855.042858329005,1377180.8581730104,236191.22942239305,456393.4331988469,5035.8238310060715,1003648.9248588865,25203.27204547015,40.48817392343511
493,0.8039416038201831,0.2506378223128647,0.02507290294689464,9,1,300,2.1908930662417223,0.9356721579921194,641270.0461914015,43245.743677947146,1360837.634050407,223895.49169116895,452944.19603513833,5530.286768123536,937270.3849857682,18477.66475083447,41.578157266343105
593,0.6570226220132462,0.19106973741628464,0.17641954098470627,7,19,600,3.8298578742758953,0.7654714715941041,641946.6847413598,40818.36994383029,1334137.5679775528,237577.29539053078,465391.0199833938,5272.323459655851,961064.6967949666,30101.856293662775,37.93705876926159
1,0.9464704583099741,0.3005575058716044,0.22242177333881366,11,2,800,4.692763545078751,0.6003115063364057,642035.8310321062,39426.36645464846,1351002.6486739698,199017.91193353492,469392.2178339452,10817.844315559576,983760.7849085287,39664.22734889473,36.78024616488984
665,0.7196928017204243,0.21542913769113536,0.10365756513591638,8,11,300,4.242358872031323,0.7453021406703241,642336.2918888251,45956.98288136189,1346942.6030870671,214531.37026136662,470994.51183020463,8218.557786164303,981258.6947035637,40476.222153380026,36.37872114322849
20,0.7791132658292367,0.276446544535664,0.18780901716381806,12,11,600,1.2107996913871295,0.9212559025519583,642487.1795279906,46860.11104109907,1364060.4859498823,219952.2561938703,452866.83689086686,5782.189011023226,973165.7337467419,40857.76314438742,41.87110364250828
688,0.9539231788122604,0.11567882112970451,0.13127249263211174,6,11,500,4.8503722833335345,0.9460284397501575,642937.4276069334,46185.75701439052,1347286.7952065698,237471.8624439406,462722.4185529069,10248.408834048283,932565.9854691554,28925.40794850814,38.94667771179559
740,0.7587157301658337,0.21560524243216445,0.18078938024043859,8,3,900,2.5913986034435554,0.8888864394694584,643037.9295668559,32784.88784039306,1345951.1120869096,214895.00727623483,454128.43956598686,5934.586820237594,917727.3035706887,20619.9145300445,41.59825140689512
337,0.7823917103039748,0.22172791819095206,0.19063509560643385,9,7,900,2.3824169188914635,0.9984491798557764,643247.33468012,46963.835022770705,1367004.855880377,240237.48357251813,452365.4008178955,10179.293536298093,946692.2144550197,25672.925099152628,42.19640439279884
770,0.676091172328055,0.2604428913503396,0.1507179233170357,8,16,1000,0.46508704631337494,0.6575471865373319,643252.642010282,41021.26105665956,1344429.3972369197,220735.08472853794,470623.6282038841,11277.788121098416,958676.1937927833,32690.311435547428,36.68090666531758
497,0.8997704023923234,0.2155562025485025,0.036264599208334185,6,3,600,1.7254187275661685,0.6120415488845276,643349.5367282612,34310.3813159803,1320070.2038403456,210377.99134953207,474742.8662886933,6845.411929246667,925747.7946021103,28709.735241714,35.51536682534107
520,0.9000113648568765,0.2658305118822415,0.17133488042241296,10,16,1000,0.9088943360868096,0.6627250821267222,643474.5188181638,45309.23017890975,1339389.9900246733,230355.96926893783,461327.3610319601,6090.694266453924,956107.195052395,29946.18776789221,39.48327655631609
578,0.963207418168665,0.19815631274911027,0.09889774056994001,8,15,600,2.1638574217090945,0.8382719296646118,643654.8604120866,38070.770324114565,1349276.2453942983,213430.48543498624,459742.0368890928,5894.552344516593,948486.2126013344,28593.00362656287,40.00348211955229
988,0.647968743570852,0.16036654617233653,0.270292484416067,6,15,1000,4.067034467823398,0.8971325105862761,643655.8904217015,36111.455252124215,1332716.562430293,238012.7729168775,469920.67806291004,18395.392727263017,952706.682271448,48645.84051375816,36.97117842844379
138,0.89514230676261,0.2600840549393659,0.1380451169964593,7,3,500,4.951706566708886,0.6000950094303538,644064.4014201035,40600.64481164492,1329331.9869981417,234514.4940367402,479976.83174533694,7776.1307904900095,981283.7800553443,30423.18292356087,34.18656043836448
265,0.7448941766609154,0.16725564437096607,0.017859012559619438,6,13,1000,2.5903938311940773,0.7194902294355092,644394.7602725897,39791.67581494512,1332909.6887936047,223346.83853306013,475839.4087120625,8966.585769185023,967561.2180842618,36100.35335074785,35.42273894815688
230,0.7545843364636589,0.28222054533944124,0.06753473667755817,14,2,1000,4.9743315858488355,0.6231122243985466,644585.1637629854,41187.01335990561,1379007.5715045878,226237.0173017734,474663.39675821515,6048.896331676234,1031097.1953266335,30671.202424376886,35.79837168091671
725,0.6897531919199182,0.2522514620274179,0.08825477378862667,12,18,1000,0.39802538496252815,0.8827825273973691,644633.0144038548,36922.14600167231,1376252.5151780783,212944.42508121044,465776.9841011282,11051.08252880015,1004855.224601366,39532.11487746093,38.39949941878062
885,0.673525155792726,0.28846806167241984,0.05645241839423648,9,6,800,0.583445599679499,0.8624005418612437,644746.631708772,41293.03783434826,1345861.2856709005,225278.30409202693,466481.0463258607,5785.032774129243,947886.6619954898,25583.7772478418,38.214968600971574
649,0.7573282681540755,0.27227766232733774,0.05796392900993241,8,2,500,0.9713678550090071,0.7788804128865752,644892.1726877508,37809.3131618823,1333200.5976330962,215522.22222519436,468109.7269468086,4131.136557243745,906255.557008146,26459.84132580738,37.76517247227167
14,0.9771414282231924,0.299432733244268,0.21843547991191137,7,10,900,1.47816842918857,0.6421977039321082,644975.9606520978,45616.4305168468,1332466.6618225772,211703.17706583496,480440.7035956634,14730.648814088312,952032.0659742884,30021.89129703475,34.24673551283999
318,0.6687393925308378,0.31893854633181695,0.23229437508237355,11,3,1000,0.7106856189672883,0.6046826442923616,645045.882896882,41356.32417935867,1339307.9765700693,198425.25008678922,457191.2265448343,6847.893759241781,909119.0963362235,28139.85370727854,41.088858544319805
451,0.941033981975337,0.2708232091083799,0.23748018761681775,11,16,600,0.9268638954125574,0.8399085259881992,645460.051222514,40085.88103876631,1365945.1222880357,216826.83640307898,468433.001174568,6923.901021630344,990759.7894298851,34772.67874324417,37.79132759734287
983,0.8490197584852455,0.1039119207294179,0.1612210239245273,6,16,300,4.742125777707464,0.93698564273423,645549.5094134946,39852.20207581939,1362303.4842681445,225414.6568425946,450866.42676113994,9885.122453717055,925952.8251548542,30687.538685116884,43.17976923917066
506,0.9760883222285139,0.30189849596454804,0.2689406613207217,9,1,800,1.4397267133799625,0.7971278338131298,645612.4666605277,45873.2015124745,1344746.5832740944,240687.1138656162,453176.5820330661,6929.91477584645,883574.5595527336,18672.684068630882,42.463775105974165
562,0.7280109266249568,0.23823063561969976,0.1054912284077042,7,6,900,3.473268864050877,0.7458682704937346,645829.4300317927,43648.05462599919,1351971.979558355,234783.90937229575,479685.56208445446,7805.9133211208045,975569.8889870091,32685.77172987877,34.63599513509781
966,0.9281876065443414,0.2921598658813545,0.16255822953207175,11,9,900,3.685317588220876,0.6280405921069768,646158.8165324939,39530.82923198796,1360417.466659593,204676.46243647422,469908.34891457146,11120.120028212506,989638.4945050612,44757.83529723299,37.50741352543292
253,0.8973695144306437,0.3059702526686655,0.04177921376754789,12,7,800,3.1814567698962404,0.9044486148172632,646321.4305315332,43828.225340186946,1376420.2573673087,225242.38940855634,470505.2357765914,5743.915811126883,1024761.199418165,28056.130286769498,37.367532045578365
981,0.7419980463255768,0.16035608249214695,0.29917480362195653,7,7,500,2.150879542221566,0.950003479897588,646369.9094409732,33386.84047758237,1372112.78679279,207397.3274634578,450233.4852504187,9898.765798144976,894311.2015673775,20906.953812993655,43.56326897397778
507,0.7199768279108091,0.298040977619153,0.14015317685657327,10,5,1000,4.512065166430517,0.7375830746230743,646418.2726261399,38323.378576577335,1382201.7552998925,217489.35960371184,480313.863011724,8031.290955573616,1015441.7809916738,29943.07308630423,34.58247250514221
307,0.7086275059004159,0.23644856640545242,0.30515209385663133,13,6,1000,4.457400078117534,0.6011684130485447,646545.7968108916,61024.96522618644,1373726.5102288346,253122.2804046047,439145.45365130185,7268.605478331715,913751.9695605334,30107.021315524147,47.22816584690719
284,0.6675416826710744,0.2535255519327205,0.1894337888107054,12,8,900,3.663176173504164,0.9281510029795893,646652.6016461868,47993.6320305995,1403069.0070210833,217910.07564866764,454628.5366337631,8003.192008412244,993425.8767175209,34279.68852317852,42.237574093839434
436,0.8538557025949522,0.29107190378889924,0.045524511752779565,12,15,1000,1.3380039943085376,0.7342695332156238,646954.5087142492,36600.390175817905,1369117.384013797,209653.4934194685,479955.59808472835,9467.166740001107,1019184.717942334,42626.14617478625,34.79465835921762
51,0.9509888054108212,0.3675355219019429,0.25104427911545457,14,4,500,2.117354711540593,0.8274081134999833,646981.1574284914,41194.76266697406,1348139.297868421,218863.93814197244,474401.78372702346,5808.142561410487,1001951.2350771613,32222.34510229647,36.37831467361687
312,0.7380892571206769,0.25370596935890444,0.27226675740555273,8,11,900,4.64713347236557,0.66608157573514,647609.1529670845,38446.46434160661,1372312.9940228974,239077.4231750612,474472.9287162296,10129.870257771301,968419.6562344038,28909.574888347408,36.490221838220684
100,0.8480291023714054,0.26673054598816076,0.27816777491528727,9,6,300,1.5586103389777413,0.6993956559257863,647661.1856309099,41883.27172392142,1386927.251273521,205930.25234286283,457725.0984089734,12906.280476690528,916542.0016871005,42928.683549350695,41.495668007313455
704,0.7419189158625554,0.19999150914678426,0.027217553106482065,8,14,500,3.370189337124784,0.6066641884976863,647991.4826210327,40921.41018946298,1349822.0188520793,227847.48923645477,480248.09066588536,9067.369286631914,1003589.4601237411,39018.55950907082,34.92848700815525
297,0.6442882373305262,0.2112742141559723,0.022607402551421588,13,14,500,4.831217053533991,0.6509815837691476,648113.4117325793,44717.63199102148,1367226.70785101,239842.45261502455,479268.8306632315,8448.537981361009,1040394.2435101016,40856.6800939871,35.22961859123905
44,0.6480658591222569,0.1709398333582008,0.037539719744032564,6,14,1000,3.5182892969001185,0.78966953163493,648278.8845170217,38625.06980797866,1344243.4305950361,236809.39223179827,478403.8483081433,9261.680265076699,979339.2660279337,34785.41363821851,35.5087102266495
10,0.9705203514053395,0.32553851275097223,0.28448790266313423,14,8,800,1.654490124263246,0.6254233401144095,648303.1654707483,36487.86078280654,1383237.0716224276,181767.6382231,467944.7929982756,10094.02495220722,974930.4161013697,46949.90775043351,38.5426604101859
495,0.8433278000031087,0.14052487508344458,0.06204881510650661,6,11,500,1.9604678845228634,0.9003078596844223,648448.7245244579,47509.51624491682,1352506.8587003408,248674.70420734922,471203.1734209233,6002.477446928115,948445.5846375674,22303.855252601894,37.615525764976574
143,0.7035930606407255,0.2942771144866227,0.30469915452402446,13,11,1000,3.0670569460535386,0.6668135784368301,649079.9808704902,41915.55083448721,1398762.4517517546,197277.78471234624,474817.6217786387,6368.468578430552,988449.3741360992,36555.979085259496,36.700903904761375
189,0.6228347424357259,0.265584764000516,0.29098170768848847,6,3,1000,0.9000521873636175,0.6354222336892965,649339.377063927,29687.379438268414,1302940.5554654433,183307.94124013023,468482.9953084871,12031.82433777003,879218.4460087804,34920.56089190587,38.604684389099205
480,0.8900024305196474,0.2871437875451055,0.2101637011582543,13,17,500,1.5693774836123526,0.8152090821455612,649813.771871811,44996.616165632695,1355206.5905218571,245714.9443765639,484267.291169341,6974.164910173065,1026940.5668006234,28804.467552512513,34.18493954087452
66,0.7413408912104211,0.29182805592543604,0.03332039108949545,14,4,600,3.490808570098726,0.8144385465376481,649821.0610767335,45857.868636874104,1383804.24027398,244733.30204298705,470422.8947396224,6051.86194574253,1028560.5967154795,33612.62407444564,38.1355092073925
36,0.9652962210225885,0.2556711994304689,0.16045488840615987,9,1,1000,3.978963347180505,0.9560021367270265,649903.8085720835,49888.26200643777,1391869.1115755555,243924.533279736,453950.09303150995,5470.298521309262,963778.8091445894,8776.449552571341,43.166356511126835
552,0.8897018109996533,0.24629950261090705,0.20002352207263813,14,14,500,0.252083868011046,0.9561537283421064,650017.8184226749,55992.06914547259,1424051.5081836113,236177.18599944972,435881.78792343976,8615.055955726864,948399.3733136967,26979.63083041195,49.127088222563444
548,0.8730129838150886,0.2876795865645493,0.13871871079079978,11,10,800,4.715309487034858,0.7295278299609725,650341.6005992992,46554.04013466446,1356378.8424038969,229655.25197640853,475783.0055243995,7293.766489926357,1017892.178760444,35974.31668073,36.6886990598801
336,0.8250846796089357,0.22061185682766327,0.191726590941717,14,19,500,3.6285823160997452,0.9577810227296929,650759.2809340506,51618.50583269425,1389899.1258346024,247182.79660117187,467433.7509266342,7350.2381914366615,1031772.4854539154,34489.35059563403,39.21957489034422
963,0.7130669442164637,0.230434367634826,0.21139132706928393,12,10,600,4.33427606513533,0.8505037098649706,650903.2283306683,49970.64742838358,1402490.642133229,238427.44285045052,448954.64580471895,14340.205314309644,989806.3580788167,42178.741406698166,44.98195628735972
658,0.6101394417055753,0.3450234442047248,0.10483039346409115,14,5,600,0.43535602788654093,0.6808597596901083,651522.8111237193,34167.20047374402,1361186.176762822,213445.17849559526,471316.1611143776,9499.482076231607,966820.3996326772,32039.583214570685,38.23476996487072
381,0.7507942167705121,0.27599515106036054,0.25142593659690843,10,10,800,0.8894406202451172,0.8058734468485755,651620.3353196641,29720.608874298687,1394010.590077543,171660.81203933796,458650.79929224076,9226.540201498543,948889.2874647174,41437.198160780805,42.07330202524471
594,0.8611891687631756,0.2898095486140683,0.016665544607674124,14,2,600,4.839013688242425,0.8199456713457592,651660.7686550849,45069.11627021242,1397083.829276424,239173.9739252571,475501.8774541812,6165.101604839748,1056939.0963926273,35578.55091403323,37.04693915070361
91,0.7294716945616975,0.2127182193082084,0.1622831136053365,6,12,300,3.0531002122081627,0.7154522212961023,651743.5356412155,40257.74575606521,1344494.2419613465,210799.58443850116,486126.1140880217,6075.822963323791,979760.8778363729,33987.1190438441,34.068818101634804
896,0.9176538246929089,0.24729852638187938,0.27842427124939034,9,10,1000,3.4285638441234045,0.9435922188488881,651764.0447282597,39242.04120479269,1373178.2010843763,208657.93107360217,467878.94919433864,13465.464566179824,980741.2834192289,54198.95301060093,39.3018527229235
591,0.8099599946903353,0.22559659572536184,0.10911744209968494,13,17,300,4.6846393186556945,0.9936126057116521,651924.9941100308,48071.62818985364,1390628.910506601,229142.10568037772,476466.90571345005,11130.633641474273,1050402.885554883,54191.84164271206,36.82482168071128
765,0.6133694289742014,0.2898964219164775,0.05995106411485453,12,11,1000,3.1061326524008366,0.6192315873945801,652072.9596602509,43438.4485496471,1363051.081558609,230591.54241317254,494580.18856299605,8053.566391060529,1050619.2055820732,45950.714280510496,31.843728224304833
303,0.9156643386354926,0.286674672817609,0.20764752104202117,9,5,600,2.4418731449146938,0.8950262996371308,652098.6003436593,43804.187298053934,1372032.617624671,223174.1246991684,472305.6654266523,8637.3623942154,976472.8883071856,40785.74049113678,38.06707140694425
286,0.9953663957648307,0.24267949157994356,0.04673016950768231,7,4,800,4.40963879152322,0.7709958751682461,652190.8687637014,36912.1748642951,1347240.1474942514,223570.56506278322,485266.34520718193,10120.137717647516,992584.1344031959,40399.04175874304,34.398537051905365
680,0.6768093476545378,0.3333428259462565,0.1970138697879721,14,2,500,1.6722126355905202,0.8077250770569213,652562.1136050131,43805.029654283404,1375596.7717048558,231076.69998114218,463285.2247322326,5338.959839106902,963423.1653921267,23832.84164193294,40.85536916964661
941,0.6302521455338198,0.2885320226128513,0.2027883805632795,14,12,600,0.8373524527502124,0.7516023332712798,653070.2047259201,41773.32463582072,1358514.2198824266,240704.1819368053,467001.26476991206,11072.361036120696,980344.7794129541,33508.449845507144,39.84334818615165
544,0.7785767687186195,0.3093860385205025,0.2096095625256713,12,11,300,0.645872226215552,0.6398186051235101,653131.8938239211,35522.776721432485,1366102.5230700483,220142.14402792195,479833.9009609022,10814.281684260312,997702.6920450501,20809.899159776363,36.116246166845876
567,0.6166315839386375,0.2490649717740212,0.21679312363080708,9,6,300,3.068189514946919,0.9591741173774948,653150.1337919353,46282.57088165545,1384196.3249330546,224819.2979392934,474229.7080564431,12240.946325794072,995644.0530987628,32908.047398714065,37.7286413516289
204,0.6788616506291509,0.23959161472179996,0.06836749695559029,9,16,900,1.4243645098096143,0.7229159859705147,653435.8176164783,40728.88504932224,1368491.6098666328,233416.4359034323,472615.41422209126,9527.460324968863,990153.8607076897,38100.36785173888,38.259523061051915
184,0.7620083196321286,0.2964591999158909,0.18382446980305023,9,2,1000,3.2606162276521893,0.7248592226785788,653497.5137798893,33924.49407183012,1386297.54407675,208919.7184879188,472893.55336916784,10494.655882641859,971329.8647393258,37244.15376965953,38.191250255791
654,0.954987576085153,0.31271672508329673,0.25248046336488345,12,9,300,2.8093189490475923,0.8685624290574947,653536.2829143999,45828.06894171578,1366950.385223153,234239.17457153273,476317.7170142562,7855.90183913268,1020429.2755885522,29052.804645226573,37.205957194080085
226,0.9902440803439659,0.320486038672666,0.2567441690903083,14,1,800,3.031854722166878,0.6556792098470119,653561.4733691078,38322.40805453579,1377183.9802069261,210507.45160226486,465264.45454524236,7257.321438754873,972942.438883106,32809.169411731345,40.47096591720298
712,0.9952496303818541,0.2426152278826781,0.06374917548704526,10,10,500,3.5483567175226223,0.9934846332836607,653591.723480664,47337.099647227595,1378507.1652382168,222855.8685545127,465896.77691611706,8462.328381041407,1014562.9634046024,34978.60101583427,40.286809410218495
322,0.8404296667200932,0.3527929313219123,0.21652150554764107,12,2,800,2.1526466923110377,0.6570376576327634,653759.720275181,46839.311991867195,1394533.171947821,211417.28892991156,481607.43077235844,7640.87829632881,996604.2233041658,40728.57210878806,35.745355761380225
355,0.6169166996890725,0.28231452549863156,0.2890512896315274,14,10,900,3.5652302531715936,0.8665541654312825,654627.9573533025,50800.29194880962,1388396.0251071178,230368.99604863182,472726.2198582785,10496.561977714002,1020610.1235601061,43420.51566468989,38.4792994028462
583,0.6906762608299695,0.283446398124768,0.11546267801490939,7,7,900,0.5822946524085626,0.6508384960873757,654669.0549957928,32038.095698545007,1359404.3662900713,214608.20701800936,485570.90878083033,8044.204338493324,951245.5704696837,22353.719337616705,34.82460401911916
965,0.6876236692239533,0.2215199883175804,0.19534395837678592,9,19,300,1.1962943137573196,0.7122111287421604,654871.4633050001,40922.668697899266,1408645.8243259792,205854.9663233213,474365.2182774328,9689.313837959733,975587.8704474667,30214.467002794583,38.05216699551486
109,0.8950004992438994,0.22610897044490358,0.07738144688199458,8,7,800,2.0946272475227397,0.96593836042724,654881.0999239569,39402.1145255366,1366330.7280966986,219293.06680092483,470184.65118503885,10703.151670546738,954876.2568881458,38833.4926869577,39.28168396680216
82,0.9945027983467261,0.26829532299366626,0.28721252773222994,12,14,500,3.7373546906687825,0.6146732811562391,655042.1170303164,42144.36708932787,1373086.8821939058,226395.3843291387,468307.8840359786,5974.3020584405585,975840.1947910249,20897.027233849065,39.87424499135521
753,0.770757891129321,0.23451246985894175,0.28856665986824076,7,12,800,2.626591322253607,0.626422123128864,655242.673419561,31563.551787876015,1384616.987265739,189204.09767357277,453176.1511884667,5305.958730976384,913053.4909989536,30195.77479841713,44.58895767157416
587,0.6238348389412575,0.30217965985738554,0.23910768080509615,12,15,900,0.06170523030187003,0.6571843510403008,655443.2741085638,42266.558653044885,1379181.633978102,218886.73052323997,479274.0002155633,8894.838849770305,980461.9518193959,30441.088167911166,36.7575278053399
412,0.7149846659589001,0.32837803173727853,0.3005611995099677,12,7,600,0.3779180692703349,0.9805692883382264,655862.9362683472,46125.80260793826,1383550.390715715,237193.49075596983,453197.81780951226,11699.401196312672,938569.041145623,44001.109507085595,44.71890871813928
909,0.601532116200129,0.11906242162699937,0.29153429212312226,6,19,300,2.8509360789990223,0.944737529317932,655900.6222010937,35161.78374364572,1372322.4635539064,221754.92782426262,473911.68676189455,12550.099896938591,966039.4028637309,34323.84462996861,38.401444936434984
13,0.6125716742746937,0.3182052056318902,0.104306794322898,9,5,900,2.6992054565083654,0.6812244898939077,656023.9341798302,33110.72388239061,1359311.7508200423,206306.49846007794,498246.06275016314,7872.0273460542385,1025767.12560778,40016.18418507844,31.666656944318316
472,0.8764847237546161,0.30151977752664166,0.19569746940957647,10,14,800,1.7375354121259052,0.7741574584702943,656280.9963015334,38470.8932308434,1366700.0746830571,227912.725653281,485362.793342288,4570.860776285752,1011864.7192542242,19552.806781355517,35.21452515597139
205,0.9212103591330654,0.26958063833762724,0.10339230974680108,9,18,500,1.3631200036676687,0.7654196406101406,656365.0504908711,43858.071302854805,1360956.1562747732,235504.0614773343,487525.27250179334,5265.345834181657,1023789.0664896055,35218.45909196059,34.63200525434436
565,0.6904132787154609,0.2755254766474662,0.16706907385895672,8,11,900,2.706872104537191,0.6344128628131772,656553.204823393,44328.77839662556,1362037.4188874916,241559.04796203424,483785.1350571861,9649.094453341057,985075.699500113,35977.24396305202,35.711735902299836
392,0.7448705019194913,0.3615641369412771,0.07016807532189487,12,6,900,1.5197125612751368,0.69216666484694,657168.0436890672,35547.53745627713,1375772.3127951704,204928.3299346506,493958.19908061845,8923.345314192236,1034216.9588812974,47778.26199774171,33.041225940215945
309,0.849007878291898,0.23487188149534188,0.14424044239673736,9,17,900,2.685037441756792,0.9416543990602018,657653.8554627941,39020.973854322496,1379279.9287342853,213443.36095084983,483714.4581906215,7139.990375558561,1015843.4411241915,30580.23033409472,35.95910651974492
857,0.9920021852787267,0.29812928761635105,0.2229211254403061,12,12,600,2.84615106045724,0.9683083398544301,657699.9916550614,40982.00532532207,1390504.9421517234,220304.07207872308,475862.07044145465,7014.503544890035,1034317.5731828965,38713.46103851185,38.21231665825282
103,0.8880146146184298,0.32057381644264865,0.21818453334013002,9,11,600,1.7284799675195972,0.6726390867205703,657761.1419662961,49017.81306181317,1368905.671022481,201171.14317335663,492760.9149091475,11170.737884296808,1015714.8055673493,57046.56593288609,33.48484469137949
847,0.8487746935026836,0.3033964479106684,0.2648409704750987,13,13,600,2.5444262758712286,0.6249777099895696,657765.9521721797,33999.28977450216,1361362.8469081663,211665.04640698712,483197.9968882993,16060.806939557626,1006224.8024082879,51479.582501873665,36.127623957066035
956,0.8549618449044734,0.27835462827642693,0.2314886531434923,12,15,900,2.420922491612984,0.8592408509044285,657879.4784749327,46235.81581387622,1391476.820122495,216681.23389695777,476910.8012157184,5544.370801788903,1015680.7629604094,30519.68605515491,37.946021939091665
706,0.9189577431631114,0.2539743459532041,0.2350992327459868,8,11,500,4.284176748615882,0.7867512396492418,657947.314166731,42080.28949482861,1341002.007090727,215984.76916051685,477302.7007828763,9525.997842856246,979934.4184741371,43070.96601919868,37.846970714299275
639,0.8702347094269756,0.2544470350349401,0.26843370580639725,12,19,1000,3.8902315324159957,0.7842934400966696,657974.2181337889,42804.176300066254,1389744.4588234122,210587.55686726677,478914.59108133166,7475.844971469578,1012248.6527164781,48378.10712207239,37.388634714211165
820,0.7426235684707555,0.22365137812630032,0.2996553754704299,9,16,300,0.9221759529213247,0.7990065707497734,658061.659431231,33772.419780417404,1380513.0104161105,208787.8056207901,463257.3368876252,6828.207361449855,961422.0163126098,29025.37594679347,42.05099564151327
572,0.9263077618540428,0.23336404688397522,0.03301684805586557,8,17,600,2.258697379907219,0.7418914226920851,658182.0633100199,41082.10707702974,1363894.208616012,221597.80088610933,489176.9226880811,7666.161836194447,1011427.8471000775,38178.99709337864,34.54887849026829
546,0.6841274225143175,0.38268168192902036,0.08590790227607596,13,4,800,0.30503571502697446,0.7151325195406424,658404.9898854042,37257.556302261,1358802.0408536533,205134.39815307225,483162.70886921743,8616.91723196149,976462.695382415,34001.613167212054,36.269827492754914
626,0.870657853927939,0.3180236711695633,0.13053794053282736,10,9,600,3.021564911201599,0.7843593352826328,658656.6542834686,41742.74758373497,1367923.3387953849,221101.81342871548,495539.8025979487,10712.01607936287,1053271.8709485424,43812.92087188457,32.917002999628494
192,0.7231719766364764,0.35234038136832335,0.0705560356368845,12,8,500,0.9417454188280072,0.8923317899483505,658671.5625182763,45208.5625674874,1397224.441617004,219563.2662158364,482909.23714737,6601.339828299587,1024492.8124449002,41745.24743382153,36.39655484934712
489,0.7061480446407902,0.27716873717017243,0.06985159447888252,13,8,500,4.742514716090974,0.9778662928684381,658985.4242316303,52469.48021666599,1417643.033933164,243256.5354942492,478458.40696001437,5577.048479933461,1059471.3591794856,32401.412050792864,37.73097402941086
763,0.7314282530929177,0.3011281511886286,0.10669744734082746,10,2,500,3.516386138662258,0.9337833011424387,659028.2376354914,41989.70266013438,1405882.1258986064,228562.40805375375,479068.82429161866,4841.5682363168025,1032529.137588609,25810.122369615092,37.56441751557767
440,0.9059203889837109,0.33944886253892026,0.24189601639167602,12,1,300,3.0566830110832344,0.9429235609443364,659529.5153385003,47309.4965376837,1393842.1107106614,226014.76935887514,471810.71325505833,3677.665068684852,1007235.3209634013,13616.031420741832,39.78688842997131
884,0.7140846978613329,0.27698497493913743,0.010480356264708649,9,5,500,1.200757980110071,0.7294098454948151,659560.8967644783,41733.879639555955,1375708.5298610786,228250.42990592105,491022.13433573087,4481.255613419138,1011956.3474400218,24423.554500455954,34.32406619647639
422,0.838838308074688,0.2974016073388948,0.12166011754756577,12,10,500,4.025451592478314,0.929193522016707,659629.1913897775,47750.870416830905,1393390.480112113,235815.39748275207,483659.328855578,5387.5455328385015,1065587.3181961458,36971.78461398354,36.38301838415374
811,0.6477795535857143,0.3111514895370131,0.2903260650527541,10,8,1000,4.332255316245208,0.8083528713790045,659755.7903641929,53532.52449640838,1369973.8706797722,252655.99552842393,498188.6439008289,3069.919689193539,1041812.9308559399,16744.879606647723,32.43091717191493
380,0.6650798975234263,0.28254265622637814,0.2414880732935823,11,12,300,4.17703915421063,0.913768343201367,659776.5635148702,48570.64276674532,1387155.32275686,242195.0341328244,486668.35398783616,9220.914490628116,1064997.5179474328,35000.94219047209,35.57005671491859
165,0.7886129840410051,0.27161640289497907,0.05777372148377934,14,17,900,3.8829842639587087,0.9083687378576208,659845.0122420619,41821.800952487916,1399211.580701564,227316.85474830077,486533.78876869363,9102.737658862347,1061770.5158562108,49978.76567094124,35.62162124689829
2,0.996884623716487,0.30874075481385826,0.19349594814648427,14,17,600,3.0592644736118975,0.6557975442608167,660025.6580849007,43448.78922032768,1366697.45665363,225166.23763974544,490855.4265242979,7588.222412837908,1038878.0397636797,37462.573577162555,34.46437024410256
633,0.7675879095118098,0.2290143082919343,0.08699416215582872,7,4,900,3.303992648454552,0.8985451537252966,660150.8211407571,41996.785990913384,1375757.7003450745,240935.79791189492,490585.63503581274,7026.096509367914,990840.9454271309,24782.782812483983,34.56383024598062
367,0.9517020459385539,0.3377900459751299,0.17408897541141644,13,1,300,1.4557212389258951,0.6828379672706285,660662.154816264,45230.19028195856,1387824.8618508028,250618.0036591869,468711.4715992579,5551.687624970558,946602.2609862944,32968.63776436165,40.95284516123843
77,0.9920130301141908,0.2463090469964348,0.10862548308625246,8,15,300,2.30059579491786,0.8339064423796615,661175.1284576769,32409.75467567908,1354981.910242354,217686.62519948467,490135.9695105009,14179.792499095785,1003956.5958891403,45441.790513555774,34.89626748226473
332,0.9521259048595708,0.31170297907972006,0.18081320835468484,8,5,900,0.7399207368291738,0.9410231127606214,661255.2346852543,41634.24587240925,1337941.2888694387,219227.98019386886,488721.795222152,12172.134595692454,958147.4512990906,26155.779691822725,35.30299674576125
49,0.6858356478833496,0.18862954161398793,0.021688939693070088,7,3,300,3.278613176903711,0.754158648386226,661565.8627971831,38977.55851363389,1368689.4396301634,237118.07999948433,495856.04785271204,10257.894768031314,1007309.4917951727,31545.381684991808,33.41893593152123
617,0.7712735759468692,0.3160096042112182,0.22783337780339108,8,3,500,1.032905081108904,0.7253065906322441,661621.9865006693,31131.975703771284,1380598.3769934832,182218.06755529833,485335.8285155352,11277.504039431084,935842.9013632871,42401.60468740229,36.32251064676781
7,0.9706635463175177,0.36363599792821044,0.1079622306417506,12,8,900,1.9433864484474102,0.7085396127095583,661708.8787053435,43838.91074145279,1377223.4795498122,209014.84515705472,495435.5135301848,9271.566795654344,1049271.615960659,38388.521916767175,33.561050961080994
417,0.9745068557652876,0.27099503744488296,0.29189545338805245,9,9,900,3.0862451042436283,0.8957632919325247,661720.287460962,49676.954981980125,1372420.6691392632,231861.1232496674,480062.93985484494,3060.4693228435735,1000836.9996031646,23434.77221082928,37.8403189508951
673,0.974689822341396,0.25783827553853655,0.1591761659772634,9,18,800,4.2105343124175585,0.8456532704750073,661910.9502018701,37225.72566233106,1390798.9193587534,213003.11394549,490611.00982667814,9929.684797344256,1027978.5683438398,43234.697364077285,34.91563314808373
550,0.6179987284941697,0.3670756295208231,0.11239559378501562,14,2,800,1.6598575236792272,0.7861347735757944,662197.1961002324,37276.52421675384,1372822.3680116893,208077.40905970102,488576.730726011,4340.951222364313,1009355.2603928528,25522.939255858324,35.535966912756244
246,0.8575617014164523,0.26515106662457916,0.022585367029490877,7,10,900,0.6261678521641356,0.7897344439624856,662252.3134918752,37203.864671353265,1346959.6241213088,218205.97589336877,500309.88657577074,10671.986576847203,995595.6035543671,38116.32791308804,32.36842430288027
171,0.7995552613805424,0.30907786715905955,0.2207394911632312,13,18,800,0.3620813607317075,0.813696882390578,662265.4037676739,33495.41166327876,1372970.3301797053,202911.6044142785,490047.465834672,9203.61915388776,1030674.2361733804,57209.826474926835,35.14311366546343
403,0.8137162207574703,0.2703672835665521,0.1388787830728194,10,16,1000,0.5924617938420029,0.9846053355932339,662975.5983429605,43884.816577295984,1396274.2304343022,198927.39941345266,480640.410764272,11684.8603517914,1010935.8308719008,49083.62384517522,37.93588376989674
85,0.956210912295958,0.29679622677702433,0.21373069574334688,8,9,900,2.397910508771251,0.8336797938856677,663268.4741354485,50891.14963245469,1354478.1613098735,239374.20862504168,491953.20150267833,10231.390648041357,998493.4653019266,33353.98643243167,34.82348973631741
104,0.9633802245334513,0.29169589738306023,0.13025542502909196,13,18,300,1.280077659268311,0.8904382344249603,663656.5085624948,41258.79764468481,1401403.56696615,207644.76284991333,483812.5835544239,9688.075991063559,1039702.6617731737,38353.44722745183,37.172229727224604
637,0.8976114321390707,0.3555004809749056,0.08034984330222811,12,4,800,4.971651513428574,0.6930913395662207,663848.5448754755,49977.01817276335,1398924.4855320577,228903.85190257308,506446.7208922814,7377.1801927685865,1089407.8628689977,37596.14606760032,31.079641251477796
214,0.9622099169318695,0.38631136372469127,0.08946863417102002,10,1,800,0.9593366235937145,0.7293486248462083,663940.3655109529,43692.86516604039,1368050.5578708516,212574.63511034023,486590.1086279208,6630.599724920106,972392.0467119522,24087.161921133265,36.447567210751906
69,0.6601667564414112,0.29706535767606757,0.12426725698930645,11,17,900,0.3175591479500067,0.6147287470543965,664082.1838028969,41412.803518637855,1381669.5818669137,229253.0872159127,495160.3920286264,7160.824049816519,1028863.6405127455,30971.563472928185,34.11456055324085
279,0.6505015131170454,0.3298146831973711,0.058485943385761435,14,8,500,3.7536475349967358,0.823192295513056,664300.1217697554,40024.500842620575,1399192.9730018775,215137.33128901853,502563.51873468654,5378.221202071116,1088702.3336721144,40770.27874088967,32.18232064322457
809,0.9060595399445056,0.24264531703085768,0.054814490867929624,6,1,600,4.299703570917046,0.6852141279373056,664401.8167879597,37657.74641553733,1351058.4448508578,220961.04030950397,502313.4911246866,7248.972666976488,1005731.5981458102,34609.926917658944,32.268360003701105
385,0.7434313846099493,0.32831553685393805,0.08211967386805206,9,10,600,1.1042639148150446,0.6155719853302669,664609.4201848361,30769.80400347888,1361239.8190533486,207768.33109289556,504081.7656362595,7841.7213714951295,1030202.3296495589,36616.178318759085,31.84555869541448
957,0.6073433535996896,0.32699711071012416,0.1955755447216346,14,9,800,3.7800212088703855,0.7809256140205342,664723.6936341993,45162.779814173606,1395905.5433275884,235933.530606634,503734.21402272966,10644.801666577596,1080477.0782420156,58249.990169122655,31.959210855629006
568,0.9239697681211597,0.29156510954979176,0.22906651532717476,13,7,600,4.538677165887563,0.9986262625155929,664740.0035779625,51858.113365004385,1424720.0245473268,237848.81568107227,475912.98273758375,5124.115006615845,1058497.329795944,29146.26411525746,39.67679548353424
888,0.9495178761679522,0.2509101877702555,0.14129389079728064,6,13,300,1.4349339973577164,0.6999550425723601,664824.8261247103,38176.01704444854,1368938.857328148,199799.45087668623,501599.08357723354,9045.279405475694,995011.975879976,40781.504026351606,32.541076706800666
411,0.6817762295798188,0.2598521314472421,0.032212665373704395,8,10,500,2.41519848779445,0.7074135024270429,664953.944190794,42987.264189608344,1373539.0120920073,232545.591138539,499555.1441065371,8357.333485437137,1031261.1637257561,40722.509245777146,33.10921767807547
188,0.9127161319380117,0.3526927970561018,0.14391059395377567,11,12,600,0.5595980969886394,0.7078998446067959,665518.9835131231,46689.67476732879,1379134.7612946932,234655.54209959498,491191.8525891928,8077.129928103991,1021233.142155687,42946.134891800524,35.49063975817377
793,0.8507210520259376,0.17937125527144432,0.3086935530023048,6,17,1000,1.4549969478233153,0.9475836420083585,665588.8478713811,50683.34397011638,1357179.4730716017,221948.27436627145,492335.22967270296,19408.106552998994,980901.1508602096,33597.95457018751,35.19017282469397
553,0.8307524805244834,0.28195978337781186,0.16008356056232811,10,18,1000,4.001031738417896,0.9452036184268908,665727.4751159055,47824.80793778329,1394033.8543436625,230572.4012160633,507376.30551838066,9395.65030259185,1085833.0517487112,53056.44829856645,31.209807765015608
499,0.8478463707779689,0.2998137842299607,0.16189909280628034,11,17,600,1.698851211494219,0.7822476625749006,665789.0024090563,43633.8850581856,1385971.249501475,236444.5255588355,493080.08580187196,5695.060374901226,1040252.2891165415,29274.484092277813,35.02654468924988
12,0.9395655297064336,0.3608647605824366,0.08079547592468672,12,9,500,0.12709563372047594,0.6431565707973218,666201.7058241025,39714.16943892655,1377053.7890724353,205378.37960127922,488382.4649048868,4969.495360023596,1017283.2205916287,31714.933266472326,36.40983321418927
834,0.8031008607450657,0.24955432905380326,0.043042684875689935,6,14,1000,1.4860705692254799,0.6542506464029253,666301.3331279393,39439.47632864504,1368521.8547812314,218427.66884098423,502347.3322137037,10063.59003714309,1011297.6610435316,40422.144637931575,32.63757770778562
508,0.8932000428890492,0.3293306774698835,0.2894664742928443,8,8,600,2.0542854592024824,0.8242319236004194,666333.5377299665,42749.84995471801,1363941.4270676873,212801.5319821339,497260.0087997783,10964.711697954037,989417.3730727835,34572.72208131281,34.00103083661923
536,0.6202236751838156,0.31322850983846356,0.09619801495267058,12,16,1000,3.7623416879324716,0.6205175395924862,666732.4693464049,46423.94266453486,1373246.8413095777,250073.91031495793,517059.0055875577,10400.115548990969,1081908.712162374,38747.93285029567,28.94707608636784
905,0.8180333651439561,0.33073310266182593,0.28098208667167424,9,9,300,2.193338860157877,0.6873092795125975,666766.6886591681,45350.77586581696,1388963.807142673,187350.42010133376,499061.1681072476,7076.156196500043,1013395.2487308473,32940.51168733022,33.60420150258629
790,0.7821579620991763,0.2590076744542599,0.012238942125165821,12,9,300,2.2134685098371794,0.8928876825248888,666804.0499622261,42583.92352901618,1421999.8340283777,219159.31137021724,492494.8298433007,5930.174431154836,1087960.8748136004,32899.1551883931,35.39310659857813
692,0.7507944669147366,0.30160653104975216,0.033914521956185495,10,7,500,4.254759497034001,0.7383435431901078,666806.4063789989,42988.69791672112,1405198.7282774074,227577.00426257463,501099.61428241915,6758.012797289675,1076541.2623775953,41349.50998206357,33.0686329371604
460,0.9566843460810983,0.4245895027508521,0.13180354051183318,10,3,1000,0.07190723036042512,0.905741354574571,666822.5489904868,50034.52717218613,1355376.580566212,221989.04252689608,484086.12777826714,6221.722358964855,946735.2076812427,24802.497601011633,37.74874154128229
947,0.8426646119103471,0.3545635957429687,0.016317335066896012,14,13,800,0.36652909056859917,0.9576728634466285,666913.4130324961,42674.42810861376,1401232.873959052,210513.43505259976,489208.2739398716,6628.272976801296,1048086.9321793368,38039.17401419456,36.32504774734579
920,0.621885669933456,0.2677352872956691,0.2907247784573651,8,9,1000,2.411126151686633,0.8081294504765543,667009.7827824575,41054.49858561803,1373623.2228200778,222919.5926878962,481378.12476188346,10615.731571275326,976736.224169602,36477.42910772436,38.56254542359976
584,0.6757134583664037,0.2296657204002714,0.23563860986307136,6,12,600,0.9844393588784178,0.776460220892253,667122.6574654898,34016.003629810984,1385124.6678695534,207864.64294288092,486345.4018383992,8289.326964474187,962547.8416193571,28135.19690036408,37.17054894397018
935,0.8596615859323491,0.3490352732017008,0.2014419707548808,11,10,900,2.557953053232746,0.6635699067376686,667314.9945003164,38875.58278020743,1378255.6725864462,213553.75389160495,496673.44966720557,10286.53669618107,1029713.582491396,40085.0249216498,34.35688880640766
428,0.763868421350397,0.327586857262169,0.0880709793955688,11,16,900,0.35245972821572324,0.6742586819604972,667592.2049451018,39647.453886943,1376300.053846987,212546.03682535718,503004.8427260101,7113.687003132581,1047348.1944184576,39056.54444753731,32.72083054451693
127,0.6331194671700505,0.3015760547331941,0.08360473290439628,10,11,600,1.7783635823247457,0.8876183620736982,668019.6953773991,46401.4901323317,1402712.250310394,246053.07631663297,493497.95036968787,7822.601381558941,1048299.2985380113,33876.291866754356,35.364228945018716
648,0.9636808544825948,0.40981243477382245,0.2764574048983912,10,7,800,1.4448426246052926,0.7508215724006795,668057.5791097109,40854.67685016696,1367971.040533626,231241.53814594762,506361.57374658406,13380.997750166762,1022161.0763039453,51967.6261107316,31.93291389919921
655,0.9705233107684784,0.3095840221215292,0.25744208439394917,9,17,300,0.9834409865641153,0.6949933220677535,668378.6884862074,42567.706076127215,1361257.9430772266,219078.9317515397,498267.00833788264,13695.45938941193,1012758.1824198866,37268.226066073985,34.1406670122075
16,0.7708431154505025,0.40900738296124656,0.268219174976903,12,6,600,2.087055015743895,0.6888431241882921,668794.6100583858,48964.61429931285,1399140.7911036692,221863.61364827928,508962.1697324274,7466.469848107645,1056344.1146260712,35070.03504765394,31.403599291080077
174,0.8379106549507744,0.308302290931237,0.19388325245968177,14,18,800,4.354845618730428,0.8856347728529711,669040.6997919199,34420.31847291556,1388794.8331889394,212831.75470305054,508019.031202498,12730.262986719541,1093332.4197686648,55005.95516775484,31.695991429352198
918,0.6877557556784986,0.23217512494107084,0.13997527969270837,6,15,300,2.1315914699535066,0.733481683030252,669892.4901262869,41305.245978578416,1372131.0834382307,225381.24594500053,509138.1494109741,7107.984941429568,1021673.7598355145,26358.702802359465,31.573815653234917
848,0.7535788035616621,0.22222047883574936,0.052485173495985166,6,8,300,0.42571818278041074,0.7211780671560336,670338.1901820169,31179.337132492772,1366395.0325541606,196536.67896119447,502520.6484230069,9664.385034180255,981972.894857116,35623.734061995994,33.39515346994184
782,0.7086870395592719,0.4079778947076033,0.12349468214957783,14,2,1000,2.094646119687095,0.8058247161393194,670918.716550167,34973.80950472352,1404064.2226337944,200551.27296537487,505798.2619918082,8128.490314394147,1056377.0844125827,34629.55254155739,32.64551639780704
402,0.6045671933816295,0.3518498898145255,0.3010771329178171,12,4,600,2.5054394013109853,0.8824772731853434,671211.6174535211,51630.43568924262,1412460.3861196232,238104.69778610326,489747.09259392304,3930.8700382992956,1025647.6169017095,32899.23507362131,37.05270079266414
607,0.6365687967268553,0.3128409561306763,0.1751595041788677,13,13,600,4.482873292345051,0.6785177209244269,671360.5086644252,50381.54525913463,1402160.7231903882,236180.5369719438,516046.81464506907,7325.934840626195,1094389.8677404332,35511.956287193,30.09682253850925
843,0.9189682215766657,0.36005566675747286,0.03584073146471089,8,7,600,0.09040546102842717,0.7601319473643033,671375.1553381563,39934.804388420154,1360243.6228803564,211954.06391472873,506915.82104675006,7560.356954160262,998153.898821607,38150.84170781144,32.44312516263701
726,0.8617385838611431,0.4362599759146812,0.08324426815207216,13,2,800,0.46224758518533304,0.7831601180508285,671903.6831813973,42893.47581660406,1385271.8651202577,214929.49200223654,495140.04759453423,7006.34655182884,994798.2543924393,20986.57301573055,35.69972504660201
693,0.6140860694102094,0.37308981927613616,0.25061148108486053,10,13,900,0.9597771949786288,0.8876937676176586,671913.2831494912,37383.14005022668,1391359.6764884938,217966.85210347775,508505.2021303771,8445.2323133368,1059827.952511457,36636.45347875025,32.13498708263312
901,0.8110318489701401,0.32771798922033063,0.07995626632648489,8,3,600,2.585031416048543,0.81182907228507,671960.9399945692,39288.51837263223,1382277.9293399453,220943.3093019256,510757.23906287143,10426.562598388076,1043935.648161466,43628.99751702172,31.56170654134467
202,0.8134410186907514,0.3039525463967223,0.23946497846263848,11,14,500,3.577454535496372,0.8084936529941338,672064.2793770395,37603.478319386384,1382577.7793746646,218669.1209375859,504869.3850962729,13340.407319945123,1068545.474012372,46143.71032142842,33.11646521186553
707,0.7438879447641078,0.26807769312636803,0.22520882591091007,9,16,1000,1.930254678259179,0.9866824560073842,672238.3604052594,44450.54747194169,1409644.9677969501,216908.271688329,499179.612313823,13181.587893446283,1043315.4177586663,39111.28842804583,34.66863305760137
158,0.7203854267787265,0.3540860443226408,0.03020518044063151,11,1,1000,3.1045775888373854,0.6182968135250051,672255.7088314586,44087.04151840445,1411933.5863785192,236175.06705792906,514594.843627266,6361.539185109036,1086281.0298263743,33277.53977173113,30.63786339032777
656,0.7199590371978145,0.32139753525315456,0.1902836453613157,14,15,1000,4.119988259399891,0.6816350644623042,672412.6219577678,46035.38463019457,1401102.0657878567,229543.20302596813,508721.9657977241,5964.41252720312,1066587.5506881105,37211.18813741781,32.176840625185356
19,0.9906459823330611,0.20551850665911564,0.019915219870164515,6,1,600,3.403527257773834,0.8123738333268545,672628.150305065,37648.467983886294,1367330.8447979572,232427.52171284737,511674.73762808915,10191.689516118486,1010029.5214745585,33011.79170601202,31.456196845497743
741,0.6696626769581585,0.2734405868937165,0.2243379051657345,8,8,600,2.2463407923281835,0.7185779550976612,672637.6901623965,37153.30485068848,1413527.1820637165,197659.24601601678,480345.38480993186,13172.550115867356,971717.607048861,40919.084730507755,40.03209178923473
33,0.6301385024024513,0.15284850964359092,0.0672733093451038,6,3,500,2.784006312291751,0.9744619096643123,672821.4237581706,43936.35198624557,1355996.107357567,239925.05515554015,509558.01802293566,6017.434105955153,997728.9256920815,25236.32964841247,32.040199537766135
880,0.7461467366202611,0.42080772987890763,0.1763861473633435,13,6,900,1.1021894244630697,0.970115277917262,672851.8742252663,51359.561079457206,1424234.524132541,234769.20247271337,496903.39566702384,3510.0254865057373,1040880.4288099632,11543.338990221297,35.40899098144741
789,0.8869491096251894,0.33216968330284113,0.11301333687237175,13,19,600,0.09986466289014062,0.8346406949618241,672861.6990916335,39033.874965476934,1406067.6627192516,218799.91207617786,500842.8210823996,8517.859371053575,1055535.876417659,32255.579772815774,34.345880737089196
166,0.937913291246755,0.38051199547149944,0.19786609648942463,10,3,800,3.9826864548808816,0.7926089406050201,673133.6848182759,45914.06412008735,1402749.870570867,235342.12932213675,516317.39126608364,6167.416231234979,1089141.8865023449,32890.643484062304,30.372072722101496
533,0.9787024140694813,0.39080773959819953,0.10411195361561956,9,7,1000,2.720993312518511,0.7100956724148033,673262.5379382055,39018.96268114133,1388918.18578318,208132.75404364322,521243.2613215538,11285.030083597363,1080219.4561957228,39265.070928248446,29.164746654225127
530,0.9188844290315051,0.3621162738059746,0.2171217165733216,12,9,300,3.308593413219783,0.8409797767866352,673609.7379055631,43131.150478457006,1404381.7414254562,226683.1457393023,503695.3862265084,8571.553406984624,1074136.7081438203,31748.42228250451,33.73355331919703
94,0.7892664804207569,0.3030509405279193,0.24828683498993873,6,5,1000,3.7298726277435907,0.7634073171743667,673626.4939355487,36235.43194418447,1379801.5489030634,214609.76117293455,518034.92337648274,6016.742710056519,1018271.839764357,29241.76237016019,30.034957787197204
866,0.9099713889223819,0.36762560815339673,0.2492010416949888,11,12,600,0.686516875708022,0.7345382906862328,673888.2655981124,39812.16953473832,1399463.4278376098,203454.76420291097,505346.0503803107,7691.817290167837,1037061.9017269537,45620.34117880009,33.35184179058312
356,0.9864190020514709,0.3805188951253915,0.29523181231940143,14,9,900,2.3770330392503687,0.8537358958844816,674021.5206040479,46297.330693007854,1417857.1490573115,242019.5300121326,497758.39336547937,14003.808630106576,1058530.0943270854,39667.330800497875,35.41138222638614
209,0.9623564419151042,0.38497235012583947,0.17699111738101517,10,4,500,3.6597903379281727,0.9404697043411083,674036.3028880733,51561.13381094943,1402115.2143066062,229481.59944437587,507645.1819243892,6504.301831434868,1076367.0962292277,32513.48317931809,32.77705115469156
838,0.955500993500109,0.3462570063805965,0.08305850166986088,9,5,300,4.0158525581636555,0.6613651529556351,674061.8532559115,45246.70520485299,1392469.024538864,212192.08092089562,519759.4894922426,7838.378348204985,1094107.5685737915,35523.31725535935,29.687262451794428
549,0.8644562713714785,0.32611767656622037,0.08532403109955032,11,16,900,3.029984836355127,0.9397785624902942,674177.2172148278,47443.14079186055,1418051.676317277,224195.91334408696,507539.43932208035,9142.664833875826,1098582.954570106,39018.46926686465,32.83247861788343
907,0.9555420393573678,0.3728668668406795,0.020547097614550425,11,8,900,2.748423068282891,0.9431056583144117,674303.4453240485,48849.6222328609,1420438.3972334052,233354.44158791128,505280.87202885805,5655.861704017474,1087473.093395785,24996.723279325353,33.45121152449584
958,0.6172681163451765,0.15480037254275003,0.10603304230177035,7,15,1000,1.3771495181973643,0.9870959818636345,674497.2602453895,34505.62064979922,1394622.2306859693,205964.04037526852,493032.69134223106,7273.081564274171,998906.6469030243,38028.83669781917,36.80578835637445
597,0.7299691177626565,0.3436477812912588,0.2984847421138497,13,9,300,2.048364346462596,0.9912882674106234,675439.2374273073,44279.67821319597,1442553.0878063638,219260.66191005663,491052.2260224102,15519.023175845034,1053080.538655303,53166.1224025544,37.54936881122746
992,0.8226728210727015,0.32287964613065295,0.014055181509916017,10,4,600,4.924645542207458,0.9783098868033844,675823.82447722,49461.8120096189,1431981.40824408,240960.13443741816,504936.31467267574,6218.960424329775,1106971.827584012,27210.31827086884,33.84337882596577
41,0.7734082950322968,0.3720213214995577,0.08525815820399835,10,9,800,2.044764722071349,0.6693177280283383,676068.3061703235,40288.9250446924,1402426.0577278927,208505.96497787777,518641.6237663807,6099.14654950005,1086435.993227911,31256.22834191296,30.353653696498295
40,0.8162540486440426,0.3187149507491033,0.22782740011679847,7,10,1000,0.20533758383937895,0.7595283605779178,676081.6263022923,38707.18523574356,1387277.503424375,195697.888259835,503329.1882542719,8293.403318770153,982984.1046448285,27718.158737350528,34.32195908351521
491,0.8461014613129656,0.38021215584123585,0.16387664943242972,12,13,500,1.989328515087136,0.9310212209096188,676544.5802685022,41449.43019377767,1397937.1347258184,210984.7150527105,512395.98607643304,8276.776652859877,1079234.034872989,46758.11155300774,32.03549572060533
176,0.9135330213675448,0.24045191572449243,0.02222623182774183,7,12,800,0.7977234005659417,0.9487134266368806,676819.550126994,41606.86140325187,1390254.2994615138,211362.02032345886,511817.47499281855,10066.543691620547,1022155.8299034763,38954.08521351581,32.23846062241049
632,0.629345626983841,0.3315731244876044,0.1886099110470618,9,3,900,4.101266594724448,0.8594988455580073,676859.5378967688,45090.60123275759,1420726.974551965,219318.2613691247,510819.2981765464,8573.013692742563,1073174.972544286,43104.240286380875,32.504692033548906
57,0.8198115529294943,0.2207652506866885,0.2763112548274899,7,15,800,3.440150050875195,0.9347855496949495,676982.8858519258,40976.736699221095,1384024.1752415765,219728.64256537362,509475.9683785263,6806.086629599193,1036252.7759497187,34888.41196986052,32.87827647818447
749,0.9729392566534844,0.4291033954885149,0.061180337386493304,12,4,1000,1.3177573974838892,0.7116521883097079,677373.296367265,45735.8502180357,1404620.3015946904,226595.53784230424,511244.21357014345,5926.471051707633,1058089.1596947522,27394.276919470707,32.49505390721228
45,0.6391336642604005,0.24580793755841618,0.15204153123416972,6,5,500,3.0792504902610824,0.8540374603470575,677524.0352652168,37443.09651497397,1387772.4007038097,227837.58571873527,523476.2292881865,6369.274790574095,1045653.1688564538,27808.519136067436,29.427851229558556
545,0.841276866245867,0.26180027357630586,0.08607523509891074,6,1,600,4.959813736193216,0.7176269848707111,677767.0873721533,36692.600094492045,1389997.1569161871,214967.770439647,517573.86186920013,14312.381871902819,1045911.7161298882,49705.131850717866,30.950795104764527
904,0.8284851671006068,0.37269886957076975,0.12368677294375227,14,2,1000,4.089817471745768,0.971968705258266,677881.186734081,55893.71905513875,1428835.7200675756,249743.1899107685,499225.84041373915,3253.57294966729,1092187.1529677843,23872.502595089696,35.78647815431173
496,0.6501945187196603,0.38638570983253956,0.08107999747199458,10,8,1000,1.8294290477844022,0.7272198290203675,678092.0298637119,40679.509713727544,1395131.7798165302,227968.40530397306,520892.9814858342,3586.8200186226923,1083494.3612769493,33684.205831078,30.17876108245332
83,0.7009747777376083,0.3566747929422762,0.2785620513061598,7,6,600,1.9858191625204125,0.6419476666129923,678109.2276165865,25962.860336007157,1372078.7144083208,213390.28706166093,516660.17581267795,12534.95955807597,998151.8297718877,36394.45598952309,31.248596149288677
514,0.9222858102672872,0.164089741398806,0.0727178121120538,6,6,300,1.7916732833583686,0.9651569778946302,678320.004773211,43377.71791806582,1382800.463350818,228228.42086669788,507173.6182068886,7656.585745400243,993693.4473805462,25959.18352308237,33.7451279842611
784,0.6481512598022136,0.2903842918072108,0.2886290263616477,7,13,1000,2.4156732278274973,0.6252732387440906,678466.412003668,44920.30857633186,1390604.5852673668,226567.9542431352,498832.7139980922,12680.06848125092,986159.3747610606,37372.097113768024,36.01080942864201
970,0.7519697163848058,0.2509677903904303,0.1915213760313231,8,18,1000,3.7877419656668563,0.9239081615589049,678880.2196571634,43861.97313452988,1410314.6284473084,217658.50395430773,516949.970077218,13535.941807284391,1069238.3889293557,57293.84457530615,31.324162675888623
821,0.710379531262875,0.3655051745697416,0.032986720597660814,10,6,600,2.4463963052580158,0.7144359688125043,679134.6224407589,43923.65079194742,1420388.1497268453,223076.14273910786,519140.0817679322,8315.718618095585,1091513.408752363,41284.16106658392,30.819146178804967
828,0.8549609924836886,0.40091294993775756,0.14991237835136456,13,2,600,3.701891484705099,0.64720241064775,679348.3427297126,42272.80193611697,1417792.375308746,217132.8937299664,522027.31243366486,11976.445263652904,1101094.041954434,41012.945346666034,30.13655158436539
877,0.6143863024853651,0.3291997976885209,0.09603006326736509,14,13,600,3.4158778161990906,0.6209331429202651,679485.6255616546,39710.540273224855,1400952.64527311,221382.20116032707,528356.6231334868,9436.206337940463,1113165.2889069978,39706.377172687215,28.60359761024245
437,0.8997561811204635,0.28595610192530035,0.30587400158542044,14,15,300,2.1447216671507214,0.8163620015352323,679721.2444523128,34831.96713140053,1398600.705713254,205883.82053807477,484336.5452504835,8177.848748919023,1022761.130336256,45998.94177056426,40.34068895230332
291,0.6765041671658347,0.3068887094078495,0.1406516363194478,11,17,900,4.030979405018954,0.9374949305626897,679972.0241301475,39258.53908516461,1446980.3211053736,198000.5345847434,514902.33661704307,12095.887202257021,1110546.718205288,55823.48583627062,32.05844599533727
951,0.8363263499582031,0.25288641693460545,0.015396439471716296,7,3,800,3.92503418104131,0.9181151396190737,679989.0814600484,45108.143150527554,1394837.671175973,241474.87927196038,518031.53814312443,6622.136952614333,1052760.1044908755,32163.51208662364,31.26403151002315
913,0.6929158616385811,0.44064877280704584,0.1084765267832011,10,4,1000,0.2493228824708943,0.8413616848880984,680007.3044753277,43322.24268729301,1386595.3019941256,227387.34985648034,506877.07980274793,7149.4272076144925,1009376.1055604073,24255.9745328676,34.156254360515504
978,0.6224009235756001,0.24005391397614317,0.1706112617915183,6,4,900,2.201108631280826,0.9332838751831206,680246.81158363,36533.5632831014,1376352.7739914232,214187.07116681733,527141.446801378,6416.036849785502,1023149.3103785043,24490.926046437497,29.044455849805463
938,0.989346626460915,0.3952837763455776,0.08288360850611318,13,3,900,4.096991154832464,0.7439299602546265,680359.7379019328,46094.89466512626,1417047.126086437,216390.00889387273,514054.58728912874,7130.063449883346,1105672.7204669202,38860.23335035642,32.3516518916436
977,0.7736195473912723,0.40971392683518254,0.28167464127193964,12,4,500,3.4770533548486213,0.9301833303185141,680558.5051754266,43133.13578195266,1441497.7136016453,220336.51728960394,513446.1027087353,7551.941312832345,1107664.2811517913,23175.190054664217,32.547214125313914
182,0.8491866334253931,0.3157801100462603,0.2299339067245843,8,8,800,4.545162603328205,0.6718732435480967,680671.1172573316,43341.53039495711,1406729.7329358498,205029.66127565052,501585.4546699889,10596.617979917932,1022190.4743094029,38187.1304436982,35.703918628415884
915,0.8209285989497112,0.2994415473786586,0.09232351630011254,9,10,300,4.706073470603427,0.9447521324473029,680690.7038466489,50100.49406244164,1422194.7157510405,243109.0229722919,503650.26786607754,7732.681956740655,1075500.7107835675,31104.10273691775,35.15146268673226
321,0.7785678065606328,0.39919017025917625,0.25672671210048353,14,8,600,2.910993732970569,0.748468969375051,681026.259737238,52445.21932575407,1422392.8152191166,240731.04713497014,519675.2298561954,12827.683725227562,1087910.6454707573,47137.81695113013,31.048435755864624
190,0.6413235828496062,0.29233535022129437,0.21646235975997863,9,18,600,0.02469990467204808,0.9807247141692956,681052.2614705075,39838.93217237707,1383621.9546966623,224209.65338510147,518058.5511847981,12940.782470608701,1064794.122071867,39203.10526033241,31.46241094041269
349,0.8218629392140382,0.3185454185404525,0.1678835381014608,7,14,800,1.5159702973052303,0.7159880475774436,681122.9583725781,32366.487267954202,1402999.8404468826,204932.3031866732,516428.8589827375,13614.514844310781,1032808.9598305158,45932.041068822604,31.890955845158487
259,0.7650487363394495,0.34780907324840343,0.010965479081283605,11,14,800,0.9065963996275261,0.7550694379001577,681171.3660247374,43626.80071639888,1411777.716156762,219862.88645207294,520015.78724740987,6885.708093749688,1095398.400495125,39957.19772332499,30.990516582269436
473,0.758384635499042,0.3346543045809396,0.27756793097696875,8,14,600,3.9470471095679285,0.7664872235381397,681453.0650984793,52076.708512888654,1399659.4164719605,246139.2049857916,529276.7303421656,5498.89300520672,1066249.5351033949,29665.047016333832,28.75175235040752
767,0.6627041714606557,0.34171470757863526,0.18810538597261997,8,4,600,4.640071183646905,0.6661680608513637,681651.7341133574,41816.805177215014,1433033.8500689254,225926.58646857052,528150.5380996696,9079.703468650716,1082273.0312031386,36046.76328889785,29.06390980230713
240,0.7012233731203138,0.3905852118934596,0.2575396587786111,12,2,600,2.2506221620987983,0.6907858777461456,681662.7775294835,35000.34125188564,1419051.0431881505,197228.60817032572,506480.27801164455,7979.446660409092,1049872.4222380836,40527.88182714821,34.58821737453939
308,0.6159063859954278,0.3020358385356096,0.2822140494138541,8,10,300,2.2523265082890913,0.789188538438204,681668.9743421598,26146.92222112846,1397575.9507520252,230232.4868240674,511271.95560336986,19218.101494803228,1044790.1424019072,44640.00809741189,33.32805894618227
716,0.9635461625276014,0.39259494221142066,0.15622189093024227,13,14,800,2.264124026421634,0.7114777263714103,681772.3391201813,44330.626734727426,1410465.8542399907,234353.78179003738,520016.94217110163,10264.156702695855,1092234.621578407,40474.49624677981,31.10579364467265
153,0.6423336375314336,0.34949536901979383,0.06676646193550176,10,11,900,4.35921763872616,0.6116989132138236,681887.1374052656,44148.06589698089,1398174.8566917493,229039.08147617595,535761.2366530489,8150.929709120784,1120701.4442047295,43783.765694249974,27.274444426976284
282,0.7148551832338302,0.3964272095169197,0.18327800976434724,10,8,300,1.9798523633122744,0.9660360273628172,681909.9523196066,42937.423572518936,1423730.0208782093,234840.13447606453,517865.01808230986,9637.372336353053,1093125.281692744,30160.641356053446,31.67716074832907
110,0.7449575596466532,0.2902941751390217,0.1996792863758591,7,17,300,4.805351587347276,0.6594650911012452,682170.968451512,44379.56096713367,1380503.063261075,221319.9220029664,530860.7217332196,7698.902767200885,1075274.391544856,33856.89589767169,28.50281449045169
340,0.8890827830792913,0.346266215768554,0.05033053882243656,10,16,800,4.022186038397525,0.7115039489658213,682621.0863294881,43590.10817313857,1400543.108037706,232361.14768362002,529739.0618968626,9440.938205560025,1110573.4674624936,39797.853422938846,28.85987374334702
812,0.8677063183374631,0.40750765833807406,0.08820254732217807,12,14,1000,1.3134773850096764,0.9499064250215974,683002.5007973462,50860.07836491434,1426763.5936719687,233035.90098724546,519568.1123458572,7069.156890540548,1099703.7539621876,33771.729408206586,31.45581581471206
652,0.8798386132094113,0.42646319192729065,0.04474692467103828,10,2,500,0.5434126968734604,0.9925030309565107,683078.6832253875,44306.952698244815,1423970.113986165,205991.22454083062,501002.44871682406,6479.1608761373045,1002502.5385370108,18763.07422643391,36.342384148999706
227,0.9593046509170824,0.41466620257064185,0.1052594343630211,8,9,1000,0.7318699608112456,0.7470137689166125,683185.6800918082,45471.52278528848,1391923.484172991,208500.16726251668,528769.8379229575,8945.248022088812,1055950.4622931108,45896.19098141757,29.202846133472036
863,0.9000643331818404,0.346700426714522,0.3071928211516537,13,10,900,3.421045375942433,0.9529764765390327,683289.9079432134,38292.563388112234,1417801.445864677,213651.19802954263,499680.8127495432,11990.61722187761,1065465.899923627,37387.68388040974,36.745276286144126
405,0.8690811976835592,0.39834069859568616,0.08514036963774968,13,3,500,4.164151883941355,0.9624348241925043,683401.0962741787,50654.87837622165,1446840.8129733847,238935.280173646,516441.25293677737,7071.702651886275,1132229.3200941444,36089.40694556512,32.32891299600353
272,0.7573791386254366,0.4139341876610864,0.2463139046583126,14,5,500,4.897754201908785,0.6579860289519268,683534.0336083161,53095.79485075257,1431290.1271053497,227859.74857283736,537123.9339398106,6009.066023152614,1127590.5427433816,36780.51463001568,27.25815969409251
313,0.7559489411766176,0.3649301544242392,0.2746775668284543,10,13,800,3.373039264581081,0.718691056441636,683641.9989703737,42758.03221646105,1399524.126582554,229275.2762677514,526024.815872918,8716.299832921135,1081240.9045508665,42050.380039015225,29.963830287340333
976,0.6292570037913136,0.3823217863070561,0.0954063284632815,14,3,1000,4.344005479089102,0.8647606305887714,683844.8407093113,51130.95294102658,1430094.9916727806,237261.5036786487,524136.52769783855,3622.241244848053,1133803.9454740987,26758.475239943447,30.47074656539557
233,0.6695010382649178,0.32786183628082816,0.2644047655748204,7,5,800,2.023992145425999,0.8616303181487992,683873.2558567584,44176.33870032266,1392478.525975814,194631.3454570027,524244.40418118204,7163.360892305163,1027862.7048137753,39523.917519791474,30.449319134822407
244,0.6393582598853589,0.33015135985066907,0.23931179866652078,11,15,800,4.494504120031177,0.9129939698255751,684282.6363543635,56933.56709350825,1404363.2306030844,253382.140436305,516949.71804533375,10130.21790877489,1100549.6155857714,35541.4579112936,32.36928321418595
208,0.8406447280585325,0.4095944297133951,0.27526193900452234,14,9,500,0.8738672141368858,0.7443090076442399,684434.6021967208,42053.87156622502,1409469.4656740292,214151.48283285837,509916.62724054547,9439.68963707118,1049987.1792586886,28637.79414182931,34.22480571002229
516,0.6067025217969529,0.3395995756005847,0.032970477530061694,12,2,500,4.685544724598385,0.7247208547823074,684800.7120088092,47588.65591046894,1444044.7639349124,238828.57038877028,521448.73631761817,6933.968604916518,1122096.6701591867,39455.09229287471,31.326564686828995
363,0.7654570699674541,0.24643229222372331,0.13128692417646073,6,12,1000,1.333375983309888,0.8899425997260069,684845.4181951198,42925.05551155966,1384838.4828405816,243289.05096421356,531936.7119116593,11430.467822591723,1047285.5691228379,37819.58848729798,28.74565768058035
636,0.8896116755091685,0.46440398034394265,0.1391607462739111,13,4,800,1.2108732517373526,0.6292014371598509,685108.4002204624,37702.41796253943,1400906.576988529,206952.7609228073,525833.2346753564,9566.735720742872,1070220.2973808963,29994.309948107497,30.29005301337422
804,0.6463040184985298,0.42209294791204083,0.05179070161237429,12,12,800,0.40334883695588686,0.8689393070571458,685219.4328797447,39514.3993201955,1417082.4199835828,219868.3161532525,525372.9758983147,5427.062757055876,1103426.979333294,32990.06753129201,30.42532911178286
78,0.7601201955641126,0.3488337868484659,0.06402018170478956,9,3,600,2.5761802743210542,0.9892441397080417,685602.6353946233,45599.53244075835,1436274.2896526398,243214.737456173,510760.73005220434,9373.064068368863,1075003.8367840152,31545.334763283183,34.231665642060726
757,0.9355357347061082,0.438560233831144,0.08295399407926778,10,7,1000,0.5093938206977827,0.964448200556783,685637.4332967735,49233.84276677375,1422597.8243440525,225892.79750346622,512452.9245841354,3090.900899504692,1052302.7732125318,19917.447091134378,33.79520350150804
86,0.8947289901579651,0.2788711329752187,0.18596063039822772,8,10,300,1.6872341693595905,0.9598589588580049,685762.3859625397,48345.43617207579,1417216.4056501356,229224.24638452212,500197.4614593137,8847.661313652796,1016222.3381548927,30242.671528016002,37.098333918337964
197,0.8268065043946671,0.36922460462566326,0.2735546683904044,11,14,800,3.3379669278179236,0.9231383767765035,686089.8467009047,41241.99181171461,1432235.9763830455,212019.23806879245,524550.892941714,5854.254966150085,1114526.2589391007,31687.147652248088,30.795668434242884
830,0.6693584264824477,0.36239348747919303,0.16160610047134785,12,10,600,4.978095298113534,0.8662602002503839,686201.1811508986,50725.2470975138,1441493.808627228,230997.07527874352,522872.1516713103,10929.574820627462,1132742.55941618,46375.661313425764,31.236895856381498
471,0.9451987325435488,0.4430467176566041,0.06899607548588761,10,9,600,1.0027648892263326,0.6864908036511119,686292.6671009125,41778.55526403489,1406438.5090171285,214301.55300970667,534361.1760109541,8989.09071572142,1108514.3725271334,44739.36224692661,28.4323595932134
498,0.9845969298296449,0.3339339533504067,0.2899615263277919,6,6,600,0.9615494801681373,0.7182618166449941,686354.1697319875,45817.19949437728,1417687.6684449124,253138.7437572146,518374.73951575474,14859.768002096698,1005492.952390451,36588.688169521185,32.40501849552941
961,0.9632334748239417,0.4021872070688503,0.029748953008946137,12,13,900,2.459339109586034,0.9137119259818276,686500.1776925471,48744.74614295133,1424714.0907331929,227792.62840976112,522610.03859108046,5080.922807724849,1116859.554321571,31811.070426083683,31.359929392727093
563,0.8954023514042075,0.33330854243968616,0.04586859932561693,9,13,800,3.7673605532979835,0.9491437686262658,686557.9852207217,46125.042734625655,1419599.7871926972,222184.62366507784,522294.03997702355,7058.569105910476,1109622.6863799659,35711.11902297522,31.450472850680878
247,0.6455826538857269,0.24300775148876996,0.28608915436582233,7,11,500,1.691337529972492,0.9712334561304199,686712.1160697053,27541.297951296656,1414614.151853942,190892.9792270086,518047.855385538,16328.433239677319,1026159.3909876313,47264.58096333905,32.55766024909903
948,0.6912663655003624,0.3700089000791064,0.10291997468380361,8,9,900,3.019015394218767,0.7973366352209522,686899.7002102,47309.14948392101,1416732.5846731283,237710.80286391533,537410.2965234878,5270.438382795001,1103612.2135957282,27471.43115002554,27.816624402948854
170,0.9631274611938561,0.36214265406320595,0.23474849173038492,14,17,800,4.933312966335732,0.6569982171606052,686958.2856476277,44504.6400760102,1400495.2806380806,203944.710038381,530932.7567689212,10320.146223748272,1096262.8648432838,37565.83129239211,29.38706020480364
598,0.6723567605515594,0.399578985552391,0.11025781425193297,12,1,600,2.6094216407897157,0.6271893199277615,687017.9814843789,40013.98462797848,1432744.9387679738,217166.56532897116,526455.2571476864,10734.362010685118,1095338.546641502,37766.25863101689,30.49883578076795
629,0.871665027327825,0.3156879888216883,0.09116777694639741,8,15,900,1.4913622711706136,0.9102021186875997,687035.2864200866,36897.54596794024,1417403.8311462416,212996.5580258284,523082.87286467256,7209.436147657713,1070675.2247292774,32757.43153070961,31.34348724849769
288,0.751610850487639,0.4867286949880866,0.11105215055833097,14,6,500,0.5537422265947906,0.9038329640458527,688327.6628267418,45090.20719524994,1427028.7939903743,227964.38402144637,517680.9081539841,4485.615285382837,1061664.5327771627,34915.18207738054,32.96369481371695
689,0.8403168597358477,0.35043284862193996,0.09556174080412422,8,18,900,1.450220140889933,0.6805855684214132,688378.389309322,42382.69823574372,1406695.333331844,193531.59311624136,532538.9252934293,10683.735493601182,1087947.9900901236,49381.773097099926,29.263487909362684
764,0.6224855621839513,0.3737603183732524,0.2652558271966286,9,1,300,1.5708103191848606,0.9831884265929816,688807.1536446844,39296.7339101636,1441713.398603337,206950.7587260008,502360.628863054,9474.26086689075,1007538.2416042269,27145.656509021843,37.11407982022743
58,0.9467474821243366,0.41924038188199253,0.13782744251408233,13,10,300,4.1093002964517815,0.8824968908625985,688982.2339346325,52985.745772211536,1432218.081761398,229164.58203637047,532230.3498364167,4799.069971592197,1147208.258264374,38314.59899885341,29.451887542000232
320,0.9382417451959627,0.34624641333461265,0.13897932321704445,8,13,300,1.5315674938910635,0.9155940639683173,689025.2103329108,42202.70752406953,1410955.44496667,203637.37032339946,526537.6921359904,11702.300646225922,1070518.0422783687,43307.25621959016,30.859617577948107
404,0.8857643054506392,0.4762335583439234,0.07801821469898897,14,4,800,1.4502276598121844,0.9485656136763417,689057.4507601064,50253.62031159693,1433589.6471676535,234443.77425735164,519020.5402533656,5906.494715365273,1096243.0426881216,25661.76238514981,32.76111392888912
622,0.8002317269723325,0.3228625216755268,0.16317112261855107,8,2,800,4.011980152768163,0.944567218438207,689263.8118223359,46431.76366075722,1422975.0858063172,233104.02522302163,523340.378621233,8093.80658065221,1079648.8645747707,30743.70624653712,31.704687805331734
162,0.6329524182463371,0.34024965103735655,0.20635336428434056,8,17,1000,0.7552894589045012,0.7729339204170408,689264.9891629968,48669.345471861234,1397958.7718692073,231501.82981589405,534413.4809731122,11520.455985034774,1079341.1634540376,39349.79137117187,28.975973418169755
407,0.764662184182681,0.4674972159193827,0.139162062852157,10,1,1000,0.41959767910714707,0.7333850374384042,689571.1950743771,39591.07871728084,1391839.1461945027,195309.24818829077,520669.4324380014,6678.842402799074,996643.403158088,22645.40568435822,32.43934675510025
934,0.7647786194449054,0.4672053972856074,0.024539269742746696,10,4,600,0.19778753281306571,0.7612155031628529,689635.797365644,43177.76911989556,1399236.8554741323,225042.5139263869,528544.6833177503,4541.30189985351,1057321.8490504508,29492.2170611974,30.47823942465977
449,0.7400811964362921,0.33873670741173645,0.23755056427491722,8,5,600,3.102368925259853,0.8969012748796348,689673.0395292847,50320.99272036795,1438512.0548723743,222696.17622128432,515712.2803624029,7318.090115994496,1060444.2348520192,37351.8436532481,33.732134329753706
791,0.6932075857587339,0.40657100224086273,0.18652937213603568,13,5,500,3.140152322847685,0.9319758372849773,689730.577930995,51112.25009291824,1448650.1466881612,238783.45244663666,522138.3578781372,6868.9311334382255,1122770.2602916108,21456.475022642095,32.09728178828273
783,0.883585706849511,0.4530504643402129,0.05132022966634259,12,9,500,0.3503434786059473,0.6226502229510232,690407.7422294185,40084.91067467018,1405959.0829021833,208746.4089644747,536467.7457667266,6769.757574002932,1106286.3387681297,37822.04749298152,28.6951075208965
134,0.8586659676468653,0.34658760572846237,0.025478741997613,12,17,500,2.839726152763147,0.9661953190352167,690832.0249509163,47479.0280784651,1455414.1300107066,220495.19539280198,522426.46440372913,7348.873387436469,1127601.440743172,42067.141231559195,32.235266017657935
289,0.9952262266611096,0.4506480053873244,0.20550037561192777,14,2,1000,4.141246262186092,0.734083218948349,690833.4401077509,47146.353512474954,1423619.5645561798,234404.1200514908,530502.2039612709,4329.887323567032,1116133.2998343562,33403.44594650961,30.222539124113613
302,0.9956113433400695,0.3130880857965691,0.16939495617041775,6,16,1000,2.1459129669817845,0.7071106701953337,690863.7651079481,40170.430265113646,1394908.2425795388,236565.00436381617,523861.0827459533,4584.671383338753,1041302.9019712281,24689.3081542989,31.879192377988286
814,0.7280226907541164,0.3815750288727806,0.2506747537705342,7,7,800,2.9678762720714897,0.6508441963468096,691139.0752452108,39472.12680847387,1385757.7614368289,224412.64132910027,536455.9492992997,13623.27372049994,1056400.7938471448,33820.252268335724,28.83426423883504
333,0.8843538866729277,0.45347140441741696,0.04971171371049174,10,2,600,1.7673037027339122,0.7833865698277032,691203.9473539642,44379.65775486938,1439063.1038740994,217495.4930680702,529081.0870066477,4906.591453871839,1098521.623483715,33626.59517923208,30.642346575748892
426,0.7770182059258982,0.32466116228844083,0.290884186440678,7,2,1000,3.925488570478538,0.8395381600317756,691215.9807880532,50753.280199581364,1419754.2515564917,242260.21281165956,531952.6118523527,15967.178938230492,1081195.7633218982,34173.71568221505,29.939390349286455
223,0.9769548076408933,0.4366683308619239,0.058529263405632886,11,11,1000,2.8328768108570928,0.7564171052232698,691294.2673631145,51458.40231853666,1431990.5915540133,218332.35542327006,538908.932911638,5949.389688467633,1144985.2146465944,36540.4705068611,28.276639176894513
781,0.8011502080262339,0.39755514126336233,0.05072375592997032,14,10,300,1.497115624015533,0.6400619990027068,691295.6094239097,39291.743651265926,1423498.9535176824,209418.66301053,538096.2670627384,6241.268415730106,1130344.1958039147,37904.63308815803,28.47061980143959
881,0.9471866568008525,0.2498416151414521,0.028403162345160403,7,19,800,0.9424992639778057,0.9219867335526741,691506.2329079539,40753.0436163027,1405509.1253079504,217077.81176348453,533281.357958992,9086.218856477934,1072354.4047270487,39073.12180165395,29.670055513384174
580,0.9165639002027902,0.45789411972706356,0.11793822806358983,10,7,900,0.6217292071543518,0.9500534474484609,691507.4187951391,49021.1880100387,1423374.9799833116,222231.3193114862,513398.9955474533,4670.922113400925,1057357.365698827,29873.339349716665,34.69200851430636
960,0.9877765876529028,0.36199458211784574,0.07361345481489232,8,18,600,0.9563868551869853,0.8068471723427678,691579.5818036105,41801.42489082859,1409944.13522171,225401.93807429654,534602.8813437781,8105.48305336238,1086098.16684451,34962.38403756251,29.363235017599543
751,0.928735729101161,0.32315496682869066,0.20420264031192736,8,3,800,4.912412903006239,0.9647274278157788,691622.9190102948,52664.462106105086,1424949.3057692219,261377.10322582748,526764.9508475452,13747.887748428513,1086738.074519087,30131.38280475657,31.29630547694933
669,0.6424502341963981,0.2656784158763476,0.12873330389812923,7,14,800,2.3755017034586023,0.9591820864740077,691785.5676040542,48211.24806794126,1406818.440780415,234802.90118052388,539382.5158827231,12869.280265798052,1088521.4857860259,45517.51381614477,28.255096751127873
505,0.7609625037197247,0.44229344411480687,0.27866885443955164,12,4,300,2.2002902325469935,0.8918847625989689,692407.3004465636,45085.44740737349,1456850.0964304209,216931.661245513,516566.7068634921,6592.696968724412,1093555.1703475376,31873.598670015766,34.04024906110319
897,0.6355093067824931,0.43249748810388816,0.10618597196506802,13,2,800,2.0898425400694354,0.7004768018417868,692484.6564469638,38025.038253240724,1427561.9545282852,195697.52518059855,527289.1692218275,8969.66677072903,1097692.6732149378,40420.92982006589,31.329201672951392
564,0.7999835967859154,0.3651245947647856,0.19575182060975102,14,15,900,3.982542598618542,0.693016532648342,692832.5098501192,55052.0025312805,1428796.760026751,217184.01729371777,532155.3655109049,11371.428362012384,1109482.1834556293,31442.844655896217,30.193652972934593
152,0.8085041248721659,0.43408040202577347,0.08358565967660037,14,13,600,1.1934501565050875,0.9720361402038955,692999.8019615815,46264.981395324256,1458288.8580658496,224517.38546316247,530264.6219674865,3848.4691594689116,1127862.0078568056,27824.304404156097,30.689428118037497
334,0.6151926253159413,0.372930019313506,0.1747967438209522,10,17,800,2.3339103861559396,0.6137845037699999,693397.8413386161,52773.70188450697,1410015.5049456162,257253.60265842604,547461.8183687732,4411.701761406388,1116863.3205462517,19301.23698545751,26.65684036279943
465,0.7449725290463316,0.431820710648308,0.04301898526033457,10,12,900,0.2719537426115559,0.8577026894603246,693650.4445673039,41947.656271933076,1430612.8198012984,220094.77794338582,528976.932704689,7103.804956581369,1102878.3319448936,40364.161059426566,31.130565754659646
517,0.6999088649786079,0.3270800771430492,0.1957717096160745,9,17,300,3.573766382219729,0.6273801810264067,693800.0084095673,56227.14275102158,1422523.8021058715,243855.86392653966,536112.6593076814,7595.79903741032,1103005.010810459,51417.558777970495,29.41309934846872
876,0.9565255742425822,0.2056651451656184,0.053567505974574714,6,7,300,4.916936102302863,0.936442923575548,693997.4169839551,45314.82555377253,1417939.6648597498,232529.32732863244,540908.0914907234,10556.242378700577,1083236.4732082274,42739.47993430896,28.302280535556967
418,0.6858671455890147,0.33249725811888686,0.1594121179170607,11,18,600,4.4502851273262625,0.6337205258445401,694011.8922915969,43693.28249541465,1434223.4002991803,228077.63824890755,534009.690348687,9895.936718145822,1107142.203225304,39346.38022212687,29.962415445763703
335,0.9878430907392381,0.47455607154472024,0.16387072484415927,9,6,500,2.4570908876427837,0.8089776581621858,694177.9363969469,53518.35316380613,1419679.163266214,230281.97230211785,542338.2769671044,3233.8464791282713,1116714.9241465733,30811.30141654401,27.997223481803466
727,0.757791756335543,0.43353009118947367,0.08319859070574166,8,3,500,1.2381582153571935,0.7392207821909282,694724.9923805251,44325.02449936279,1411563.3463380232,213625.71593833435,544910.0641538536,6508.645001160541,1076482.6950565216,32591.856804830113,27.493514633338066
136,0.9448170603957253,0.4222746992675352,0.10573014197297669,12,17,1000,2.981349392410265,0.6920035349150813,694865.4848151812,46151.34575580203,1415288.3703826952,227926.52772704238,548625.6905605361,8563.520240827249,1141583.8274274073,44570.19968770747,26.655659180894453
135,0.6135783914343195,0.34871013362341996,0.09920470221176522,13,18,600,4.721332445567169,0.7896856866629856,694931.3034701723,44751.928963495,1431594.7455989192,234901.28343454696,545380.0374664806,9353.228230797147,1155859.7098855264,43352.87190861254,27.421477819103934
98,0.8159124247658532,0.21937233769416953,0.18324588127183772,6,1,500,2.717764305569943,0.9625888443858188,694977.4144137761,43084.42724172385,1410092.90072898,229669.1586626507,527200.7166391048,8613.185469630447,1015361.7255723268,23488.949929707105,31.824064816194642
570,0.9900719903902033,0.4166021782983372,0.10090525209460899,9,4,600,4.653212381759799,0.8704420103257406,695053.8220783524,55493.85034585228,1437391.653329697,241755.44185568643,538217.33691723,4699.306969156831,1139870.9577733737,29171.83934153891,29.139991301551404
922,0.7159699050532115,0.42647210169214655,0.1262873875607378,13,10,1000,1.8166128604311198,0.7561151634652545,695176.5120785253,42478.0973048456,1447215.3978718915,212134.98183090737,532653.111417695,14129.66410416923,1120893.8732631907,50540.94840681879,30.512053187535603
25,0.8233173814428391,0.44131817159466985,0.06661213250241381,14,3,600,3.629778394351197,0.9588441039810308,695748.6921115955,47978.356782913266,1470719.1057472974,236405.87010429028,529258.5376776698,6952.879163929636,1151139.7464770505,33256.347996078075,31.4572449155883
642,0.6073100278894025,0.45206767628909533,0.03059459984436167,13,1,1000,1.2058260715388096,0.6934269444274443,695872.7923914912,41630.141543549296,1434700.7403145456,224319.72644201142,534432.980218021,7006.708296179348,1081108.2279923684,36007.484237940946,30.207681439796463
216,0.8160047658418043,0.4400395437807291,0.20526321071415826,11,12,900,2.2842932244018432,0.6761299451276271,695878.8128325299,45537.20612487747,1446236.6420898235,210208.35773220367,546579.3459771321,12117.321960163375,1130427.1908452145,62598.13234784302,27.315241227875497
131,0.9197663515875917,0.3473482354272134,0.0916435411689888,7,12,600,1.5729827840470545,0.9229721007267044,695975.8045980405,45272.90990690456,1403098.123984956,227556.79227895092,549737.6557730299,8716.925605939512,1102017.8153696735,44739.2120964507,26.601442940883047
108,0.682231923350255,0.3938949443572462,0.1911164595190417,8,11,1000,1.7317299718298063,0.738781280758491,696014.3695154139,41791.34836237661,1428011.3863307324,237136.92173035647,536362.1690427718,10205.578167236727,1080155.537658088,40086.26765823783,29.76574592454353
525,0.7004677070193606,0.42210616264307155,0.15520617175282123,14,5,500,2.8652110030950784,0.7300844785104845,696331.3313851851,50290.517351287024,1449721.815281495,215129.6172712696,528945.5316156741,10944.809605558485,1114752.6139176316,40688.82725715583,31.6451864633827
987,0.776739613791093,0.38534598538011694,0.0892038538215679,9,6,900,4.863133022162763,0.8427306254354332,696333.3268596357,48918.88220417878,1434556.5930298155,237664.52899528033,539678.4860961721,6527.597262840212,1141862.6327982305,28842.366800800195,29.02743852115446
275,0.7615911505306193,0.27127290169771145,0.2475099965360055,6,17,500,0.4086267287338913,0.7833202566114625,696687.456321209,31322.687089911877,1474023.654225265,229729.32243224676,519492.532235053,12704.449567030302,1033868.9189508192,43258.00286985164,34.10923412581053
621,0.9485260988987414,0.3925418286198785,0.09210953730351129,11,18,1000,3.412702393835785,0.7326467396431335,696690.6837499446,39012.349590726735,1447047.3089971181,206332.1196905425,542310.7799014552,13634.591607455211,1134542.7734080232,45181.1977914869,28.467054237155722
795,0.6983274348090298,0.45742107492582734,0.11062204404890408,11,7,800,3.157721893380802,0.8171761777957312,696746.8438220432,42438.57831171842,1438333.8919832688,214414.68885331223,551226.5568447023,8718.925719959809,1167250.730388485,45650.82918608532,26.399360693054994
592,0.9185937557318323,0.37837904512346415,0.21416744853373043,9,11,1000,3.421571244626724,0.9795922668188005,697311.5724857119,56742.92832017227,1424612.7020882056,253145.67398844424,535621.6026827284,7797.3147531231025,1118087.429275962,17881.643513547227,30.18735035949611
254,0.6640286539818292,0.23077873720989495,0.012799485948127989,6,12,900,4.407253898375107,0.7111608388995472,697382.4270731255,43063.75469315579,1415164.252337756,233701.79181218924,552066.3186893435,8423.395939211838,1108691.130542338,40979.226620028756,26.322219534923974
285,0.7252647979269129,0.3992966361913756,0.30032676313101664,8,9,800,3.698651660427703,0.7278667329762178,697553.5339132113,42978.0986859389,1415975.3427991637,218188.31032429205,542851.3513467811,12053.114983227017,1094777.1005977634,52788.64272887111,28.49807450651518
705,0.7355779101393795,0.397830115330721,0.03324489213771577,14,4,500,4.669889870722596,0.6524234523217162,697637.9686905559,46689.78548460402,1455626.9335098476,245994.39046754313,549836.0159560051,4417.78122742268,1175146.8741578595,32318.942952498386,26.88109698990273
787,0.9254435253469424,0.35747641177588857,0.08463911912594436,7,18,900,3.133852597086109,0.6115204722186075,697955.7512605956,51820.9425902731,1424003.0664935797,242333.42810944474,545088.4996364887,5133.549926085037,1096578.421067559,27749.095731339872,28.044483001577134
613,0.871626641798255,0.4658702016582541,0.3090848252235009,14,8,600,0.24610457270380803,0.6924323411497985,698025.6076110199,62837.93598361268,1498927.7279572072,260206.5113468547,514562.8313281454,6716.831459708896,1044862.4085276527,32018.98834791433,35.65410579876826
151,0.8064316081774466,0.45325685972229,0.18139568257587224,13,2,600,4.322464401536743,0.8935639675814806,698043.2142255511,45119.6762459125,1467799.1755125565,227729.11001474783,537853.905082138,11944.762809898479,1157282.2122762573,42668.77169509163,29.783052168962108
895,0.9719166890522012,0.4739317209995344,0.03079135180562461,14,9,500,2.2490199535221436,0.9025424218974537,698196.132034658,50510.93199575653,1446758.3119065785,232889.76284685696,539262.4435963731,4375.888739547339,1151967.9582842258,32372.284624504224,29.472419287786256
483,0.7664581470562427,0.25692536728829896,0.2809894043127132,6,17,900,2.5507419022816165,0.8944959240535333,698345.7756418488,29444.253794034525,1444655.1485481737,172634.38248456083,536694.4187159538,9489.211226417428,1066074.663642183,37550.94996213304,30.119813303191645
461,0.8494972339456036,0.38115131225048,0.021681405006299684,8,3,900,4.322166234341821,0.8347746026235628,698368.7064908224,45741.1549490489,1436161.855903052,242462.14023632545,545808.9921592828,6255.844899127219,1136139.2706880358,33646.3063849013,27.95111779452293
293,0.6699525748703837,0.42786862945289317,0.07815386710705446,13,3,800,4.3319325712567105,0.6862119475165327,698371.106167775,43389.06443146338,1447978.8771398761,226837.53870032224,549554.0266834575,8916.422054322798,1166531.9101146478,45239.88782871458,27.079608602346926
979,0.9717630264280828,0.31421141445883644,0.12848355580643864,6,4,500,3.6018660636610145,0.7777919911911164,698543.1742123655,28945.501968825996,1431113.8580755566,206612.1304575805,537906.3233654347,11727.901835167902,1072851.3577836934,37024.33007671757,29.863350525775445
879,0.6847192599526011,0.39626988381066836,0.06607218893503544,10,17,900,0.12408605722574573,0.9340976240635462,698589.781229085,42198.17551207159,1448053.3694269313,216776.77300857875,536902.8865804359,6948.3678798414985,1115010.2172456868,34099.03815548268,30.114737448785544
899,0.9574039885573271,0.3783946114511985,0.10960021063530374,11,18,300,0.6515899404564546,0.7382508148144635,698618.1773200439,44557.740382059084,1434111.6446101624,204572.02340111783,533545.3367090727,4282.424507343257,1104989.5136595038,29890.76479780744,30.93885922218842
923,0.6424367118451636,0.33522333264125465,0.09665182434325403,9,18,300,3.595998477978835,0.8980965944689765,698636.4445490425,47374.6758512616,1431737.662137282,245222.2798845068,549223.2240847112,8316.731188258334,1158019.7389305676,44423.49432247375,27.20446148527873
438,0.8785719228144429,0.3510730480909147,0.06150817231163487,7,2,600,2.733426275496444,0.8301637549144594,698799.4030617591,44088.952378247326,1410398.9529410708,226095.28546346654,544072.6931543323,9116.709357117357,1084370.109976804,38809.250911348485,28.438609739882082
672,0.9427857659104956,0.4693573176870175,0.15770869105588775,13,2,800,2.0914555554674297,0.7237651179481778,699086.4271314348,38994.28548773608,1455013.2480880858,208617.48227853744,528502.2682753878,9561.772811067745,1093368.515541309,39233.996222564994,32.27690193510395
878,0.913139447194663,0.42275540542028023,0.24972464373158634,7,7,300,0.7784629887796646,0.690265833220822,699369.584189077,46260.8092919434,1389644.9031428057,226966.25664991175,541727.5603593566,14989.376299399473,1042631.430684998,37629.73296198943,29.09987147878319
410,0.7800466105899244,0.4885521165257867,0.04093640872242273,10,9,900,0.9490765148607799,0.8328732920370359,699465.2325369592,47402.91198045744,1425331.653430163,232707.2585183932,547721.4394055052,4684.939568720047,1132480.9358302052,27148.79258651987,27.704556041508276
115,0.9202999085944484,0.4894657178079806,0.2619366578369712,12,8,300,2.758612976296699,0.7015554256173218,699671.4282012348,39278.31855613999,1431812.1971561776,192348.01070882735,554541.193203787,13732.404794931204,1150404.7942182664,59704.11214012104,26.17122709297346
559,0.6368395016798359,0.40763816554528,0.27832131659455217,9,3,900,2.572306638699471,0.6340225541956964,699700.8386412526,39828.41637436337,1451072.516169026,192447.8593567235,530770.8919782283,11827.759868237603,1062548.435540505,42935.853978901796,31.827281641879026
675,0.9107193748834523,0.4237738165273682,0.06454529585120163,8,5,900,2.6767388403082837,0.8541293386833284,700053.4836440266,51866.54991039822,1431046.9517586236,237517.19925123994,545452.782956323,6088.124581392411,1117253.3376343474,30252.441221700028,28.343553377760134
261,0.8413950666385819,0.3382339686131811,0.2514966999042309,8,17,1000,0.7449986807462172,0.8781662593312213,700197.0126867897,41934.57542512042,1452171.0264089536,206455.3747502659,532494.326146954,13143.22239532357,1088830.2840006151,57032.9770409851,31.49379783129451
432,0.6310563103955125,0.4144356381264793,0.11466702251254707,14,5,500,4.421882735114856,0.7379125680290588,700313.4652655463,51216.68993101136,1447534.395559105,225639.28346681234,544551.1513495094,6765.13667008901,1157396.1749680953,38111.87911491473,28.603798473297882
229,0.8377163002247099,0.4682245869418303,0.27283155777941276,11,11,1000,3.0127658192143247,0.7459192876578118,700346.8735349315,45286.22628921863,1429949.062103315,211703.3683532708,548156.5994175149,5220.053421231037,1127886.0016159927,33568.30092624963,27.76401383822393
0,0.749816047538945,0.4753571532049581,0.22959818254342154,10,7,500,0.7799726016810132,0.6232334448672797,700396.5275082142,33412.53136089424,1416419.1416280363,198532.00762802642,531072.0908281119,14213.765781401546,1063386.7127523827,45721.965535194046,31.883512540843782
458,0.6377309705164175,0.3740023681857017,0.2538140859679186,11,16,600,4.994463060166453,0.7306556997703644,700914.8452939567,54382.692564232006,1435429.2846095846,249904.55142103712,551810.1667762123,10490.81982653627,1143544.4067749805,45077.91756800187,27.02100966874974
366,0.7173234443122258,0.38657093695933575,0.16538815831377368,9,12,600,3.3150367307088797,0.8193528144782616,701217.7596910252,53842.80959777922,1457292.247664277,231997.31627061873,537524.2791326982,10972.350924458531,1118586.373810724,46697.79253057452,30.453225447313457
634,0.7246286958328916,0.4228267611386712,0.08788098511254355,8,9,900,1.0212105318421445,0.7674780573310737,701913.0934051749,43318.74742157548,1425541.0789187723,219719.24236816925,543157.868774368,7616.47960010593,1090693.1799948926,28373.232119336746,29.228191978335328
579,0.6322461620678407,0.46978429451258286,0.23654008523355877,12,9,800,1.003854873783393,0.7260041489506927,702016.3774412825,42033.268740465515,1460725.93544508,233312.50696031854,536452.9760042012,7049.1167370896155,1115640.1388681426,32448.489667862013,30.862612165988736
260,0.7609308498746223,0.4371312353051189,0.16303291374964757,8,5,500,2.8074229397976187,0.8242640377664684,702072.0078285353,52417.88998407993,1423026.8783639378,221446.31213484213,556935.8748286614,6911.239162202782,1133518.9226822122,35350.64110352755,26.059756528437727
720,0.9242734281350368,0.4741847763944595,0.03739772030006712,9,9,300,0.12020618683218909,0.8136558784542789,702194.9338454469,44402.0293313075,1420045.748941487,218415.4874417961,543720.3620676107,3603.1185561408784,1103628.4003447671,31618.55752433816,29.146337498784014
24,0.8165791895310264,0.3478921996725411,0.0785650065391899,14,17,500,4.981268498789621,0.9861677405155175,702510.3994324554,47110.721519235405,1475275.0012730646,223556.7962439927,540868.5096697031,6568.616283836371,1181851.0039462622,37842.431129231045,29.885616720681995
835,0.6582514586821694,0.34871580861859625,0.2028419773258521,7,8,600,3.1933631806020264,0.656497479210623,702568.6157731675,29197.405864328706,1433267.6131235352,197142.29136993975,538309.5335864967,16177.348599673966,1078097.2951412215,47075.97049269036,30.51387202680431
670,0.8100197360981538,0.3536394559528336,0.08565186324865898,7,12,500,2.5548537152253106,0.7715057164458734,702681.8286355444,48539.769260569235,1411743.9734043747,212783.03175431368,554446.0432203019,9425.33211011042,1112943.752316878,45509.76095624366,26.735836106660237
735,0.7563669707364649,0.4882282647177051,0.29639990706372066,8,4,300,1.5164146970226355,0.8866425195840124,702738.7836903541,44884.65240411821,1386187.3672046263,225181.69347034648,559651.6742207275,15466.326957990163,1103246.7766181608,40643.541187639574,25.567172593357192
695,0.6736179088200854,0.3782255439944559,0.1522473837637239,10,16,900,0.7397916705470292,0.9938617910363359,702815.5759043662,46904.05595880077,1452019.7570225582,216342.38002665844,538719.7677024186,9138.066855741507,1130705.3549489498,44792.36086049883,30.46032799238061
555,0.8705444271490896,0.3398165911975718,0.293777393209626,8,13,600,0.4083363793004813,0.9697148283178645,703101.9419603548,40086.73750646383,1449004.554846058,215868.0782289126,524171.76954775694,14877.373001239219,1044459.0975300642,52461.99852722655,34.1357896032773
685,0.6424641414189869,0.4187362598093873,0.08194598566197707,14,10,500,2.884039598191279,0.6476841771362293,703110.5831632599,44279.59776616016,1429660.5357882562,244164.4046651422,555278.0474421503,6906.853030563023,1164782.35484582,26830.40690659293,26.62315508457247
873,0.8855831791459086,0.4623293047911234,0.1651395676031914,13,8,1000,3.7480714219388673,0.8910252141728803,703316.8506338889,52583.39423099316,1459005.1041256743,235833.25079495428,547083.588184783,6024.046113564978,1174960.3842856875,33162.87265379753,28.557475644167283
200,0.6058668228185055,0.2935308538505755,0.060533315542815894,7,14,300,1.898928900896149,0.9453334598287301,703416.8624539956,44479.97790626992,1421227.4957458954,234283.33144116667,559079.918207118,10923.659000183196,1126762.3800690095,48155.23849714686,25.816871532381924
786,0.813919786512477,0.49811224652231934,0.15236006878673222,13,6,600,1.9514777360638524,0.9564086731868846,703481.9399737421,48501.24779536276,1462186.368929931,241077.51792306986,541317.5987320216,5625.408954087911,1139154.4658391245,33257.71350564404,29.957337729564504
569,0.8801727196626015,0.3852236105369949,0.1111908509402459,8,5,1000,3.661942232987774,0.9696430863645118,703931.022419846,46128.77748626763,1440119.9279278673,240252.14864751682,545147.7829079801,7453.831685490811,1121953.4940139141,35604.53818899837,29.126641342072233
477,0.6680461669237125,0.44911903197661757,0.24304099964196638,11,2,600,2.8170418224192706,0.9215219561933901,704309.0187289051,50418.74142537106,1474255.8341154295,224917.89267605497,528766.0717703372,4330.758775826664,1109513.2379533923,14393.406630308311,33.19860262040655
627,0.9314835935272026,0.4147813578415249,0.22281664654731587,8,14,900,4.6109596402564215,0.6567977037408338,704442.8597164536,45657.22589565025,1420054.4359187433,222770.8182019519,552697.7419302657,10431.943955236318,1119791.3234527544,46675.8603886614,27.4553533105141
38,0.9355734008277453,0.4302023091558376,0.08507540815475921,11,15,1000,2.6854121359832774,0.7306604967184164,704456.8256991334,38449.55334469693,1440459.7212099265,197060.63570925783,546908.4431635189,9995.56730292065,1142489.9388675485,47151.985347366026,28.80708544638604
327,0.7156979087890618,0.45004159150824036,0.04484168806015768,10,3,1000,3.0147143823973077,0.930682943896595,704571.5295793131,48414.53541305985,1462813.4313430632,239220.06529260718,542741.0962301561,2402.8468058955564,1146816.6834816826,27965.24502800114,29.81724333632012
122,0.9578208907576365,0.3999276279736576,0.13756405134077004,8,17,1000,3.7084347211433277,0.8795383412643618,704602.7643620655,47040.217261867525,1426371.1473837434,237935.43901100455,556360.6123803357,9696.814774614393,1150469.0868127968,36735.05095328139,26.644976061028093
415,0.8390673130810813,0.43304781680584575,0.29402011867701866,14,10,900,4.723681293915398,0.894614091333917,704637.3992910353,44263.02309885842,1448226.916175114,226457.09738663663,536907.1075858587,11312.755505327741,1155940.961229895,42023.02295155513,31.24009522976081
90,0.8891584386487102,0.4104307365766763,0.22553718125096608,13,19,900,3.8474646659596843,0.6748174994230093,704654.3258138527,35295.05373212226,1439196.378621171,202057.63456782038,551569.1956550519,8016.9224146864235,1131063.8528115589,42920.669413279276,27.75447421007524
682,0.6278877703334917,0.44670236454399354,0.1263502808713283,14,1,500,3.6856620697831954,0.6146851773932266,704729.1925186242,42870.59799605591,1446810.164794628,212411.67621097097,562967.7207126737,7887.636513489438,1171929.7116430025,42208.064196869775,25.181101258610596
225,0.6847929963608954,0.40936750203713507,0.10675839335392455,8,2,600,3.4747554445123088,0.7384398906151142,704763.1766601406,49816.49302831278,1447520.4148829333,252601.78054731034,551948.8928954281,3304.731822024617,1122466.059076707,30644.516003607027,27.686310405131053
677,0.7741585293599006,0.4765600571970689,0.22577356017274955,11,12,1000,2.6611143742809693,0.9286566279115821,705298.3658343386,43837.841614242476,1444816.2149120483,221503.78519185347,550861.2121098321,9908.953462550355,1166054.0554250279,47958.90515149132,28.035583252086816
860,0.7353471463700864,0.4677615113794286,0.28366227137475464,14,13,900,2.9072697396431213,0.9791078328128593,705525.5043842518,45892.371768318175,1464428.86518189,218879.90787215697,546520.0350794469,16248.91664015066,1157299.5249669421,44416.88156509377,29.094170222266502
250,0.9386057354761113,0.4594632668197772,0.08567230605200847,10,8,1000,3.642453385808066,0.9105789785998899,705555.4489812019,45860.107864645644,1467166.3425619553,219187.56977631224,548322.4995873971,9312.02641248593,1170199.7320891654,46832.08829694846,28.67526857134619
164,0.728297096175251,0.3622113363070585,0.2337511036092893,8,17,300,3.5746202010112382,0.8251001145373531,705665.3809095478,42672.312418567584,1424620.3155539376,231209.54101318913,557567.687368688,10026.791982077213,1138475.557758336,43305.52475337406,26.56138382763402
558,0.7608108867552963,0.3644696000525786,0.24394626520302043,6,3,300,2.771783406081845,0.6592869848397298,705777.30094466,44231.64686832789,1392146.6373509779,238151.30329101704,568019.5337472244,9158.19784448947,1104177.5899351153,43972.34951560155,24.252293981625538
242,0.615208739294982,0.3731036287409193,0.20771066026110424,8,3,300,4.7825069914974,0.8950033437836027,705890.1335328884,47227.7060697977,1454468.1471347832,247850.536190487,555798.8110092257,11322.9358665647,1148787.8565909334,39511.798825206875,27.004613819004987
831,0.797391999229151,0.4615869943096324,0.01475555266956289,12,13,900,1.2733188294498095,0.7955803705753808,706250.9027037102,44418.181577249285,1456276.0639383886,218057.6766112653,552967.1814954174,5713.667218241196,1163436.9972013782,37095.43417687957,27.7202203562533
191,0.8556479751262,0.43395914726001106,0.14642195669015773,7,12,1000,0.6982562737815645,0.6119894359490712,706444.95398141,44775.3821172637,1408356.3280448294,228967.31977844573,558249.1215094255,4855.562137700393,1098729.4304675953,27688.490627371593,26.546541098225873
81,0.919764159563617,0.3139501947454539,0.03452770958466157,6,4,300,0.42258503840340966,0.8389112329021722,706622.575288538,36957.317093757636,1386258.7838443485,213582.91933518118,557538.6973428995,7875.188142232621,1055371.4033566029,29915.78637980267,26.739646710827024
844,0.8199507684624842,0.3097912964135434,0.20904710353861303,6,16,500,2.3649529684907633,0.8078740124601508,706800.3512801391,48540.65286484092,1411551.2050332162,223864.9813687877,552840.9946523902,12844.429143764173,1089636.66114757,47602.25261210961,27.848759067614704
826,0.9997842724238692,0.4011368485737389,0.24601690442006224,9,19,800,2.9406303273392744,0.8667862813948727,706999.0159908838,50124.2478798729,1445096.546536858,245311.26504979306,546399.7379251748,5724.322870152027,1131832.1638843103,18338.32363503648,29.392268502094687
813,0.6515610340293996,0.3599984013137231,0.040349685883930966,7,15,800,0.4832029208243571,0.70966561506892,707007.9955806822,38646.038286292285,1405514.6986920945,221017.47889455128,560615.6594622249,9393.270147313568,1112013.6768260126,46920.94372819165,26.11278041339147
890,0.611649513995642,0.3845538717536496,0.28057287152466664,13,17,900,2.9819679984623075,0.7464113062986061,707066.9667876431,39952.21748792514,1454238.669222062,194758.63635242163,545132.6382945742,10975.94936200165,1124397.1424660394,50019.06156274503,29.705491309358045
343,0.9287706543759718,0.4045915855695155,0.27532728265059314,8,2,300,3.6157474323231478,0.7121337843166083,707195.4537696315,29784.93525730512,1442454.4113053263,178377.0745641298,545506.4159185846,9760.032218696011,1094495.1889996852,27830.68988568315,29.640171615356124
702,0.6722630165245213,0.4738430885321398,0.07563151252326389,12,2,300,2.9652809498367882,0.7956909018999677,707314.0282410375,49170.61437338094,1476917.0401929352,242712.34888985354,557251.5755478456,6261.676658514833,1179596.2695379106,32758.198308050156,26.929031568131933
464,0.7976590682551531,0.43052264975165594,0.148350070376173,11,14,600,4.746003465904457,0.9331327607476303,707315.9087942863,57601.88859272403,1458586.9230506108,241995.76779057982,559373.8917680671,6861.350675202574,1200318.2032523646,31894.952009269477,26.447787285639034
468,0.9352619899954571,0.40140546741225025,0.2982760440786474,8,13,900,2.922498977653951,0.9335167803675309,707568.0682444009,50712.663985062834,1410550.0259184663,232364.6664855694,556979.693039669,7889.918444774544,1128057.631706496,30890.24202002871,27.036600631328
484,0.8051588222075238,0.4348030412373887,0.13083274996986996,12,8,300,3.7080130972589274,0.7117663536704288,707589.841898984,58047.347015055966,1465634.8535710997,238421.8885401745,549750.7050899595,4151.287361396096,1164072.7152031397,38566.498973331625,28.71103853940418
701,0.8571109653919711,0.3588380788967498,0.30298529119450274,7,4,900,2.172654816522477,0.9478134687259919,707619.7961792707,38709.81264856362,1401807.3528627288,221231.2834131966,541712.1221209078,12142.517348110801,1067970.960167003,35434.315830398475,30.626538946332293
657,0.7876162990072616,0.40046936077071515,0.06404759431978577,9,18,900,1.7146483137959794,0.8735480499636128,707706.6863769935,41385.32607173611,1451806.5845299126,222807.85820686465,553140.7093044741,10199.749736824611,1148297.8935087922,41308.30623902915,27.94333782933327
463,0.8387407507551038,0.46409104905697574,0.2887418560046388,12,5,600,2.346426136628952,0.7772237449321684,708251.2144016521,45929.19917994392,1477287.2316186838,232384.10934870254,539348.321211509,8462.052138478006,1128853.3380150944,35592.47673429785,31.316106224405328
653,0.752646599643654,0.387617269449528,0.11277732484333954,8,2,300,4.690320697840656,0.9670589111617733,708423.3634202406,49203.64532763409,1461710.1884188713,253694.7094520937,553146.4874130242,4076.0143035470437,1146386.025497626,22258.361691229715,28.071565044807745
798,0.9938303585504452,0.33320365234745947,0.09562122053902673,6,19,600,2.149223348715777,0.7225769346200972,708430.258230914,35555.71609390293,1424931.019022748,201050.34526236058,557219.602100115,9125.653408325274,1102806.9399040532,48229.82866661322,27.1366361773524
851,0.8262414110992173,0.2519565126903,0.014054092691854772,7,15,800,4.243032759493898,0.9554568455346069,708455.7222075316,46127.479693317546,1438075.4937116452,227338.1026273113,555016.7455555963,10207.798365163908,1126901.3789022025,40576.57659378822,27.645828325114064
490,0.8439766234384207,0.46226123436594996,0.24574379364051194,12,5,300,3.8625814303970203,0.8809953366353875,708645.5353249264,49506.99925370901,1480836.010694921,213177.68094800276,544865.9964062101,16682.123982502228,1168199.832419278,58471.22313087374,30.058682318030883
156,0.6036289618610899,0.4093397102499209,0.04853461542795741,8,7,500,2.1612039194625616,0.9360486010964875,708714.8029188497,47396.285517877535,1440070.3922266825,241984.41772364423,559009.2752798912,5458.128197342812,1138063.8403654231,32423.182389121037,26.780508706944484
539,0.6685179831286682,0.4136782774130728,0.18545158950666463,8,2,900,1.232599528189915,0.9904130794400815,708825.9082556267,45089.10695179067,1441608.9087819713,223451.43162876286,539682.4476020727,6106.80165300251,1059279.7324860967,23188.114155040745,31.34129364501206
48,0.9244816706944012,0.4103197378719777,0.19778190103047186,6,1,500,1.033421799383727,0.7095844509284535,708849.7331382114,43897.78900401721,1393324.3068889915,230050.05504502528,562999.5100871635,13419.2421464072,1053874.2121457332,37289.31875504801,25.905923617671945
453,0.863804307456308,0.39812072527068426,0.09158381182553461,11,15,600,4.695342397251458,0.8545497126133497,708982.8617526277,47202.52275329186,1463829.3046141393,227381.76576858654,549884.612247675,8062.166842040689,1173179.6209676526,39325.088904522156,28.933024485742997
218,0.6355069576431074,0.4808328679774066,0.20048801367730995,14,16,500,0.4833822482335981,0.780148374503274,709013.7147925667,46230.63190227015,1429329.213951586,240951.9092894246,562760.8631683926,9497.674076231566,1157983.1426539004,42429.75364222647,25.988454634310898
511,0.6892248246171028,0.4365544213821138,0.2468476895272157,13,9,500,2.156169348957789,0.7390075181255018,709173.9713742053,42141.59012713425,1468752.7266515617,221115.5954893619,536168.7464532432,12040.539837474424,1116520.2346882266,42370.00973144809,32.266935748379936
399,0.6500501028566987,0.42523580738041883,0.11338122533426788,7,9,900,0.7108522335194778,0.6853573391902759,709285.0568939112,34498.18514539737,1416711.4581256215,204766.66206949548,562961.384403279,12176.096453140588,1097731.1190047956,51408.362367612106,25.991777863366327
419,0.9228757275164752,0.4306598129075454,0.25517569341004637,14,19,800,3.0664584244368953,0.8550752987583742,709389.5248477948,45878.26096035438,1468475.755221969,211235.39455724193,557462.0980713608,9225.7715677119,1172704.7180116042,35804.131559252295,27.253409209711997
161,0.7874157667074337,0.47215181747891494,0.0406580859081157,14,7,900,3.468411128907443,0.6883078451155041,709443.3795684295,46875.91513231825,1458603.736369546,217596.7870285248,568800.6566369038,8204.204575992622,1197931.6598295614,46799.787627470825,24.72618856720232
532,0.9705855191824739,0.20981369140340517,0.025186741680722238,6,19,500,4.2897754545752855,0.8924629377819668,709490.6598126863,49520.41624943979,1420541.9122446505,240721.9381588042,562490.3844087751,12295.28281916691,1121942.234275864,43439.74853385895,26.133829035748015
799,0.9848851640463778,0.4822441125119271,0.09683091040900657,9,5,300,3.367098644557163,0.845799784102077,709737.3954696554,52986.22196538783,1459382.0606754958,227916.18512201522,561781.3815679228,4150.934199074945,1174586.4235259308,28314.760410081988,26.336937954189544
315,0.8415181811797551,0.3432949567463034,0.04434629141977153,6,4,500,0.4614239603662862,0.8385286075441474,709858.5680734288,38259.08646860715,1388609.6001688112,220068.75861107145,565275.5997587643,5658.15575127385,1073600.733068635,24513.280762059814,25.577429554073518
252,0.6367483550840178,0.48256487106349827,0.1565182390194819,12,12,900,2.067082246476307,0.9032740044306149,710017.643910595,54208.37402933551,1458119.4404134608,239127.30172602303,560799.852600594,5407.310622243171,1178346.8038971298,39629.89842847356,26.608029695092483
255,0.6775815469071099,0.43990824297096937,0.2072680938334069,14,10,900,3.665356480148374,0.8463941801040716,710078.1592408458,45402.94272421009,1454695.8430745255,222978.02334121984,543967.6068384892,14952.469820139926,1139974.3861255676,52711.13893752712,30.536846369912052
444,0.6267894448101086,0.43867522656641933,0.12682148169366259,14,8,800,4.2396394188167426,0.8182340730676592,710338.4694980115,45757.564766057985,1463312.9744661462,223993.3360073823,552117.5478925945,5703.883376211395,1171518.7105656706,37854.78231554129,28.657107930972046
870,0.7152658091535805,0.3019602218311137,0.024878052466025837,6,14,1000,3.077144575164633,0.762285769672379,710351.0416817276,46507.205879980604,1427726.4833585252,234778.7507957566,566889.1747473566,8143.163772008488,1129171.8503321416,39739.41210494462,25.306863021031802
368,0.6609311142650715,0.4497276062730508,0.22304062953941975,7,2,800,2.3670044074745626,0.6238865955883557,710363.5826243801,34626.620661086294,1413651.2110300742,176649.6299615815,567696.4149976196,17263.000369615445,1111279.568161664,48405.99869208467,25.1308910639076
393,0.6005895288345245,0.3646723970439982,0.3000536499397856,11,19,800,3.7094816347935753,0.9393701516362098,710580.9234275799,44052.809463340476,1479692.6540743518,231617.9565364964,546044.5836433007,13059.671441833456,1153336.0616862196,59117.40135823466,30.132400304470618
314,0.8873716919274941,0.4770165637925203,0.22641803533188648,14,14,1000,1.2880361016686093,0.6238098801391087,710788.2771544555,41913.88482453391,1446308.705336652,204348.40121115567,551578.7036083755,11398.036008481087,1131588.8844526121,31687.67395137496,28.864343837886807
467,0.6169369115089535,0.2898630785486124,0.14587332108028325,7,18,300,3.0484871257630797,0.8798558278488486,710802.0995750332,50711.09737481385,1434541.9013240656,250351.33026720062,555997.8207539382,10806.291720651985,1123216.5703647167,40378.69267010781,27.84260532013938
221,0.6510853934540939,0.4130338151262642,0.24460842630111576,7,14,800,1.515641779726643,0.7052450279643372,710906.5802481684,34149.57413804521,1413530.601026521,225063.74680949986,565902.9535194642,13108.5453765223,1112681.351953041,37159.44437282801,25.623408718208207
833,0.6638159826753695,0.4427797217928157,0.013003123167740929,9,12,900,1.6582892208850875,0.8892228501841319,710984.1744690876,43674.17808066858,1455953.0967357473,219139.85004015398,563649.1717493754,4950.028544487528,1166159.5186371163,37741.83567179377,26.139487132117022
183,0.695017329969551,0.4856975470208198,0.06429308581284693,10,6,900,2.1858269440841327,0.6389573570214209,711344.2572190918,35675.762913167535,1449971.0583975888,196492.65214180463,567249.8706881584,11794.354133367642,1170289.0253948846,49659.79037679709,25.402277545894435
236,0.7294001579645895,0.41715168297738375,0.19878964180322087,10,18,900,4.797883221605167,0.795141617570545,711393.533158751,50199.98393206997,1465092.036499951,236800.54735641347,564239.294942267,11479.897500184921,1161163.066100815,49206.04328255077,26.080111671687245
424,0.7484451753720511,0.46038330423167867,0.1853346729272278,14,7,300,4.325966736989056,0.9661028739671292,711521.7932760363,43862.57793828588,1501860.7651012863,228836.22218631755,556672.493588297,4710.494744559392,1210074.3519575307,21860.859172943296,27.816948290292643
554,0.6602749948003335,0.4257971596521095,0.3074360703528376,11,14,900,4.501320556010352,0.9168764779206704,711527.7266746168,43872.70039460532,1458965.5168734707,223729.89944964706,562769.6023332621,7986.774233042661,1196199.8171526007,36905.21325215945,26.433219513740337
996,0.8007360970222553,0.38897226373516053,0.2624019157018145,7,18,500,1.627091403413039,0.6378955659117377,711568.1852231169,53838.49161515161,1451407.7527732395,230740.92890498365,563991.482140563,6855.908346336747,1114329.9941083572,36523.323623949924,26.166477288352663
739,0.8771680916899154,0.4936842361561,0.07754830726477956,10,13,800,2.657396231409104,0.7831852857958141,711576.0942186348,46463.404892721395,1455243.71915526,235337.17054707676,570445.2208545983,7757.7419760852945,1188336.3299882151,32523.676603706106,24.740477824076557
664,0.7368530400447579,0.4807753660687831,0.14345572984826224,10,3,500,4.5861029591243145,0.8214234130649432,711579.0193647513,43135.88951288829,1469400.8041583174,226585.6072879056,565999.2801804363,8397.990231590045,1193014.917612005,45186.19788004055,25.720834686910777
67,0.7238110465145311,0.40689750985347434,0.21541935176616378,8,6,500,2.083195288692396,0.8324650484723305,711655.3624751904,49735.20869744897,1437197.148654387,224528.130847136,547908.6743124106,9852.840772419184,1110439.7424419231,32850.042151985064,29.885763054996552
679,0.8847111779963798,0.44917763758383267,0.18480584396637487,8,2,800,3.811060291570885,0.8366867875569601,711869.826131417,43512.06758940611,1445476.7907438404,234765.73705036132,560931.3334021085,12286.639771234572,1149603.7418830774,51167.47316264755,26.908550787107988
541,0.8689535373166815,0.41303234227414276,0.2119276392733651,9,18,500,0.22647321806538723,0.8625543437539069,712332.2376267818,41693.71062692527,1463304.554074248,211445.87945331496,545946.2845756861,12502.215110659065,1116442.2714593632,49193.22732271706,30.476616061305783
721,0.8753353646186259,0.3743492392195775,0.07394263579418099,7,7,300,4.413077287586229,0.6387915050064381,712347.2026372117,47382.64813297743,1435407.4832752617,233949.25874594774,572440.7305806314,12300.380691666503,1161926.035346881,40230.65038139175,24.440341957266387
374,0.7417071059364186,0.47453559815742197,0.2986930608963353,11,6,1000,4.034827454419968,0.7838659481610645,712402.081529814,59487.53607786515,1467221.776117478,232690.60375497566,551521.4564820982,13294.340740582473,1147004.518087488,46358.49870419612,29.170329305753473
377,0.8846891222984195,0.49057186589591095,0.1808619338701311,10,18,600,0.8804773566529733,0.6855828154752948,712577.0451518385,46779.67472900895,1441922.0173228264,202524.1863757219,571358.5632525611,10905.057233656677,1159981.3538098396,49935.97497247088,24.716262428161716
864,0.6814044433327546,0.436680558920719,0.027928682253515323,8,8,1000,2.068664487901649,0.7196993677040642,712611.3542743594,41961.946821179896,1442187.6048489248,219651.78066210385,567120.7116596972,8025.140846038097,1146459.300450738,41659.13060076629,25.654263655594423
852,0.7935399880132893,0.3642112436497191,0.10493637296003729,6,17,900,2.8097405499661967,0.7258256603709461,712650.1864834704,40791.613855044656,1421475.8019398807,208269.7675034409,573880.464316958,3981.2738987937937,1142743.7919213728,37198.001952940875,24.180945474712836
52,0.8303698301032338,0.3658238776498201,0.04830691882673968,6,7,1000,2.809333460718868,0.695438743916136,712705.608632939,37875.2257417791,1418925.6987722206,213922.63744748247,570431.6203488207,11293.0353491283,1121907.800910585,53647.88517031878,24.9414624310478
779,0.9919214141523752,0.43427641539291884,0.06218826630886766,11,13,500,4.547822136901506,0.7078520035068732,712760.5059898045,42651.9019317318,1460177.3707899498,222970.87150740618,566888.7981544818,10546.324622592156,1188338.8591673789,45708.99615064135,25.73197923652948
397,0.7446841019438323,0.4746043134352561,0.19964784975593722,10,5,1000,3.903659266004505,0.8833958789971189,712833.8585334792,48002.5507598074,1464724.1315361916,225815.80221600638,550603.734808235,9813.172318501014,1159738.1623802774,35602.082863600874,29.46404346162779
842,0.9575892229850018,0.45989628588971815,0.03845475797594683,8,9,600,3.0335810098500193,0.6667149340734696,712852.8880863361,38725.5540362461,1430524.1362438686,218317.92086246904,578526.590792127,9328.080421452063,1179272.28010676,42029.017160502844,23.218690278399755
30,0.9568186220708453,0.31556931299863145,0.24844339106249452,6,15,300,0.9762149389902225,0.888980846104602,713098.1404437466,48801.660046660545,1445560.7214571647,232139.91627539453,556668.8725967724,8593.108919084876,1094564.1082556809,29146.581649815216,28.100954723273162
271,0.7260758084389436,0.38592886309081065,0.035927383228763946,7,11,800,0.639941042667932,0.9528542457128241,713115.9844923,43618.29544158837,1430155.08073508,216308.82907599575,568603.6344794062,11486.558833805384,1125651.613958635,44356.6265412199,25.41530536385057
56,0.6850911580096916,0.4730972714408451,0.24438881514136077,12,13,900,2.472101523512907,0.6230235040066577,713757.0557591018,38759.24257987581,1433146.388948977,206034.34672249813,567304.2518647083,8637.145771982,1154730.8431302242,40671.53191113399,25.815566058778593
482,0.7932723453254674,0.4191152105409003,0.11842113372015589,8,16,500,0.6161628785816242,0.8794122500836548,713999.3952469177,49994.71235310616,1450121.7912053305,222473.35945652376,562695.5066617515,9592.325545363068,1128870.4121053969,46399.30616944314,26.889123299169725
785,0.8444566092844985,0.4918675168378789,0.11824189341340076,7,5,1000,0.3534830409218309,0.7446160751051827,714163.5333770823,30632.371600510247,1409113.7315407544,200072.33105634915,571085.763017812,7558.326566283683,1092006.2464253784,35127.033645884934,25.053639860184653
354,0.9628799286242489,0.47149190840802124,0.13671535665529178,11,16,800,3.3757003057483406,0.6464090725392677,714167.0541540189,54560.81843236703,1439450.0744469394,235073.58913960517,572066.373432589,7841.500279746491,1180649.4541268223,34940.63801250166,24.839893991457384
133,0.8928899545638245,0.40328057393072486,0.20763501001321522,11,16,1000,4.902884000899941,0.96134552505441,714171.5199964511,53000.49224672012,1481461.1028905949,230541.82072320144,549823.244809558,5106.870574683797,1180226.1225337374,28479.75451213985,29.891110777576934
488,0.8355732299782257,0.3758380860114596,0.19704334915578892,7,17,800,1.8826514389464917,0.6928222958804624,714304.2635027466,45236.47158903216,1431797.9621484408,213889.58640176614,553371.2932850522,5873.083783919087,1108113.6039887408,28848.633285254313,29.082276614373413
207,0.985170750095032,0.24177282335996236,0.2517977649325474,6,12,900,3.1657568779701117,0.9805613368826628,714645.3834713206,50181.06594533861,1437904.6176465736,229979.59835459728,554760.9218174459,7429.200481803145,1096595.550537852,30106.241722915533,28.82042612700244
608,0.6090258046821388,0.4308324423495505,0.18313512471637194,14,16,500,3.134842172643583,0.9233579529216092,714754.4808922542,53464.914521516126,1478119.55668447,242377.22514149413,562229.7359669899,8316.0352974478,1184713.2340909785,42512.305320187756,27.128544644287444
623,0.654920013086228,0.4761933761993623,0.10864678535458279,13,7,1000,4.717870720175886,0.948500650959461,714860.7105370602,49664.40164949198,1489220.7217575596,248301.00108731145,566550.5441714504,7794.058729568671,1210799.542401704,36566.340864748134,26.177746697341075
231,0.8780140915434212,0.4918394626317068,0.08175403126477768,8,9,800,1.5163757378379779,0.6404183244042586,715074.8309331854,43269.66408184606,1447597.9819036957,213161.279755448,575357.8086223225,13560.936493304918,1158960.053258749,42359.72029259841,24.283501538879126
666,0.9175740533807405,0.47049616128721855,0.19696311192040208,9,16,900,3.7241253776495653,0.7783822180368407,715206.6176423465,44075.20238605628,1438902.5618495445,224234.71247778292,570754.9066311123,12032.693015875326,1165958.483023666,48542.400363833716,25.308886412183853
849,0.8978387903852303,0.4822160897839904,0.22536117416557858,11,18,300,1.4689723532716377,0.8688210162021448,715280.9678065246,38076.64611430739,1457566.5184916863,218772.00099441837,562301.3192489095,10944.529106881217,1160840.5466813785,36247.85494444806,27.20599140011919
853,0.633748358575402,0.3425030433315894,0.22232596228161947,6,15,1000,2.2116772902510773,0.8674683539591572,715304.8152569785,51904.845388109024,1435898.4291295563,257323.5622847344,572348.9110080348,10827.592418583568,1140496.5801229212,48069.56070255052,24.97705534149899
681,0.6790223622713913,0.4025871986801884,0.06573308640961234,11,18,900,4.025584256580888,0.6547380666345427,715554.1235390606,45664.56232545258,1450655.9053942333,223701.7219489396,571341.0126998309,12656.195118088539,1178598.3004196198,50960.5438560876,25.241162043971066
470,0.6923178615706127,0.4578361161308249,0.1948943476698689,12,16,1000,3.295227050661162,0.6844927325891724,715565.8429916839,43946.9600667943,1460198.5498906174,211735.33906564245,568283.2616960921,8671.247346816883,1168724.287327061,42982.571818232536,25.917107052566312
239,0.6408598118630152,0.32934607310372177,0.29284934242397853,7,16,900,1.3968385696735819,0.9721275539351295,715602.2954151944,30112.64170527553,1448270.4700646244,209946.06016537553,565332.9763581186,9669.831362006515,1141587.6501846663,37665.829457625296,26.580674636231638
684,0.6341612120650887,0.4862306950139511,0.1654031294128294,10,7,300,2.1457474597916093,0.6299583368007935,715771.767296297,44161.27440246932,1458092.7875953836,241635.32293292158,571510.178866916,13521.590246973487,1171980.0879361823,46705.84467967155,25.242173064248142
612,0.9194623121426546,0.4663764695301566,0.01604135468478695,8,5,900,2.8229531946673174,0.865210881489259,716277.0159377891,50464.314724623044,1463178.0535494185,237386.00165662658,571413.3379235228,5901.591352617469,1174228.088815375,33569.008313027494,25.351819497369643
406,0.6048627085909547,0.33700995952939633,0.025550739735918704,6,12,1000,1.9534105549296958,0.676571072199817,716685.4286339385,43684.66567587131,1438852.4309296198,234560.7459924794,579515.9376644684,5783.205322095886,1151856.9301845143,36367.192196593045,23.66966670878503
822,0.8891074704043183,0.47265352012581835,0.28512303384094395,14,14,500,4.371990158541654,0.7410116965202069,717040.6099391818,44448.292767422696,1469188.3835622796,219384.71070497105,572710.9034810271,6731.225811852968,1180619.7664241935,28466.753633139713,25.201145216704624
159,0.9486147224609505,0.48674448458869846,0.3006633565857074,9,3,800,3.791315979645113,0.6098347665835205,717163.8613050795,42310.95478263099,1455324.547438692,229721.143881255,565116.0557893111,7170.98721000781,1136937.3504843323,39106.97171995857,26.905589384361008
650,0.931928505886914,0.3273626742492215,0.13336122016355623,6,15,900,2.0074880528243817,0.9172514151852226,717784.2912734427,47733.94848401646,1428839.6105869368,218928.49173911856,577246.4847068231,10623.734098227096,1137765.7478679046,33632.51629868091,24.34623861555383
824,0.9775065528848057,0.4882448305739436,0.12287779879912657,9,18,1000,1.3487123293688352,0.8809594884322394,718001.6332576082,50603.0416292992,1460620.7979922642,217245.98737089656,563912.8661446946,9504.623237643238,1153475.4542429815,37235.07538689301,27.324924888905766
641,0.7594569976852256,0.4314611967554945,0.09012250223689972,14,15,800,4.770211325390429,0.6487518007125535,718410.0427609287,51012.147263464656,1458765.4135612035,233720.44475467663,571081.7035965854,8834.251586636225,1183701.6232644166,34808.418018336226,25.798119294750975
485,0.6526614355173034,0.42735172504659874,0.05959068584138838,8,3,900,2.0327839190405212,0.9612763115337717,718689.4005034781,47498.49632424991,1463734.0357947645,222686.69395455628,563277.9741420789,7096.669528712056,1140387.986843915,28472.08805495649,27.590538507759742
310,0.6197987413974666,0.41665853573650624,0.2631773837835172,6,7,900,2.1926924426871777,0.6874039337416521,718700.8633130209,44118.09826681342,1455284.315016005,219205.44296225792,578222.598425172,19312.813958161016,1142352.7142997335,52884.21509657357,24.294841687345127
420,0.6968088319923509,0.3570263616890634,0.03741744589953292,6,15,800,0.06872777005672626,0.6993505041479201,719035.5042342485,38397.466180119925,1431879.699258865,224553.10405396525,574478.3358824266,13034.379271598775,1130359.6027016696,54558.50995609617,25.163206220783785
968,0.7932056451375802,0.4434157697344796,0.12350427450479406,8,13,800,3.2630100760772,0.7824398106650367,720179.1043779115,39713.222741280544,1459908.8713678394,208655.47191394534,576150.9671159203,12158.46327136254,1173886.7906378927,52638.17278838543,24.998332986051054
862,0.8033421950258369,0.49591589623181515,0.08983238685078974,12,18,1000,0.44071121695396065,0.7654662094332828,720342.3282569668,43571.70514132934,1458318.2545166858,222647.55445066295,570092.8146339871,5053.597255568903,1171282.5874574059,27042.29476621394,26.355272293590183
64,0.9877210142476396,0.2615489220850744,0.19881959144057876,6,3,300,4.576271708345532,0.9834809629631385,720494.9941831402,47712.58853065397,1447361.9442810833,235082.6847724814,566070.3092133579,10326.68334717289,1119006.6783076194,45257.97649147437,27.28012447506376
93,0.625349988189107,0.4949801161949726,0.10670615349241688,7,1,900,0.013554497071648353,0.6466784256566726,721043.840957965,30268.5138209831,1388021.3445209595,184608.39702238212,570446.1936748284,10393.1014232966,1018195.9590301994,27510.606103980714,26.399974082214996
910,0.7908439270775705,0.4972821283422624,0.21375150986139785,8,5,300,0.5709189011856608,0.8073274889716732,721748.2603577931,48543.054179438666,1446978.5114181428,218096.04448988294,560253.5063230493,9178.174408254914,1096818.2202619785,38552.40778788657,28.825300013673427
198,0.9049140539106463,0.39890682442931724,0.1406749944438799,6,7,300,1.6419061394254053,0.8520834993316577,721751.7052705915,50519.089141002776,1444485.483552826,230350.55269291642,587844.7266827154,12945.402971429865,1155606.662027989,49660.38129301283,22.779311016963753
825,0.8635607226299429,0.4945626595543667,0.08951418622278498,11,19,1000,0.568230193483597,0.6015673499804373,721808.3797681956,44895.29095479935,1459169.457910401,225877.27275236716,585279.2532921572,13063.347689790828,1189292.692094405,45981.0397588242,23.327176849011998
582,0.6041974564559778,0.4475326444256229,0.05474224778192123,11,7,300,4.369374777605092,0.6051628911923967,722020.8466001509,47112.80348557575,1466905.3304688805,232681.9482405804,591965.9998622008,7468.886272837616,1238784.1446715898,48977.56749823928,21.969985905985247
75,0.6364008364205321,0.36319851632511413,0.17423389206973347,6,15,800,1.4897972577097525,0.8094409104060045,722100.1409796353,42851.15945902271,1463121.5880183089,218295.1575892888,575998.764222671,15246.547088823949,1138578.416352953,39093.383286521996,25.364876772632105
933,0.6232870048301359,0.46350208005070415,0.20453647425443047,9,8,800,4.554171134948769,0.8461391362514297,722135.0558098375,47246.51646473602,1466726.5172127374,221696.656083579,574105.0026899877,14296.54645278679,1192506.0899843366,51418.64228214247,25.784491064570105
599,0.6724902244198838,0.4785984817596173,0.2770414160340742,8,8,1000,2.0136974237341536,0.807844670321203,722231.990653065,52095.71488732638,1468501.0856205209,227483.13547336528,556635.6315017167,12104.24338908198,1108862.419166804,37630.62252268878,29.749507537739728
390,0.9243514324031674,0.417912963955258,0.10965730993468137,7,10,800,0.7579753740004969,0.9503532334068228,722323.7161304967,56731.56001992826,1428625.4536804059,237517.12873287365,571466.0830950491,10352.767941010148,1121189.5698100596,39605.76769436468,26.39835285033987
937,0.8371930803869728,0.26884176087755024,0.011413727656672349,6,17,1000,0.7350747744988928,0.8843577321842166,722340.393772926,40843.35465781621,1454313.6727089686,221719.0134599601,575379.9686575705,10728.778686217525,1134218.7314207586,42289.003384780786,25.54145662356502
262,0.8983700835254698,0.49098459522307264,0.07295259845692281,9,19,900,0.7372626335314197,0.7312771014437246,722524.771614996,46218.35160344478,1469950.3483295355,221211.90492756103,579343.581778465,9806.924011076415,1178127.005358966,39505.26891728011,24.71438268065289
298,0.8830753305322474,0.4863881614460429,0.25781171549997156,8,9,800,0.0900327780022725,0.9851241428296104,722555.8852336316,54718.36639692544,1460415.258510619,227673.9686540754,560202.830466239,6687.891285059198,1104381.4106708136,28412.94268235601,28.98112004044522
854,0.7261665565034734,0.3412996398906527,0.2714465625272165,6,17,300,3.5859072352337886,0.8152378656484445,723613.8320299925,44381.800128523675,1449459.1071855924,204538.11767807914,578472.9002189857,10892.20565069422,1152592.4294604394,48130.9164016827,25.09035976552445
395,0.7347858902869826,0.49977195935954716,0.13172535058451829,13,8,300,1.9034484058043288,0.7657878862157373,723864.8531385434,44829.02195749149,1489669.310015479,193052.99274376105,562268.6770755817,11859.879611399174,1171368.3684619286,60289.72109387718,28.740028148720697
53,0.8719379119600983,0.36995438022368726,0.08147084572119383,6,17,1000,2.4828059534153883,0.7558472344876814,724432.9997505744,40358.016472573785,1443370.9758185016,227451.2141783591,581334.3771949734,10351.388117962202,1157526.4315258092,46153.023028880496,24.615544541864786
728,0.958222296349554,0.48331111044805375,0.14303173085081322,7,11,1000,3.4388460318286738,0.7093898061499919,724565.1074400602,49390.83605501952,1447595.81059547,210744.8152585526,584439.5333662054,7236.124006629789,1158234.6185263307,35107.06641404505,23.976060152326006
95,0.9731752268399818,0.4954647382286953,0.07150054301597117,8,3,300,3.7056032464502953,0.8297892452719647,724908.7948261591,52012.250535132065,1476691.7833877648,241313.47212763084,581977.4955165673,5204.705275968492,1192019.5598899478,33517.74397247525,24.559592151020393
353,0.6330861846097414,0.4654436860304042,0.2580143979793055,8,9,600,4.332739908745435,0.8287236654428615,724926.7816187751,49086.23865164725,1456001.7571719787,232556.45179864156,586508.2826891086,14722.396001755973,1201891.6272091167,54641.26671472555,23.600433790129127
926,0.7100760847093903,0.45479334752688866,0.20016683854973258,13,19,500,1.1696141038969243,0.6802528360586294,725006.1529338366,37835.288732793895,1482218.574393833,198160.77975159718,571702.2423072809,14683.787534842988,1174012.5608088851,59093.62108092658,26.815341847856054
439,0.6088565901890518,0.47255709437800436,0.218988181365217,10,7,500,2.5614237862174254,0.6457143079991917,725346.5192830092,51437.91135323158,1475222.3911040614,233739.86123645204,569243.8944629433,10152.776308143282,1172751.6012822986,29730.352739523452,27.42280177942742
181,0.9493692952326642,0.45035093200562926,0.13651627806203662,8,19,500,4.561816728083455,0.6842648756022667,725375.5146892756,48729.552281540826,1461476.1706609935,232369.85466845884,591130.256267336,9360.504976036334,1203654.0444403915,42341.92861842329,22.7099284799978
339,0.6123160198641792,0.48576652119529434,0.07622364653583452,12,16,500,2.3842173415890855,0.8750888169722242,726219.5559252347,44770.28172112624,1497495.2453062607,239526.18093249432,583040.8245164526,6892.588376416284,1223722.037796265,37295.67428342053,24.557239457035962
846,0.9763519625365938,0.33543244350095297,0.20932713597780336,6,10,500,4.808063792166416,0.9100327201356477,726773.4522522704,41813.45043105866,1451096.9151354583,233890.26010506047,584183.2684410149,14087.373346021166,1157450.205022856,40432.863513035045,24.408467601576444
993,0.6788424155294609,0.43768161995038035,0.2213480909235054,6,12,800,1.9504301939010682,0.6778191878799645,726967.4373726852,41523.70401013174,1471376.2896617767,206578.89711485166,588738.302532088,13430.8726637861,1164367.3668232725,52497.95772231737,23.478875800349886
459,0.8992735648195385,0.40333252651340823,0.2674069813021688,8,15,900,1.5905222345173602,0.9844637662840661,727132.7077742863,46926.94917846167,1495620.708907672,208581.03029373055,563546.7793663148,6886.101125648651,1133427.6844884246,29850.911238358847,29.027923572186353
196,0.663714978097122,0.3024769613452704,0.10543346608543584,6,9,300,4.353767251686296,0.9129541936233094,727340.8614354793,45555.495557690396,1461581.1631567688,229624.8384755899,587684.2303209754,10559.230875111381,1172235.0487667744,40481.49448595474,23.763889502059232
700,0.9191992140876896,0.3692730266984817,0.02913836687607936,8,19,500,1.522452121770152,0.9931787518218803,728141.6531929491,46033.65350600795,1479118.4370206385,204291.4837902284,578278.6240954128,9875.915756886921,1177197.787863296,37776.52301593741,25.915367238753362
504,0.645918770900512,0.47076645514222054,0.24526185230958006,8,12,300,3.3176179695672614,0.7644789955530183,728413.5411696655,47039.12002523997,1484918.2314236746,221145.52302822671,588864.6005762207,7041.450333224608,1188946.7178351567,39491.74510172208,23.697967318275246
756,0.9891174806625775,0.49153234980741023,0.15819374474205639,7,6,500,1.2232752730235652,0.7685203526533458,728841.4547723886,46039.057520575574,1457606.7417793986,218144.94799871347,580765.9641161927,15528.85772365907,1134972.4047097382,55045.48767578191,25.496585510402035
376,0.6547996252214685,0.4974906846625465,0.16816979822617378,11,9,800,4.7571490518091615,0.9979277175863804,728946.8519310335,45221.06577764728,1502972.5327813555,235119.00534929946,584321.8132024786,6432.6070767637575,1243591.8033587858,26795.187162645478,24.75092243021222
519,0.7612831024533009,0.41682200523758617,0.25440130141299677,6,7,600,4.811307233045784,0.777646098598533,729053.8870773929,40978.18168431998,1461191.0600512724,206475.25151694857,587182.6255244033,13499.666961184195,1160433.0085138185,52323.38973327663,24.161352088081056
210,0.8685698678122458,0.4047649878842209,0.2399968405601218,6,18,900,0.8400710387243171,0.8947494979776729,729094.7180204573,36009.11692667883,1432297.2058800743,234682.80628011224,586323.8410904419,9838.41736600139,1152265.5907808333,36848.91129842173,24.350174242359124
429,0.8656877539955873,0.440845305921754,0.25423770567734855,9,19,600,4.029222663089166,0.6031857618981804,729098.8069781935,49240.69310221595,1471786.7158271868,225125.5045666287,574760.097073907,9816.791214216768,1165308.614803746,47520.90917089227,26.85271832370095
76,0.8790567485973853,0.39823588783693864,0.14780404238385172,6,10,300,1.2912219414947916,0.7836543024953045,729563.5752109892,37798.54746360744,1460497.9324533832,214439.04133619633,580483.7210778615,7436.6503986615935,1129659.1593951536,33798.69671718416,25.682004287098927
959,0.7286167329591485,0.49911701291436017,0.30884910795107895,11,15,500,3.3205033557394548,0.8112189796015197,729992.9701276005,47238.721116689565,1491593.1428140071,220010.24834915262,577438.6050629261,13159.118189706745,1190922.1456893105,51898.799375120165,26.419148932387348
547,0.6373085787112679,0.4819115804392368,0.05052404386772821,8,10,600,2.971209136542986,0.8412600480491788,730025.9153099615,46798.666675817025,1462880.1542210144,230167.41125513552,593205.1061455049,7374.148377569894,1205769.418050255,42623.300210502544,23.064671518673087
129,0.6648055511566339,0.4207648301550217,0.26392235479436715,7,9,500,2.371186543501848,0.7377534928176933,730124.732568136,35327.1894948553,1444764.9744737288,220186.80701871577,569547.2434534978,9550.529401848056,1120726.1940345373,42896.93352472858,28.193883994760995
113,0.6262834557713409,0.3877638083475053,0.14598665042440828,7,17,500,2.4850597441062448,0.9061425124264962,730169.0130208005,40991.25710166511,1456500.53130421,225756.1359526111,592348.7560012595,19978.876469115174,1191445.4945115268,64976.00497094395,23.266742037227807
758,0.9282030016928436,0.38001745090158695,0.024629895643942128,7,16,300,0.45676621361777914,0.9026586197409595,730715.3766928031,42070.03800391829,1453907.4250191753,213059.4414448859,584240.3130344459,8381.87016344638,1156762.3915859873,38210.85107479061,25.071029915342603
295,0.906425910614121,0.39422367162664934,0.2094954710427986,7,19,300,4.371133620691758,0.6000753598226327,730786.2715749091,49664.486076310845,1463747.0006488864,217716.02066590628,582819.3238492536,7990.330207979138,1166963.599211602,42454.72688591761,25.388133452474058
925,0.6907034469602064,0.465745193459463,0.28252303218057084,8,17,1000,1.6350338424805106,0.8511834941371631,731000.4548726702,41465.25363868636,1465497.5839257536,205414.9446947685,584400.0815278098,9436.767563616926,1174253.758868497,29396.658095794395,25.085618222639503
710,0.801100076643845,0.4197266171047754,0.20524996646844548,7,14,1000,2.5659494585491487,0.8861524068714621,731247.1182112334,53925.49498083173,1448039.578859326,243796.2730598864,587231.6574535695,5542.393238523595,1169247.7316707424,32485.241330060984,24.524471548785808
177,0.6876855949432177,0.48793262790956565,0.11106873753133205,13,19,800,2.7768177546881563,0.8876807113089056,731389.2096670714,38304.33710608413,1487275.0195910006,223470.70924278995,585917.4326907073,8685.9409301098,1221103.8023603456,32531.164881023677,24.828033586287802
146,0.9535143539853703,0.4638761415976065,0.3084723467939306,8,18,500,3.480103090268961,0.661558362535942,731467.4509410376,42668.53997266398,1451501.5321977958,189057.0982021185,587910.2430811266,11556.864441801199,1177300.917504688,54487.79378363943,24.418218520492996
326,0.683545628282296,0.4628186650126679,0.13424506729846802,8,18,1000,3.781068069750884,0.7834092035527562,731496.6454469479,45211.30346613753,1462653.9021760155,239324.07146168288,593913.0686848,17563.794530056297,1191551.9483617716,53359.40388851876,23.165608574133923
290,0.6695046372542975,0.3560070101653904,0.2577934638124245,6,3,800,4.526799371389352,0.8958685202907055,731503.9665171726,51956.25807858076,1454157.3951244436,226452.85816439445,586559.6813610778,8053.042120462309,1160468.139829228,48549.729836872015,24.710918558152507
267,0.7740721597021427,0.4686766471079322,0.22180570229920737,9,7,500,4.546950960041981,0.912085225372041,731772.0239995404,49953.5429398363,1509217.757057497,219138.21177493746,571158.289710501,10664.702841084409,1205270.6578919603,47492.60853575846,28.120704397103037
777,0.7896305056431431,0.437842563793053,0.09142925928281596,7,14,300,1.2857617555454792,0.8877552622299281,732195.8797801875,51060.01950314909,1462941.9920409247,231462.7728815121,591389.338714752,5354.311340206179,1175686.7493370306,28254.768328920367,23.80944867410799
462,0.8323801519552717,0.4953395785328829,0.2370190501205704,7,10,900,1.9461523584589424,0.6915501849933996,733035.9742185394,50451.52465617334,1453483.0691808674,224226.4860918998,589733.0404711773,10680.979568362593,1162008.5258960475,42647.74074747392,24.299627782914747
616,0.9127563651987559,0.382929321942371,0.21749669555996246,7,12,300,0.9122902032624502,0.986083855418294,733567.3354153398,50264.183429595956,1480134.3430318802,224265.777962643,576966.29012073,10274.266877161073,1144576.6628484929,11503.199684794716,27.142148159442936
817,0.7961249957639314,0.4233925009348727,0.25958246250641565,7,9,300,4.6727012281093,0.8904245304249898,734869.1310050583,47428.02327958135,1484861.2289053125,220087.5098322119,588110.2454495677,6969.180224216945,1193920.7008290081,32375.851993664648,24.95431540106976
719,0.7212879135377002,0.48327921969027204,0.2934122145017445,8,13,300,4.547976955554722,0.6024735290563586,735286.3038848428,58606.067842367884,1464347.748312104,272943.2017826616,599864.2529496409,4430.9548846800635,1209384.2797370031,33394.713128482595,22.57544940697953
26,0.954834569706047,0.38993777292881193,0.20260949384628632,6,8,800,4.492770942635397,0.842571623863836,735662.577656037,46925.03911804167,1505767.1573772433,217498.02020767517,584288.5990736351,6740.304416782823,1172794.793741602,38924.02756327494,25.907398984405837
818,0.9671090609977758,0.4541736051215048,0.19137223307747264,7,4,500,1.1942258020180345,0.9797124687023935,735723.1247759148,48763.506345706635,1465729.4984762364,228781.088006195,577155.6321033338,10308.101107104356,1123038.9853042744,34510.261875139644,27.473957430634766
832,0.7629631525418742,0.49328474538966327,0.0267779050384677,7,1,600,1.3966974263827976,0.7477564657820455,735861.9930720407,41009.156164355336,1473160.9305222512,218893.3613544741,595670.7467266814,8403.598537128706,1154300.9167816865,36032.73868282499,23.535022848735764
949,0.6160276345393066,0.49216098940702063,0.12504433677251275,9,19,300,1.4214414454772966,0.8343113083724191,736826.658150849,50082.91937907945,1485649.5640090487,250140.98926342133,604249.1117903849,10491.9185243582,1242159.4024312063,25940.812771420362,21.940875670903036
351,0.6535313451998772,0.3147788484458683,0.026299610446871145,6,15,300,0.0006734650224266003,0.804451655694892,736993.6714910695,42415.657483188144,1454372.6595087368,226900.19179867493,599837.0023887826,9946.34882465612,1176579.7183946865,45368.566515370454,22.865656596054617
149,0.7316205461479484,0.46579474415949496,0.23056379635703583,7,15,1000,1.2987689188016311,0.889368045475434,737499.2417280467,41268.6994477192,1468825.109889937,211583.0790999019,592486.9289273262,12662.674194987369,1170422.5864047627,36952.93861276695,24.475191893812642
953,0.6478987154002127,0.4013281220761099,0.08408962374011875,6,16,500,1.41872754980228,0.7746326886967297,738165.3958861512,40035.58233667892,1461423.4236975773,229015.33559718897,602658.8357205689,11698.19257126862,1184918.5707367433,50257.90873335869,22.484787766127077
245,0.691136967017244,0.4879954247993962,0.21020511941392853,8,17,800,3.075064840194333,0.9098535122551152,739322.9295692215,39223.989724553896,1491150.3027334933,206640.93148370547,600941.131619763,12780.377179459212,1224451.1421224591,43066.754525857665,23.027513123701038
780,0.9278708011121837,0.4996751502361001,0.07342937739967334,9,14,300,4.827243173003106,0.9663257392762976,739692.6961534296,54781.460958411575,1512300.5686772035,238645.60944302473,592620.40186361,6252.287760784365,1259650.289488251,39221.02627929333,24.81728503226046
561,0.6707587803295936,0.49366807928977297,0.1432310670719856,11,16,600,4.456591031801493,0.785525699891072,739962.7582603025,51197.71701676961,1500672.300617931,241050.988086196,600291.7438557636,7821.596353843804,1244727.5504532761,36917.76471612832,23.2671889683858
768,0.6009293624527721,0.4919654700712011,0.2818412608382438,7,7,600,2.289024662796033,0.70358464200999,740534.3719630593,39404.26675870763,1474848.3277868773,203037.78220037543,595154.0706670822,9363.764877274221,1170273.568521502,34614.77789151895,24.4273388121208
481,0.9360432313756799,0.4947255654825282,0.27685579331312893,9,18,900,3.7082072591802113,0.797027628301319,740542.2515631316,47639.459049187266,1489528.8200242321,228576.0850846844,593374.9852615417,13510.08888719145,1208884.3638686135,38732.010127021094,24.801730770083452
194,0.6976589161689497,0.41543859567085273,0.269382650786511,6,12,600,4.654743477534889,0.8758107004126244,740619.3895365607,41459.63688615578,1488058.104024962,210008.4038121491,610973.8927746974,12108.827013202987,1207843.1480337877,47884.42294479446,21.21948225530341
921,0.9900978141135834,0.48288522194214356,0.07458071373575027,7,2,500,0.622171039733776,0.9848783505111965,740709.1291030024,42710.99134896534,1473957.5971494294,213920.90944325423,582811.6316676715,10960.078008063329,1109473.9267479263,24587.26529647115,27.092372364552688
919,0.7265875136245994,0.3869975436470045,0.025621721866380922,6,11,800,4.037681276989965,0.8034735802736316,740913.2818586126,44681.639679116386,1469049.0754145326,230731.10888682905,608611.378462793,8818.161208340955,1202452.805069764,41052.118970195785,21.73832236426183
678,0.6405519369879454,0.3959456618978646,0.2534716013054644,6,12,800,0.872949256235932,0.8829705100647729,741269.3529694832,45185.68582806323,1481540.8320876262,253471.26473827305,586204.4141914635,14176.644973706701,1135259.5345501024,25844.151784793823,26.452366277708215
447,0.7399779758118559,0.4646442011310297,0.12376796115413467,7,17,300,0.02656737834172973,0.921797856972729,741381.0371693147,52685.73927750816,1475280.0598674598,218917.21561611316,604577.3334987119,14773.624837842659,1187862.100774711,54475.196335680244,22.6279908442671
112,0.7707155621346997,0.3998910110371347,0.11481609971479989,6,13,900,2.360334725549996,0.8259364533050466,742370.2258834193,45900.57879828938,1473323.7372799579,222998.78501416848,603194.2440086526,11551.852042501525,1187259.2567939437,43618.62133065378,23.07316146617111
398,0.6688356917181038,0.48620999952005167,0.1446440937239818,7,8,600,4.017590542174672,0.6488121977287394,742659.6415261978,55954.71802940077,1487269.5121295885,241710.11840516955,608106.8127480366,8132.6940727790425,1214572.652735096,40295.63192879906,22.126512309591885
316,0.8198334626888575,0.45016063403713574,0.13127191889326276,8,15,300,4.708628558094626,0.8674290586891655,743179.6835698204,55503.63617660188,1498815.9070452019,237036.34010788266,598561.8361699088,13216.18689201884,1229075.6781520671,45435.59788506001,24.160886755710266
452,0.9446054828907574,0.4343198199117128,0.2273033218988619,6,2,500,1.913993822181939,0.9287323786341437,743966.9309260735,35776.054329767096,1475084.6870187628,234399.30412980382,601013.7419176796,11589.442516034662,1158757.9749144313,30876.40831200379,23.785344500155215
345,0.6289265901031754,0.4775576036458507,0.16677297980102354,7,8,300,2.503121340352089,0.9178062177962995,744917.3762181647,35183.03218229462,1497346.8152569914,197067.1090059595,607191.886210337,13437.39611630603,1211642.8017936915,58079.73605919351,22.682366667877083
527,0.9428766628238354,0.41021341012951,0.1421720584036922,6,16,600,2.2720157723997643,0.912075707393198,746220.7304117021,50632.709877751164,1486804.6856235135,232804.81170934113,615382.3990305924,12508.830988546422,1222497.77214242,44296.032180578615,21.261305423622503
132,0.9848395143056471,0.39500677939592804,0.21716806973369218,6,15,800,2.7095047368917906,0.9491783343505633,746786.6794670876,55149.179158027495,1463444.3971058982,248838.36627659836,604801.339036342,6539.354782639826,1192399.6973898106,29878.974565953486,23.476360131242014
178,0.6913818965325195,0.49816695802837097,0.30243794864403495,8,10,600,3.401141212156457,0.6288793635916703,747136.216477833,50956.97360185329,1521357.0393449687,201268.94385671863,592041.8204684263,5191.5993068103935,1191952.6274547612,44203.707030654296,26.19652711132725
342,0.605726111066824,0.368934759280765,0.26024337910020273,6,15,900,0.02832907264783635,0.974836411383518,747295.351727595,43902.84186743967,1475657.793671126,233662.4240532101,617325.7908884258,16428.066584472894,1197577.4030509072,39018.7089798622,21.053641814012526
772,0.666739431282231,0.46186569793838805,0.25644137583285725,7,16,300,1.8294964930890378,0.6917574008617529,749191.3911642899,48066.020037309136,1523542.4470981923,236556.8727983261,601366.117780693,16120.470505581481,1186747.9546959468,43327.53701188175,24.581576682294237
624,0.7157763579872833,0.3916077273283394,0.25097347139944187,6,8,1000,1.261573680675765,0.9492172588060813,750584.3035165657,47842.70205629823,1513919.075062213,198821.0680096907,600531.3633803164,12124.077685041399,1156264.698178799,53595.01728582595,24.986694998179605
931,0.7966951772075958,0.44811812457306655,0.25201234232351843,7,19,800,3.144365722066526,0.9051391609385916,751040.1594013184,39799.30975937708,1480618.9066172412,224775.24360120538,612512.7069717434,10678.421556670195,1210606.125672688,40133.1687239462,22.61625772866873
733,0.6535112579975871,0.4766535837911863,0.03179967627434701,6,7,900,2.724005426380492,0.6502573969649256,751464.932969923,46763.819308069535,1476072.0653680025,237167.57978172743,630093.5168746673,10588.456800755694,1236891.1351503355,46710.770004995,19.262444834739977
939,0.8163062525202172,0.3386503431678297,0.22078887293137475,6,19,1000,1.9985977548721379,0.9814814505966831,752899.5451635921,43947.719050066415,1472203.4491788957,239402.15728003276,622667.3810323842,11556.656084065311,1209222.996953135,43047.5881818855,20.91520579017365
21,0.7881202537784153,0.4917115704474215,0.12964733273336593,6,9,800,2.5409938837035932,0.8783251227163527,753428.1691628529,44852.69551716967,1491515.244049615,224016.14468585522,627295.376047424,11209.655415883592,1229381.6373433978,47743.86071087577,20.10740042596666
383,0.6615228098566431,0.49504318803374103,0.2964540979115404,6,7,300,3.177218228297613,0.6362886808939724,754216.3802659212,45901.473938531264,1483328.9884995439,236660.68430506514,623417.6220837302,10183.751446364538,1208238.3648703608,48085.55761274926,20.980920902589382
173,0.8772775763290723,0.4107203640049332,0.022355048583781505,6,8,600,0.6210998336402968,0.9584885210740153,755713.4222378355,47383.646026202805,1485172.7733900563,220632.6749656713,618213.0360223504,12011.508521666028,1189644.298096193,45598.63508175057,22.241586347026487
827,0.6802851371655169,0.44007736645512946,0.06849902125630593,7,15,800,2.052493568486897,0.9732771668196073,755946.7937722414,47580.30213770747,1515733.585667125,225382.50336478458,620828.2143268415,8239.752422089305,1240783.195411184,39779.256033166464,21.764245942318805
917,0.7142318464954546,0.4808057211272234,0.10385338840170044,6,17,500,0.2854953922258818,0.6442172665234321,757524.722516193,43669.92721093228,1478340.4818776895,220260.23130924167,625662.20915219,7895.217819772877,1211762.5998218325,41650.40144110683,21.0756717339033
596,0.7900359491467073,0.4612171418280622,0.03182048433360052,7,15,300,3.23728970372773,0.9375020175949175,757981.9134371383,50833.25936330243,1512409.1813006573,230131.76932330267,623619.002842488,5534.045314206419,1254067.546700538,39779.39706088116,21.54567291603
220,0.660966405332167,0.4962417510791876,0.28810029037728857,6,6,1000,0.4456221605800831,0.9021081681987232,758641.9585259141,46219.62876639432,1463139.0193507145,232876.922484306,620343.0578741394,10263.276920476252,1175965.1797986643,36816.79661098219,22.293938635456456
837,0.6361675911166643,0.47392828362683037,0.08756717909207376,7,14,500,3.944725619674634,0.8727141991153818,763378.2788257902,49088.3061383807,1515294.41878387,246884.84979527167,628536.0260630777,10681.49908148808,1258404.559916389,47369.63502212546,21.453384877127178
142,0.7109062582787095,0.45516955102876716,0.023530203166096955,6,4,800,4.782078487797125,0.9191957288573533,765774.3726467976,46177.09055038513,1520091.7820518913,239690.406058656,644590.9001976096,9477.869332768289,1274628.714708039,42420.15966558982,18.800059450426197
886,0.7364597303278733,0.3737564852912384,0.174929365379806,6,14,800,3.184107321421764,0.9899079373681652,767395.0822451952,51465.36495055537,1541501.8324493752,239065.07906674183,631623.0242143075,9499.763154974546,1252170.2871110786,45898.0126123843,21.495742369394797
185,0.7596183784548445,0.4289931269613529,0.012709121238865076,6,8,800,0.6543683035917491,0.9879284180314178,768821.9503481813,45292.54566961729,1508619.9234855385,215203.45926446692,635572.840200286,11569.302965194747,1224205.416728898,48418.95416785961,20.965198907163018
32,0.9533976089065036,0.37385938694870696,0.29592155410718596,6,14,900,2.8614623458541915,0.9921326334864182,768884.2709319077,52256.39020089865,1503643.0649866832,241064.34566218688,637814.8362573136,12848.428014416035,1242781.286598918,28317.36824807628,20.549762599394406
661,0.8186709059589247,0.4422393637983796,0.17619797665093928,6,18,500,0.8311468102582936,0.9665956604462057,771261.0025133633,36624.18870578483,1516883.1446935518,218576.8944528217,644183.691196029,18057.901957076578,1251285.5333463647,52303.873467348196,19.726874966579054
341,0.6842819855468812,0.4787240095190481,0.01265898553404067,8,18,500,4.142346497245585,0.7178477585384773,771431.4530873683,51335.27411968977,1553700.910943315,233983.2082397562,647430.3026158434,6183.0276470187755,1319744.7190547232,42420.59460482642,19.15281845327863
723,0.8060668113546355,0.4951425852924706,0.19340249687431785,6,11,600,0.0683084273530471,0.9582905422060458,771552.977164705,48821.10623494626,1514346.7675010941,239153.79098241034,626096.4672726968,14479.899560109343,1212415.4461318122,44673.19782236573,23.232284080059284
71,0.9075949660722042,0.472382864941214,0.2648942172032234,6,14,300,0.6457970757574749,0.981620410903489,780375.0640002865,56306.504899958476,1522992.4342432232,240289.9477850285,649639.7968186362,12659.089911598916,1240237.205844546,41610.38467901739,20.124270068101822
630,0.7572487192828317,0.06962703539235199,0.013214589308607685,6,13,300,0.2808100495165655,0.7022556375181446,818088.6250910405,47611.12848137878,1584553.430772452,217924.1028042044,706951.2084401476,8794.864957145759,1365480.516618729,39540.54354870966,15.720662943078079
